ISO-10303-21;
HEADER;
FILE_DESCRIPTION(('CoCreate Modeling STEP Export'),'2;1');
FILE_NAME('HIF3BA-14PA-2.54DSA.stp','2014-03-14T17:54:28',(''),(''),
'CoCreate Modeling STEP processor for AP214 (Solid Model)',
'CoCreate Modeling 17.0  01-Apr-2010 (C) Parametric Technology GmbH','')
;
FILE_SCHEMA(('AUTOMOTIVE_DESIGN { 1 0 10303 214 1 1 1 1 }'));
ENDSEC;
DATA;
#10=CARTESIAN_POINT('',(-11.4300999999963,2.43520299999988,-13.4));
#20=DIRECTION('',(0.,-6.12303176911189E-17,-1.));
#30=DIRECTION('',(1.,0.,0.));
#40=AXIS2_PLACEMENT_3D('',#10,#20,#30);
#50=PLANE('',#40);
#60=CARTESIAN_POINT('',(-20.3000999999926,-4.249594,-13.4));
#70=DIRECTION('',(1.22460635382238E-16,1.,0.));
#80=VECTOR('',#70,1.);
#90=LINE('',#60,#80);
#100=CARTESIAN_POINT('',(-20.3000999999926,3.350406,-13.4));
#110=VERTEX_POINT('',#100);
#120=CARTESIAN_POINT('',(-20.3000999999926,4.250406,-13.4));
#130=VERTEX_POINT('',#120);
#140=EDGE_CURVE('',#110,#130,#90,.T.);
#150=ORIENTED_EDGE('',*,*,#140,.F.);
#160=CARTESIAN_POINT('',(60.6617820000057,4.25040599999998,-13.4));
#170=DIRECTION('',(1.,-2.44921270764475E-16,0.));
#180=VECTOR('',#170,1.);
#190=LINE('',#160,#180);
#200=CARTESIAN_POINT('',(-22.8800999999943,4.250406,-13.4));
#210=VERTEX_POINT('',#200);
#220=EDGE_CURVE('',#210,#130,#190,.T.);
#230=ORIENTED_EDGE('',*,*,#220,.T.);
#240=CARTESIAN_POINT('',(-22.8800999999943,-4.249594,-13.4));
#250=DIRECTION('',(1.22460635382238E-16,1.,0.));
#260=VECTOR('',#250,1.);
#270=LINE('',#240,#260);
#280=CARTESIAN_POINT('',(-22.8800999999943,4.750406,-13.4));
#290=VERTEX_POINT('',#280);
#300=EDGE_CURVE('',#210,#290,#270,.T.);
#310=ORIENTED_EDGE('',*,*,#300,.F.);
#320=CARTESIAN_POINT('',(60.6117820000056,4.75040599999999,-13.4));
#330=DIRECTION('',(-1.,1.22460635382238E-16,0.));
#340=VECTOR('',#330,1.);
#350=LINE('',#320,#340);
#360=CARTESIAN_POINT('',(-26.8800999999943,4.750406,-13.4));
#370=VERTEX_POINT('',#360);
#380=EDGE_CURVE('',#290,#370,#350,.T.);
#390=ORIENTED_EDGE('',*,*,#380,.F.);
#400=CARTESIAN_POINT('',(-26.8800999999943,-4.249594,-13.4));
#410=DIRECTION('',(-1.22460635382238E-16,-1.,0.));
#420=VECTOR('',#410,1.);
#430=LINE('',#400,#420);
#440=CARTESIAN_POINT('',(-26.8800999999943,4.250406,-13.4));
#450=VERTEX_POINT('',#440);
#460=EDGE_CURVE('',#370,#450,#430,.T.);
#470=ORIENTED_EDGE('',*,*,#460,.F.);
#480=CARTESIAN_POINT('',(60.6117820000056,4.25040599999999,-13.4));
#490=DIRECTION('',(-1.,1.22460635382238E-16,0.));
#500=VECTOR('',#490,1.);
#510=LINE('',#480,#500);
#520=CARTESIAN_POINT('',(-26.2300999999943,4.250406,-13.4));
#530=VERTEX_POINT('',#520);
#540=EDGE_CURVE('',#530,#450,#510,.T.);
#550=ORIENTED_EDGE('',*,*,#540,.T.);
#560=CARTESIAN_POINT('',(-26.2300999999943,-2.649594,-13.4));
#570=DIRECTION('',(1.22460635382238E-16,1.,2.74605888216464E-15));
#580=VECTOR('',#570,1.);
#590=LINE('',#560,#580);
#600=CARTESIAN_POINT('',(-26.2300999999943,-2.149594,-13.4));
#610=VERTEX_POINT('',#600);
#620=EDGE_CURVE('',#610,#530,#590,.T.);
#630=ORIENTED_EDGE('',*,*,#620,.T.);
#640=CARTESIAN_POINT('',(60.6117820000056,-2.14959400000001,-13.4));
#650=DIRECTION('',(1.,-1.22460635382238E-16,0.));
#660=VECTOR('',#650,1.);
#670=LINE('',#640,#660);
#680=CARTESIAN_POINT('',(-22.3800999999926,-2.149594,-13.4));
#690=VERTEX_POINT('',#680);
#700=EDGE_CURVE('',#610,#690,#670,.T.);
#710=ORIENTED_EDGE('',*,*,#700,.F.);
#720=CARTESIAN_POINT('',(-22.3800999999926,-4.249594,-13.4));
#730=DIRECTION('',(-1.22460635382238E-16,-1.,0.));
#740=VECTOR('',#730,1.);
#750=LINE('',#720,#740);
#760=CARTESIAN_POINT('',(-22.3800999999926,-4.249594,-13.4));
#770=VERTEX_POINT('',#760);
#780=EDGE_CURVE('',#690,#770,#750,.T.);
#790=ORIENTED_EDGE('',*,*,#780,.F.);
#800=CARTESIAN_POINT('',(-88.6419819999983,-4.24959399999999,-13.4));
#810=DIRECTION('',(-1.,1.22460635382238E-16,0.));
#820=VECTOR('',#810,1.);
#830=LINE('',#800,#820);
#840=CARTESIAN_POINT('',(-0.480100000000093,-4.249594,-13.4));
#850=VERTEX_POINT('',#840);
#860=EDGE_CURVE('',#850,#770,#830,.T.);
#870=ORIENTED_EDGE('',*,*,#860,.T.);
#880=CARTESIAN_POINT('',(-0.480100000000093,-4.249594,-13.4));
#890=DIRECTION('',(-1.22460635382238E-16,-1.,0.));
#900=VECTOR('',#890,1.);
#910=LINE('',#880,#900);
#920=CARTESIAN_POINT('',(-0.480100000000093,-2.149594,-13.4));
#930=VERTEX_POINT('',#920);
#940=EDGE_CURVE('',#930,#850,#910,.T.);
#950=ORIENTED_EDGE('',*,*,#940,.T.);
#960=CARTESIAN_POINT('',(-83.4719819999983,-2.14959399999999,-13.4));
#970=DIRECTION('',(-1.,1.22460635382238E-16,0.));
#980=VECTOR('',#970,1.);
#990=LINE('',#960,#980);
#1000=CARTESIAN_POINT('',(3.36990000000164,-2.149594,-13.4));
#1010=VERTEX_POINT('',#1000);
#1020=EDGE_CURVE('',#1010,#930,#990,.T.);
#1030=ORIENTED_EDGE('',*,*,#1020,.T.);
#1040=CARTESIAN_POINT('',(3.36990000000164,-2.649594,-13.4));
#1050=DIRECTION('',(1.22460635382238E-16,1.,2.74605888216464E-15));
#1060=VECTOR('',#1050,1.);
#1070=LINE('',#1040,#1060);
#1080=CARTESIAN_POINT('',(3.36990000000164,4.250406,-13.4));
#1090=VERTEX_POINT('',#1080);
#1100=EDGE_CURVE('',#1010,#1090,#1070,.T.);
#1110=ORIENTED_EDGE('',*,*,#1100,.F.);
#1120=CARTESIAN_POINT('',(-83.4719819999983,4.25040600000002,-13.4));
#1130=DIRECTION('',(1.,-1.22460635382238E-16,0.));
#1140=VECTOR('',#1130,1.);
#1150=LINE('',#1120,#1140);
#1160=CARTESIAN_POINT('',(4.01990000000167,4.250406,-13.4));
#1170=VERTEX_POINT('',#1160);
#1180=EDGE_CURVE('',#1090,#1170,#1150,.T.);
#1190=ORIENTED_EDGE('',*,*,#1180,.F.);
#1200=CARTESIAN_POINT('',(4.01990000000167,-4.249594,-13.4));
#1210=DIRECTION('',(-1.22460635382238E-16,-1.,0.));
#1220=VECTOR('',#1210,1.);
#1230=LINE('',#1200,#1220);
#1240=CARTESIAN_POINT('',(4.01990000000167,4.750406,-13.4));
#1250=VERTEX_POINT('',#1240);
#1260=EDGE_CURVE('',#1250,#1170,#1230,.T.);
#1270=ORIENTED_EDGE('',*,*,#1260,.T.);
#1280=CARTESIAN_POINT('',(-83.4719819999983,4.75040600000002,-13.4));
#1290=DIRECTION('',(1.,-1.22460635382238E-16,0.));
#1300=VECTOR('',#1290,1.);
#1310=LINE('',#1280,#1300);
#1320=CARTESIAN_POINT('',(0.0199000000016696,4.750406,-13.4));
#1330=VERTEX_POINT('',#1320);
#1340=EDGE_CURVE('',#1330,#1250,#1310,.T.);
#1350=ORIENTED_EDGE('',*,*,#1340,.T.);
#1360=CARTESIAN_POINT('',(0.0199000000016696,-4.249594,-13.4));
#1370=DIRECTION('',(1.22460635382238E-16,1.,0.));
#1380=VECTOR('',#1370,1.);
#1390=LINE('',#1360,#1380);
#1400=CARTESIAN_POINT('',(0.0199000000016696,4.250406,-13.4));
#1410=VERTEX_POINT('',#1400);
#1420=EDGE_CURVE('',#1410,#1330,#1390,.T.);
#1430=ORIENTED_EDGE('',*,*,#1420,.T.);
#1440=CARTESIAN_POINT('',(-83.5119819999983,4.250406,-13.4));
#1450=DIRECTION('',(-1.,0.,0.));
#1460=VECTOR('',#1450,1.);
#1470=LINE('',#1440,#1460);
#1480=CARTESIAN_POINT('',(-2.56010000000008,4.250406,-13.4));
#1490=VERTEX_POINT('',#1480);
#1500=EDGE_CURVE('',#1410,#1490,#1470,.T.);
#1510=ORIENTED_EDGE('',*,*,#1500,.F.);
#1520=CARTESIAN_POINT('',(-2.56010000000008,-4.249594,-13.4));
#1530=DIRECTION('',(1.22460635382238E-16,1.,0.));
#1540=VECTOR('',#1530,1.);
#1550=LINE('',#1520,#1540);
#1560=CARTESIAN_POINT('',(-2.56010000000008,3.350406,-13.4));
#1570=VERTEX_POINT('',#1560);
#1580=EDGE_CURVE('',#1570,#1490,#1550,.T.);
#1590=ORIENTED_EDGE('',*,*,#1580,.T.);
#1600=CARTESIAN_POINT('',(-83.531981999997,3.350406,-13.4));
#1610=DIRECTION('',(-1.,-2.46519032881566E-32,1.23259516440783E-32));
#1620=VECTOR('',#1610,1.);
#1630=LINE('',#1600,#1620);
#1640=CARTESIAN_POINT('',(-9.66009999999513,3.350406,-13.400099999998));
#1650=VERTEX_POINT('',#1640);
#1660=EDGE_CURVE('',#1570,#1650,#1630,.T.);
#1670=ORIENTED_EDGE('',*,*,#1660,.F.);
#1680=CARTESIAN_POINT('',(-9.66009999999513,3.350406,-13.400099999998));
#1690=DIRECTION('',(1.08681882361758E-16,1.,0.));
#1700=VECTOR('',#1690,1.);
#1710=LINE('',#1680,#1700);
#1720=CARTESIAN_POINT('',(-9.66009999999513,-3.049594,-13.400099999998))
;
#1730=VERTEX_POINT('',#1720);
#1740=EDGE_CURVE('',#1730,#1650,#1710,.T.);
#1750=ORIENTED_EDGE('',*,*,#1740,.T.);
#1760=CARTESIAN_POINT('',(-70.8319819999982,-3.04959399999999,-13.4));
#1770=DIRECTION('',(-1.,1.08681882361758E-16,-6.93334779979405E-33));
#1780=VECTOR('',#1770,1.);
#1790=LINE('',#1760,#1780);
#1800=CARTESIAN_POINT('',(-10.6600999999951,-3.049594,-13.400099999998))
;
#1810=VERTEX_POINT('',#1800);
#1820=EDGE_CURVE('',#1730,#1810,#1790,.T.);
#1830=ORIENTED_EDGE('',*,*,#1820,.F.);
#1840=CARTESIAN_POINT('',(-10.6600999999951,3.350406,-13.400099999998));
#1850=DIRECTION('',(1.08681882361758E-16,1.,0.));
#1860=VECTOR('',#1850,1.);
#1870=LINE('',#1840,#1860);
#1880=CARTESIAN_POINT('',(-10.6600999999951,3.350406,-13.400099999998));
#1890=VERTEX_POINT('',#1880);
#1900=EDGE_CURVE('',#1810,#1890,#1870,.T.);
#1910=ORIENTED_EDGE('',*,*,#1900,.F.);
#1920=EDGE_CURVE('',#1890,#110,#1630,.T.);
#1930=ORIENTED_EDGE('',*,*,#1920,.F.);
#1940=EDGE_LOOP('',(#1930,#1910,#1830,#1750,#1670,#1590,#1510,#1430,
#1350,#1270,#1190,#1110,#1030,#950,#870,#790,#710,#630,#550,#470,#390,
#310,#230,#150));
#1950=FACE_OUTER_BOUND('',#1940,.T.);
#1960=CARTESIAN_POINT('',(-68.2919819999982,-1.019594,-13.4));
#1970=DIRECTION('',(1.,-1.22460635382238E-16,7.49830360911069E-33));
#1980=VECTOR('',#1970,1.);
#1990=LINE('',#1960,#1980);
#2000=CARTESIAN_POINT('',(-9.14009999999668,-1.019594,-13.4));
#2010=VERTEX_POINT('',#2000);
#2020=CARTESIAN_POINT('',(-8.64009999999668,-1.019594,-13.4));
#2030=VERTEX_POINT('',#2020);
#2040=EDGE_CURVE('',#2010,#2030,#1990,.T.);
#2050=ORIENTED_EDGE('',*,*,#2040,.F.);
#2060=CARTESIAN_POINT('',(-8.64009999999668,-4.249594,-13.4));
#2070=DIRECTION('',(-1.22460635382238E-16,-1.,6.12303176911189E-17));
#2080=VECTOR('',#2070,1.);
#2090=LINE('',#2060,#2080);
#2100=CARTESIAN_POINT('',(-8.64009999999668,-1.519594,-13.4));
#2110=VERTEX_POINT('',#2100);
#2120=EDGE_CURVE('',#2030,#2110,#2090,.T.);
#2130=ORIENTED_EDGE('',*,*,#2120,.F.);
#2140=CARTESIAN_POINT('',(-68.2919819999982,-1.51959399999999,-13.4));
#2150=DIRECTION('',(-1.,1.22460635382238E-16,-7.49830360911069E-33));
#2160=VECTOR('',#2150,1.);
#2170=LINE('',#2140,#2160);
#2180=CARTESIAN_POINT('',(-9.14009999999668,-1.519594,-13.4));
#2190=VERTEX_POINT('',#2180);
#2200=EDGE_CURVE('',#2110,#2190,#2170,.T.);
#2210=ORIENTED_EDGE('',*,*,#2200,.F.);
#2220=CARTESIAN_POINT('',(-9.14009999999668,-4.249594,-13.4));
#2230=DIRECTION('',(1.22460635382238E-16,1.,-6.12303176911189E-17));
#2240=VECTOR('',#2230,1.);
#2250=LINE('',#2220,#2240);
#2260=EDGE_CURVE('',#2190,#2010,#2250,.T.);
#2270=ORIENTED_EDGE('',*,*,#2260,.F.);
#2280=EDGE_LOOP('',(#2270,#2210,#2130,#2050));
#2290=FACE_BOUND('',#2280,.T.);
#2300=CARTESIAN_POINT('',(-68.2919819999982,-1.019594,-13.4));
#2310=DIRECTION('',(1.,-1.22460635382238E-16,7.49830360911069E-33));
#2320=VECTOR('',#2310,1.);
#2330=LINE('',#2300,#2320);
#2340=CARTESIAN_POINT('',(-11.6800999999967,-1.019594,-13.4));
#2350=VERTEX_POINT('',#2340);
#2360=CARTESIAN_POINT('',(-11.1800999999967,-1.019594,-13.4));
#2370=VERTEX_POINT('',#2360);
#2380=EDGE_CURVE('',#2350,#2370,#2330,.T.);
#2390=ORIENTED_EDGE('',*,*,#2380,.F.);
#2400=CARTESIAN_POINT('',(-11.1800999999967,-4.249594,-13.4));
#2410=DIRECTION('',(-1.22460635382238E-16,-1.,6.12303176911189E-17));
#2420=VECTOR('',#2410,1.);
#2430=LINE('',#2400,#2420);
#2440=CARTESIAN_POINT('',(-11.1800999999967,-1.519594,-13.4));
#2450=VERTEX_POINT('',#2440);
#2460=EDGE_CURVE('',#2370,#2450,#2430,.T.);
#2470=ORIENTED_EDGE('',*,*,#2460,.F.);
#2480=CARTESIAN_POINT('',(-68.2919819999982,-1.51959399999999,-13.4));
#2490=DIRECTION('',(-1.,1.22460635382238E-16,-7.49830360911069E-33));
#2500=VECTOR('',#2490,1.);
#2510=LINE('',#2480,#2500);
#2520=CARTESIAN_POINT('',(-11.6800999999967,-1.519594,-13.4));
#2530=VERTEX_POINT('',#2520);
#2540=EDGE_CURVE('',#2450,#2530,#2510,.T.);
#2550=ORIENTED_EDGE('',*,*,#2540,.F.);
#2560=CARTESIAN_POINT('',(-11.6800999999967,-4.249594,-13.4));
#2570=DIRECTION('',(1.22460635382238E-16,1.,-6.12303176911189E-17));
#2580=VECTOR('',#2570,1.);
#2590=LINE('',#2560,#2580);
#2600=EDGE_CURVE('',#2530,#2350,#2590,.T.);
#2610=ORIENTED_EDGE('',*,*,#2600,.F.);
#2620=EDGE_LOOP('',(#2610,#2550,#2470,#2390));
#2630=FACE_BOUND('',#2620,.T.);
#2640=CARTESIAN_POINT('',(-68.2919819999982,1.520406,-13.4));
#2650=DIRECTION('',(1.,-1.22460635382238E-16,7.49830360911069E-33));
#2660=VECTOR('',#2650,1.);
#2670=LINE('',#2640,#2660);
#2680=CARTESIAN_POINT('',(-9.14009999999668,1.520406,-13.4));
#2690=VERTEX_POINT('',#2680);
#2700=CARTESIAN_POINT('',(-8.64009999999668,1.520406,-13.4));
#2710=VERTEX_POINT('',#2700);
#2720=EDGE_CURVE('',#2690,#2710,#2670,.T.);
#2730=ORIENTED_EDGE('',*,*,#2720,.F.);
#2740=CARTESIAN_POINT('',(-8.64009999999668,-4.249594,-13.4));
#2750=DIRECTION('',(-1.22460635382238E-16,-1.,6.12303176911189E-17));
#2760=VECTOR('',#2750,1.);
#2770=LINE('',#2740,#2760);
#2780=CARTESIAN_POINT('',(-8.64009999999668,1.020406,-13.4));
#2790=VERTEX_POINT('',#2780);
#2800=EDGE_CURVE('',#2710,#2790,#2770,.T.);
#2810=ORIENTED_EDGE('',*,*,#2800,.F.);
#2820=CARTESIAN_POINT('',(-68.2919819999982,1.02040600000001,-13.4));
#2830=DIRECTION('',(-1.,1.22460635382238E-16,-7.49830360911069E-33));
#2840=VECTOR('',#2830,1.);
#2850=LINE('',#2820,#2840);
#2860=CARTESIAN_POINT('',(-9.14009999999668,1.020406,-13.4));
#2870=VERTEX_POINT('',#2860);
#2880=EDGE_CURVE('',#2790,#2870,#2850,.T.);
#2890=ORIENTED_EDGE('',*,*,#2880,.F.);
#2900=CARTESIAN_POINT('',(-9.14009999999668,-4.249594,-13.4));
#2910=DIRECTION('',(1.22460635382238E-16,1.,-6.12303176911189E-17));
#2920=VECTOR('',#2910,1.);
#2930=LINE('',#2900,#2920);
#2940=EDGE_CURVE('',#2870,#2690,#2930,.T.);
#2950=ORIENTED_EDGE('',*,*,#2940,.F.);
#2960=EDGE_LOOP('',(#2950,#2890,#2810,#2730));
#2970=FACE_BOUND('',#2960,.T.);
#2980=CARTESIAN_POINT('',(-68.2919819999982,1.02040600000001,-13.4));
#2990=DIRECTION('',(-1.,1.22460635382238E-16,-7.49830360911069E-33));
#3000=VECTOR('',#2990,1.);
#3010=LINE('',#2980,#3000);
#3020=CARTESIAN_POINT('',(-11.1800999999967,1.020406,-13.4));
#3030=VERTEX_POINT('',#3020);
#3040=CARTESIAN_POINT('',(-11.6800999999967,1.020406,-13.4));
#3050=VERTEX_POINT('',#3040);
#3060=EDGE_CURVE('',#3030,#3050,#3010,.T.);
#3070=ORIENTED_EDGE('',*,*,#3060,.F.);
#3080=CARTESIAN_POINT('',(-11.6800999999967,-4.249594,-13.4));
#3090=DIRECTION('',(1.22460635382238E-16,1.,-6.12303176911189E-17));
#3100=VECTOR('',#3090,1.);
#3110=LINE('',#3080,#3100);
#3120=CARTESIAN_POINT('',(-11.6800999999967,1.520406,-13.4));
#3130=VERTEX_POINT('',#3120);
#3140=EDGE_CURVE('',#3050,#3130,#3110,.T.);
#3150=ORIENTED_EDGE('',*,*,#3140,.F.);
#3160=CARTESIAN_POINT('',(-68.2919819999982,1.520406,-13.4));
#3170=DIRECTION('',(1.,-1.22460635382238E-16,7.49830360911069E-33));
#3180=VECTOR('',#3170,1.);
#3190=LINE('',#3160,#3180);
#3200=CARTESIAN_POINT('',(-11.1800999999967,1.520406,-13.4));
#3210=VERTEX_POINT('',#3200);
#3220=EDGE_CURVE('',#3130,#3210,#3190,.T.);
#3230=ORIENTED_EDGE('',*,*,#3220,.F.);
#3240=CARTESIAN_POINT('',(-11.1800999999967,-4.249594,-13.4));
#3250=DIRECTION('',(-1.22460635382238E-16,-1.,6.12303176911189E-17));
#3260=VECTOR('',#3250,1.);
#3270=LINE('',#3240,#3260);
#3280=EDGE_CURVE('',#3210,#3030,#3270,.T.);
#3290=ORIENTED_EDGE('',*,*,#3280,.F.);
#3300=EDGE_LOOP('',(#3290,#3230,#3150,#3070));
#3310=FACE_BOUND('',#3300,.T.);
#3320=CARTESIAN_POINT('',(-68.2919819999982,1.02040600000001,-13.4));
#3330=DIRECTION('',(-1.,1.22460635382238E-16,-7.49830360911069E-33));
#3340=VECTOR('',#3330,1.);
#3350=LINE('',#3320,#3340);
#3360=CARTESIAN_POINT('',(-13.7200999999967,1.020406,-13.4));
#3370=VERTEX_POINT('',#3360);
#3380=CARTESIAN_POINT('',(-14.2200999999967,1.020406,-13.4));
#3390=VERTEX_POINT('',#3380);
#3400=EDGE_CURVE('',#3370,#3390,#3350,.T.);
#3410=ORIENTED_EDGE('',*,*,#3400,.F.);
#3420=CARTESIAN_POINT('',(-14.2200999999967,-4.249594,-13.4));
#3430=DIRECTION('',(1.22460635382238E-16,1.,-6.12303176911189E-17));
#3440=VECTOR('',#3430,1.);
#3450=LINE('',#3420,#3440);
#3460=CARTESIAN_POINT('',(-14.2200999999967,1.520406,-13.4));
#3470=VERTEX_POINT('',#3460);
#3480=EDGE_CURVE('',#3390,#3470,#3450,.T.);
#3490=ORIENTED_EDGE('',*,*,#3480,.F.);
#3500=CARTESIAN_POINT('',(-68.2919819999982,1.520406,-13.4));
#3510=DIRECTION('',(1.,-1.22460635382238E-16,7.49830360911069E-33));
#3520=VECTOR('',#3510,1.);
#3530=LINE('',#3500,#3520);
#3540=CARTESIAN_POINT('',(-13.7200999999967,1.520406,-13.4));
#3550=VERTEX_POINT('',#3540);
#3560=EDGE_CURVE('',#3470,#3550,#3530,.T.);
#3570=ORIENTED_EDGE('',*,*,#3560,.F.);
#3580=CARTESIAN_POINT('',(-13.7200999999967,-4.249594,-13.4));
#3590=DIRECTION('',(-1.22460635382238E-16,-1.,6.12303176911189E-17));
#3600=VECTOR('',#3590,1.);
#3610=LINE('',#3580,#3600);
#3620=EDGE_CURVE('',#3550,#3370,#3610,.T.);
#3630=ORIENTED_EDGE('',*,*,#3620,.F.);
#3640=EDGE_LOOP('',(#3630,#3570,#3490,#3410));
#3650=FACE_BOUND('',#3640,.T.);
#3660=CARTESIAN_POINT('',(-68.2919819999982,1.520406,-13.4));
#3670=DIRECTION('',(1.,-1.22460635382238E-16,7.49830360911069E-33));
#3680=VECTOR('',#3670,1.);
#3690=LINE('',#3660,#3680);
#3700=CARTESIAN_POINT('',(-16.7600999999967,1.520406,-13.4));
#3710=VERTEX_POINT('',#3700);
#3720=CARTESIAN_POINT('',(-16.2600999999967,1.520406,-13.4));
#3730=VERTEX_POINT('',#3720);
#3740=EDGE_CURVE('',#3710,#3730,#3690,.T.);
#3750=ORIENTED_EDGE('',*,*,#3740,.F.);
#3760=CARTESIAN_POINT('',(-16.2600999999967,-4.249594,-13.4));
#3770=DIRECTION('',(-1.22460635382238E-16,-1.,6.12303176911189E-17));
#3780=VECTOR('',#3770,1.);
#3790=LINE('',#3760,#3780);
#3800=CARTESIAN_POINT('',(-16.2600999999967,1.020406,-13.4));
#3810=VERTEX_POINT('',#3800);
#3820=EDGE_CURVE('',#3730,#3810,#3790,.T.);
#3830=ORIENTED_EDGE('',*,*,#3820,.F.);
#3840=CARTESIAN_POINT('',(-68.2919819999982,1.02040600000001,-13.4));
#3850=DIRECTION('',(-1.,1.22460635382238E-16,-7.49830360911069E-33));
#3860=VECTOR('',#3850,1.);
#3870=LINE('',#3840,#3860);
#3880=CARTESIAN_POINT('',(-16.7600999999967,1.020406,-13.4));
#3890=VERTEX_POINT('',#3880);
#3900=EDGE_CURVE('',#3810,#3890,#3870,.T.);
#3910=ORIENTED_EDGE('',*,*,#3900,.F.);
#3920=CARTESIAN_POINT('',(-16.7600999999967,-4.249594,-13.4));
#3930=DIRECTION('',(1.22460635382238E-16,1.,-6.12303176911189E-17));
#3940=VECTOR('',#3930,1.);
#3950=LINE('',#3920,#3940);
#3960=EDGE_CURVE('',#3890,#3710,#3950,.T.);
#3970=ORIENTED_EDGE('',*,*,#3960,.F.);
#3980=EDGE_LOOP('',(#3970,#3910,#3830,#3750));
#3990=FACE_BOUND('',#3980,.T.);
#4000=CARTESIAN_POINT('',(-68.2919819999982,-1.51959399999999,-13.4));
#4010=DIRECTION('',(-1.,1.22460635382238E-16,-7.49830360911069E-33));
#4020=VECTOR('',#4010,1.);
#4030=LINE('',#4000,#4020);
#4040=CARTESIAN_POINT('',(-6.10009999999669,-1.519594,-13.4));
#4050=VERTEX_POINT('',#4040);
#4060=CARTESIAN_POINT('',(-6.60009999999669,-1.519594,-13.4));
#4070=VERTEX_POINT('',#4060);
#4080=EDGE_CURVE('',#4050,#4070,#4030,.T.);
#4090=ORIENTED_EDGE('',*,*,#4080,.F.);
#4100=CARTESIAN_POINT('',(-6.60009999999669,-4.249594,-13.4));
#4110=DIRECTION('',(1.22460635382238E-16,1.,-6.12303176911189E-17));
#4120=VECTOR('',#4110,1.);
#4130=LINE('',#4100,#4120);
#4140=CARTESIAN_POINT('',(-6.60009999999669,-1.019594,-13.4));
#4150=VERTEX_POINT('',#4140);
#4160=EDGE_CURVE('',#4070,#4150,#4130,.T.);
#4170=ORIENTED_EDGE('',*,*,#4160,.F.);
#4180=CARTESIAN_POINT('',(-68.2919819999982,-1.019594,-13.4));
#4190=DIRECTION('',(1.,-1.22460635382238E-16,7.49830360911069E-33));
#4200=VECTOR('',#4190,1.);
#4210=LINE('',#4180,#4200);
#4220=CARTESIAN_POINT('',(-6.10009999999669,-1.019594,-13.4));
#4230=VERTEX_POINT('',#4220);
#4240=EDGE_CURVE('',#4150,#4230,#4210,.T.);
#4250=ORIENTED_EDGE('',*,*,#4240,.F.);
#4260=CARTESIAN_POINT('',(-6.10009999999669,-4.249594,-13.4));
#4270=DIRECTION('',(-1.22460635382238E-16,-1.,6.12303176911189E-17));
#4280=VECTOR('',#4270,1.);
#4290=LINE('',#4260,#4280);
#4300=EDGE_CURVE('',#4230,#4050,#4290,.T.);
#4310=ORIENTED_EDGE('',*,*,#4300,.F.);
#4320=EDGE_LOOP('',(#4310,#4250,#4170,#4090));
#4330=FACE_BOUND('',#4320,.T.);
#4340=CARTESIAN_POINT('',(-68.2919819999982,-1.51959399999999,-13.4));
#4350=DIRECTION('',(-1.,1.22460635382238E-16,-7.49830360911069E-33));
#4360=VECTOR('',#4350,1.);
#4370=LINE('',#4340,#4360);
#4380=CARTESIAN_POINT('',(-3.56009999999668,-1.519594,-13.4));
#4390=VERTEX_POINT('',#4380);
#4400=CARTESIAN_POINT('',(-4.06009999999668,-1.519594,-13.4));
#4410=VERTEX_POINT('',#4400);
#4420=EDGE_CURVE('',#4390,#4410,#4370,.T.);
#4430=ORIENTED_EDGE('',*,*,#4420,.F.);
#4440=CARTESIAN_POINT('',(-4.06009999999668,-4.249594,-13.4));
#4450=DIRECTION('',(1.22460635382238E-16,1.,-6.12303176911189E-17));
#4460=VECTOR('',#4450,1.);
#4470=LINE('',#4440,#4460);
#4480=CARTESIAN_POINT('',(-4.06009999999668,-1.019594,-13.4));
#4490=VERTEX_POINT('',#4480);
#4500=EDGE_CURVE('',#4410,#4490,#4470,.T.);
#4510=ORIENTED_EDGE('',*,*,#4500,.F.);
#4520=CARTESIAN_POINT('',(-68.2919819999982,-1.019594,-13.4));
#4530=DIRECTION('',(1.,-1.22460635382238E-16,7.49830360911069E-33));
#4540=VECTOR('',#4530,1.);
#4550=LINE('',#4520,#4540);
#4560=CARTESIAN_POINT('',(-3.56009999999668,-1.019594,-13.4));
#4570=VERTEX_POINT('',#4560);
#4580=EDGE_CURVE('',#4490,#4570,#4550,.T.);
#4590=ORIENTED_EDGE('',*,*,#4580,.F.);
#4600=CARTESIAN_POINT('',(-3.56009999999668,-4.249594,-13.4));
#4610=DIRECTION('',(-1.22460635382238E-16,-1.,6.12303176911189E-17));
#4620=VECTOR('',#4610,1.);
#4630=LINE('',#4600,#4620);
#4640=EDGE_CURVE('',#4570,#4390,#4630,.T.);
#4650=ORIENTED_EDGE('',*,*,#4640,.F.);
#4660=EDGE_LOOP('',(#4650,#4590,#4510,#4430));
#4670=FACE_BOUND('',#4660,.T.);
#4680=CARTESIAN_POINT('',(-68.2919819999982,-1.51959399999999,-13.4));
#4690=DIRECTION('',(-1.,1.22460635382238E-16,-7.49830360911069E-33));
#4700=VECTOR('',#4690,1.);
#4710=LINE('',#4680,#4700);
#4720=CARTESIAN_POINT('',(-13.7200999999967,-1.519594,-13.4));
#4730=VERTEX_POINT('',#4720);
#4740=CARTESIAN_POINT('',(-14.2200999999967,-1.519594,-13.4));
#4750=VERTEX_POINT('',#4740);
#4760=EDGE_CURVE('',#4730,#4750,#4710,.T.);
#4770=ORIENTED_EDGE('',*,*,#4760,.F.);
#4780=CARTESIAN_POINT('',(-14.2200999999967,-4.249594,-13.4));
#4790=DIRECTION('',(1.22460635382238E-16,1.,-6.12303176911189E-17));
#4800=VECTOR('',#4790,1.);
#4810=LINE('',#4780,#4800);
#4820=CARTESIAN_POINT('',(-14.2200999999967,-1.019594,-13.4));
#4830=VERTEX_POINT('',#4820);
#4840=EDGE_CURVE('',#4750,#4830,#4810,.T.);
#4850=ORIENTED_EDGE('',*,*,#4840,.F.);
#4860=CARTESIAN_POINT('',(-68.2919819999982,-1.019594,-13.4));
#4870=DIRECTION('',(1.,-1.22460635382238E-16,7.49830360911069E-33));
#4880=VECTOR('',#4870,1.);
#4890=LINE('',#4860,#4880);
#4900=CARTESIAN_POINT('',(-13.7200999999967,-1.019594,-13.4));
#4910=VERTEX_POINT('',#4900);
#4920=EDGE_CURVE('',#4830,#4910,#4890,.T.);
#4930=ORIENTED_EDGE('',*,*,#4920,.F.);
#4940=CARTESIAN_POINT('',(-13.7200999999967,-4.249594,-13.4));
#4950=DIRECTION('',(-1.22460635382238E-16,-1.,6.12303176911189E-17));
#4960=VECTOR('',#4950,1.);
#4970=LINE('',#4940,#4960);
#4980=EDGE_CURVE('',#4910,#4730,#4970,.T.);
#4990=ORIENTED_EDGE('',*,*,#4980,.F.);
#5000=EDGE_LOOP('',(#4990,#4930,#4850,#4770));
#5010=FACE_BOUND('',#5000,.T.);
#5020=CARTESIAN_POINT('',(-68.2919819999982,-1.51959399999999,-13.4));
#5030=DIRECTION('',(-1.,1.22460635382238E-16,-7.49830360911069E-33));
#5040=VECTOR('',#5030,1.);
#5050=LINE('',#5020,#5040);
#5060=CARTESIAN_POINT('',(-16.2600999999967,-1.519594,-13.4));
#5070=VERTEX_POINT('',#5060);
#5080=CARTESIAN_POINT('',(-16.7600999999967,-1.519594,-13.4));
#5090=VERTEX_POINT('',#5080);
#5100=EDGE_CURVE('',#5070,#5090,#5050,.T.);
#5110=ORIENTED_EDGE('',*,*,#5100,.F.);
#5120=CARTESIAN_POINT('',(-16.7600999999967,-4.249594,-13.4));
#5130=DIRECTION('',(1.22460635382238E-16,1.,-6.12303176911189E-17));
#5140=VECTOR('',#5130,1.);
#5150=LINE('',#5120,#5140);
#5160=CARTESIAN_POINT('',(-16.7600999999967,-1.019594,-13.4));
#5170=VERTEX_POINT('',#5160);
#5180=EDGE_CURVE('',#5090,#5170,#5150,.T.);
#5190=ORIENTED_EDGE('',*,*,#5180,.F.);
#5200=CARTESIAN_POINT('',(-68.2919819999982,-1.019594,-13.4));
#5210=DIRECTION('',(1.,-1.22460635382238E-16,7.49830360911069E-33));
#5220=VECTOR('',#5210,1.);
#5230=LINE('',#5200,#5220);
#5240=CARTESIAN_POINT('',(-16.2600999999967,-1.019594,-13.4));
#5250=VERTEX_POINT('',#5240);
#5260=EDGE_CURVE('',#5170,#5250,#5230,.T.);
#5270=ORIENTED_EDGE('',*,*,#5260,.F.);
#5280=CARTESIAN_POINT('',(-16.2600999999967,-4.249594,-13.4));
#5290=DIRECTION('',(-1.22460635382238E-16,-1.,6.12303176911189E-17));
#5300=VECTOR('',#5290,1.);
#5310=LINE('',#5280,#5300);
#5320=EDGE_CURVE('',#5250,#5070,#5310,.T.);
#5330=ORIENTED_EDGE('',*,*,#5320,.F.);
#5340=EDGE_LOOP('',(#5330,#5270,#5190,#5110));
#5350=FACE_BOUND('',#5340,.T.);
#5360=CARTESIAN_POINT('',(-68.2919819999982,-1.019594,-13.4));
#5370=DIRECTION('',(1.,-1.22460635382238E-16,7.49830360911069E-33));
#5380=VECTOR('',#5370,1.);
#5390=LINE('',#5360,#5380);
#5400=CARTESIAN_POINT('',(-19.3000999999967,-1.01959400000001,-13.4));
#5410=VERTEX_POINT('',#5400);
#5420=CARTESIAN_POINT('',(-18.8000999999967,-1.01959400000001,-13.4));
#5430=VERTEX_POINT('',#5420);
#5440=EDGE_CURVE('',#5410,#5430,#5390,.T.);
#5450=ORIENTED_EDGE('',*,*,#5440,.F.);
#5460=CARTESIAN_POINT('',(-18.8000999999967,-4.249594,-13.4));
#5470=DIRECTION('',(-1.22460635382238E-16,-1.,6.12303176911189E-17));
#5480=VECTOR('',#5470,1.);
#5490=LINE('',#5460,#5480);
#5500=CARTESIAN_POINT('',(-18.8000999999967,-1.519594,-13.4));
#5510=VERTEX_POINT('',#5500);
#5520=EDGE_CURVE('',#5430,#5510,#5490,.T.);
#5530=ORIENTED_EDGE('',*,*,#5520,.F.);
#5540=CARTESIAN_POINT('',(-68.2919819999982,-1.51959399999999,-13.4));
#5550=DIRECTION('',(-1.,1.22460635382238E-16,-7.49830360911069E-33));
#5560=VECTOR('',#5550,1.);
#5570=LINE('',#5540,#5560);
#5580=CARTESIAN_POINT('',(-19.3000999999967,-1.519594,-13.4));
#5590=VERTEX_POINT('',#5580);
#5600=EDGE_CURVE('',#5510,#5590,#5570,.T.);
#5610=ORIENTED_EDGE('',*,*,#5600,.F.);
#5620=CARTESIAN_POINT('',(-19.3000999999967,-4.249594,-13.4));
#5630=DIRECTION('',(1.22460635382238E-16,1.,-6.12303176911189E-17));
#5640=VECTOR('',#5630,1.);
#5650=LINE('',#5620,#5640);
#5660=EDGE_CURVE('',#5590,#5410,#5650,.T.);
#5670=ORIENTED_EDGE('',*,*,#5660,.F.);
#5680=EDGE_LOOP('',(#5670,#5610,#5530,#5450));
#5690=FACE_BOUND('',#5680,.T.);
#5700=CARTESIAN_POINT('',(-68.2919819999982,1.02040600000001,-13.4));
#5710=DIRECTION('',(-1.,1.22460635382238E-16,-7.49830360911069E-33));
#5720=VECTOR('',#5710,1.);
#5730=LINE('',#5700,#5720);
#5740=CARTESIAN_POINT('',(-6.10009999999669,1.020406,-13.4));
#5750=VERTEX_POINT('',#5740);
#5760=CARTESIAN_POINT('',(-6.60009999999669,1.020406,-13.4));
#5770=VERTEX_POINT('',#5760);
#5780=EDGE_CURVE('',#5750,#5770,#5730,.T.);
#5790=ORIENTED_EDGE('',*,*,#5780,.F.);
#5800=CARTESIAN_POINT('',(-6.60009999999669,-4.249594,-13.4));
#5810=DIRECTION('',(1.22460635382238E-16,1.,-6.12303176911189E-17));
#5820=VECTOR('',#5810,1.);
#5830=LINE('',#5800,#5820);
#5840=CARTESIAN_POINT('',(-6.60009999999669,1.520406,-13.4));
#5850=VERTEX_POINT('',#5840);
#5860=EDGE_CURVE('',#5770,#5850,#5830,.T.);
#5870=ORIENTED_EDGE('',*,*,#5860,.F.);
#5880=CARTESIAN_POINT('',(-68.2919819999982,1.520406,-13.4));
#5890=DIRECTION('',(1.,-1.22460635382238E-16,7.49830360911069E-33));
#5900=VECTOR('',#5890,1.);
#5910=LINE('',#5880,#5900);
#5920=CARTESIAN_POINT('',(-6.10009999999669,1.520406,-13.4));
#5930=VERTEX_POINT('',#5920);
#5940=EDGE_CURVE('',#5850,#5930,#5910,.T.);
#5950=ORIENTED_EDGE('',*,*,#5940,.F.);
#5960=CARTESIAN_POINT('',(-6.10009999999669,-4.249594,-13.4));
#5970=DIRECTION('',(-1.22460635382238E-16,-1.,6.12303176911189E-17));
#5980=VECTOR('',#5970,1.);
#5990=LINE('',#5960,#5980);
#6000=EDGE_CURVE('',#5930,#5750,#5990,.T.);
#6010=ORIENTED_EDGE('',*,*,#6000,.F.);
#6020=EDGE_LOOP('',(#6010,#5950,#5870,#5790));
#6030=FACE_BOUND('',#6020,.T.);
#6040=CARTESIAN_POINT('',(-68.2919819999982,1.02040600000001,-13.4));
#6050=DIRECTION('',(-1.,1.22460635382238E-16,-7.49830360911069E-33));
#6060=VECTOR('',#6050,1.);
#6070=LINE('',#6040,#6060);
#6080=CARTESIAN_POINT('',(-18.8000999999967,1.020406,-13.4));
#6090=VERTEX_POINT('',#6080);
#6100=CARTESIAN_POINT('',(-19.3000999999967,1.020406,-13.4));
#6110=VERTEX_POINT('',#6100);
#6120=EDGE_CURVE('',#6090,#6110,#6070,.T.);
#6130=ORIENTED_EDGE('',*,*,#6120,.F.);
#6140=CARTESIAN_POINT('',(-19.3000999999967,-4.249594,-13.4));
#6150=DIRECTION('',(1.22460635382238E-16,1.,-6.12303176911189E-17));
#6160=VECTOR('',#6150,1.);
#6170=LINE('',#6140,#6160);
#6180=CARTESIAN_POINT('',(-19.3000999999967,1.520406,-13.4));
#6190=VERTEX_POINT('',#6180);
#6200=EDGE_CURVE('',#6110,#6190,#6170,.T.);
#6210=ORIENTED_EDGE('',*,*,#6200,.F.);
#6220=CARTESIAN_POINT('',(-68.2919819999982,1.520406,-13.4));
#6230=DIRECTION('',(1.,-1.22460635382238E-16,7.49830360911069E-33));
#6240=VECTOR('',#6230,1.);
#6250=LINE('',#6220,#6240);
#6260=CARTESIAN_POINT('',(-18.8000999999967,1.520406,-13.4));
#6270=VERTEX_POINT('',#6260);
#6280=EDGE_CURVE('',#6190,#6270,#6250,.T.);
#6290=ORIENTED_EDGE('',*,*,#6280,.F.);
#6300=CARTESIAN_POINT('',(-18.8000999999967,-4.249594,-13.4));
#6310=DIRECTION('',(-1.22460635382238E-16,-1.,6.12303176911189E-17));
#6320=VECTOR('',#6310,1.);
#6330=LINE('',#6300,#6320);
#6340=EDGE_CURVE('',#6270,#6090,#6330,.T.);
#6350=ORIENTED_EDGE('',*,*,#6340,.F.);
#6360=EDGE_LOOP('',(#6350,#6290,#6210,#6130));
#6370=FACE_BOUND('',#6360,.T.);
#6380=CARTESIAN_POINT('',(-68.2919819999982,1.02040600000001,-13.4));
#6390=DIRECTION('',(-1.,1.22460635382238E-16,-7.49830360911069E-33));
#6400=VECTOR('',#6390,1.);
#6410=LINE('',#6380,#6400);
#6420=CARTESIAN_POINT('',(-3.56009999999668,1.020406,-13.4));
#6430=VERTEX_POINT('',#6420);
#6440=CARTESIAN_POINT('',(-4.06009999999668,1.020406,-13.4));
#6450=VERTEX_POINT('',#6440);
#6460=EDGE_CURVE('',#6430,#6450,#6410,.T.);
#6470=ORIENTED_EDGE('',*,*,#6460,.F.);
#6480=CARTESIAN_POINT('',(-4.06009999999668,-4.249594,-13.4));
#6490=DIRECTION('',(1.22460635382238E-16,1.,-6.12303176911189E-17));
#6500=VECTOR('',#6490,1.);
#6510=LINE('',#6480,#6500);
#6520=CARTESIAN_POINT('',(-4.06009999999668,1.520406,-13.4));
#6530=VERTEX_POINT('',#6520);
#6540=EDGE_CURVE('',#6450,#6530,#6510,.T.);
#6550=ORIENTED_EDGE('',*,*,#6540,.F.);
#6560=CARTESIAN_POINT('',(-68.2919819999982,1.520406,-13.4));
#6570=DIRECTION('',(1.,-1.22460635382238E-16,7.49830360911069E-33));
#6580=VECTOR('',#6570,1.);
#6590=LINE('',#6560,#6580);
#6600=CARTESIAN_POINT('',(-3.56009999999668,1.520406,-13.4));
#6610=VERTEX_POINT('',#6600);
#6620=EDGE_CURVE('',#6530,#6610,#6590,.T.);
#6630=ORIENTED_EDGE('',*,*,#6620,.F.);
#6640=CARTESIAN_POINT('',(-3.56009999999668,-4.249594,-13.4));
#6650=DIRECTION('',(-1.22460635382238E-16,-1.,6.12303176911189E-17));
#6660=VECTOR('',#6650,1.);
#6670=LINE('',#6640,#6660);
#6680=EDGE_CURVE('',#6610,#6430,#6670,.T.);
#6690=ORIENTED_EDGE('',*,*,#6680,.F.);
#6700=EDGE_LOOP('',(#6690,#6630,#6550,#6470));
#6710=FACE_BOUND('',#6700,.T.);
#6720=ADVANCED_FACE('',(#1950,#2290,#2630,#2970,#3310,#3650,#3990,#4330,
#4670,#5010,#5350,#5690,#6030,#6370,#6710),#50,.T.);
#6730=CARTESIAN_POINT('',(3.68815000000139,1.850406,12.8999999999998));
#6740=DIRECTION('',(-1.22460635382238E-16,-1.,0.));
#6750=DIRECTION('',(1.,-1.22460635382238E-16,0.));
#6760=AXIS2_PLACEMENT_3D('',#6730,#6740,#6750);
#6770=CYLINDRICAL_SURFACE('',#6760,0.499986049805623);
#6780=CARTESIAN_POINT('',(3.68815000000139,1.850406,12.8999999999998));
#6790=DIRECTION('',(-1.22460635382238E-16,-1.,0.));
#6800=DIRECTION('',(1.,-1.22460635382238E-16,0.));
#6810=AXIS2_PLACEMENT_3D('',#6780,#6790,#6800);
#6820=CIRCLE('',#6810,0.499986049805623);
#6830=CARTESIAN_POINT('',(3.18816395019576,1.850406,12.8999999999998));
#6840=VERTEX_POINT('',#6830);
#6850=CARTESIAN_POINT('',(3.19294254420909,1.850406,12.8310389549964));
#6860=VERTEX_POINT('',#6850);
#6870=EDGE_CURVE('',#6840,#6860,#6820,.T.);
#6880=ORIENTED_EDGE('',*,*,#6870,.T.);
#6890=CARTESIAN_POINT('',(3.18816395019576,1.850406,12.8999999999998));
#6900=DIRECTION('',(-1.22460635382238E-16,-1.,0.));
#6910=VECTOR('',#6900,1.);
#6920=LINE('',#6890,#6910);
#6930=CARTESIAN_POINT('',(3.18816395019576,-1.849594,12.8999999999998));
#6940=VERTEX_POINT('',#6930);
#6950=EDGE_CURVE('',#6840,#6940,#6920,.T.);
#6960=ORIENTED_EDGE('',*,*,#6950,.F.);
#6970=CARTESIAN_POINT('',(3.68815000000139,-1.849594,12.8999999999998));
#6980=DIRECTION('',(-1.22460635382238E-16,-1.,0.));
#6990=DIRECTION('',(1.,-1.22460635382238E-16,0.));
#7000=AXIS2_PLACEMENT_3D('',#6970,#6980,#6990);
#7010=CIRCLE('',#7000,0.499986049805623);
#7020=CARTESIAN_POINT('',(3.19294254420909,-1.849594,12.8310389549964));
#7030=VERTEX_POINT('',#7020);
#7040=EDGE_CURVE('',#6940,#7030,#7010,.T.);
#7050=ORIENTED_EDGE('',*,*,#7040,.F.);
#7060=CARTESIAN_POINT('',(3.19294254420909,1.91040767407003,
12.8310389549964));
#7070=DIRECTION('',(-1.22460635382238E-16,-1.,0.));
#7080=VECTOR('',#7070,1.);
#7090=LINE('',#7060,#7080);
#7100=EDGE_CURVE('',#6860,#7030,#7090,.T.);
#7110=ORIENTED_EDGE('',*,*,#7100,.T.);
#7120=EDGE_LOOP('',(#7110,#7050,#6960,#6880));
#7130=FACE_OUTER_BOUND('',#7120,.T.);
#7140=ADVANCED_FACE('',(#7130),#6770,.T.);
#7150=CARTESIAN_POINT('',(-27.5500999999941,1.850406,12.4328999999998));
#7160=DIRECTION('',(-1.22460635382238E-16,-1.,0.));
#7170=DIRECTION('',(-1.,1.22460635382238E-16,0.));
#7180=AXIS2_PLACEMENT_3D('',#7150,#7160,#7170);
#7190=CYLINDRICAL_SURFACE('',#7180,0.500037928561726);
#7200=CARTESIAN_POINT('',(-27.7647576003581,1.91040144891783,
12.8845193580949));
#7210=DIRECTION('',(-1.22460635382238E-16,-1.,0.));
#7220=VECTOR('',#7210,1.);
#7230=LINE('',#7200,#7220);
#7240=CARTESIAN_POINT('',(-27.7647576003581,1.850406,12.8845193580949));
#7250=VERTEX_POINT('',#7240);
#7260=CARTESIAN_POINT('',(-27.7647576003581,-1.849594,12.8845193580949))
;
#7270=VERTEX_POINT('',#7260);
#7280=EDGE_CURVE('',#7250,#7270,#7230,.T.);
#7290=ORIENTED_EDGE('',*,*,#7280,.F.);
#7300=CARTESIAN_POINT('',(-27.5500999999941,-1.849594,12.4328999999998))
;
#7310=DIRECTION('',(1.22460635382238E-16,1.,0.));
#7320=DIRECTION('',(-1.,1.22460635382238E-16,0.));
#7330=AXIS2_PLACEMENT_3D('',#7300,#7310,#7320);
#7340=CIRCLE('',#7330,0.500037928561726);
#7350=CARTESIAN_POINT('',(-28.0501379285558,-1.849594,12.4328999999998))
;
#7360=VERTEX_POINT('',#7350);
#7370=EDGE_CURVE('',#7360,#7270,#7340,.T.);
#7380=ORIENTED_EDGE('',*,*,#7370,.T.);
#7390=CARTESIAN_POINT('',(-28.0501379285558,1.850406,12.4328999999998));
#7400=DIRECTION('',(-1.22460635382238E-16,-1.,0.));
#7410=VECTOR('',#7400,1.);
#7420=LINE('',#7390,#7410);
#7430=CARTESIAN_POINT('',(-28.0501379285558,1.850406,12.4328999999998));
#7440=VERTEX_POINT('',#7430);
#7450=EDGE_CURVE('',#7440,#7360,#7420,.T.);
#7460=ORIENTED_EDGE('',*,*,#7450,.T.);
#7470=CARTESIAN_POINT('',(-27.5500999999941,1.850406,12.4328999999998));
#7480=DIRECTION('',(1.22460635382238E-16,1.,0.));
#7490=DIRECTION('',(-1.,1.22460635382238E-16,0.));
#7500=AXIS2_PLACEMENT_3D('',#7470,#7480,#7490);
#7510=CIRCLE('',#7500,0.500037928561726);
#7520=EDGE_CURVE('',#7440,#7250,#7510,.T.);
#7530=ORIENTED_EDGE('',*,*,#7520,.F.);
#7540=EDGE_LOOP('',(#7530,#7460,#7380,#7290));
#7550=FACE_OUTER_BOUND('',#7540,.T.);
#7560=ADVANCED_FACE('',(#7550),#7190,.T.);
#7570=CARTESIAN_POINT('',(-26.1300999999943,-3.199594,-8.2217));
#7580=DIRECTION('',(-0.500006320306794,6.12310916799046E-17,
0.866021754722859));
#7590=DIRECTION('',(0.866021754722859,-1.06053574338202E-16,
0.500006320306794));
#7600=AXIS2_PLACEMENT_3D('',#7570,#7580,#7590);
#7610=PLANE('',#7600);
#7620=CARTESIAN_POINT('',(-27.3800999999943,-4.249594,-8.94340000000001)
);
#7630=DIRECTION('',(-1.22460635382238E-16,-1.,0.));
#7640=VECTOR('',#7630,1.);
#7650=LINE('',#7620,#7640);
#7660=CARTESIAN_POINT('',(-27.3800999999943,-2.149594,-8.9434));
#7670=VERTEX_POINT('',#7660);
#7680=CARTESIAN_POINT('',(-27.3800999999944,-4.249594,-8.94340000000003)
);
#7690=VERTEX_POINT('',#7680);
#7700=EDGE_CURVE('',#7670,#7690,#7650,.T.);
#7710=ORIENTED_EDGE('',*,*,#7700,.F.);
#7720=CARTESIAN_POINT('',(60.6617820000057,-4.24959400000001,
41.8884609915204));
#7730=DIRECTION('',(0.866021754722859,-1.06053574338202E-16,
0.500006320306794));
#7740=VECTOR('',#7730,1.);
#7750=LINE('',#7720,#7740);
#7760=CARTESIAN_POINT('',(-24.8800999999935,-4.249594,-7.4999999999995))
;
#7770=VERTEX_POINT('',#7760);
#7780=EDGE_CURVE('',#7690,#7770,#7750,.T.);
#7790=ORIENTED_EDGE('',*,*,#7780,.F.);
#7800=CARTESIAN_POINT('',(-24.8800999999934,-4.249594,-7.4999999999995))
;
#7810=DIRECTION('',(-1.22460635382238E-16,-1.,0.));
#7820=VECTOR('',#7810,1.);
#7830=LINE('',#7800,#7820);
#7840=CARTESIAN_POINT('',(-24.8800999999935,-2.149594,-7.49999999999949)
);
#7850=VERTEX_POINT('',#7840);
#7860=EDGE_CURVE('',#7850,#7770,#7830,.T.);
#7870=ORIENTED_EDGE('',*,*,#7860,.T.);
#7880=CARTESIAN_POINT('',(60.6617820000057,-2.14959400000001,
41.8884609915204));
#7890=DIRECTION('',(0.866021754722859,-1.06053574338202E-16,
0.500006320306794));
#7900=VECTOR('',#7890,1.);
#7910=LINE('',#7880,#7900);
#7920=EDGE_CURVE('',#7670,#7850,#7910,.T.);
#7930=ORIENTED_EDGE('',*,*,#7920,.T.);
#7940=EDGE_LOOP('',(#7930,#7870,#7790,#7710));
#7950=FACE_OUTER_BOUND('',#7940,.T.);
#7960=ADVANCED_FACE('',(#7950),#7610,.F.);
#7970=CARTESIAN_POINT('',(2.58081993581557,5.799406,3.40016168347861));
#7980=DIRECTION('',(1.22460635382238E-16,1.,0.));
#7990=DIRECTION('',(-1.,1.22460635382238E-16,0.));
#8000=AXIS2_PLACEMENT_3D('',#7970,#7980,#7990);
#8010=CYLINDRICAL_SURFACE('',#8000,0.499844566879941);
#8020=CARTESIAN_POINT('',(2.58081993581557,4.250406,3.40016168347861));
#8030=DIRECTION('',(1.22460635382238E-16,1.,0.));
#8040=DIRECTION('',(-1.,1.22460635382238E-16,0.));
#8050=AXIS2_PLACEMENT_3D('',#8020,#8030,#8040);
#8060=CIRCLE('',#8050,0.499844566879941);
#8070=CARTESIAN_POINT('',(2.58081993581557,4.250406,3.90000625035856));
#8080=VERTEX_POINT('',#8070);
#8090=CARTESIAN_POINT('',(3.04425733753096,4.250406,3.58740559160381));
#8100=VERTEX_POINT('',#8090);
#8110=EDGE_CURVE('',#8080,#8100,#8060,.T.);
#8120=ORIENTED_EDGE('',*,*,#8110,.F.);
#8130=CARTESIAN_POINT('',(3.04426669079054,-5.40861265777448,
3.5874093706274));
#8140=DIRECTION('',(1.22460635382238E-16,1.,0.));
#8150=VECTOR('',#8140,1.);
#8160=LINE('',#8130,#8150);
#8170=CARTESIAN_POINT('',(3.04425733753098,-4.249594,3.58740559160381));
#8180=VERTEX_POINT('',#8170);
#8190=EDGE_CURVE('',#8180,#8100,#8160,.T.);
#8200=ORIENTED_EDGE('',*,*,#8190,.T.);
#8210=CARTESIAN_POINT('',(2.58081993581557,-4.249594,3.40016168347861));
#8220=DIRECTION('',(1.22460635382238E-16,1.,0.));
#8230=DIRECTION('',(-1.,1.22460635382238E-16,0.));
#8240=AXIS2_PLACEMENT_3D('',#8210,#8220,#8230);
#8250=CIRCLE('',#8240,0.499844566879941);
#8260=CARTESIAN_POINT('',(2.58081993581557,-4.249594,3.90000625035856));
#8270=VERTEX_POINT('',#8260);
#8280=EDGE_CURVE('',#8270,#8180,#8250,.T.);
#8290=ORIENTED_EDGE('',*,*,#8280,.T.);
#8300=CARTESIAN_POINT('',(2.58081993581557,8.98940600000001,
3.90000625035856));
#8310=DIRECTION('',(1.22460635382238E-16,1.,0.));
#8320=VECTOR('',#8310,1.);
#8330=LINE('',#8300,#8320);
#8340=CARTESIAN_POINT('',(2.58081993581557,-1.399594,3.90000625035856));
#8350=VERTEX_POINT('',#8340);
#8360=EDGE_CURVE('',#8270,#8350,#8330,.T.);
#8370=ORIENTED_EDGE('',*,*,#8360,.F.);
#8380=CARTESIAN_POINT('',(2.58081993581557,-1.399594,3.40016168347861));
#8390=DIRECTION('',(1.22460635382238E-16,1.,0.));
#8400=DIRECTION('',(-1.,1.22460635382238E-16,0.));
#8410=AXIS2_PLACEMENT_3D('',#8380,#8390,#8400);
#8420=CIRCLE('',#8410,0.499844566879941);
#8430=CARTESIAN_POINT('',(2.89475000000166,-1.399594,3.78912505686935));
#8440=VERTEX_POINT('',#8430);
#8450=EDGE_CURVE('',#8350,#8440,#8420,.T.);
#8460=ORIENTED_EDGE('',*,*,#8450,.F.);
#8470=CARTESIAN_POINT('',(2.89475000000166,5.799406,3.78912505686935));
#8480=DIRECTION('',(1.22460635382238E-16,1.,0.));
#8490=VECTOR('',#8480,1.);
#8500=LINE('',#8470,#8490);
#8510=CARTESIAN_POINT('',(2.89475000000166,1.400406,3.78912505686935));
#8520=VERTEX_POINT('',#8510);
#8530=EDGE_CURVE('',#8440,#8520,#8500,.T.);
#8540=ORIENTED_EDGE('',*,*,#8530,.F.);
#8550=CARTESIAN_POINT('',(2.58081993581557,1.400406,3.40016168347861));
#8560=DIRECTION('',(1.22460635382238E-16,1.,0.));
#8570=DIRECTION('',(-1.,1.22460635382238E-16,0.));
#8580=AXIS2_PLACEMENT_3D('',#8550,#8560,#8570);
#8590=CIRCLE('',#8580,0.499844566879941);
#8600=CARTESIAN_POINT('',(2.58081993581557,1.400406,3.90000625035856));
#8610=VERTEX_POINT('',#8600);
#8620=EDGE_CURVE('',#8610,#8520,#8590,.T.);
#8630=ORIENTED_EDGE('',*,*,#8620,.T.);
#8640=EDGE_CURVE('',#8610,#8080,#8330,.T.);
#8650=ORIENTED_EDGE('',*,*,#8640,.F.);
#8660=EDGE_LOOP('',(#8650,#8630,#8540,#8460,#8370,#8290,#8200,#8120));
#8670=FACE_OUTER_BOUND('',#8660,.T.);
#8680=ADVANCED_FACE('',(#8670),#8010,.T.);
#8690=CARTESIAN_POINT('',(-10.1600999999951,3.350406,-13.400099999998));
#8700=DIRECTION('',(1.08681882361758E-16,1.,0.));
#8710=DIRECTION('',(-1.,1.08681882361758E-16,0.));
#8720=AXIS2_PLACEMENT_3D('',#8690,#8700,#8710);
#8730=CYLINDRICAL_SURFACE('',#8720,0.5);
#8740=ORIENTED_EDGE('',*,*,#1900,.T.);
#8750=CARTESIAN_POINT('',(-10.1600999999951,-3.049594,-13.400099999998))
;
#8760=DIRECTION('',(1.08681882361758E-16,1.,0.));
#8770=DIRECTION('',(-1.,1.08681882361758E-16,0.));
#8780=AXIS2_PLACEMENT_3D('',#8750,#8760,#8770);
#8790=CIRCLE('',#8780,0.5);
#8800=EDGE_CURVE('',#1730,#1810,#8790,.T.);
#8810=ORIENTED_EDGE('',*,*,#8800,.T.);
#8820=ORIENTED_EDGE('',*,*,#1740,.F.);
#8830=CARTESIAN_POINT('',(-10.1600999999951,3.350406,-13.400099999998));
#8840=DIRECTION('',(1.08681882361758E-16,1.,0.));
#8850=DIRECTION('',(-1.,1.08681882361758E-16,0.));
#8860=AXIS2_PLACEMENT_3D('',#8830,#8840,#8850);
#8870=CIRCLE('',#8860,0.5);
#8880=EDGE_CURVE('',#1650,#1890,#8870,.T.);
#8890=ORIENTED_EDGE('',*,*,#8880,.F.);
#8900=EDGE_LOOP('',(#8890,#8820,#8810,#8740));
#8910=FACE_OUTER_BOUND('',#8900,.T.);
#8920=ADVANCED_FACE('',(#8910),#8730,.T.);
#8930=CARTESIAN_POINT('',(-29.4800999999943,-4.249594,-13.4));
#8940=DIRECTION('',(1.22460635382238E-16,1.,0.));
#8950=DIRECTION('',(1.,-1.22460635382238E-16,0.));
#8960=AXIS2_PLACEMENT_3D('',#8930,#8940,#8950);
#8970=CYLINDRICAL_SURFACE('',#8960,0.500000000000093);
#8980=CARTESIAN_POINT('',(-29.9800999999943,-4.249594,-13.4));
#8990=DIRECTION('',(1.22460635382238E-16,1.,0.));
#9000=VECTOR('',#8990,1.);
#9010=LINE('',#8980,#9000);
#9020=CARTESIAN_POINT('',(-29.9800999999943,-4.249594,-13.4));
#9030=VERTEX_POINT('',#9020);
#9040=CARTESIAN_POINT('',(-29.9800999999943,4.250406,-13.4));
#9050=VERTEX_POINT('',#9040);
#9060=EDGE_CURVE('',#9030,#9050,#9010,.T.);
#9070=ORIENTED_EDGE('',*,*,#9060,.T.);
#9080=CARTESIAN_POINT('',(-29.4800999999943,-4.249594,-13.4));
#9090=DIRECTION('',(-1.22460635382238E-16,-1.,0.));
#9100=DIRECTION('',(1.,-1.22460635382238E-16,0.));
#9110=AXIS2_PLACEMENT_3D('',#9080,#9090,#9100);
#9120=CIRCLE('',#9110,0.500000000000093);
#9130=CARTESIAN_POINT('',(-29.4800999999943,-4.249594,-13.9));
#9140=VERTEX_POINT('',#9130);
#9150=EDGE_CURVE('',#9030,#9140,#9120,.T.);
#9160=ORIENTED_EDGE('',*,*,#9150,.F.);
#9170=CARTESIAN_POINT('',(-29.4800999999943,-4.32959123212121,
-13.9000000000001));
#9180=DIRECTION('',(1.22460635382238E-16,1.,0.));
#9190=VECTOR('',#9180,1.);
#9200=LINE('',#9170,#9190);
#9210=CARTESIAN_POINT('',(-29.4800999999943,4.250406,-13.9));
#9220=VERTEX_POINT('',#9210);
#9230=EDGE_CURVE('',#9140,#9220,#9200,.T.);
#9240=ORIENTED_EDGE('',*,*,#9230,.F.);
#9250=CARTESIAN_POINT('',(-29.4800999999943,4.250406,-13.4));
#9260=DIRECTION('',(-1.22460635382238E-16,-1.,0.));
#9270=DIRECTION('',(1.,-1.22460635382238E-16,0.));
#9280=AXIS2_PLACEMENT_3D('',#9250,#9260,#9270);
#9290=CIRCLE('',#9280,0.500000000000093);
#9300=EDGE_CURVE('',#9050,#9220,#9290,.T.);
#9310=ORIENTED_EDGE('',*,*,#9300,.T.);
#9320=EDGE_LOOP('',(#9310,#9240,#9160,#9070));
#9330=FACE_OUTER_BOUND('',#9320,.T.);
#9340=ADVANCED_FACE('',(#9330),#8970,.T.);
#9350=CARTESIAN_POINT('',(-25.5681999999943,0.000406000000002571,
12.42885));
#9360=DIRECTION('',(-0.992636427293346,1.21558887589898E-16,
0.121131842264127));
#9370=DIRECTION('',(0.121131842264127,-1.4833882368686E-17,
0.992636427293346));
#9380=AXIS2_PLACEMENT_3D('',#9350,#9360,#9370);
#9390=PLANE('',#9380);
#9400=CARTESIAN_POINT('',(-25.6038999999944,-4.249594,12.1362999999999))
;
#9410=DIRECTION('',(-1.22460635382238E-16,-1.,0.));
#9420=VECTOR('',#9410,1.);
#9430=LINE('',#9400,#9420);
#9440=CARTESIAN_POINT('',(-25.6038999999944,1.850406,12.1362999999999));
#9450=VERTEX_POINT('',#9440);
#9460=CARTESIAN_POINT('',(-25.6038999999944,-1.849594,12.1362999999999))
;
#9470=VERTEX_POINT('',#9460);
#9480=EDGE_CURVE('',#9450,#9470,#9430,.T.);
#9490=ORIENTED_EDGE('',*,*,#9480,.F.);
#9500=CARTESIAN_POINT('',(-43.5906817036336,-1.849594,-135.259582));
#9510=DIRECTION('',(-0.121131842264127,1.4833882368686E-17,
-0.992636427293346));
#9520=VECTOR('',#9510,1.);
#9530=LINE('',#9500,#9520);
#9540=CARTESIAN_POINT('',(-25.5324999999944,-1.849594,12.7214));
#9550=VERTEX_POINT('',#9540);
#9560=EDGE_CURVE('',#9550,#9470,#9530,.T.);
#9570=ORIENTED_EDGE('',*,*,#9560,.T.);
#9580=CARTESIAN_POINT('',(-25.5324999999944,-4.249594,12.7214));
#9590=DIRECTION('',(1.22460635382238E-16,1.,0.));
#9600=VECTOR('',#9590,1.);
#9610=LINE('',#9580,#9600);
#9620=CARTESIAN_POINT('',(-25.5324999999944,1.850406,12.7214));
#9630=VERTEX_POINT('',#9620);
#9640=EDGE_CURVE('',#9550,#9630,#9610,.T.);
#9650=ORIENTED_EDGE('',*,*,#9640,.F.);
#9660=CARTESIAN_POINT('',(-43.5906817036336,1.850406,-135.259582));
#9670=DIRECTION('',(0.121131842264127,-1.4833882368686E-17,
0.992636427293346));
#9680=VECTOR('',#9670,1.);
#9690=LINE('',#9660,#9680);
#9700=EDGE_CURVE('',#9450,#9630,#9690,.T.);
#9710=ORIENTED_EDGE('',*,*,#9700,.T.);
#9720=EDGE_LOOP('',(#9710,#9650,#9570,#9490));
#9730=FACE_OUTER_BOUND('',#9720,.T.);
#9740=ADVANCED_FACE('',(#9730),#9390,.F.);
#9750=CARTESIAN_POINT('',(-26.8791499999943,0.000406000000002571,9.8108)
);
#9760=DIRECTION('',(0.906311315152217,-1.10987459507652E-16,
0.422610695589995));
#9770=DIRECTION('',(0.422610695589995,-5.17531743012803E-17,
-0.906311315152217));
#9780=AXIS2_PLACEMENT_3D('',#9750,#9760,#9770);
#9790=PLANE('',#9780);
#9800=CARTESIAN_POINT('',(-28.000003431017,1.91040144891783,
12.2146688547566));
#9810=DIRECTION('',(-1.22460635382238E-16,-1.,0.));
#9820=VECTOR('',#9810,1.);
#9830=LINE('',#9800,#9820);
#9840=CARTESIAN_POINT('',(-27.999991296241,1.850406,12.2146438395791));
#9850=VERTEX_POINT('',#9840);
#9860=CARTESIAN_POINT('',(-27.999991296241,-1.849594,12.2146438395791));
#9870=VERTEX_POINT('',#9860);
#9880=EDGE_CURVE('',#9850,#9870,#9830,.T.);
#9890=ORIENTED_EDGE('',*,*,#9880,.F.);
#9900=CARTESIAN_POINT('',(40.7668056683728,-1.84959400000001,-135.259582
));
#9910=DIRECTION('',(0.422610695589995,-5.17531743012803E-17,
-0.906311315152217));
#9920=VECTOR('',#9910,1.);
#9930=LINE('',#9900,#9920);
#9940=CARTESIAN_POINT('',(-25.7549999999943,-1.849594,7.40000000000003))
;
#9950=VERTEX_POINT('',#9940);
#9960=EDGE_CURVE('',#9870,#9950,#9930,.T.);
#9970=ORIENTED_EDGE('',*,*,#9960,.F.);
#9980=CARTESIAN_POINT('',(-25.7549999999943,-4.249594,7.40000000000003))
;
#9990=DIRECTION('',(-1.22460635382238E-16,-1.,0.));
#10000=VECTOR('',#9990,1.);
#10010=LINE('',#9980,#10000);
#10020=CARTESIAN_POINT('',(-25.7549999999943,1.850406,7.40000000000003))
;
#10030=VERTEX_POINT('',#10020);
#10040=EDGE_CURVE('',#10030,#9950,#10010,.T.);
#10050=ORIENTED_EDGE('',*,*,#10040,.T.);
#10060=CARTESIAN_POINT('',(40.7668056683728,1.85040599999999,-135.259582
));
#10070=DIRECTION('',(-0.422610695589995,5.17531743012803E-17,
0.906311315152217));
#10080=VECTOR('',#10070,1.);
#10090=LINE('',#10060,#10080);
#10100=EDGE_CURVE('',#10030,#9850,#10090,.T.);
#10110=ORIENTED_EDGE('',*,*,#10100,.F.);
#10120=EDGE_LOOP('',(#10110,#10050,#9970,#9890));
#10130=FACE_OUTER_BOUND('',#10120,.T.);
#10140=ADVANCED_FACE('',(#10130),#9790,.F.);
#10150=CARTESIAN_POINT('',(-22.4093999999943,0.000406000000002571,
9.87429999999998));
#10160=DIRECTION('',(0.325980229449843,-3.99197460204754E-17,
-0.945376586344208));
#10170=DIRECTION('',(-0.945376586344208,1.15771417439203E-16,
-0.325980229449843));
#10180=AXIS2_PLACEMENT_3D('',#10150,#10160,#10170);
#10190=PLANE('',#10180);
#10200=CARTESIAN_POINT('',(-22.1306999999943,-4.249594,9.97039999999996)
);
#10210=DIRECTION('',(1.22460635382238E-16,1.,0.));
#10220=VECTOR('',#10210,1.);
#10230=LINE('',#10200,#10220);
#10240=CARTESIAN_POINT('',(-22.1306999999943,-1.849594,9.97039999999996)
);
#10250=VERTEX_POINT('',#10240);
#10260=CARTESIAN_POINT('',(-22.1306999999943,1.850406,9.97039999999996))
;
#10270=VERTEX_POINT('',#10260);
#10280=EDGE_CURVE('',#10250,#10270,#10230,.T.);
#10290=ORIENTED_EDGE('',*,*,#10280,.T.);
#10300=CARTESIAN_POINT('',(60.6617320000057,-1.84959400000001,
38.5184901155342));
#10310=DIRECTION('',(0.945376586344208,-1.15771417439203E-16,
0.325980229449843));
#10320=VECTOR('',#10310,1.);
#10330=LINE('',#10300,#10320);
#10340=CARTESIAN_POINT('',(-22.6880999999944,-1.849594,9.7782));
#10350=VERTEX_POINT('',#10340);
#10360=EDGE_CURVE('',#10350,#10250,#10330,.T.);
#10370=ORIENTED_EDGE('',*,*,#10360,.T.);
#10380=CARTESIAN_POINT('',(-22.6880999999944,-4.249594,9.7782));
#10390=DIRECTION('',(-1.22460635382238E-16,-1.,0.));
#10400=VECTOR('',#10390,1.);
#10410=LINE('',#10380,#10400);
#10420=CARTESIAN_POINT('',(-22.6880999999944,1.850406,9.7782));
#10430=VERTEX_POINT('',#10420);
#10440=EDGE_CURVE('',#10430,#10350,#10410,.T.);
#10450=ORIENTED_EDGE('',*,*,#10440,.T.);
#10460=CARTESIAN_POINT('',(60.6617320000057,1.85040599999999,
38.5184901155342));
#10470=DIRECTION('',(-0.945376586344208,1.15771417439203E-16,
-0.325980229449843));
#10480=VECTOR('',#10470,1.);
#10490=LINE('',#10460,#10480);
#10500=EDGE_CURVE('',#10270,#10430,#10490,.T.);
#10510=ORIENTED_EDGE('',*,*,#10500,.T.);
#10520=EDGE_LOOP('',(#10510,#10450,#10370,#10290));
#10530=FACE_OUTER_BOUND('',#10520,.T.);
#10540=ADVANCED_FACE('',(#10530),#10190,.F.);
#10550=CARTESIAN_POINT('',(2.70795000000167,0.000406000000001683,
12.42885));
#10560=DIRECTION('',(-0.992636427293346,1.21558887589898E-16,
-0.121131842264127));
#10570=DIRECTION('',(-0.121131842264127,1.4833882368686E-17,
0.992636427293346));
#10580=AXIS2_PLACEMENT_3D('',#10550,#10560,#10570);
#10590=PLANE('',#10580);
#10600=CARTESIAN_POINT('',(20.730431703641,1.850406,-135.259582));
#10610=DIRECTION('',(-0.121131842264127,1.4833882368686E-17,
0.992636427293346));
#10620=VECTOR('',#10610,1.);
#10630=LINE('',#10600,#10620);
#10640=CARTESIAN_POINT('',(2.74365000000168,1.850406,12.1362999999999));
#10650=VERTEX_POINT('',#10640);
#10660=CARTESIAN_POINT('',(2.67225000000168,1.850406,12.7214));
#10670=VERTEX_POINT('',#10660);
#10680=EDGE_CURVE('',#10650,#10670,#10630,.T.);
#10690=ORIENTED_EDGE('',*,*,#10680,.F.);
#10700=CARTESIAN_POINT('',(2.67225000000168,-4.249594,12.7214));
#10710=DIRECTION('',(1.22460635382238E-16,1.,0.));
#10720=VECTOR('',#10710,1.);
#10730=LINE('',#10700,#10720);
#10740=CARTESIAN_POINT('',(2.67225000000168,-1.849594,12.7214));
#10750=VERTEX_POINT('',#10740);
#10760=EDGE_CURVE('',#10750,#10670,#10730,.T.);
#10770=ORIENTED_EDGE('',*,*,#10760,.T.);
#10780=CARTESIAN_POINT('',(20.730431703641,-1.849594,-135.259582));
#10790=DIRECTION('',(0.121131842264127,-1.4833882368686E-17,
-0.992636427293346));
#10800=VECTOR('',#10790,1.);
#10810=LINE('',#10780,#10800);
#10820=CARTESIAN_POINT('',(2.74365000000168,-1.849594,12.1362999999999))
;
#10830=VERTEX_POINT('',#10820);
#10840=EDGE_CURVE('',#10750,#10830,#10810,.T.);
#10850=ORIENTED_EDGE('',*,*,#10840,.F.);
#10860=CARTESIAN_POINT('',(2.74365000000168,-4.249594,12.1362999999999))
;
#10870=DIRECTION('',(-1.22460635382238E-16,-1.,0.));
#10880=VECTOR('',#10870,1.);
#10890=LINE('',#10860,#10880);
#10900=EDGE_CURVE('',#10650,#10830,#10890,.T.);
#10910=ORIENTED_EDGE('',*,*,#10900,.T.);
#10920=EDGE_LOOP('',(#10910,#10850,#10770,#10690));
#10930=FACE_OUTER_BOUND('',#10920,.T.);
#10940=ADVANCED_FACE('',(#10930),#10590,.T.);
#10950=CARTESIAN_POINT('',(-29.9800999999943,0.000406000000003459,
-9.94999999999999));
#10960=DIRECTION('',(1.,-1.22460635382238E-16,0.));
#10970=DIRECTION('',(0.,-0.,-1.));
#10980=AXIS2_PLACEMENT_3D('',#10950,#10960,#10970);
#10990=PLANE('',#10980);
#11000=CARTESIAN_POINT('',(-29.9800999999943,-4.249594,-6.49999999999997
));
#11010=DIRECTION('',(1.22460635382238E-16,1.,0.));
#11020=VECTOR('',#11010,1.);
#11030=LINE('',#11000,#11020);
#11040=CARTESIAN_POINT('',(-29.9800999999943,-4.249594,-6.5));
#11050=VERTEX_POINT('',#11040);
#11060=CARTESIAN_POINT('',(-29.9800999999943,4.250406,-6.5));
#11070=VERTEX_POINT('',#11060);
#11080=EDGE_CURVE('',#11050,#11070,#11030,.T.);
#11090=ORIENTED_EDGE('',*,*,#11080,.T.);
#11100=CARTESIAN_POINT('',(-29.9800999999943,-4.249594,-135.257382));
#11110=DIRECTION('',(0.,-0.,-1.));
#11120=VECTOR('',#11110,1.);
#11130=LINE('',#11100,#11120);
#11140=EDGE_CURVE('',#11050,#9030,#11130,.T.);
#11150=ORIENTED_EDGE('',*,*,#11140,.F.);
#11160=ORIENTED_EDGE('',*,*,#9060,.F.);
#11170=CARTESIAN_POINT('',(-29.9800999999943,4.250406,-135.257382));
#11180=DIRECTION('',(0.,0.,1.));
#11190=VECTOR('',#11180,1.);
#11200=LINE('',#11170,#11190);
#11210=EDGE_CURVE('',#9050,#11070,#11200,.T.);
#11220=ORIENTED_EDGE('',*,*,#11210,.F.);
#11230=EDGE_LOOP('',(#11220,#11160,#11150,#11090));
#11240=FACE_OUTER_BOUND('',#11230,.T.);
#11250=ADVANCED_FACE('',(#11240),#10990,.F.);
#11260=CARTESIAN_POINT('',(-23.4549999999944,-0.899593999999998,
4.29370000000003));
#11270=DIRECTION('',(-2.61559304155803E-15,-1.,0.));
#11280=DIRECTION('',(-1.,2.61559304155803E-15,0.));
#11290=AXIS2_PLACEMENT_3D('',#11260,#11270,#11280);
#11300=CYLINDRICAL_SURFACE('',#11290,0.600000000000034);
#11310=CARTESIAN_POINT('',(-23.4549999999943,-1.349594,3.69370000000001)
);
#11320=DIRECTION('',(-1.22460635382238E-16,-1.,0.));
#11330=VECTOR('',#11320,1.);
#11340=LINE('',#11310,#11330);
#11350=CARTESIAN_POINT('',(-23.4549999999943,-1.399594,3.69370000000001)
);
#11360=VERTEX_POINT('',#11350);
#11370=CARTESIAN_POINT('',(-23.4549999999943,-2.799594,3.69370000000001)
);
#11380=VERTEX_POINT('',#11370);
#11390=EDGE_CURVE('',#11360,#11380,#11340,.T.);
#11400=ORIENTED_EDGE('',*,*,#11390,.F.);
#11410=CARTESIAN_POINT('',(-23.4549999999944,-2.799594,4.29370000000003)
);
#11420=DIRECTION('',(2.61559304155803E-15,1.,0.));
#11430=DIRECTION('',(-1.,2.61559304155803E-15,0.));
#11440=AXIS2_PLACEMENT_3D('',#11410,#11420,#11430);
#11450=CIRCLE('',#11440,0.600000000000034);
#11460=CARTESIAN_POINT('',(-22.8549999999943,-2.799594,4.29370000000003)
);
#11470=VERTEX_POINT('',#11460);
#11480=EDGE_CURVE('',#11470,#11380,#11450,.T.);
#11490=ORIENTED_EDGE('',*,*,#11480,.T.);
#11500=CARTESIAN_POINT('',(-22.8549999999943,-0.899593999999999,
4.29370000000003));
#11510=DIRECTION('',(-2.61559304155803E-15,-1.,0.));
#11520=VECTOR('',#11510,1.);
#11530=LINE('',#11500,#11520);
#11540=CARTESIAN_POINT('',(-22.8549999999943,-1.399594,4.29370000000003)
);
#11550=VERTEX_POINT('',#11540);
#11560=EDGE_CURVE('',#11550,#11470,#11530,.T.);
#11570=ORIENTED_EDGE('',*,*,#11560,.T.);
#11580=CARTESIAN_POINT('',(-23.4549999999944,-1.399594,4.29370000000003)
);
#11590=DIRECTION('',(2.61559304155803E-15,1.,0.));
#11600=DIRECTION('',(-1.,2.61559304155803E-15,0.));
#11610=AXIS2_PLACEMENT_3D('',#11580,#11590,#11600);
#11620=CIRCLE('',#11610,0.600000000000034);
#11630=EDGE_CURVE('',#11550,#11360,#11620,.T.);
#11640=ORIENTED_EDGE('',*,*,#11630,.F.);
#11650=EDGE_LOOP('',(#11640,#11570,#11490,#11400));
#11660=FACE_OUTER_BOUND('',#11650,.T.);
#11670=ADVANCED_FACE('',(#11660),#11300,.T.);
#11680=CARTESIAN_POINT('',(-25.3251999999943,0.000406000000002571,
12.2324));
#11690=DIRECTION('',(0.325980229449886,-3.99197460204807E-17,
-0.945376586344193));
#11700=DIRECTION('',(-0.945376586344193,1.15771417439201E-16,
-0.325980229449886));
#11710=AXIS2_PLACEMENT_3D('',#11680,#11690,#11700);
#11720=PLANE('',#11710);
#11730=CARTESIAN_POINT('',(-25.0464999999943,-4.249594,12.3284999999999)
);
#11740=DIRECTION('',(1.22460635382238E-16,1.,0.));
#11750=VECTOR('',#11740,1.);
#11760=LINE('',#11730,#11750);
#11770=CARTESIAN_POINT('',(-25.0464999999943,-1.849594,12.3284999999999)
);
#11780=VERTEX_POINT('',#11770);
#11790=CARTESIAN_POINT('',(-25.0464999999943,1.850406,12.3284999999999))
;
#11800=VERTEX_POINT('',#11790);
#11810=EDGE_CURVE('',#11780,#11800,#11760,.T.);
#11820=ORIENTED_EDGE('',*,*,#11810,.T.);
#11830=CARTESIAN_POINT('',(60.6617320000057,-1.84959400000001,
41.8820023150361));
#11840=DIRECTION('',(0.945376586344193,-1.15771417439201E-16,
0.325980229449886));
#11850=VECTOR('',#11840,1.);
#11860=LINE('',#11830,#11850);
#11870=EDGE_CURVE('',#9470,#11780,#11860,.T.);
#11880=ORIENTED_EDGE('',*,*,#11870,.T.);
#11890=ORIENTED_EDGE('',*,*,#9480,.T.);
#11900=CARTESIAN_POINT('',(60.6617320000057,1.85040599999999,
41.8820023150361));
#11910=DIRECTION('',(-0.945376586344193,1.15771417439201E-16,
-0.325980229449886));
#11920=VECTOR('',#11910,1.);
#11930=LINE('',#11900,#11920);
#11940=EDGE_CURVE('',#11800,#9450,#11930,.T.);
#11950=ORIENTED_EDGE('',*,*,#11940,.T.);
#11960=EDGE_LOOP('',(#11950,#11890,#11880,#11820));
#11970=FACE_OUTER_BOUND('',#11960,.T.);
#11980=ADVANCED_FACE('',(#11970),#11720,.F.);
#11990=CARTESIAN_POINT('',(7.11990000000166,0.000406000000002571,
-9.94999999999999));
#12000=DIRECTION('',(1.,-1.22460635382238E-16,0.));
#12010=DIRECTION('',(0.,-0.,-1.));
#12020=AXIS2_PLACEMENT_3D('',#11990,#12000,#12010);
#12030=PLANE('',#12020);
#12040=CARTESIAN_POINT('',(7.11990000000166,4.250406,-135.257382));
#12050=DIRECTION('',(0.,0.,1.));
#12060=VECTOR('',#12050,1.);
#12070=LINE('',#12040,#12060);
#12080=CARTESIAN_POINT('',(7.11990000000167,4.250406,-13.4));
#12090=VERTEX_POINT('',#12080);
#12100=CARTESIAN_POINT('',(7.11990000000165,4.250406,-6.5));
#12110=VERTEX_POINT('',#12100);
#12120=EDGE_CURVE('',#12090,#12110,#12070,.T.);
#12130=ORIENTED_EDGE('',*,*,#12120,.T.);
#12140=CARTESIAN_POINT('',(7.11990000000167,-4.249594,-13.4));
#12150=DIRECTION('',(1.22460635382238E-16,1.,0.));
#12160=VECTOR('',#12150,1.);
#12170=LINE('',#12140,#12160);
#12180=CARTESIAN_POINT('',(7.11990000000167,-4.249594,-13.4));
#12190=VERTEX_POINT('',#12180);
#12200=EDGE_CURVE('',#12190,#12090,#12170,.T.);
#12210=ORIENTED_EDGE('',*,*,#12200,.T.);
#12220=CARTESIAN_POINT('',(7.11990000000166,-4.249594,-135.257382));
#12230=DIRECTION('',(0.,-0.,-1.));
#12240=VECTOR('',#12230,1.);
#12250=LINE('',#12220,#12240);
#12260=CARTESIAN_POINT('',(7.11990000000166,-4.249594,-6.5));
#12270=VERTEX_POINT('',#12260);
#12280=EDGE_CURVE('',#12270,#12190,#12250,.T.);
#12290=ORIENTED_EDGE('',*,*,#12280,.T.);
#12300=CARTESIAN_POINT('',(7.11990000000166,-4.249594,-6.49999999999997)
);
#12310=DIRECTION('',(1.22460635382238E-16,1.,0.));
#12320=VECTOR('',#12310,1.);
#12330=LINE('',#12300,#12320);
#12340=EDGE_CURVE('',#12270,#12110,#12330,.T.);
#12350=ORIENTED_EDGE('',*,*,#12340,.F.);
#12360=EDGE_LOOP('',(#12350,#12290,#12210,#12130));
#12370=FACE_OUTER_BOUND('',#12360,.T.);
#12380=ADVANCED_FACE('',(#12370),#12030,.T.);
#12390=CARTESIAN_POINT('',(-24.1102999999944,0.000406000000002571,
11.24985));
#12400=DIRECTION('',(-0.99264140337369,1.21559496963858E-16,
0.121091057920519));
#12410=DIRECTION('',(0.121091057920519,-1.48288878920541E-17,
0.99264140337369));
#12420=AXIS2_PLACEMENT_3D('',#12390,#12400,#12410);
#12430=PLANE('',#12420);
#12440=CARTESIAN_POINT('',(-24.1459999999944,-4.249594,10.9572));
#12450=DIRECTION('',(-1.22460635382238E-16,-1.,0.));
#12460=VECTOR('',#12450,1.);
#12470=LINE('',#12440,#12460);
#12480=CARTESIAN_POINT('',(-24.1459999999944,1.850406,10.9572));
#12490=VERTEX_POINT('',#12480);
#12500=CARTESIAN_POINT('',(-24.1459999999944,-1.849594,10.9572));
#12510=VERTEX_POINT('',#12500);
#12520=EDGE_CURVE('',#12490,#12510,#12470,.T.);
#12530=ORIENTED_EDGE('',*,*,#12520,.F.);
#12540=CARTESIAN_POINT('',(-41.9827986242892,-1.849594,-135.259582));
#12550=DIRECTION('',(-0.121091057920519,1.48288878920541E-17,
-0.99264140337369));
#12560=VECTOR('',#12550,1.);
#12570=LINE('',#12540,#12560);
#12580=CARTESIAN_POINT('',(-24.0745999999944,-1.849594,11.5425));
#12590=VERTEX_POINT('',#12580);
#12600=EDGE_CURVE('',#12590,#12510,#12570,.T.);
#12610=ORIENTED_EDGE('',*,*,#12600,.T.);
#12620=CARTESIAN_POINT('',(-24.0745999999944,-4.249594,11.5425));
#12630=DIRECTION('',(1.22460635382238E-16,1.,0.));
#12640=VECTOR('',#12630,1.);
#12650=LINE('',#12620,#12640);
#12660=CARTESIAN_POINT('',(-24.0745999999944,1.850406,11.5425));
#12670=VERTEX_POINT('',#12660);
#12680=EDGE_CURVE('',#12590,#12670,#12650,.T.);
#12690=ORIENTED_EDGE('',*,*,#12680,.F.);
#12700=CARTESIAN_POINT('',(-41.9827986242892,1.850406,-135.259582));
#12710=DIRECTION('',(0.121091057920519,-1.48288878920541E-17,
0.99264140337369));
#12720=VECTOR('',#12710,1.);
#12730=LINE('',#12700,#12720);
#12740=EDGE_CURVE('',#12490,#12670,#12730,.T.);
#12750=ORIENTED_EDGE('',*,*,#12740,.T.);
#12760=EDGE_LOOP('',(#12750,#12690,#12610,#12530));
#12770=FACE_OUTER_BOUND('',#12760,.T.);
#12780=ADVANCED_FACE('',(#12770),#12430,.F.);
#12790=CARTESIAN_POINT('',(2.19475000000166,1.375406,4.49359999999999));
#12800=DIRECTION('',(2.03012210217171E-14,-2.48610042535471E-30,-1.));
#12810=DIRECTION('',(-1.,1.22460635382238E-16,-2.03012210217171E-14));
#12820=AXIS2_PLACEMENT_3D('',#12790,#12800,#12810);
#12830=PLANE('',#12820);
#12840=CARTESIAN_POINT('',(-83.5219819999983,1.40040600000001,
4.49359999999825));
#12850=DIRECTION('',(-1.,1.22460635382238E-16,-2.03012210217171E-14));
#12860=VECTOR('',#12850,1.);
#12870=LINE('',#12840,#12860);
#12880=CARTESIAN_POINT('',(2.89475000000166,1.400406,4.49360000000001));
#12890=VERTEX_POINT('',#12880);
#12900=CARTESIAN_POINT('',(1.99475000000169,1.400406,4.49359999999999));
#12910=VERTEX_POINT('',#12900);
#12920=EDGE_CURVE('',#12890,#12910,#12870,.T.);
#12930=ORIENTED_EDGE('',*,*,#12920,.T.);
#12940=CARTESIAN_POINT('',(2.89475000000166,-4.249594,4.49360000000001))
;
#12950=DIRECTION('',(-1.22460635382238E-16,-1.,0.));
#12960=VECTOR('',#12950,1.);
#12970=LINE('',#12940,#12960);
#12980=CARTESIAN_POINT('',(2.89475000000166,1.850406,4.49360000000001));
#12990=VERTEX_POINT('',#12980);
#13000=EDGE_CURVE('',#12990,#12890,#12970,.T.);
#13010=ORIENTED_EDGE('',*,*,#13000,.T.);
#13020=CARTESIAN_POINT('',(-83.5219819999983,1.85040600000001,
4.49359999999825));
#13030=DIRECTION('',(1.,-1.22460635382238E-16,2.03012210217171E-14));
#13040=VECTOR('',#13030,1.);
#13050=LINE('',#13020,#13040);
#13060=CARTESIAN_POINT('',(1.99475000000169,1.850406,4.49359999999999));
#13070=VERTEX_POINT('',#13060);
#13080=EDGE_CURVE('',#13070,#12990,#13050,.T.);
#13090=ORIENTED_EDGE('',*,*,#13080,.T.);
#13100=CARTESIAN_POINT('',(1.99475000000173,-4.249594,4.49359999999999))
;
#13110=DIRECTION('',(-7.35693658314513E-15,1.,-1.51461293802434E-28));
#13120=VECTOR('',#13110,1.);
#13130=LINE('',#13100,#13120);
#13140=EDGE_CURVE('',#12910,#13070,#13130,.T.);
#13150=ORIENTED_EDGE('',*,*,#13140,.T.);
#13160=EDGE_LOOP('',(#13150,#13090,#13010,#12930));
#13170=FACE_OUTER_BOUND('',#13160,.T.);
#13180=ADVANCED_FACE('',(#13170),#12830,.T.);
#13190=CARTESIAN_POINT('',(-22.7300999999926,0.000406000000001683,
-1.55000000000001));
#13200=DIRECTION('',(-1.,1.22460635382238E-16,0.));
#13210=DIRECTION('',(0.,0.,1.));
#13220=AXIS2_PLACEMENT_3D('',#13190,#13200,#13210);
#13230=PLANE('',#13220);
#13240=CARTESIAN_POINT('',(-22.7300999999926,-4.249594,-6.5));
#13250=DIRECTION('',(-1.22460635382238E-16,-1.,0.));
#13260=VECTOR('',#13250,1.);
#13270=LINE('',#13240,#13260);
#13280=CARTESIAN_POINT('',(-22.7300999999926,3.150406,-6.5));
#13290=VERTEX_POINT('',#13280);
#13300=CARTESIAN_POINT('',(-22.7300999999926,-3.149594,-6.5));
#13310=VERTEX_POINT('',#13300);
#13320=EDGE_CURVE('',#13290,#13310,#13270,.T.);
#13330=ORIENTED_EDGE('',*,*,#13320,.F.);
#13340=CARTESIAN_POINT('',(-22.7300999999926,-3.149594,-135.257382));
#13350=DIRECTION('',(0.,-0.,-1.));
#13360=VECTOR('',#13350,1.);
#13370=LINE('',#13340,#13360);
#13380=CARTESIAN_POINT('',(-22.7300999999926,-3.149594,3.39999999999995)
);
#13390=VERTEX_POINT('',#13380);
#13400=EDGE_CURVE('',#13390,#13310,#13370,.T.);
#13410=ORIENTED_EDGE('',*,*,#13400,.T.);
#13420=CARTESIAN_POINT('',(-22.7300999999926,-4.249594,3.40000000000001)
);
#13430=DIRECTION('',(-1.22460635382238E-16,-1.,0.));
#13440=VECTOR('',#13430,1.);
#13450=LINE('',#13420,#13440);
#13460=CARTESIAN_POINT('',(-22.7300999999926,3.150406,3.40000000000001))
;
#13470=VERTEX_POINT('',#13460);
#13480=EDGE_CURVE('',#13470,#13390,#13450,.T.);
#13490=ORIENTED_EDGE('',*,*,#13480,.T.);
#13500=CARTESIAN_POINT('',(-22.7300999999926,3.150406,-135.257382));
#13510=DIRECTION('',(0.,-0.,-1.));
#13520=VECTOR('',#13510,1.);
#13530=LINE('',#13500,#13520);
#13540=EDGE_CURVE('',#13470,#13290,#13530,.T.);
#13550=ORIENTED_EDGE('',*,*,#13540,.F.);
#13560=EDGE_LOOP('',(#13550,#13490,#13410,#13330));
#13570=FACE_OUTER_BOUND('',#13560,.T.);
#13580=ADVANCED_FACE('',(#13570),#13230,.F.);
#13590=CARTESIAN_POINT('',(-11.7732299655621,-3.049594,-11.1039572474596
));
#13600=DIRECTION('',(1.08681882361758E-16,1.,-0.));
#13610=DIRECTION('',(-1.,1.08681882361758E-16,0.));
#13620=AXIS2_PLACEMENT_3D('',#13590,#13600,#13610);
#13630=PLANE('',#13620);
#13640=ORIENTED_EDGE('',*,*,#1820,.T.);
#13650=ORIENTED_EDGE('',*,*,#8800,.F.);
#13660=EDGE_LOOP('',(#13650,#13640));
#13670=FACE_OUTER_BOUND('',#13660,.T.);
#13680=ADVANCED_FACE('',(#13670),#13630,.F.);
#13690=CARTESIAN_POINT('',(-20.8549999999943,0.000406000000001683,
8.44999999999999));
#13700=DIRECTION('',(-1.,1.22460635382238E-16,0.));
#13710=DIRECTION('',(0.,0.,1.));
#13720=AXIS2_PLACEMENT_3D('',#13690,#13700,#13710);
#13730=PLANE('',#13720);
#13740=CARTESIAN_POINT('',(-20.8549999999944,1.850406,8.19999999999999))
;
#13750=DIRECTION('',(-1.22460635382238E-16,-1.,0.));
#13760=VECTOR('',#13750,1.);
#13770=LINE('',#13740,#13760);
#13780=CARTESIAN_POINT('',(-20.8549999999944,1.850406,8.19999999999999))
;
#13790=VERTEX_POINT('',#13780);
#13800=CARTESIAN_POINT('',(-20.8549999999944,-1.849594,8.19999999999999)
);
#13810=VERTEX_POINT('',#13800);
#13820=EDGE_CURVE('',#13790,#13810,#13770,.T.);
#13830=ORIENTED_EDGE('',*,*,#13820,.F.);
#13840=CARTESIAN_POINT('',(-20.8549999999943,-1.849594,-135.259582));
#13850=DIRECTION('',(0.,-0.,-1.));
#13860=VECTOR('',#13850,1.);
#13870=LINE('',#13840,#13860);
#13880=CARTESIAN_POINT('',(-20.8549999999945,-1.849594,8.70000000000081)
);
#13890=VERTEX_POINT('',#13880);
#13900=EDGE_CURVE('',#13890,#13810,#13870,.T.);
#13910=ORIENTED_EDGE('',*,*,#13900,.T.);
#13920=CARTESIAN_POINT('',(-20.8549999999945,1.850406,8.70000000000081))
;
#13930=DIRECTION('',(-1.22460635382238E-16,-1.,0.));
#13940=VECTOR('',#13930,1.);
#13950=LINE('',#13920,#13940);
#13960=CARTESIAN_POINT('',(-20.8549999999945,1.850406,8.70000000000081))
;
#13970=VERTEX_POINT('',#13960);
#13980=EDGE_CURVE('',#13970,#13890,#13950,.T.);
#13990=ORIENTED_EDGE('',*,*,#13980,.T.);
#14000=CARTESIAN_POINT('',(-20.8549999999943,1.850406,-135.259582));
#14010=DIRECTION('',(0.,0.,1.));
#14020=VECTOR('',#14010,1.);
#14030=LINE('',#14000,#14020);
#14040=EDGE_CURVE('',#13790,#13970,#14030,.T.);
#14050=ORIENTED_EDGE('',*,*,#14040,.T.);
#14060=EDGE_LOOP('',(#14050,#13990,#13910,#13830));
#14070=FACE_OUTER_BOUND('',#14060,.T.);
#14080=ADVANCED_FACE('',(#14070),#13730,.F.);
#14090=CARTESIAN_POINT('',(-25.0549999999943,1.375406,4.49359999999999))
;
#14100=DIRECTION('',(2.03012210217171E-14,-2.48610042535471E-30,1.));
#14110=DIRECTION('',(1.,-1.22460635382238E-16,-2.03012210217171E-14));
#14120=AXIS2_PLACEMENT_3D('',#14090,#14100,#14110);
#14130=PLANE('',#14120);
#14140=CARTESIAN_POINT('',(-24.8549999999944,-4.249594,4.49359999999999)
);
#14150=DIRECTION('',(7.60185785390961E-15,1.,-1.51461293802434E-28));
#14160=VECTOR('',#14150,1.);
#14170=LINE('',#14140,#14160);
#14180=CARTESIAN_POINT('',(-24.8549999999944,1.400406,4.49359999999999))
;
#14190=VERTEX_POINT('',#14180);
#14200=CARTESIAN_POINT('',(-24.8549999999944,1.850406,4.49359999999999))
;
#14210=VERTEX_POINT('',#14200);
#14220=EDGE_CURVE('',#14190,#14210,#14170,.T.);
#14230=ORIENTED_EDGE('',*,*,#14220,.F.);
#14240=CARTESIAN_POINT('',(60.6617320000057,1.85040599999999,
4.49359999999825));
#14250=DIRECTION('',(-1.,1.22460635382238E-16,2.03012210217171E-14));
#14260=VECTOR('',#14250,1.);
#14270=LINE('',#14240,#14260);
#14280=CARTESIAN_POINT('',(-25.7549999999943,1.850406,4.49360000000001))
;
#14290=VERTEX_POINT('',#14280);
#14300=EDGE_CURVE('',#14210,#14290,#14270,.T.);
#14310=ORIENTED_EDGE('',*,*,#14300,.F.);
#14320=CARTESIAN_POINT('',(-25.7549999999943,-4.249594,4.49360000000001)
);
#14330=DIRECTION('',(-1.22460635382238E-16,-1.,0.));
#14340=VECTOR('',#14330,1.);
#14350=LINE('',#14320,#14340);
#14360=CARTESIAN_POINT('',(-25.7549999999943,1.400406,4.49360000000001))
;
#14370=VERTEX_POINT('',#14360);
#14380=EDGE_CURVE('',#14290,#14370,#14350,.T.);
#14390=ORIENTED_EDGE('',*,*,#14380,.F.);
#14400=CARTESIAN_POINT('',(60.6617320000057,1.40040599999999,
4.49359999999825));
#14410=DIRECTION('',(1.,-1.22460635382238E-16,-2.03012210217171E-14));
#14420=VECTOR('',#14410,1.);
#14430=LINE('',#14400,#14420);
#14440=EDGE_CURVE('',#14370,#14190,#14430,.T.);
#14450=ORIENTED_EDGE('',*,*,#14440,.F.);
#14460=EDGE_LOOP('',(#14450,#14390,#14310,#14230));
#14470=FACE_OUTER_BOUND('',#14460,.T.);
#14480=ADVANCED_FACE('',(#14470),#14130,.F.);
#14490=CARTESIAN_POINT('',(-25.0821999999943,0.000406000000002571,
12.0359));
#14500=DIRECTION('',(-0.992638915961905,1.21559192353831E-16,
0.121111446684339));
#14510=DIRECTION('',(0.121111446684339,-1.48313847130262E-17,
0.992638915961905));
#14520=AXIS2_PLACEMENT_3D('',#14490,#14500,#14510);
#14530=PLANE('',#14520);
#14540=CARTESIAN_POINT('',(-25.1178999999943,-4.249594,11.7432999999999)
);
#14550=DIRECTION('',(-1.22460635382238E-16,-1.,0.));
#14560=VECTOR('',#14550,1.);
#14570=LINE('',#14540,#14560);
#14580=CARTESIAN_POINT('',(-25.1178999999943,1.850406,11.7432999999999))
;
#14590=VERTEX_POINT('',#14580);
#14600=CARTESIAN_POINT('',(-25.1178999999943,-1.849594,11.7432999999999)
);
#14610=VERTEX_POINT('',#14600);
#14620=EDGE_CURVE('',#14590,#14610,#14570,.T.);
#14630=ORIENTED_EDGE('',*,*,#14620,.F.);
#14640=CARTESIAN_POINT('',(-43.0536583301367,-1.849594,-135.259582));
#14650=DIRECTION('',(-0.121111446684339,1.48313847130262E-17,
-0.992638915961905));
#14660=VECTOR('',#14650,1.);
#14670=LINE('',#14640,#14660);
#14680=EDGE_CURVE('',#11780,#14610,#14670,.T.);
#14690=ORIENTED_EDGE('',*,*,#14680,.T.);
#14700=ORIENTED_EDGE('',*,*,#11810,.F.);
#14710=CARTESIAN_POINT('',(-43.0536583301367,1.850406,-135.259582));
#14720=DIRECTION('',(0.121111446684339,-1.48313847130262E-17,
0.992638915961905));
#14730=VECTOR('',#14720,1.);
#14740=LINE('',#14710,#14730);
#14750=EDGE_CURVE('',#14590,#11800,#14740,.T.);
#14760=ORIENTED_EDGE('',*,*,#14750,.T.);
#14770=EDGE_LOOP('',(#14760,#14700,#14690,#14630));
#14780=FACE_OUTER_BOUND('',#14770,.T.);
#14790=ADVANCED_FACE('',(#14780),#14530,.F.);
#14800=CARTESIAN_POINT('',(-23.8549999999943,-1.849594,3.69370000000001)
);
#14810=DIRECTION('',(-0.,0.,1.));
#14820=DIRECTION('',(1.,-1.22460635382238E-16,0.));
#14830=AXIS2_PLACEMENT_3D('',#14800,#14810,#14820);
#14840=PLANE('',#14830);
#14850=CARTESIAN_POINT('',(-24.2549999999943,2.850406,3.69370000000001))
;
#14860=DIRECTION('',(-2.61559304155803E-15,-1.,0.));
#14870=VECTOR('',#14860,1.);
#14880=LINE('',#14850,#14870);
#14890=CARTESIAN_POINT('',(-24.2549999999944,-1.399594,3.69370000000001)
);
#14900=VERTEX_POINT('',#14890);
#14910=CARTESIAN_POINT('',(-24.2549999999944,-2.799594,3.69370000000001)
);
#14920=VERTEX_POINT('',#14910);
#14930=EDGE_CURVE('',#14900,#14920,#14880,.T.);
#14940=ORIENTED_EDGE('',*,*,#14930,.F.);
#14950=CARTESIAN_POINT('',(60.6617320000057,-2.79959400000001,
3.69370000000001));
#14960=DIRECTION('',(-1.,1.22460635382238E-16,0.));
#14970=VECTOR('',#14960,1.);
#14980=LINE('',#14950,#14970);
#14990=EDGE_CURVE('',#11380,#14920,#14980,.T.);
#15000=ORIENTED_EDGE('',*,*,#14990,.T.);
#15010=ORIENTED_EDGE('',*,*,#11390,.T.);
#15020=CARTESIAN_POINT('',(60.6617320000057,-1.39959400000001,
3.69370000000001));
#15030=DIRECTION('',(-1.,1.22460635382238E-16,0.));
#15040=VECTOR('',#15030,1.);
#15050=LINE('',#15020,#15040);
#15060=EDGE_CURVE('',#11360,#14900,#15050,.T.);
#15070=ORIENTED_EDGE('',*,*,#15060,.F.);
#15080=EDGE_LOOP('',(#15070,#15010,#15000,#14940));
#15090=FACE_OUTER_BOUND('',#15080,.T.);
#15100=ADVANCED_FACE('',(#15090),#14840,.F.);
#15110=CARTESIAN_POINT('',(-2.08010000000009,-3.649594,-10.7));
#15120=DIRECTION('',(-1.,1.22460635382238E-16,0.));
#15130=DIRECTION('',(0.,0.,1.));
#15140=AXIS2_PLACEMENT_3D('',#15110,#15120,#15130);
#15150=PLANE('',#15140);
#15160=CARTESIAN_POINT('',(-2.08010000000009,-4.249594,-135.257382));
#15170=DIRECTION('',(0.,0.,1.));
#15180=VECTOR('',#15170,1.);
#15190=LINE('',#15160,#15180);
#15200=CARTESIAN_POINT('',(-2.08010000000009,-4.249594,-12.4));
#15210=VERTEX_POINT('',#15200);
#15220=CARTESIAN_POINT('',(-2.08010000000009,-4.249594,-9.));
#15230=VERTEX_POINT('',#15220);
#15240=EDGE_CURVE('',#15210,#15230,#15190,.T.);
#15250=ORIENTED_EDGE('',*,*,#15240,.T.);
#15260=CARTESIAN_POINT('',(-2.08010000000009,-4.249594,-12.4));
#15270=DIRECTION('',(1.22460635382238E-16,1.,0.));
#15280=VECTOR('',#15270,1.);
#15290=LINE('',#15260,#15280);
#15300=CARTESIAN_POINT('',(-2.08010000000009,-3.049594,-12.4));
#15310=VERTEX_POINT('',#15300);
#15320=EDGE_CURVE('',#15210,#15310,#15290,.T.);
#15330=ORIENTED_EDGE('',*,*,#15320,.F.);
#15340=CARTESIAN_POINT('',(-2.08010000000009,-3.049594,-135.257382));
#15350=DIRECTION('',(0.,0.,1.));
#15360=VECTOR('',#15350,1.);
#15370=LINE('',#15340,#15360);
#15380=CARTESIAN_POINT('',(-2.08010000000009,-3.049594,-9.));
#15390=VERTEX_POINT('',#15380);
#15400=EDGE_CURVE('',#15310,#15390,#15370,.T.);
#15410=ORIENTED_EDGE('',*,*,#15400,.F.);
#15420=CARTESIAN_POINT('',(-2.08010000000009,-4.249594,-9.));
#15430=DIRECTION('',(-1.22460635382238E-16,-1.,0.));
#15440=VECTOR('',#15430,1.);
#15450=LINE('',#15420,#15440);
#15460=EDGE_CURVE('',#15390,#15230,#15450,.T.);
#15470=ORIENTED_EDGE('',*,*,#15460,.F.);
#15480=EDGE_LOOP('',(#15470,#15410,#15330,#15250));
#15490=FACE_OUTER_BOUND('',#15480,.T.);
#15500=ADVANCED_FACE('',(#15490),#15150,.T.);
#15510=CARTESIAN_POINT('',(-0.130100000000468,-4.249594,2.9000000000004)
);
#15520=DIRECTION('',(-2.8381340969515E-15,1.,0.));
#15530=DIRECTION('',(-1.,-2.8381340969515E-15,0.));
#15540=AXIS2_PLACEMENT_3D('',#15510,#15520,#15530);
#15550=CYLINDRICAL_SURFACE('',#15540,0.499999999999543);
#15560=CARTESIAN_POINT('',(-0.130100000000468,-3.149594,2.9000000000004)
);
#15570=DIRECTION('',(1.22460635382238E-16,1.,0.));
#15580=DIRECTION('',(-1.,1.22460635382238E-16,0.));
#15590=AXIS2_PLACEMENT_3D('',#15560,#15570,#15580);
#15600=CIRCLE('',#15590,0.499999999999543);
#15610=CARTESIAN_POINT('',(-0.616299996669142,-3.149594,3.01690001384614
));
#15620=VERTEX_POINT('',#15610);
#15630=CARTESIAN_POINT('',(-0.130100000000098,-3.149594,3.39999999999995
));
#15640=VERTEX_POINT('',#15630);
#15650=EDGE_CURVE('',#15620,#15640,#15600,.T.);
#15660=ORIENTED_EDGE('',*,*,#15650,.F.);
#15670=CARTESIAN_POINT('',(-0.130100000000112,-5.40859400000005,
3.39999999999995));
#15680=DIRECTION('',(1.22460635382238E-16,1.,0.));
#15690=VECTOR('',#15680,1.);
#15700=LINE('',#15670,#15690);
#15710=CARTESIAN_POINT('',(-0.130100000000112,-4.249594,3.39999999999995
));
#15720=VERTEX_POINT('',#15710);
#15730=EDGE_CURVE('',#15720,#15640,#15700,.T.);
#15740=ORIENTED_EDGE('',*,*,#15730,.T.);
#15750=CARTESIAN_POINT('',(-0.130100000000468,-4.249594,2.9000000000004)
);
#15760=DIRECTION('',(1.22460635382238E-16,1.,0.));
#15770=DIRECTION('',(-1.,1.22460635382238E-16,0.));
#15780=AXIS2_PLACEMENT_3D('',#15750,#15760,#15770);
#15790=CIRCLE('',#15780,0.499999999999543);
#15800=CARTESIAN_POINT('',(-0.616299996669142,-4.249594,3.01690001384614
));
#15810=VERTEX_POINT('',#15800);
#15820=EDGE_CURVE('',#15810,#15720,#15790,.T.);
#15830=ORIENTED_EDGE('',*,*,#15820,.T.);
#15840=CARTESIAN_POINT('',(-0.61624550447857,-5.40859400000005,
3.01688690463595));
#15850=DIRECTION('',(1.22460635382238E-16,1.,0.));
#15860=VECTOR('',#15850,1.);
#15870=LINE('',#15840,#15860);
#15880=EDGE_CURVE('',#15810,#15620,#15870,.T.);
#15890=ORIENTED_EDGE('',*,*,#15880,.F.);
#15900=EDGE_LOOP('',(#15890,#15830,#15740,#15660));
#15910=FACE_OUTER_BOUND('',#15900,.T.);
#15920=ADVANCED_FACE('',(#15910),#15550,.T.);
#15930=CARTESIAN_POINT('',(-3.96034105987374,1.26553833905869,
-0.500000000000028));
#15940=DIRECTION('',(0.,0.,1.));
#15950=DIRECTION('',(-1.,1.22460635382238E-16,0.));
#15960=AXIS2_PLACEMENT_3D('',#15930,#15940,#15950);
#15970=PLANE('',#15960);
#15980=CARTESIAN_POINT('',(-3.96010000000007,-4.249188,
-0.500000000000028));
#15990=DIRECTION('',(1.22460635382238E-16,1.,0.));
#16000=VECTOR('',#15990,1.);
#16010=LINE('',#15980,#16000);
#16020=CARTESIAN_POINT('',(-3.96010000000008,1.12040599999998,
-0.500000000000057));
#16030=VERTEX_POINT('',#16020);
#16040=CARTESIAN_POINT('',(-3.96010000000007,1.420406,-0.500000000000028
));
#16050=VERTEX_POINT('',#16040);
#16060=EDGE_CURVE('',#16030,#16050,#16010,.T.);
#16070=ORIENTED_EDGE('',*,*,#16060,.F.);
#16080=CARTESIAN_POINT('',(-83.5319819999983,1.42040600000002,
-0.500000000000028));
#16090=DIRECTION('',(-1.,1.22460635382238E-16,0.));
#16100=VECTOR('',#16090,1.);
#16110=LINE('',#16080,#16100);
#16120=CARTESIAN_POINT('',(-3.66010000000003,1.420406,-0.500000000000028
));
#16130=VERTEX_POINT('',#16120);
#16140=EDGE_CURVE('',#16130,#16050,#16110,.T.);
#16150=ORIENTED_EDGE('',*,*,#16140,.T.);
#16160=CARTESIAN_POINT('',(-3.66010000000003,-4.249188,
-0.500000000000028));
#16170=DIRECTION('',(-1.22460635382238E-16,-1.,0.));
#16180=VECTOR('',#16170,1.);
#16190=LINE('',#16160,#16180);
#16200=CARTESIAN_POINT('',(-3.66010000000003,1.12040599999998,
-0.500000000000085));
#16210=VERTEX_POINT('',#16200);
#16220=EDGE_CURVE('',#16130,#16210,#16190,.T.);
#16230=ORIENTED_EDGE('',*,*,#16220,.F.);
#16240=CARTESIAN_POINT('',(-83.5319819999983,1.120406,-0.500000000000028
));
#16250=DIRECTION('',(-1.,1.22460635382238E-16,0.));
#16260=VECTOR('',#16250,1.);
#16270=LINE('',#16240,#16260);
#16280=EDGE_CURVE('',#16210,#16030,#16270,.T.);
#16290=ORIENTED_EDGE('',*,*,#16280,.F.);
#16300=EDGE_LOOP('',(#16290,#16230,#16150,#16070));
#16310=FACE_OUTER_BOUND('',#16300,.T.);
#16320=ADVANCED_FACE('',(#16310),#15970,.T.);
#16330=COLOUR_RGB('',1.,1.,0.);
#16340=FILL_AREA_STYLE_COLOUR('',#16330);
#16350=FILL_AREA_STYLE('',(#16340));
#16360=SURFACE_STYLE_FILL_AREA(#16350);
#16370=SURFACE_SIDE_STYLE('',(#16360));
#16380=SURFACE_STYLE_USAGE(.BOTH.,#16370);
#16390=PRESENTATION_STYLE_ASSIGNMENT((#16380));
#16400=CARTESIAN_POINT('',(-2.00524999999833,0.000406000000002571,
8.44999999999999));
#16410=DIRECTION('',(-1.,1.22460635382238E-16,0.));
#16420=DIRECTION('',(0.,0.,1.));
#16430=AXIS2_PLACEMENT_3D('',#16400,#16410,#16420);
#16440=PLANE('',#16430);
#16450=CARTESIAN_POINT('',(-2.00524999999833,1.850406,-135.259582));
#16460=DIRECTION('',(0.,0.,1.));
#16470=VECTOR('',#16460,1.);
#16480=LINE('',#16450,#16470);
#16490=CARTESIAN_POINT('',(-2.00524999999832,1.850406,8.19999999999999))
;
#16500=VERTEX_POINT('',#16490);
#16510=CARTESIAN_POINT('',(-2.0052499999982,1.850406,8.70000000000081));
#16520=VERTEX_POINT('',#16510);
#16530=EDGE_CURVE('',#16500,#16520,#16480,.T.);
#16540=ORIENTED_EDGE('',*,*,#16530,.F.);
#16550=CARTESIAN_POINT('',(-2.0052499999982,1.850406,8.70000000000081));
#16560=DIRECTION('',(-1.22460635382238E-16,-1.,0.));
#16570=VECTOR('',#16560,1.);
#16580=LINE('',#16550,#16570);
#16590=CARTESIAN_POINT('',(-2.0052499999982,-1.849594,8.70000000000081))
;
#16600=VERTEX_POINT('',#16590);
#16610=EDGE_CURVE('',#16520,#16600,#16580,.T.);
#16620=ORIENTED_EDGE('',*,*,#16610,.F.);
#16630=CARTESIAN_POINT('',(-2.00524999999833,-1.849594,-135.259582));
#16640=DIRECTION('',(0.,-0.,-1.));
#16650=VECTOR('',#16640,1.);
#16660=LINE('',#16630,#16650);
#16670=CARTESIAN_POINT('',(-2.00524999999832,-1.849594,8.19999999999999)
);
#16680=VERTEX_POINT('',#16670);
#16690=EDGE_CURVE('',#16600,#16680,#16660,.T.);
#16700=ORIENTED_EDGE('',*,*,#16690,.F.);
#16710=CARTESIAN_POINT('',(-2.00524999999832,1.850406,8.19999999999999))
;
#16720=DIRECTION('',(-1.22460635382238E-16,-1.,0.));
#16730=VECTOR('',#16720,1.);
#16740=LINE('',#16710,#16730);
#16750=EDGE_CURVE('',#16500,#16680,#16740,.T.);
#16760=ORIENTED_EDGE('',*,*,#16750,.T.);
#16770=EDGE_LOOP('',(#16760,#16700,#16620,#16540));
#16780=FACE_OUTER_BOUND('',#16770,.T.);
#16790=ADVANCED_FACE('',(#16780),#16440,.T.);
#16800=CARTESIAN_POINT('',(1.97895000000166,0.000406000000001683,11.8394
));
#16810=DIRECTION('',(0.325980229449886,-3.99197460204807E-17,
0.945376586344193));
#16820=DIRECTION('',(0.945376586344193,-1.15771417439201E-16,
-0.325980229449886));
#16830=AXIS2_PLACEMENT_3D('',#16800,#16810,#16820);
#16840=PLANE('',#16830);
#16850=CARTESIAN_POINT('',(-83.5219819999983,1.85040600000001,
41.3214221212794));
#16860=DIRECTION('',(0.945376586344193,-1.15771417439201E-16,
-0.325980229449886));
#16870=VECTOR('',#16860,1.);
#16880=LINE('',#16850,#16870);
#16890=CARTESIAN_POINT('',(1.70025000000165,1.850406,11.9355));
#16900=VERTEX_POINT('',#16890);
#16910=CARTESIAN_POINT('',(2.25765000000166,1.850406,11.7432999999999));
#16920=VERTEX_POINT('',#16910);
#16930=EDGE_CURVE('',#16900,#16920,#16880,.T.);
#16940=ORIENTED_EDGE('',*,*,#16930,.F.);
#16950=CARTESIAN_POINT('',(2.25765000000166,-4.249594,11.7432999999999))
;
#16960=DIRECTION('',(-1.22460635382238E-16,-1.,0.));
#16970=VECTOR('',#16960,1.);
#16980=LINE('',#16950,#16970);
#16990=CARTESIAN_POINT('',(2.25765000000166,-1.849594,11.7432999999999))
;
#17000=VERTEX_POINT('',#16990);
#17010=EDGE_CURVE('',#16920,#17000,#16980,.T.);
#17020=ORIENTED_EDGE('',*,*,#17010,.F.);
#17030=CARTESIAN_POINT('',(-83.5219819999983,-1.84959399999999,
41.3214221212794));
#17040=DIRECTION('',(-0.945376586344193,1.15771417439201E-16,
0.325980229449886));
#17050=VECTOR('',#17040,1.);
#17060=LINE('',#17030,#17050);
#17070=CARTESIAN_POINT('',(1.70025000000165,-1.849594,11.9355));
#17080=VERTEX_POINT('',#17070);
#17090=EDGE_CURVE('',#17000,#17080,#17060,.T.);
#17100=ORIENTED_EDGE('',*,*,#17090,.F.);
#17110=CARTESIAN_POINT('',(1.70025000000165,-4.249594,11.9355));
#17120=DIRECTION('',(1.22460635382238E-16,1.,0.));
#17130=VECTOR('',#17120,1.);
#17140=LINE('',#17110,#17130);
#17150=EDGE_CURVE('',#17080,#16900,#17140,.T.);
#17160=ORIENTED_EDGE('',*,*,#17150,.F.);
#17170=EDGE_LOOP('',(#17160,#17100,#17020,#16940));
#17180=FACE_OUTER_BOUND('',#17170,.T.);
#17190=ADVANCED_FACE('',(#17180),#16840,.T.);
#17200=CARTESIAN_POINT('',(-22.6523999999943,0.000406000000002571,
10.07085));
#17210=DIRECTION('',(-0.99264140337369,1.21559496963858E-16,
0.121091057920519));
#17220=DIRECTION('',(0.121091057920519,-1.48288878920541E-17,
0.99264140337369));
#17230=AXIS2_PLACEMENT_3D('',#17200,#17210,#17220);
#17240=PLANE('',#17230);
#17250=ORIENTED_EDGE('',*,*,#10440,.F.);
#17260=CARTESIAN_POINT('',(-40.3810739190098,-1.849594,-135.259582));
#17270=DIRECTION('',(-0.121091057920519,1.48288878920541E-17,
-0.99264140337369));
#17280=VECTOR('',#17270,1.);
#17290=LINE('',#17260,#17280);
#17300=CARTESIAN_POINT('',(-22.6166999999944,-1.849594,10.3635));
#17310=VERTEX_POINT('',#17300);
#17320=EDGE_CURVE('',#17310,#10350,#17290,.T.);
#17330=ORIENTED_EDGE('',*,*,#17320,.T.);
#17340=CARTESIAN_POINT('',(-22.6166999999944,-4.249594,10.3635));
#17350=DIRECTION('',(1.22460635382238E-16,1.,0.));
#17360=VECTOR('',#17350,1.);
#17370=LINE('',#17340,#17360);
#17380=CARTESIAN_POINT('',(-22.6166999999944,1.850406,10.3635));
#17390=VERTEX_POINT('',#17380);
#17400=EDGE_CURVE('',#17310,#17390,#17370,.T.);
#17410=ORIENTED_EDGE('',*,*,#17400,.F.);
#17420=CARTESIAN_POINT('',(-40.3810739190098,1.850406,-135.259582));
#17430=DIRECTION('',(0.121091057920519,-1.48288878920541E-17,
0.99264140337369));
#17440=VECTOR('',#17430,1.);
#17450=LINE('',#17420,#17440);
#17460=EDGE_CURVE('',#10430,#17390,#17450,.T.);
#17470=ORIENTED_EDGE('',*,*,#17460,.T.);
#17480=EDGE_LOOP('',(#17470,#17410,#17330,#17250));
#17490=FACE_OUTER_BOUND('',#17480,.T.);
#17500=ADVANCED_FACE('',(#17490),#17240,.F.);
#17510=CARTESIAN_POINT('',(1.99475000000169,1.850406,4.5436500000005));
#17520=DIRECTION('',(1.,7.35693658314513E-15,-0.));
#17530=DIRECTION('',(-7.35693658314513E-15,1.,0.));
#17540=AXIS2_PLACEMENT_3D('',#17510,#17520,#17530);
#17550=PLANE('',#17540);
#17560=ORIENTED_EDGE('',*,*,#13140,.F.);
#17570=CARTESIAN_POINT('',(1.99475000000169,1.850406,-135.259582));
#17580=DIRECTION('',(0.,0.,1.));
#17590=VECTOR('',#17580,1.);
#17600=LINE('',#17570,#17590);
#17610=CARTESIAN_POINT('',(1.99475000328332,1.850406,4.79371804597551));
#17620=VERTEX_POINT('',#17610);
#17630=EDGE_CURVE('',#13070,#17620,#17600,.T.);
#17640=ORIENTED_EDGE('',*,*,#17630,.F.);
#17650=CARTESIAN_POINT('',(1.99475000328332,2.800406,4.79371804597551));
#17660=DIRECTION('',(-1.22460635382238E-16,-1.,0.));
#17670=VECTOR('',#17660,1.);
#17680=LINE('',#17650,#17670);
#17690=CARTESIAN_POINT('',(1.99475000328332,2.800406,4.79371804597551));
#17700=VERTEX_POINT('',#17690);
#17710=EDGE_CURVE('',#17700,#17620,#17680,.T.);
#17720=ORIENTED_EDGE('',*,*,#17710,.T.);
#17730=CARTESIAN_POINT('',(1.99475000000167,2.800406,-135.259582));
#17740=DIRECTION('',(0.,0.,1.));
#17750=VECTOR('',#17740,1.);
#17760=LINE('',#17730,#17750);
#17770=CARTESIAN_POINT('',(1.99475000000169,2.800406,4.29370000000003));
#17780=VERTEX_POINT('',#17770);
#17790=EDGE_CURVE('',#17780,#17700,#17760,.T.);
#17800=ORIENTED_EDGE('',*,*,#17790,.T.);
#17810=CARTESIAN_POINT('',(1.99475000000169,2.800406,4.29370000000003));
#17820=DIRECTION('',(2.37067177079355E-15,-1.,0.));
#17830=VECTOR('',#17820,1.);
#17840=LINE('',#17810,#17830);
#17850=CARTESIAN_POINT('',(1.99475000000169,1.400406,4.29370000000003));
#17860=VERTEX_POINT('',#17850);
#17870=EDGE_CURVE('',#17780,#17860,#17840,.T.);
#17880=ORIENTED_EDGE('',*,*,#17870,.F.);
#17890=CARTESIAN_POINT('',(1.99475000000169,1.400406,-135.259582));
#17900=DIRECTION('',(0.,-0.,-1.));
#17910=VECTOR('',#17900,1.);
#17920=LINE('',#17890,#17910);
#17930=EDGE_CURVE('',#12910,#17860,#17920,.T.);
#17940=ORIENTED_EDGE('',*,*,#17930,.T.);
#17950=EDGE_LOOP('',(#17940,#17880,#17800,#17720,#17640,#17560));
#17960=FACE_OUTER_BOUND('',#17950,.T.);
#17970=ADVANCED_FACE('',(#17960),#17550,.T.);
#17980=CARTESIAN_POINT('',(-16.4803999999992,-3.049594,-10.7000000385055
));
#17990=DIRECTION('',(-1.22460635382238E-16,-1.,0.));
#18000=DIRECTION('',(1.,-1.22460635382238E-16,0.));
#18010=AXIS2_PLACEMENT_3D('',#17980,#17990,#18000);
#18020=PLANE('',#18010);
#18030=ORIENTED_EDGE('',*,*,#15400,.T.);
#18040=CARTESIAN_POINT('',(-73.3719819999983,-3.04959399999999,-12.4));
#18050=DIRECTION('',(-1.,1.22460635382238E-16,0.));
#18060=VECTOR('',#18050,1.);
#18070=LINE('',#18040,#18060);
#18080=CARTESIAN_POINT('',(-20.7800999999926,-3.049594,-12.4));
#18090=VERTEX_POINT('',#18080);
#18100=EDGE_CURVE('',#15310,#18090,#18070,.T.);
#18110=ORIENTED_EDGE('',*,*,#18100,.F.);
#18120=CARTESIAN_POINT('',(-20.7800999999926,-3.049594,-135.257382));
#18130=DIRECTION('',(0.,0.,1.));
#18140=VECTOR('',#18130,1.);
#18150=LINE('',#18120,#18140);
#18160=CARTESIAN_POINT('',(-20.7800999999926,-3.049594,-9.));
#18170=VERTEX_POINT('',#18160);
#18180=EDGE_CURVE('',#18090,#18170,#18150,.T.);
#18190=ORIENTED_EDGE('',*,*,#18180,.F.);
#18200=CARTESIAN_POINT('',(-80.9719819999983,-3.04959399999999,-9.));
#18210=DIRECTION('',(1.,-1.22460635382238E-16,0.));
#18220=VECTOR('',#18210,1.);
#18230=LINE('',#18200,#18220);
#18240=EDGE_CURVE('',#18170,#15390,#18230,.T.);
#18250=ORIENTED_EDGE('',*,*,#18240,.F.);
#18260=EDGE_LOOP('',(#18250,#18190,#18110,#18030));
#18270=FACE_OUTER_BOUND('',#18260,.T.);
#18280=ADVANCED_FACE('',(#18270),#18020,.T.);
#18290=CARTESIAN_POINT('',(3.26990000000167,-3.199594,-8.2217));
#18300=DIRECTION('',(-0.500006320306794,6.12310916799047E-17,
-0.866021754722859));
#18310=DIRECTION('',(-0.866021754722859,1.06053574338202E-16,
0.500006320306794));
#18320=AXIS2_PLACEMENT_3D('',#18290,#18300,#18310);
#18330=PLANE('',#18320);
#18340=CARTESIAN_POINT('',(-83.5219819999983,-2.14959399999999,
41.8884609915204));
#18350=DIRECTION('',(-0.866021754722859,1.06053574338202E-16,
0.500006320306794));
#18360=VECTOR('',#18350,1.);
#18370=LINE('',#18340,#18360);
#18380=CARTESIAN_POINT('',(4.51990000000167,-2.149594,-8.94340000000003)
);
#18390=VERTEX_POINT('',#18380);
#18400=CARTESIAN_POINT('',(2.01990000000133,-2.149594,-7.49999999999918)
);
#18410=VERTEX_POINT('',#18400);
#18420=EDGE_CURVE('',#18390,#18410,#18370,.T.);
#18430=ORIENTED_EDGE('',*,*,#18420,.F.);
#18440=CARTESIAN_POINT('',(2.01990000000076,-4.249594,-7.4999999999995))
;
#18450=DIRECTION('',(-1.22460635382238E-16,-1.,0.));
#18460=VECTOR('',#18450,1.);
#18470=LINE('',#18440,#18460);
#18480=CARTESIAN_POINT('',(2.01990000000099,-4.249594,-7.49999999999937)
);
#18490=VERTEX_POINT('',#18480);
#18500=EDGE_CURVE('',#18410,#18490,#18470,.T.);
#18510=ORIENTED_EDGE('',*,*,#18500,.F.);
#18520=CARTESIAN_POINT('',(-83.5219819999983,-4.24959399999999,
41.8884609915204));
#18530=DIRECTION('',(-0.866021754722859,1.06053574338202E-16,
0.500006320306794));
#18540=VECTOR('',#18530,1.);
#18550=LINE('',#18520,#18540);
#18560=CARTESIAN_POINT('',(4.51990000000167,-4.249594,-8.94340000000005)
);
#18570=VERTEX_POINT('',#18560);
#18580=EDGE_CURVE('',#18570,#18490,#18550,.T.);
#18590=ORIENTED_EDGE('',*,*,#18580,.T.);
#18600=CARTESIAN_POINT('',(4.51990000000167,-4.249594,-8.94340000000001)
);
#18610=DIRECTION('',(-1.22460635382238E-16,-1.,0.));
#18620=VECTOR('',#18610,1.);
#18630=LINE('',#18600,#18620);
#18640=EDGE_CURVE('',#18390,#18570,#18630,.T.);
#18650=ORIENTED_EDGE('',*,*,#18640,.T.);
#18660=EDGE_LOOP('',(#18650,#18590,#18510,#18430));
#18670=FACE_OUTER_BOUND('',#18660,.T.);
#18680=ADVANCED_FACE('',(#18670),#18330,.T.);
#18690=CARTESIAN_POINT('',(0.594750000001653,2.800406,4.79370000000003))
;
#18700=DIRECTION('',(-1.22460635382238E-16,-1.,6.53372630584E-15));
#18710=DIRECTION('',(8.00124274826807E-31,6.53372630584E-15,1.));
#18720=AXIS2_PLACEMENT_3D('',#18690,#18700,#18710);
#18730=CYLINDRICAL_SURFACE('',#18720,0.599999999999964);
#18740=CARTESIAN_POINT('',(0.594750000001653,1.850406,4.79370000000003))
;
#18750=DIRECTION('',(-1.22460635382238E-16,-1.,6.53372630584E-15));
#18760=DIRECTION('',(8.00124274826807E-31,6.53372630584E-15,1.));
#18770=AXIS2_PLACEMENT_3D('',#18740,#18750,#18760);
#18780=CIRCLE('',#18770,0.599999999999964);
#18790=CARTESIAN_POINT('',(0.594750000001653,1.85040600000001,5.3937));
#18800=VERTEX_POINT('',#18790);
#18810=CARTESIAN_POINT('',(-0.00524999999832687,1.850406,
4.79370000000003));
#18820=VERTEX_POINT('',#18810);
#18830=EDGE_CURVE('',#18800,#18820,#18780,.T.);
#18840=ORIENTED_EDGE('',*,*,#18830,.F.);
#18850=CARTESIAN_POINT('',(-0.00524999999831266,2.85040600000001,
4.79370000000003));
#18860=DIRECTION('',(-1.22460635382238E-16,-1.,0.));
#18870=VECTOR('',#18860,1.);
#18880=LINE('',#18850,#18870);
#18890=CARTESIAN_POINT('',(-0.00524999999831266,2.800406,
4.79370000000003));
#18900=VERTEX_POINT('',#18890);
#18910=EDGE_CURVE('',#18900,#18820,#18880,.T.);
#18920=ORIENTED_EDGE('',*,*,#18910,.T.);
#18930=CARTESIAN_POINT('',(0.594750000001653,2.800406,4.79370000000003))
;
#18940=DIRECTION('',(-1.22460635382238E-16,-1.,6.53372630584E-15));
#18950=DIRECTION('',(8.00124274826807E-31,6.53372630584E-15,1.));
#18960=AXIS2_PLACEMENT_3D('',#18930,#18940,#18950);
#18970=CIRCLE('',#18960,0.599999999999964);
#18980=CARTESIAN_POINT('',(0.594750000001653,2.80040600000001,
5.39369999999999));
#18990=VERTEX_POINT('',#18980);
#19000=EDGE_CURVE('',#18990,#18900,#18970,.T.);
#19010=ORIENTED_EDGE('',*,*,#19000,.T.);
#19020=CARTESIAN_POINT('',(0.594750000001653,2.80040600000001,
5.39369999999999));
#19030=DIRECTION('',(-1.22460635382238E-16,-1.,6.53372630584E-15));
#19040=VECTOR('',#19030,1.);
#19050=LINE('',#19020,#19040);
#19060=EDGE_CURVE('',#18990,#18800,#19050,.T.);
#19070=ORIENTED_EDGE('',*,*,#19060,.F.);
#19080=EDGE_LOOP('',(#19070,#19010,#18920,#18840));
#19090=FACE_OUTER_BOUND('',#19080,.T.);
#19100=ADVANCED_FACE('',(#19090),#18730,.T.);
#19110=CARTESIAN_POINT('',(2.19475000000166,-1.374594,4.49359999999999))
;
#19120=DIRECTION('',(2.03012210217171E-14,-2.48610042535471E-30,-1.));
#19130=DIRECTION('',(-1.,1.22460635382238E-16,-2.03012210217171E-14));
#19140=AXIS2_PLACEMENT_3D('',#19110,#19120,#19130);
#19150=PLANE('',#19140);
#19160=CARTESIAN_POINT('',(-83.5219819999983,-1.39959399999999,
4.49359999999825));
#19170=DIRECTION('',(-1.,1.22460635382238E-16,-2.03012210217171E-14));
#19180=VECTOR('',#19170,1.);
#19190=LINE('',#19160,#19180);
#19200=CARTESIAN_POINT('',(2.89475000000166,-1.399594,4.49360000000001))
;
#19210=VERTEX_POINT('',#19200);
#19220=CARTESIAN_POINT('',(1.9947500000017,-1.399594,4.49359999999999));
#19230=VERTEX_POINT('',#19220);
#19240=EDGE_CURVE('',#19210,#19230,#19190,.T.);
#19250=ORIENTED_EDGE('',*,*,#19240,.F.);
#19260=CARTESIAN_POINT('',(1.99475000000167,-4.249594,4.49359999999999))
;
#19270=DIRECTION('',(-7.60185785390961E-15,-1.,-1.51461293802434E-28));
#19280=VECTOR('',#19270,1.);
#19290=LINE('',#19260,#19280);
#19300=CARTESIAN_POINT('',(1.99475000000169,-1.849594,4.49359999999999))
;
#19310=VERTEX_POINT('',#19300);
#19320=EDGE_CURVE('',#19230,#19310,#19290,.T.);
#19330=ORIENTED_EDGE('',*,*,#19320,.F.);
#19340=CARTESIAN_POINT('',(-83.5219819999983,-1.84959399999999,
4.49359999999825));
#19350=DIRECTION('',(1.,-1.22460635382238E-16,2.03012210217171E-14));
#19360=VECTOR('',#19350,1.);
#19370=LINE('',#19340,#19360);
#19380=CARTESIAN_POINT('',(2.89475000000166,-1.849594,4.49360000000001))
;
#19390=VERTEX_POINT('',#19380);
#19400=EDGE_CURVE('',#19310,#19390,#19370,.T.);
#19410=ORIENTED_EDGE('',*,*,#19400,.F.);
#19420=CARTESIAN_POINT('',(2.89475000000166,-4.249594,4.49360000000001))
;
#19430=DIRECTION('',(1.22460635382238E-16,1.,0.));
#19440=VECTOR('',#19430,1.);
#19450=LINE('',#19420,#19440);
#19460=EDGE_CURVE('',#19390,#19210,#19450,.T.);
#19470=ORIENTED_EDGE('',*,*,#19460,.F.);
#19480=EDGE_LOOP('',(#19470,#19410,#19330,#19250));
#19490=FACE_OUTER_BOUND('',#19480,.T.);
#19500=ADVANCED_FACE('',(#19490),#19150,.T.);
#19510=CARTESIAN_POINT('',(-11.4300999999963,0.550406000000001,-6.5));
#19520=DIRECTION('',(0.,-0.,1.));
#19530=DIRECTION('',(0.,1.,0.));
#19540=AXIS2_PLACEMENT_3D('',#19510,#19520,#19530);
#19550=PLANE('',#19540);
#19560=CARTESIAN_POINT('',(-0.130100000000098,-4.249594,-6.5));
#19570=DIRECTION('',(-1.22460635382238E-16,-1.,0.));
#19580=VECTOR('',#19570,1.);
#19590=LINE('',#19560,#19580);
#19600=CARTESIAN_POINT('',(-0.130100000000098,3.150406,-6.5));
#19610=VERTEX_POINT('',#19600);
#19620=CARTESIAN_POINT('',(-0.130100000000098,-3.149594,-6.5));
#19630=VERTEX_POINT('',#19620);
#19640=EDGE_CURVE('',#19610,#19630,#19590,.T.);
#19650=ORIENTED_EDGE('',*,*,#19640,.F.);
#19660=CARTESIAN_POINT('',(-83.5319819999983,-3.149594,-6.5));
#19670=DIRECTION('',(-1.,0.,0.));
#19680=VECTOR('',#19670,1.);
#19690=LINE('',#19660,#19680);
#19700=CARTESIAN_POINT('',(-4.3801000000001,-3.149594,-6.5));
#19710=VERTEX_POINT('',#19700);
#19720=EDGE_CURVE('',#19630,#19710,#19690,.T.);
#19730=ORIENTED_EDGE('',*,*,#19720,.F.);
#19740=CARTESIAN_POINT('',(-83.5319819999983,-3.149594,-6.5));
#19750=DIRECTION('',(-1.,0.,0.));
#19760=VECTOR('',#19750,1.);
#19770=LINE('',#19740,#19760);
#19780=CARTESIAN_POINT('',(-5.78010000000008,-3.149594,-6.5));
#19790=VERTEX_POINT('',#19780);
#19800=EDGE_CURVE('',#19710,#19790,#19770,.T.);
#19810=ORIENTED_EDGE('',*,*,#19800,.F.);
#19820=CARTESIAN_POINT('',(-83.531981999997,-3.149594,-6.5));
#19830=DIRECTION('',(-1.,0.,0.));
#19840=VECTOR('',#19830,1.);
#19850=LINE('',#19820,#19840);
#19860=CARTESIAN_POINT('',(-9.38009999999635,-3.149594,-6.5));
#19870=VERTEX_POINT('',#19860);
#19880=EDGE_CURVE('',#19790,#19870,#19850,.T.);
#19890=ORIENTED_EDGE('',*,*,#19880,.F.);
#19900=CARTESIAN_POINT('',(-9.38009999999635,-4.249594,-6.5));
#19910=DIRECTION('',(1.22460635382238E-16,1.,0.));
#19920=VECTOR('',#19910,1.);
#19930=LINE('',#19900,#19920);
#19940=CARTESIAN_POINT('',(-9.38009999999635,-2.049594,-6.5));
#19950=VERTEX_POINT('',#19940);
#19960=EDGE_CURVE('',#19870,#19950,#19930,.T.);
#19970=ORIENTED_EDGE('',*,*,#19960,.F.);
#19980=CARTESIAN_POINT('',(-70.8319819999982,-2.04959399999999,-6.5));
#19990=DIRECTION('',(1.,-1.22460635382238E-16,0.));
#20000=VECTOR('',#19990,1.);
#20010=LINE('',#19980,#20000);
#20020=CARTESIAN_POINT('',(-13.4800999999963,-2.049594,-6.5));
#20030=VERTEX_POINT('',#20020);
#20040=EDGE_CURVE('',#20030,#19950,#20010,.T.);
#20050=ORIENTED_EDGE('',*,*,#20040,.T.);
#20060=CARTESIAN_POINT('',(-13.4800999999963,-4.249594,-6.5));
#20070=DIRECTION('',(-1.22460635382238E-16,-1.,0.));
#20080=VECTOR('',#20070,1.);
#20090=LINE('',#20060,#20080);
#20100=CARTESIAN_POINT('',(-13.4800999999963,-3.149594,-6.5));
#20110=VERTEX_POINT('',#20100);
#20120=EDGE_CURVE('',#20030,#20110,#20090,.T.);
#20130=ORIENTED_EDGE('',*,*,#20120,.F.);
#20140=CARTESIAN_POINT('',(-80.991981999997,-3.149594,-6.5));
#20150=DIRECTION('',(-1.,0.,0.));
#20160=VECTOR('',#20150,1.);
#20170=LINE('',#20140,#20160);
#20180=EDGE_CURVE('',#20110,#13310,#20170,.T.);
#20190=ORIENTED_EDGE('',*,*,#20180,.F.);
#20200=ORIENTED_EDGE('',*,*,#13320,.T.);
#20210=CARTESIAN_POINT('',(-81.011981999997,3.15040600000001,-6.5));
#20220=DIRECTION('',(1.,-1.22460635382238E-16,0.));
#20230=VECTOR('',#20220,1.);
#20240=LINE('',#20210,#20230);
#20250=EDGE_CURVE('',#13290,#19610,#20240,.T.);
#20260=ORIENTED_EDGE('',*,*,#20250,.F.);
#20270=EDGE_LOOP('',(#20260,#20200,#20190,#20130,#20050,#19970,#19890,
#19810,#19730,#19650));
#20280=FACE_OUTER_BOUND('',#20270,.T.);
#20290=CARTESIAN_POINT('',(-68.2919819999982,-0.949593999999992,-6.5));
#20300=DIRECTION('',(-1.,1.22460635382238E-16,0.));
#20310=VECTOR('',#20300,1.);
#20320=LINE('',#20290,#20310);
#20330=CARTESIAN_POINT('',(-16.1901000000001,-0.949593999999998,-6.5));
#20340=VERTEX_POINT('',#20330);
#20350=CARTESIAN_POINT('',(-16.8301000000001,-0.949593999999998,-6.5));
#20360=VERTEX_POINT('',#20350);
#20370=EDGE_CURVE('',#20340,#20360,#20320,.T.);
#20380=ORIENTED_EDGE('',*,*,#20370,.F.);
#20390=CARTESIAN_POINT('',(-16.8301000000001,-4.249594,-6.5));
#20400=DIRECTION('',(-1.22460635382238E-16,-1.,0.));
#20410=VECTOR('',#20400,1.);
#20420=LINE('',#20390,#20410);
#20430=CARTESIAN_POINT('',(-16.8301000000001,-1.589594,-6.5));
#20440=VERTEX_POINT('',#20430);
#20450=EDGE_CURVE('',#20360,#20440,#20420,.T.);
#20460=ORIENTED_EDGE('',*,*,#20450,.F.);
#20470=CARTESIAN_POINT('',(-68.2919819999982,-1.58959399999999,-6.5));
#20480=DIRECTION('',(1.,-1.22460635382238E-16,0.));
#20490=VECTOR('',#20480,1.);
#20500=LINE('',#20470,#20490);
#20510=CARTESIAN_POINT('',(-16.1901000000001,-1.589594,-6.5));
#20520=VERTEX_POINT('',#20510);
#20530=EDGE_CURVE('',#20440,#20520,#20500,.T.);
#20540=ORIENTED_EDGE('',*,*,#20530,.F.);
#20550=CARTESIAN_POINT('',(-16.1901000000001,-4.249594,-6.5));
#20560=DIRECTION('',(1.22460635382238E-16,1.,0.));
#20570=VECTOR('',#20560,1.);
#20580=LINE('',#20550,#20570);
#20590=EDGE_CURVE('',#20520,#20340,#20580,.T.);
#20600=ORIENTED_EDGE('',*,*,#20590,.F.);
#20610=EDGE_LOOP('',(#20600,#20540,#20460,#20380));
#20620=FACE_BOUND('',#20610,.T.);
#20630=CARTESIAN_POINT('',(-68.2919819999982,-0.949593999999993,-6.5));
#20640=DIRECTION('',(-1.,1.22460635382238E-16,0.));
#20650=VECTOR('',#20640,1.);
#20660=LINE('',#20630,#20650);
#20670=CARTESIAN_POINT('',(-18.7301000000001,-0.949593999999999,-6.5));
#20680=VERTEX_POINT('',#20670);
#20690=CARTESIAN_POINT('',(-19.3701000000001,-0.949593999999999,-6.5));
#20700=VERTEX_POINT('',#20690);
#20710=EDGE_CURVE('',#20680,#20700,#20660,.T.);
#20720=ORIENTED_EDGE('',*,*,#20710,.F.);
#20730=CARTESIAN_POINT('',(-19.3701000000001,-4.249594,-6.5));
#20740=DIRECTION('',(-1.22460635382238E-16,-1.,0.));
#20750=VECTOR('',#20740,1.);
#20760=LINE('',#20730,#20750);
#20770=CARTESIAN_POINT('',(-19.3701000000001,-1.589594,-6.5));
#20780=VERTEX_POINT('',#20770);
#20790=EDGE_CURVE('',#20700,#20780,#20760,.T.);
#20800=ORIENTED_EDGE('',*,*,#20790,.F.);
#20810=CARTESIAN_POINT('',(-68.2919819999982,-1.58959399999999,-6.5));
#20820=DIRECTION('',(1.,-1.22460635382238E-16,0.));
#20830=VECTOR('',#20820,1.);
#20840=LINE('',#20810,#20830);
#20850=CARTESIAN_POINT('',(-18.7301000000001,-1.589594,-6.5));
#20860=VERTEX_POINT('',#20850);
#20870=EDGE_CURVE('',#20780,#20860,#20840,.T.);
#20880=ORIENTED_EDGE('',*,*,#20870,.F.);
#20890=CARTESIAN_POINT('',(-18.7301000000001,-4.249594,-6.5));
#20900=DIRECTION('',(1.22460635382238E-16,1.,0.));
#20910=VECTOR('',#20900,1.);
#20920=LINE('',#20890,#20910);
#20930=EDGE_CURVE('',#20860,#20680,#20920,.T.);
#20940=ORIENTED_EDGE('',*,*,#20930,.F.);
#20950=EDGE_LOOP('',(#20940,#20880,#20800,#20720));
#20960=FACE_BOUND('',#20950,.T.);
#20970=CARTESIAN_POINT('',(-68.2919819999982,1.59040600000001,-6.5));
#20980=DIRECTION('',(-1.,1.22460635382238E-16,0.));
#20990=VECTOR('',#20980,1.);
#21000=LINE('',#20970,#20990);
#21010=CARTESIAN_POINT('',(-13.6501000000001,1.590406,-6.5));
#21020=VERTEX_POINT('',#21010);
#21030=CARTESIAN_POINT('',(-14.2901000000001,1.590406,-6.5));
#21040=VERTEX_POINT('',#21030);
#21050=EDGE_CURVE('',#21020,#21040,#21000,.T.);
#21060=ORIENTED_EDGE('',*,*,#21050,.F.);
#21070=CARTESIAN_POINT('',(-14.2901000000001,-4.249594,-6.5));
#21080=DIRECTION('',(-1.22460635382238E-16,-1.,0.));
#21090=VECTOR('',#21080,1.);
#21100=LINE('',#21070,#21090);
#21110=CARTESIAN_POINT('',(-14.2901000000001,0.950406000000001,-6.5));
#21120=VERTEX_POINT('',#21110);
#21130=EDGE_CURVE('',#21040,#21120,#21100,.T.);
#21140=ORIENTED_EDGE('',*,*,#21130,.F.);
#21150=CARTESIAN_POINT('',(-68.2919819999982,0.950406000000007,-6.5));
#21160=DIRECTION('',(1.,-1.22460635382238E-16,0.));
#21170=VECTOR('',#21160,1.);
#21180=LINE('',#21150,#21170);
#21190=CARTESIAN_POINT('',(-13.6501000000001,0.950406,-6.5));
#21200=VERTEX_POINT('',#21190);
#21210=EDGE_CURVE('',#21120,#21200,#21180,.T.);
#21220=ORIENTED_EDGE('',*,*,#21210,.F.);
#21230=CARTESIAN_POINT('',(-13.6501000000001,-4.249594,-6.5));
#21240=DIRECTION('',(1.22460635382238E-16,1.,0.));
#21250=VECTOR('',#21240,1.);
#21260=LINE('',#21230,#21250);
#21270=EDGE_CURVE('',#21200,#21020,#21260,.T.);
#21280=ORIENTED_EDGE('',*,*,#21270,.F.);
#21290=EDGE_LOOP('',(#21280,#21220,#21140,#21060));
#21300=FACE_BOUND('',#21290,.T.);
#21310=CARTESIAN_POINT('',(-16.1901000000001,-4.249594,-6.5));
#21320=DIRECTION('',(1.22460635382238E-16,1.,0.));
#21330=VECTOR('',#21320,1.);
#21340=LINE('',#21310,#21330);
#21350=CARTESIAN_POINT('',(-16.1901000000001,0.950406000000002,-6.5));
#21360=VERTEX_POINT('',#21350);
#21370=CARTESIAN_POINT('',(-16.1901000000001,1.590406,-6.5));
#21380=VERTEX_POINT('',#21370);
#21390=EDGE_CURVE('',#21360,#21380,#21340,.T.);
#21400=ORIENTED_EDGE('',*,*,#21390,.F.);
#21410=CARTESIAN_POINT('',(-68.2919819999982,1.59040600000001,-6.5));
#21420=DIRECTION('',(-1.,1.22460635382238E-16,0.));
#21430=VECTOR('',#21420,1.);
#21440=LINE('',#21410,#21430);
#21450=CARTESIAN_POINT('',(-16.8301000000001,1.590406,-6.5));
#21460=VERTEX_POINT('',#21450);
#21470=EDGE_CURVE('',#21380,#21460,#21440,.T.);
#21480=ORIENTED_EDGE('',*,*,#21470,.F.);
#21490=CARTESIAN_POINT('',(-16.8301000000001,-4.249594,-6.5));
#21500=DIRECTION('',(-1.22460635382238E-16,-1.,0.));
#21510=VECTOR('',#21500,1.);
#21520=LINE('',#21490,#21510);
#21530=CARTESIAN_POINT('',(-16.8301000000001,0.950406000000002,-6.5));
#21540=VERTEX_POINT('',#21530);
#21550=EDGE_CURVE('',#21460,#21540,#21520,.T.);
#21560=ORIENTED_EDGE('',*,*,#21550,.F.);
#21570=CARTESIAN_POINT('',(-68.2919819999982,0.950406000000008,-6.5));
#21580=DIRECTION('',(1.,-1.22460635382238E-16,0.));
#21590=VECTOR('',#21580,1.);
#21600=LINE('',#21570,#21590);
#21610=EDGE_CURVE('',#21540,#21360,#21600,.T.);
#21620=ORIENTED_EDGE('',*,*,#21610,.F.);
#21630=EDGE_LOOP('',(#21620,#21560,#21480,#21400));
#21640=FACE_BOUND('',#21630,.T.);
#21650=CARTESIAN_POINT('',(-18.7301000000001,-4.249594,-6.5));
#21660=DIRECTION('',(1.22460635382238E-16,1.,0.));
#21670=VECTOR('',#21660,1.);
#21680=LINE('',#21650,#21670);
#21690=CARTESIAN_POINT('',(-18.7301000000001,0.950406000000001,-6.5));
#21700=VERTEX_POINT('',#21690);
#21710=CARTESIAN_POINT('',(-18.7301000000001,1.590406,-6.5));
#21720=VERTEX_POINT('',#21710);
#21730=EDGE_CURVE('',#21700,#21720,#21680,.T.);
#21740=ORIENTED_EDGE('',*,*,#21730,.F.);
#21750=CARTESIAN_POINT('',(-68.2919819999982,1.59040600000001,-6.5));
#21760=DIRECTION('',(-1.,1.22460635382238E-16,0.));
#21770=VECTOR('',#21760,1.);
#21780=LINE('',#21750,#21770);
#21790=CARTESIAN_POINT('',(-19.3701000000001,1.590406,-6.5));
#21800=VERTEX_POINT('',#21790);
#21810=EDGE_CURVE('',#21720,#21800,#21780,.T.);
#21820=ORIENTED_EDGE('',*,*,#21810,.F.);
#21830=CARTESIAN_POINT('',(-19.3701000000001,-4.249594,-6.5));
#21840=DIRECTION('',(-1.22460635382238E-16,-1.,0.));
#21850=VECTOR('',#21840,1.);
#21860=LINE('',#21830,#21850);
#21870=CARTESIAN_POINT('',(-19.3701000000001,0.950406000000001,-6.5));
#21880=VERTEX_POINT('',#21870);
#21890=EDGE_CURVE('',#21800,#21880,#21860,.T.);
#21900=ORIENTED_EDGE('',*,*,#21890,.F.);
#21910=CARTESIAN_POINT('',(-68.2919819999982,0.950406000000007,-6.5));
#21920=DIRECTION('',(1.,-1.22460635382238E-16,0.));
#21930=VECTOR('',#21920,1.);
#21940=LINE('',#21910,#21930);
#21950=EDGE_CURVE('',#21880,#21700,#21940,.T.);
#21960=ORIENTED_EDGE('',*,*,#21950,.F.);
#21970=EDGE_LOOP('',(#21960,#21900,#21820,#21740));
#21980=FACE_BOUND('',#21970,.T.);
#21990=CARTESIAN_POINT('',(-6.03010000000006,-4.249594,-6.5));
#22000=DIRECTION('',(1.22460635382238E-16,1.,0.));
#22010=VECTOR('',#22000,1.);
#22020=LINE('',#21990,#22010);
#22030=CARTESIAN_POINT('',(-6.03010000000006,-1.589594,-6.5));
#22040=VERTEX_POINT('',#22030);
#22050=CARTESIAN_POINT('',(-6.03010000000006,-0.949594000000001,-6.5));
#22060=VERTEX_POINT('',#22050);
#22070=EDGE_CURVE('',#22040,#22060,#22020,.T.);
#22080=ORIENTED_EDGE('',*,*,#22070,.F.);
#22090=CARTESIAN_POINT('',(-68.2919819999982,-0.949593999999993,-6.5));
#22100=DIRECTION('',(-1.,1.22460635382238E-16,0.));
#22110=VECTOR('',#22100,1.);
#22120=LINE('',#22090,#22110);
#22130=CARTESIAN_POINT('',(-6.67010000000008,-0.949594000000001,-6.5));
#22140=VERTEX_POINT('',#22130);
#22150=EDGE_CURVE('',#22060,#22140,#22120,.T.);
#22160=ORIENTED_EDGE('',*,*,#22150,.F.);
#22170=CARTESIAN_POINT('',(-6.67010000000008,-4.249594,-6.5));
#22180=DIRECTION('',(-1.22460635382238E-16,-1.,0.));
#22190=VECTOR('',#22180,1.);
#22200=LINE('',#22170,#22190);
#22210=CARTESIAN_POINT('',(-6.67010000000008,-1.589594,-6.5));
#22220=VERTEX_POINT('',#22210);
#22230=EDGE_CURVE('',#22140,#22220,#22200,.T.);
#22240=ORIENTED_EDGE('',*,*,#22230,.F.);
#22250=CARTESIAN_POINT('',(-68.2919819999982,-1.58959399999999,-6.5));
#22260=DIRECTION('',(1.,-1.22460635382238E-16,0.));
#22270=VECTOR('',#22260,1.);
#22280=LINE('',#22250,#22270);
#22290=EDGE_CURVE('',#22220,#22040,#22280,.T.);
#22300=ORIENTED_EDGE('',*,*,#22290,.F.);
#22310=EDGE_LOOP('',(#22300,#22240,#22160,#22080));
#22320=FACE_BOUND('',#22310,.T.);
#22330=CARTESIAN_POINT('',(-68.2919819999982,-1.58959399999999,-6.5));
#22340=DIRECTION('',(1.,-1.22460635382238E-16,0.));
#22350=VECTOR('',#22340,1.);
#22360=LINE('',#22330,#22350);
#22370=CARTESIAN_POINT('',(-9.21010000000007,-1.589594,-6.5));
#22380=VERTEX_POINT('',#22370);
#22390=CARTESIAN_POINT('',(-8.57010000000005,-1.589594,-6.5));
#22400=VERTEX_POINT('',#22390);
#22410=EDGE_CURVE('',#22380,#22400,#22360,.T.);
#22420=ORIENTED_EDGE('',*,*,#22410,.F.);
#22430=CARTESIAN_POINT('',(-8.57010000000005,-4.249594,-6.5));
#22440=DIRECTION('',(1.22460635382238E-16,1.,0.));
#22450=VECTOR('',#22440,1.);
#22460=LINE('',#22430,#22450);
#22470=CARTESIAN_POINT('',(-8.57010000000005,-0.949593999999999,-6.5));
#22480=VERTEX_POINT('',#22470);
#22490=EDGE_CURVE('',#22400,#22480,#22460,.T.);
#22500=ORIENTED_EDGE('',*,*,#22490,.F.);
#22510=CARTESIAN_POINT('',(-68.2919819999982,-0.949593999999992,-6.5));
#22520=DIRECTION('',(-1.,1.22460635382238E-16,0.));
#22530=VECTOR('',#22520,1.);
#22540=LINE('',#22510,#22530);
#22550=CARTESIAN_POINT('',(-9.21010000000007,-0.949593999999999,-6.5));
#22560=VERTEX_POINT('',#22550);
#22570=EDGE_CURVE('',#22480,#22560,#22540,.T.);
#22580=ORIENTED_EDGE('',*,*,#22570,.F.);
#22590=CARTESIAN_POINT('',(-9.21010000000007,-4.249594,-6.5));
#22600=DIRECTION('',(-1.22460635382238E-16,-1.,0.));
#22610=VECTOR('',#22600,1.);
#22620=LINE('',#22590,#22610);
#22630=EDGE_CURVE('',#22560,#22380,#22620,.T.);
#22640=ORIENTED_EDGE('',*,*,#22630,.F.);
#22650=EDGE_LOOP('',(#22640,#22580,#22500,#22420));
#22660=FACE_BOUND('',#22650,.T.);
#22670=CARTESIAN_POINT('',(-68.2919819999982,-0.949593999999992,-6.5));
#22680=DIRECTION('',(-1.,1.22460635382238E-16,0.));
#22690=VECTOR('',#22680,1.);
#22700=LINE('',#22670,#22690);
#22710=CARTESIAN_POINT('',(-11.1101000000001,-0.949593999999999,-6.5));
#22720=VERTEX_POINT('',#22710);
#22730=CARTESIAN_POINT('',(-11.7501000000001,-0.949593999999999,-6.5));
#22740=VERTEX_POINT('',#22730);
#22750=EDGE_CURVE('',#22720,#22740,#22700,.T.);
#22760=ORIENTED_EDGE('',*,*,#22750,.F.);
#22770=CARTESIAN_POINT('',(-11.7501000000001,-4.249594,-6.5));
#22780=DIRECTION('',(-1.22460635382238E-16,-1.,0.));
#22790=VECTOR('',#22780,1.);
#22800=LINE('',#22770,#22790);
#22810=CARTESIAN_POINT('',(-11.7501000000001,-1.589594,-6.5));
#22820=VERTEX_POINT('',#22810);
#22830=EDGE_CURVE('',#22740,#22820,#22800,.T.);
#22840=ORIENTED_EDGE('',*,*,#22830,.F.);
#22850=CARTESIAN_POINT('',(-68.2919819999982,-1.58959399999999,-6.5));
#22860=DIRECTION('',(1.,-1.22460635382238E-16,0.));
#22870=VECTOR('',#22860,1.);
#22880=LINE('',#22850,#22870);
#22890=CARTESIAN_POINT('',(-11.1101000000001,-1.589594,-6.5));
#22900=VERTEX_POINT('',#22890);
#22910=EDGE_CURVE('',#22820,#22900,#22880,.T.);
#22920=ORIENTED_EDGE('',*,*,#22910,.F.);
#22930=CARTESIAN_POINT('',(-11.1101000000001,-4.249594,-6.5));
#22940=DIRECTION('',(1.22460635382238E-16,1.,0.));
#22950=VECTOR('',#22940,1.);
#22960=LINE('',#22930,#22950);
#22970=EDGE_CURVE('',#22900,#22720,#22960,.T.);
#22980=ORIENTED_EDGE('',*,*,#22970,.F.);
#22990=EDGE_LOOP('',(#22980,#22920,#22840,#22760));
#23000=FACE_BOUND('',#22990,.T.);
#23010=CARTESIAN_POINT('',(-68.2919819999982,-0.949593999999993,-6.5));
#23020=DIRECTION('',(-1.,1.22460635382238E-16,0.));
#23030=VECTOR('',#23020,1.);
#23040=LINE('',#23010,#23030);
#23050=CARTESIAN_POINT('',(-13.6501000000001,-0.949594,-6.5));
#23060=VERTEX_POINT('',#23050);
#23070=CARTESIAN_POINT('',(-14.2901000000001,-0.949594,-6.5));
#23080=VERTEX_POINT('',#23070);
#23090=EDGE_CURVE('',#23060,#23080,#23040,.T.);
#23100=ORIENTED_EDGE('',*,*,#23090,.F.);
#23110=CARTESIAN_POINT('',(-14.2901000000001,-4.249594,-6.5));
#23120=DIRECTION('',(-1.22460635382238E-16,-1.,0.));
#23130=VECTOR('',#23120,1.);
#23140=LINE('',#23110,#23130);
#23150=CARTESIAN_POINT('',(-14.2901000000001,-1.589594,-6.5));
#23160=VERTEX_POINT('',#23150);
#23170=EDGE_CURVE('',#23080,#23160,#23140,.T.);
#23180=ORIENTED_EDGE('',*,*,#23170,.F.);
#23190=CARTESIAN_POINT('',(-68.2919819999982,-1.58959399999999,-6.5));
#23200=DIRECTION('',(1.,-1.22460635382238E-16,0.));
#23210=VECTOR('',#23200,1.);
#23220=LINE('',#23190,#23210);
#23230=CARTESIAN_POINT('',(-13.6501000000001,-1.589594,-6.5));
#23240=VERTEX_POINT('',#23230);
#23250=EDGE_CURVE('',#23160,#23240,#23220,.T.);
#23260=ORIENTED_EDGE('',*,*,#23250,.F.);
#23270=CARTESIAN_POINT('',(-13.6501000000001,-4.249594,-6.5));
#23280=DIRECTION('',(1.22460635382238E-16,1.,0.));
#23290=VECTOR('',#23280,1.);
#23300=LINE('',#23270,#23290);
#23310=EDGE_CURVE('',#23240,#23060,#23300,.T.);
#23320=ORIENTED_EDGE('',*,*,#23310,.F.);
#23330=EDGE_LOOP('',(#23320,#23260,#23180,#23100));
#23340=FACE_BOUND('',#23330,.T.);
#23350=CARTESIAN_POINT('',(-8.57010000000005,-4.249594,-6.5));
#23360=DIRECTION('',(1.22460635382238E-16,1.,0.));
#23370=VECTOR('',#23360,1.);
#23380=LINE('',#23350,#23370);
#23390=CARTESIAN_POINT('',(-8.57010000000005,0.950406000000001,-6.5));
#23400=VERTEX_POINT('',#23390);
#23410=CARTESIAN_POINT('',(-8.57010000000005,1.590406,-6.5));
#23420=VERTEX_POINT('',#23410);
#23430=EDGE_CURVE('',#23400,#23420,#23380,.T.);
#23440=ORIENTED_EDGE('',*,*,#23430,.F.);
#23450=CARTESIAN_POINT('',(-68.2919819999982,1.59040600000001,-6.5));
#23460=DIRECTION('',(-1.,1.22460635382238E-16,0.));
#23470=VECTOR('',#23460,1.);
#23480=LINE('',#23450,#23470);
#23490=CARTESIAN_POINT('',(-9.21010000000007,1.590406,-6.5));
#23500=VERTEX_POINT('',#23490);
#23510=EDGE_CURVE('',#23420,#23500,#23480,.T.);
#23520=ORIENTED_EDGE('',*,*,#23510,.F.);
#23530=CARTESIAN_POINT('',(-9.21010000000007,-4.249594,-6.5));
#23540=DIRECTION('',(-1.22460635382238E-16,-1.,0.));
#23550=VECTOR('',#23540,1.);
#23560=LINE('',#23530,#23550);
#23570=CARTESIAN_POINT('',(-9.21010000000007,0.950406000000001,-6.5));
#23580=VERTEX_POINT('',#23570);
#23590=EDGE_CURVE('',#23500,#23580,#23560,.T.);
#23600=ORIENTED_EDGE('',*,*,#23590,.F.);
#23610=CARTESIAN_POINT('',(-68.2919819999982,0.950406000000008,-6.5));
#23620=DIRECTION('',(1.,-1.22460635382238E-16,0.));
#23630=VECTOR('',#23620,1.);
#23640=LINE('',#23610,#23630);
#23650=EDGE_CURVE('',#23580,#23400,#23640,.T.);
#23660=ORIENTED_EDGE('',*,*,#23650,.F.);
#23670=EDGE_LOOP('',(#23660,#23600,#23520,#23440));
#23680=FACE_BOUND('',#23670,.T.);
#23690=CARTESIAN_POINT('',(-68.2919819999982,-1.58959399999999,-6.5));
#23700=DIRECTION('',(1.,-1.22460635382238E-16,0.));
#23710=VECTOR('',#23700,1.);
#23720=LINE('',#23690,#23710);
#23730=CARTESIAN_POINT('',(-4.13010000000007,-1.589594,-6.5));
#23740=VERTEX_POINT('',#23730);
#23750=CARTESIAN_POINT('',(-3.49010000000006,-1.589594,-6.5));
#23760=VERTEX_POINT('',#23750);
#23770=EDGE_CURVE('',#23740,#23760,#23720,.T.);
#23780=ORIENTED_EDGE('',*,*,#23770,.F.);
#23790=CARTESIAN_POINT('',(-3.49010000000006,-4.249594,-6.5));
#23800=DIRECTION('',(1.22460635382238E-16,1.,0.));
#23810=VECTOR('',#23800,1.);
#23820=LINE('',#23790,#23810);
#23830=CARTESIAN_POINT('',(-3.49010000000006,-0.949594,-6.5));
#23840=VERTEX_POINT('',#23830);
#23850=EDGE_CURVE('',#23760,#23840,#23820,.T.);
#23860=ORIENTED_EDGE('',*,*,#23850,.F.);
#23870=CARTESIAN_POINT('',(-68.2919819999982,-0.949593999999992,-6.5));
#23880=DIRECTION('',(-1.,1.22460635382238E-16,0.));
#23890=VECTOR('',#23880,1.);
#23900=LINE('',#23870,#23890);
#23910=CARTESIAN_POINT('',(-4.13010000000007,-0.949594,-6.5));
#23920=VERTEX_POINT('',#23910);
#23930=EDGE_CURVE('',#23840,#23920,#23900,.T.);
#23940=ORIENTED_EDGE('',*,*,#23930,.F.);
#23950=CARTESIAN_POINT('',(-4.13010000000007,-4.249594,-6.5));
#23960=DIRECTION('',(-1.22460635382238E-16,-1.,0.));
#23970=VECTOR('',#23960,1.);
#23980=LINE('',#23950,#23970);
#23990=EDGE_CURVE('',#23920,#23740,#23980,.T.);
#24000=ORIENTED_EDGE('',*,*,#23990,.F.);
#24010=EDGE_LOOP('',(#24000,#23940,#23860,#23780));
#24020=FACE_BOUND('',#24010,.T.);
#24030=CARTESIAN_POINT('',(-68.2919819999982,1.59040600000001,-6.5));
#24040=DIRECTION('',(-1.,1.22460635382238E-16,0.));
#24050=VECTOR('',#24040,1.);
#24060=LINE('',#24030,#24050);
#24070=CARTESIAN_POINT('',(-11.1101000000001,1.590406,-6.5));
#24080=VERTEX_POINT('',#24070);
#24090=CARTESIAN_POINT('',(-11.7501000000001,1.590406,-6.5));
#24100=VERTEX_POINT('',#24090);
#24110=EDGE_CURVE('',#24080,#24100,#24060,.T.);
#24120=ORIENTED_EDGE('',*,*,#24110,.F.);
#24130=CARTESIAN_POINT('',(-11.7501000000001,-4.249594,-6.5));
#24140=DIRECTION('',(-1.22460635382238E-16,-1.,0.));
#24150=VECTOR('',#24140,1.);
#24160=LINE('',#24130,#24150);
#24170=CARTESIAN_POINT('',(-11.7501000000001,0.950406000000001,-6.5));
#24180=VERTEX_POINT('',#24170);
#24190=EDGE_CURVE('',#24100,#24180,#24160,.T.);
#24200=ORIENTED_EDGE('',*,*,#24190,.F.);
#24210=CARTESIAN_POINT('',(-68.2919819999982,0.950406000000008,-6.5));
#24220=DIRECTION('',(1.,-1.22460635382238E-16,0.));
#24230=VECTOR('',#24220,1.);
#24240=LINE('',#24210,#24230);
#24250=CARTESIAN_POINT('',(-11.1101000000001,0.950406000000001,-6.5));
#24260=VERTEX_POINT('',#24250);
#24270=EDGE_CURVE('',#24180,#24260,#24240,.T.);
#24280=ORIENTED_EDGE('',*,*,#24270,.F.);
#24290=CARTESIAN_POINT('',(-11.1101000000001,-4.249594,-6.5));
#24300=DIRECTION('',(1.22460635382238E-16,1.,0.));
#24310=VECTOR('',#24300,1.);
#24320=LINE('',#24290,#24310);
#24330=EDGE_CURVE('',#24260,#24080,#24320,.T.);
#24340=ORIENTED_EDGE('',*,*,#24330,.F.);
#24350=EDGE_LOOP('',(#24340,#24280,#24200,#24120));
#24360=FACE_BOUND('',#24350,.T.);
#24370=CARTESIAN_POINT('',(-6.03010000000006,-4.249594,-6.5));
#24380=DIRECTION('',(1.22460635382238E-16,1.,0.));
#24390=VECTOR('',#24380,1.);
#24400=LINE('',#24370,#24390);
#24410=CARTESIAN_POINT('',(-6.03010000000006,0.950405999999999,-6.5));
#24420=VERTEX_POINT('',#24410);
#24430=CARTESIAN_POINT('',(-6.03010000000006,1.590406,-6.5));
#24440=VERTEX_POINT('',#24430);
#24450=EDGE_CURVE('',#24420,#24440,#24400,.T.);
#24460=ORIENTED_EDGE('',*,*,#24450,.F.);
#24470=CARTESIAN_POINT('',(-68.2919819999982,1.59040600000001,-6.5));
#24480=DIRECTION('',(-1.,1.22460635382238E-16,0.));
#24490=VECTOR('',#24480,1.);
#24500=LINE('',#24470,#24490);
#24510=CARTESIAN_POINT('',(-6.67010000000008,1.590406,-6.5));
#24520=VERTEX_POINT('',#24510);
#24530=EDGE_CURVE('',#24440,#24520,#24500,.T.);
#24540=ORIENTED_EDGE('',*,*,#24530,.F.);
#24550=CARTESIAN_POINT('',(-6.67010000000008,-4.249594,-6.5));
#24560=DIRECTION('',(-1.22460635382238E-16,-1.,0.));
#24570=VECTOR('',#24560,1.);
#24580=LINE('',#24550,#24570);
#24590=CARTESIAN_POINT('',(-6.67010000000008,0.950406,-6.5));
#24600=VERTEX_POINT('',#24590);
#24610=EDGE_CURVE('',#24520,#24600,#24580,.T.);
#24620=ORIENTED_EDGE('',*,*,#24610,.F.);
#24630=CARTESIAN_POINT('',(-68.2919819999982,0.950406000000007,-6.5));
#24640=DIRECTION('',(1.,-1.22460635382238E-16,0.));
#24650=VECTOR('',#24640,1.);
#24660=LINE('',#24630,#24650);
#24670=EDGE_CURVE('',#24600,#24420,#24660,.T.);
#24680=ORIENTED_EDGE('',*,*,#24670,.F.);
#24690=EDGE_LOOP('',(#24680,#24620,#24540,#24460));
#24700=FACE_BOUND('',#24690,.T.);
#24710=CARTESIAN_POINT('',(-68.2919819999982,0.950406000000008,-6.5));
#24720=DIRECTION('',(1.,-1.22460635382238E-16,0.));
#24730=VECTOR('',#24720,1.);
#24740=LINE('',#24710,#24730);
#24750=CARTESIAN_POINT('',(-4.13010000000007,0.950406,-6.5));
#24760=VERTEX_POINT('',#24750);
#24770=CARTESIAN_POINT('',(-3.49010000000006,0.950406,-6.5));
#24780=VERTEX_POINT('',#24770);
#24790=EDGE_CURVE('',#24760,#24780,#24740,.T.);
#24800=ORIENTED_EDGE('',*,*,#24790,.F.);
#24810=CARTESIAN_POINT('',(-3.49010000000006,-4.249594,-6.5));
#24820=DIRECTION('',(1.22460635382238E-16,1.,0.));
#24830=VECTOR('',#24820,1.);
#24840=LINE('',#24810,#24830);
#24850=CARTESIAN_POINT('',(-3.49010000000006,1.590406,-6.5));
#24860=VERTEX_POINT('',#24850);
#24870=EDGE_CURVE('',#24780,#24860,#24840,.T.);
#24880=ORIENTED_EDGE('',*,*,#24870,.F.);
#24890=CARTESIAN_POINT('',(-68.2919819999982,1.59040600000001,-6.5));
#24900=DIRECTION('',(-1.,1.22460635382238E-16,0.));
#24910=VECTOR('',#24900,1.);
#24920=LINE('',#24890,#24910);
#24930=CARTESIAN_POINT('',(-4.13010000000007,1.590406,-6.5));
#24940=VERTEX_POINT('',#24930);
#24950=EDGE_CURVE('',#24860,#24940,#24920,.T.);
#24960=ORIENTED_EDGE('',*,*,#24950,.F.);
#24970=CARTESIAN_POINT('',(-4.13010000000007,-4.249594,-6.5));
#24980=DIRECTION('',(-1.22460635382238E-16,-1.,0.));
#24990=VECTOR('',#24980,1.);
#25000=LINE('',#24970,#24990);
#25010=EDGE_CURVE('',#24940,#24760,#25000,.T.);
#25020=ORIENTED_EDGE('',*,*,#25010,.F.);
#25030=EDGE_LOOP('',(#25020,#24960,#24880,#24800));
#25040=FACE_BOUND('',#25030,.T.);
#25050=ADVANCED_FACE('',(#20280,#20620,#20960,#21300,#21640,#21980,
#22320,#22660,#23000,#23340,#23680,#24020,#24360,#24700,#25040),#19550,
.T.);
#25060=CARTESIAN_POINT('',(1.91990000000173,5.799406,3.39999999999992));
#25070=DIRECTION('',(1.22460635382238E-16,1.,0.));
#25080=DIRECTION('',(-1.,1.22460635382238E-16,0.));
#25090=AXIS2_PLACEMENT_3D('',#25060,#25070,#25080);
#25100=CYLINDRICAL_SURFACE('',#25090,0.500000000000076);
#25110=CARTESIAN_POINT('',(1.91990000000173,1.400406,3.39999999999992));
#25120=DIRECTION('',(1.22460635382238E-16,1.,0.));
#25130=DIRECTION('',(-1.,1.22460635382238E-16,0.));
#25140=AXIS2_PLACEMENT_3D('',#25110,#25120,#25130);
#25150=CIRCLE('',#25140,0.500000000000076);
#25160=CARTESIAN_POINT('',(1.84216920468562,1.400406,3.89392096883967));
#25170=VERTEX_POINT('',#25160);
#25180=CARTESIAN_POINT('',(1.91985000000173,1.400406,3.90000000000001));
#25190=VERTEX_POINT('',#25180);
#25200=EDGE_CURVE('',#25170,#25190,#25150,.T.);
#25210=ORIENTED_EDGE('',*,*,#25200,.T.);
#25220=CARTESIAN_POINT('',(1.84215981773644,5.799406,3.89391949147748));
#25230=DIRECTION('',(1.22460635382238E-16,1.,0.));
#25240=VECTOR('',#25230,1.);
#25250=LINE('',#25220,#25240);
#25260=CARTESIAN_POINT('',(1.84215981773644,2.800406,3.89391949147748));
#25270=VERTEX_POINT('',#25260);
#25280=EDGE_CURVE('',#25170,#25270,#25250,.T.);
#25290=ORIENTED_EDGE('',*,*,#25280,.F.);
#25300=CARTESIAN_POINT('',(1.91990000000173,2.800406,3.39999999999992));
#25310=DIRECTION('',(1.22460635382238E-16,1.,0.));
#25320=DIRECTION('',(-1.,1.22460635382238E-16,0.));
#25330=AXIS2_PLACEMENT_3D('',#25300,#25310,#25320);
#25340=CIRCLE('',#25330,0.500000000000076);
#25350=CARTESIAN_POINT('',(1.52625235657561,2.800406,3.70828806792525));
#25360=VERTEX_POINT('',#25350);
#25370=EDGE_CURVE('',#25360,#25270,#25340,.T.);
#25380=ORIENTED_EDGE('',*,*,#25370,.T.);
#25390=CARTESIAN_POINT('',(1.52625235657561,5.799406,3.70828806792525));
#25400=DIRECTION('',(1.22460635382238E-16,1.,0.));
#25410=VECTOR('',#25400,1.);
#25420=LINE('',#25390,#25410);
#25430=CARTESIAN_POINT('',(1.52622268189943,1.400406,3.70825017309289));
#25440=VERTEX_POINT('',#25430);
#25450=EDGE_CURVE('',#25440,#25360,#25420,.T.);
#25460=ORIENTED_EDGE('',*,*,#25450,.T.);
#25470=CARTESIAN_POINT('',(1.91990000000173,1.400406,3.39999999999992));
#25480=DIRECTION('',(1.22460635382238E-16,1.,0.));
#25490=DIRECTION('',(-1.,1.22460635382238E-16,0.));
#25500=AXIS2_PLACEMENT_3D('',#25470,#25480,#25490);
#25510=CIRCLE('',#25500,0.500000000000076);
#25520=CARTESIAN_POINT('',(1.41990000000166,1.400406,3.39999999999992));
#25530=VERTEX_POINT('',#25520);
#25540=EDGE_CURVE('',#25530,#25440,#25510,.T.);
#25550=ORIENTED_EDGE('',*,*,#25540,.T.);
#25560=CARTESIAN_POINT('',(1.41990000000166,5.799406,3.39999999999992));
#25570=DIRECTION('',(1.22460635382238E-16,1.,0.));
#25580=VECTOR('',#25570,1.);
#25590=LINE('',#25560,#25580);
#25600=CARTESIAN_POINT('',(1.41990000000166,4.250406,3.39999999999992));
#25610=VERTEX_POINT('',#25600);
#25620=EDGE_CURVE('',#25530,#25610,#25590,.T.);
#25630=ORIENTED_EDGE('',*,*,#25620,.F.);
#25640=CARTESIAN_POINT('',(1.91990000000173,4.250406,3.39999999999992));
#25650=DIRECTION('',(1.22460635382238E-16,1.,0.));
#25660=DIRECTION('',(-1.,1.22460635382238E-16,0.));
#25670=AXIS2_PLACEMENT_3D('',#25640,#25650,#25660);
#25680=CIRCLE('',#25670,0.500000000000076);
#25690=CARTESIAN_POINT('',(1.91990000000168,4.250406,3.90000000000001));
#25700=VERTEX_POINT('',#25690);
#25710=EDGE_CURVE('',#25610,#25700,#25680,.T.);
#25720=ORIENTED_EDGE('',*,*,#25710,.F.);
#25730=CARTESIAN_POINT('',(1.91990000000173,5.799406,3.90000000000001));
#25740=DIRECTION('',(1.22460635382238E-16,1.,0.));
#25750=VECTOR('',#25740,1.);
#25760=LINE('',#25730,#25750);
#25770=EDGE_CURVE('',#25190,#25700,#25760,.T.);
#25780=ORIENTED_EDGE('',*,*,#25770,.T.);
#25790=EDGE_LOOP('',(#25780,#25720,#25630,#25550,#25460,#25380,#25290,
#25210));
#25800=FACE_OUTER_BOUND('',#25790,.T.);
#25810=ADVANCED_FACE('',(#25800),#25100,.T.);
#25820=CARTESIAN_POINT('',(5.21990000000166,0.000406000000002571,-13.9))
;
#25830=DIRECTION('',(0.,0.,-1.));
#25840=DIRECTION('',(-1.,1.22460635382238E-16,0.));
#25850=AXIS2_PLACEMENT_3D('',#25820,#25830,#25840);
#25860=PLANE('',#25850);
#25870=CARTESIAN_POINT('',(-83.5219819999983,4.25040600000002,-13.9));
#25880=DIRECTION('',(1.,-1.22460635382238E-16,0.));
#25890=VECTOR('',#25880,1.);
#25900=LINE('',#25870,#25890);
#25910=CARTESIAN_POINT('',(3.86990000000174,4.25040600000001,-13.9));
#25920=VERTEX_POINT('',#25910);
#25930=CARTESIAN_POINT('',(6.61990000000164,4.250406,-13.9000000000001))
;
#25940=VERTEX_POINT('',#25930);
#25950=EDGE_CURVE('',#25920,#25940,#25900,.T.);
#25960=ORIENTED_EDGE('',*,*,#25950,.T.);
#25970=CARTESIAN_POINT('',(3.86990000000174,-2.649594,-13.9));
#25980=DIRECTION('',(1.22460635382238E-16,1.,2.74605888216464E-15));
#25990=VECTOR('',#25980,1.);
#26000=LINE('',#25970,#25990);
#26010=CARTESIAN_POINT('',(3.86990000000174,-2.149594,-13.9));
#26020=VERTEX_POINT('',#26010);
#26030=EDGE_CURVE('',#26020,#25920,#26000,.T.);
#26040=ORIENTED_EDGE('',*,*,#26030,.T.);
#26050=CARTESIAN_POINT('',(-83.4719819999983,-2.14959399999999,-13.9));
#26060=DIRECTION('',(-1.,1.22460635382238E-16,0.));
#26070=VECTOR('',#26060,1.);
#26080=LINE('',#26050,#26070);
#26090=CARTESIAN_POINT('',(4.51990000000167,-2.149594,-13.9));
#26100=VERTEX_POINT('',#26090);
#26110=EDGE_CURVE('',#26100,#26020,#26080,.T.);
#26120=ORIENTED_EDGE('',*,*,#26110,.T.);
#26130=CARTESIAN_POINT('',(4.51990000000167,-4.249594,-13.9));
#26140=DIRECTION('',(-1.22460635382238E-16,-1.,0.));
#26150=VECTOR('',#26140,1.);
#26160=LINE('',#26130,#26150);
#26170=CARTESIAN_POINT('',(4.51990000000167,-4.249594,-13.9));
#26180=VERTEX_POINT('',#26170);
#26190=EDGE_CURVE('',#26100,#26180,#26160,.T.);
#26200=ORIENTED_EDGE('',*,*,#26190,.F.);
#26210=CARTESIAN_POINT('',(-83.5219819999983,-4.24959399999999,-13.9));
#26220=DIRECTION('',(-1.,1.22460635382238E-16,0.));
#26230=VECTOR('',#26220,1.);
#26240=LINE('',#26210,#26230);
#26250=CARTESIAN_POINT('',(6.61990000000164,-4.249594,-13.9000000000001)
);
#26260=VERTEX_POINT('',#26250);
#26270=EDGE_CURVE('',#26260,#26180,#26240,.T.);
#26280=ORIENTED_EDGE('',*,*,#26270,.T.);
#26290=CARTESIAN_POINT('',(6.61990000000164,-4.32959123212121,
-13.9000000000001));
#26300=DIRECTION('',(1.22460635382238E-16,1.,0.));
#26310=VECTOR('',#26300,1.);
#26320=LINE('',#26290,#26310);
#26330=EDGE_CURVE('',#26260,#25940,#26320,.T.);
#26340=ORIENTED_EDGE('',*,*,#26330,.F.);
#26350=EDGE_LOOP('',(#26340,#26280,#26200,#26120,#26040,#25960));
#26360=FACE_OUTER_BOUND('',#26350,.T.);
#26370=ADVANCED_FACE('',(#26360),#25860,.T.);
#26380=CARTESIAN_POINT('',(-24.8800999999943,4.750406,-4.49999999999989)
);
#26390=DIRECTION('',(-1.22460635382238E-16,-1.,0.));
#26400=DIRECTION('',(-1.,1.22460635382238E-16,0.));
#26410=AXIS2_PLACEMENT_3D('',#26380,#26390,#26400);
#26420=CYLINDRICAL_SURFACE('',#26410,0.600000000000009);
#26430=CARTESIAN_POINT('',(-25.4800999999944,4.750406,-4.49999999999989)
);
#26440=DIRECTION('',(-1.22460635382238E-16,-1.,0.));
#26450=VECTOR('',#26440,1.);
#26460=LINE('',#26430,#26450);
#26470=CARTESIAN_POINT('',(-25.4800999999944,4.750406,-4.49999999999989)
);
#26480=VERTEX_POINT('',#26470);
#26490=CARTESIAN_POINT('',(-25.4800999999944,-4.249594,-4.49999999999989
));
#26500=VERTEX_POINT('',#26490);
#26510=EDGE_CURVE('',#26480,#26500,#26460,.T.);
#26520=ORIENTED_EDGE('',*,*,#26510,.F.);
#26530=CARTESIAN_POINT('',(-24.8800999999943,-4.249594,-4.49999999999989
));
#26540=DIRECTION('',(-1.22460635382238E-16,-1.,0.));
#26550=DIRECTION('',(-1.,1.22460635382238E-16,0.));
#26560=AXIS2_PLACEMENT_3D('',#26530,#26540,#26550);
#26570=CIRCLE('',#26560,0.600000000000009);
#26580=CARTESIAN_POINT('',(-24.2800999999943,-4.249594,-4.49999999999989
));
#26590=VERTEX_POINT('',#26580);
#26600=EDGE_CURVE('',#26590,#26500,#26570,.T.);
#26610=ORIENTED_EDGE('',*,*,#26600,.T.);
#26620=CARTESIAN_POINT('',(-24.2800999999943,4.750406,-4.49999999999989)
);
#26630=DIRECTION('',(-1.22460635382238E-16,-1.,0.));
#26640=VECTOR('',#26630,1.);
#26650=LINE('',#26620,#26640);
#26660=CARTESIAN_POINT('',(-24.2800999999943,4.750406,-4.49999999999989)
);
#26670=VERTEX_POINT('',#26660);
#26680=EDGE_CURVE('',#26670,#26590,#26650,.T.);
#26690=ORIENTED_EDGE('',*,*,#26680,.T.);
#26700=CARTESIAN_POINT('',(-24.8800999999943,4.750406,-4.49999999999989)
);
#26710=DIRECTION('',(-1.22460635382238E-16,-1.,0.));
#26720=DIRECTION('',(-1.,1.22460635382238E-16,0.));
#26730=AXIS2_PLACEMENT_3D('',#26700,#26710,#26720);
#26740=CIRCLE('',#26730,0.600000000000009);
#26750=EDGE_CURVE('',#26670,#26480,#26740,.T.);
#26760=ORIENTED_EDGE('',*,*,#26750,.F.);
#26770=EDGE_LOOP('',(#26760,#26690,#26610,#26520));
#26780=FACE_OUTER_BOUND('',#26770,.T.);
#26790=ADVANCED_FACE('',(#26780),#26420,.F.);
#26800=CARTESIAN_POINT('',(-24.8550001530813,-1.399594,-2.00430405751447
));
#26810=DIRECTION('',(1.22460635382238E-16,1.,-0.));
#26820=DIRECTION('',(-1.,1.22460635382238E-16,0.));
#26830=AXIS2_PLACEMENT_3D('',#26800,#26810,#26820);
#26840=PLANE('',#26830);
#26850=CARTESIAN_POINT('',(-25.4410199358082,-1.399594,3.40016168347861)
);
#26860=DIRECTION('',(-1.22460635382238E-16,-1.,0.));
#26870=DIRECTION('',(1.,-1.22460635382238E-16,0.));
#26880=AXIS2_PLACEMENT_3D('',#26850,#26860,#26870);
#26890=CIRCLE('',#26880,0.499844566879941);
#26900=CARTESIAN_POINT('',(-25.4410199358082,-1.399594,3.90000625035856)
);
#26910=VERTEX_POINT('',#26900);
#26920=CARTESIAN_POINT('',(-25.7549999999943,-1.399594,3.78908469685413)
);
#26930=VERTEX_POINT('',#26920);
#26940=EDGE_CURVE('',#26910,#26930,#26890,.T.);
#26950=ORIENTED_EDGE('',*,*,#26940,.F.);
#26960=CARTESIAN_POINT('',(-25.7549999999943,-1.399594,-135.259582));
#26970=DIRECTION('',(0.,-0.,-1.));
#26980=VECTOR('',#26970,1.);
#26990=LINE('',#26960,#26980);
#27000=CARTESIAN_POINT('',(-25.7549999999943,-1.399594,4.49360000000001)
);
#27010=VERTEX_POINT('',#27000);
#27020=EDGE_CURVE('',#27010,#26930,#26990,.T.);
#27030=ORIENTED_EDGE('',*,*,#27020,.T.);
#27040=CARTESIAN_POINT('',(60.6617320000057,-1.39959400000001,
4.49359999999825));
#27050=DIRECTION('',(1.,-1.22460635382238E-16,-2.03012210217171E-14));
#27060=VECTOR('',#27050,1.);
#27070=LINE('',#27040,#27060);
#27080=CARTESIAN_POINT('',(-24.8549999999944,-1.399594,4.49359999999999)
);
#27090=VERTEX_POINT('',#27080);
#27100=EDGE_CURVE('',#27010,#27090,#27070,.T.);
#27110=ORIENTED_EDGE('',*,*,#27100,.F.);
#27120=CARTESIAN_POINT('',(-24.8549999999944,-1.399594,-135.259582));
#27130=DIRECTION('',(0.,0.,1.));
#27140=VECTOR('',#27130,1.);
#27150=LINE('',#27120,#27140);
#27160=CARTESIAN_POINT('',(-24.8549999999944,-1.399594,4.29370000000003)
);
#27170=VERTEX_POINT('',#27160);
#27180=EDGE_CURVE('',#27170,#27090,#27150,.T.);
#27190=ORIENTED_EDGE('',*,*,#27180,.T.);
#27200=CARTESIAN_POINT('',(-24.2549999999944,-1.399594,4.29370000000003)
);
#27210=DIRECTION('',(2.61559304155803E-15,1.,0.));
#27220=DIRECTION('',(-1.,2.61559304155803E-15,0.));
#27230=AXIS2_PLACEMENT_3D('',#27200,#27210,#27220);
#27240=CIRCLE('',#27230,0.600000000000022);
#27250=CARTESIAN_POINT('',(-24.7024179966422,-1.399594,3.89392864500371)
);
#27260=VERTEX_POINT('',#27250);
#27270=EDGE_CURVE('',#27260,#27170,#27240,.T.);
#27280=ORIENTED_EDGE('',*,*,#27270,.T.);
#27290=CARTESIAN_POINT('',(-24.7800999999944,-1.399594,3.39999999999992)
);
#27300=DIRECTION('',(-1.22460635382238E-16,-1.,0.));
#27310=DIRECTION('',(1.,-1.22460635382238E-16,0.));
#27320=AXIS2_PLACEMENT_3D('',#27290,#27300,#27310);
#27330=CIRCLE('',#27320,0.500000000000076);
#27340=CARTESIAN_POINT('',(-24.7801499993691,-1.399594,3.89999999750006)
);
#27350=VERTEX_POINT('',#27340);
#27360=EDGE_CURVE('',#27260,#27350,#27330,.T.);
#27370=ORIENTED_EDGE('',*,*,#27360,.F.);
#27380=CARTESIAN_POINT('',(60.6617820000057,-1.39959400000001,
3.90000625035856));
#27390=DIRECTION('',(1.,-1.22460635382238E-16,0.));
#27400=VECTOR('',#27390,1.);
#27410=LINE('',#27380,#27400);
#27420=EDGE_CURVE('',#26910,#27350,#27410,.T.);
#27430=ORIENTED_EDGE('',*,*,#27420,.T.);
#27440=EDGE_LOOP('',(#27430,#27370,#27280,#27190,#27110,#27030,#26950));
#27450=FACE_OUTER_BOUND('',#27440,.T.);
#27460=ADVANCED_FACE('',(#27450),#26840,.F.);
#27470=CARTESIAN_POINT('',(-23.8549990578458,-2.799594,4.54370235785302)
);
#27480=DIRECTION('',(1.22460635382238E-16,1.,-0.));
#27490=DIRECTION('',(-1.,1.22460635382238E-16,0.));
#27500=AXIS2_PLACEMENT_3D('',#27470,#27480,#27490);
#27510=PLANE('',#27500);
#27520=ORIENTED_EDGE('',*,*,#14990,.F.);
#27530=CARTESIAN_POINT('',(-24.2549999999944,-2.799594,4.29370000000003)
);
#27540=DIRECTION('',(2.61559304155803E-15,1.,0.));
#27550=DIRECTION('',(-1.,2.61559304155803E-15,0.));
#27560=AXIS2_PLACEMENT_3D('',#27530,#27540,#27550);
#27570=CIRCLE('',#27560,0.600000000000022);
#27580=CARTESIAN_POINT('',(-24.3875120503016,-2.799594,3.70963640250471)
);
#27590=VERTEX_POINT('',#27580);
#27600=EDGE_CURVE('',#14920,#27590,#27570,.T.);
#27610=ORIENTED_EDGE('',*,*,#27600,.F.);
#27620=CARTESIAN_POINT('',(-24.7800999999944,-2.799594,3.39999999999992)
);
#27630=DIRECTION('',(-1.22460635382238E-16,-1.,0.));
#27640=DIRECTION('',(1.,-1.22460635382238E-16,0.));
#27650=AXIS2_PLACEMENT_3D('',#27620,#27630,#27640);
#27660=CIRCLE('',#27650,0.500000000000076);
#27670=CARTESIAN_POINT('',(-24.7024179966422,-2.799594,3.89392864500371)
);
#27680=VERTEX_POINT('',#27670);
#27690=EDGE_CURVE('',#27590,#27680,#27660,.T.);
#27700=ORIENTED_EDGE('',*,*,#27690,.F.);
#27710=CARTESIAN_POINT('',(-24.2549999999944,-2.799594,4.29370000000003)
);
#27720=DIRECTION('',(2.61559304155803E-15,1.,0.));
#27730=DIRECTION('',(-1.,2.61559304155803E-15,0.));
#27740=AXIS2_PLACEMENT_3D('',#27710,#27720,#27730);
#27750=CIRCLE('',#27740,0.600000000000022);
#27760=CARTESIAN_POINT('',(-24.8549999999944,-2.799594,4.29370000000003)
);
#27770=VERTEX_POINT('',#27760);
#27780=EDGE_CURVE('',#27680,#27770,#27750,.T.);
#27790=ORIENTED_EDGE('',*,*,#27780,.F.);
#27800=CARTESIAN_POINT('',(-24.8549999999944,-2.799594,-135.259582));
#27810=DIRECTION('',(0.,-0.,-1.));
#27820=VECTOR('',#27810,1.);
#27830=LINE('',#27800,#27820);
#27840=CARTESIAN_POINT('',(-24.855000003276,-2.799594,4.79371804597551))
;
#27850=VERTEX_POINT('',#27840);
#27860=EDGE_CURVE('',#27850,#27770,#27830,.T.);
#27870=ORIENTED_EDGE('',*,*,#27860,.T.);
#27880=CARTESIAN_POINT('',(-24.2551180406493,-2.799594,4.79371804597551)
);
#27890=DIRECTION('',(1.22460635382238E-16,1.,0.));
#27900=DIRECTION('',(-1.,1.22460635382238E-16,0.));
#27910=AXIS2_PLACEMENT_3D('',#27880,#27890,#27900);
#27920=CIRCLE('',#27910,0.599881962626699);
#27930=CARTESIAN_POINT('',(-24.2549999999944,-2.799594,5.39360000000002)
);
#27940=VERTEX_POINT('',#27930);
#27950=EDGE_CURVE('',#27850,#27940,#27920,.T.);
#27960=ORIENTED_EDGE('',*,*,#27950,.F.);
#27970=CARTESIAN_POINT('',(60.6617320000057,-2.79959400000001,
5.40421459150036));
#27980=DIRECTION('',(-0.9999999921875,1.22460634425514E-16,
-0.000124999999027585));
#27990=VECTOR('',#27980,1.);
#28000=LINE('',#27970,#27990);
#28010=CARTESIAN_POINT('',(-23.4549999999943,-2.799594,5.39370000000002)
);
#28020=VERTEX_POINT('',#28010);
#28030=EDGE_CURVE('',#28020,#27940,#28000,.T.);
#28040=ORIENTED_EDGE('',*,*,#28030,.T.);
#28050=CARTESIAN_POINT('',(-23.4549999999944,-2.799594,4.79369999999992)
);
#28060=DIRECTION('',(1.31899132470622E-14,1.,6.53372630584E-15));
#28070=DIRECTION('',(-1.,1.31899132470622E-14,0.));
#28080=AXIS2_PLACEMENT_3D('',#28050,#28060,#28070);
#28090=CIRCLE('',#28080,0.600000000000077);
#28100=CARTESIAN_POINT('',(-22.8549999999943,-2.799594,4.79369999999991)
);
#28110=VERTEX_POINT('',#28100);
#28120=EDGE_CURVE('',#28020,#28110,#28090,.T.);
#28130=ORIENTED_EDGE('',*,*,#28120,.F.);
#28140=CARTESIAN_POINT('',(-22.8549999999943,-2.799594,-135.259582));
#28150=DIRECTION('',(0.,-0.,-1.));
#28160=VECTOR('',#28150,1.);
#28170=LINE('',#28140,#28160);
#28180=EDGE_CURVE('',#28110,#11470,#28170,.T.);
#28190=ORIENTED_EDGE('',*,*,#28180,.F.);
#28200=ORIENTED_EDGE('',*,*,#11480,.F.);
#28210=EDGE_LOOP('',(#28200,#28190,#28130,#28040,#27960,#27870,#27790,
#27700,#27610,#27520));
#28220=FACE_OUTER_BOUND('',#28210,.T.);
#28230=ADVANCED_FACE('',(#28220),#27510,.F.);
#28240=CARTESIAN_POINT('',(-24.8391999999943,0.000406000000002571,
11.8394));
#28250=DIRECTION('',(0.325980229449886,-3.99197460204807E-17,
-0.945376586344193));
#28260=DIRECTION('',(-0.945376586344193,1.15771417439201E-16,
-0.325980229449886));
#28270=AXIS2_PLACEMENT_3D('',#28240,#28250,#28260);
#28280=PLANE('',#28270);
#28290=CARTESIAN_POINT('',(-24.5604999999943,-4.249594,11.9355));
#28300=DIRECTION('',(1.22460635382238E-16,1.,0.));
#28310=VECTOR('',#28300,1.);
#28320=LINE('',#28290,#28310);
#28330=CARTESIAN_POINT('',(-24.5604999999943,-1.849594,11.9355));
#28340=VERTEX_POINT('',#28330);
#28350=CARTESIAN_POINT('',(-24.5604999999943,1.850406,11.9355));
#28360=VERTEX_POINT('',#28350);
#28370=EDGE_CURVE('',#28340,#28360,#28320,.T.);
#28380=ORIENTED_EDGE('',*,*,#28370,.T.);
#28390=CARTESIAN_POINT('',(60.6617320000057,-1.84959400000001,
41.3214221212794));
#28400=DIRECTION('',(0.945376586344193,-1.15771417439201E-16,
0.325980229449886));
#28410=VECTOR('',#28400,1.);
#28420=LINE('',#28390,#28410);
#28430=EDGE_CURVE('',#14610,#28340,#28420,.T.);
#28440=ORIENTED_EDGE('',*,*,#28430,.T.);
#28450=ORIENTED_EDGE('',*,*,#14620,.T.);
#28460=CARTESIAN_POINT('',(60.6617320000057,1.85040599999999,
41.3214221212794));
#28470=DIRECTION('',(-0.945376586344193,1.15771417439201E-16,
-0.325980229449886));
#28480=VECTOR('',#28470,1.);
#28490=LINE('',#28460,#28480);
#28500=EDGE_CURVE('',#28360,#14590,#28490,.T.);
#28510=ORIENTED_EDGE('',*,*,#28500,.T.);
#28520=EDGE_LOOP('',(#28510,#28450,#28440,#28380));
#28530=FACE_OUTER_BOUND('',#28520,.T.);
#28540=ADVANCED_FACE('',(#28530),#28280,.F.);
#28550=CARTESIAN_POINT('',(-24.3050999999926,0.250406000000002,
3.40000000000001));
#28560=DIRECTION('',(0.,0.,-1.));
#28570=DIRECTION('',(-1.,1.22460635382238E-16,0.));
#28580=AXIS2_PLACEMENT_3D('',#28550,#28560,#28570);
#28590=PLANE('',#28580);
#28600=CARTESIAN_POINT('',(60.6617820000057,4.25040599999999,
3.40000000000001));
#28610=DIRECTION('',(-1.,1.22460635382238E-16,0.));
#28620=VECTOR('',#28610,1.);
#28630=LINE('',#28600,#28620);
#28640=CARTESIAN_POINT('',(-24.2800999999943,4.250406,3.39999999999992))
;
#28650=VERTEX_POINT('',#28640);
#28660=CARTESIAN_POINT('',(-25.8800999999943,4.250406,3.40000000000001))
;
#28670=VERTEX_POINT('',#28660);
#28680=EDGE_CURVE('',#28650,#28670,#28630,.T.);
#28690=ORIENTED_EDGE('',*,*,#28680,.F.);
#28700=CARTESIAN_POINT('',(-25.8800999999943,-4.249594,3.40000000000001)
);
#28710=DIRECTION('',(-1.22460635382238E-16,-1.,0.));
#28720=VECTOR('',#28710,1.);
#28730=LINE('',#28700,#28720);
#28740=CARTESIAN_POINT('',(-25.8800999999943,4.750406,3.40000000000001))
;
#28750=VERTEX_POINT('',#28740);
#28760=EDGE_CURVE('',#28750,#28670,#28730,.T.);
#28770=ORIENTED_EDGE('',*,*,#28760,.T.);
#28780=CARTESIAN_POINT('',(60.6617820000057,4.75040599999999,
3.40000000000001));
#28790=DIRECTION('',(1.,-1.22460635382238E-16,0.));
#28800=VECTOR('',#28790,1.);
#28810=LINE('',#28780,#28800);
#28820=CARTESIAN_POINT('',(-23.8800999999943,4.750406,3.40000000000001))
;
#28830=VERTEX_POINT('',#28820);
#28840=EDGE_CURVE('',#28750,#28830,#28810,.T.);
#28850=ORIENTED_EDGE('',*,*,#28840,.F.);
#28860=CARTESIAN_POINT('',(-23.8800999999943,-4.249594,3.40000000000001)
);
#28870=DIRECTION('',(-1.22460635382238E-16,-1.,0.));
#28880=VECTOR('',#28870,1.);
#28890=LINE('',#28860,#28880);
#28900=CARTESIAN_POINT('',(-23.8800999999943,4.250406,3.40000000000001))
;
#28910=VERTEX_POINT('',#28900);
#28920=EDGE_CURVE('',#28830,#28910,#28890,.T.);
#28930=ORIENTED_EDGE('',*,*,#28920,.F.);
#28940=CARTESIAN_POINT('',(60.6617820000057,4.25040599999998,
3.40000000000001));
#28950=DIRECTION('',(-1.,2.44921270764475E-16,0.));
#28960=VECTOR('',#28950,1.);
#28970=LINE('',#28940,#28960);
#28980=CARTESIAN_POINT('',(-22.7300999999926,4.250406,3.40000000000001))
;
#28990=VERTEX_POINT('',#28980);
#29000=EDGE_CURVE('',#28990,#28910,#28970,.T.);
#29010=ORIENTED_EDGE('',*,*,#29000,.T.);
#29020=EDGE_CURVE('',#28990,#13470,#13450,.T.);
#29030=ORIENTED_EDGE('',*,*,#29020,.F.);
#29040=ORIENTED_EDGE('',*,*,#13480,.F.);
#29050=CARTESIAN_POINT('',(-22.7300999999926,-4.249594,3.39999999999995)
);
#29060=VERTEX_POINT('',#29050);
#29070=EDGE_CURVE('',#13390,#29060,#13450,.T.);
#29080=ORIENTED_EDGE('',*,*,#29070,.F.);
#29090=CARTESIAN_POINT('',(60.6617820000057,-4.24959400000001,
3.40000000000001));
#29100=DIRECTION('',(-1.,1.22460635382238E-16,0.));
#29110=VECTOR('',#29100,1.);
#29120=LINE('',#29090,#29110);
#29130=CARTESIAN_POINT('',(-24.2800999999943,-4.249594,3.39999999999992)
);
#29140=VERTEX_POINT('',#29130);
#29150=EDGE_CURVE('',#29060,#29140,#29120,.T.);
#29160=ORIENTED_EDGE('',*,*,#29150,.F.);
#29170=CARTESIAN_POINT('',(-24.2800999999943,8.98940600000001,
3.39999999999992));
#29180=DIRECTION('',(1.22460635382238E-16,1.,0.));
#29190=VECTOR('',#29180,1.);
#29200=LINE('',#29170,#29190);
#29210=CARTESIAN_POINT('',(-24.2800999999943,-1.399594,3.39999999999992)
);
#29220=VERTEX_POINT('',#29210);
#29230=EDGE_CURVE('',#29140,#29220,#29200,.T.);
#29240=ORIENTED_EDGE('',*,*,#29230,.F.);
#29250=CARTESIAN_POINT('',(60.6617820000057,-1.39959400000001,
3.40000000000001));
#29260=DIRECTION('',(-1.,1.22460635382238E-16,0.));
#29270=VECTOR('',#29260,1.);
#29280=LINE('',#29250,#29270);
#29290=CARTESIAN_POINT('',(-22.8549999999943,-1.399594,3.40000000000001)
);
#29300=VERTEX_POINT('',#29290);
#29310=EDGE_CURVE('',#29300,#29220,#29280,.T.);
#29320=ORIENTED_EDGE('',*,*,#29310,.T.);
#29330=CARTESIAN_POINT('',(-22.8549999999943,-4.249594,3.40000000000001)
);
#29340=DIRECTION('',(-1.22460635382238E-16,-1.,0.));
#29350=VECTOR('',#29340,1.);
#29360=LINE('',#29330,#29350);
#29370=CARTESIAN_POINT('',(-22.8549999999943,1.400406,3.40000000000001))
;
#29380=VERTEX_POINT('',#29370);
#29390=EDGE_CURVE('',#29380,#29300,#29360,.T.);
#29400=ORIENTED_EDGE('',*,*,#29390,.T.);
#29410=CARTESIAN_POINT('',(60.6617820000057,1.40040599999999,
3.40000000000001));
#29420=DIRECTION('',(-1.,1.22460635382238E-16,0.));
#29430=VECTOR('',#29420,1.);
#29440=LINE('',#29410,#29430);
#29450=CARTESIAN_POINT('',(-24.2800999999943,1.400406,3.39999999999992))
;
#29460=VERTEX_POINT('',#29450);
#29470=EDGE_CURVE('',#29380,#29460,#29440,.T.);
#29480=ORIENTED_EDGE('',*,*,#29470,.F.);
#29490=CARTESIAN_POINT('',(-24.2800999999943,8.98940600000001,
3.39999999999992));
#29500=DIRECTION('',(1.22460635382238E-16,1.,0.));
#29510=VECTOR('',#29500,1.);
#29520=LINE('',#29490,#29510);
#29530=EDGE_CURVE('',#29460,#28650,#29520,.T.);
#29540=ORIENTED_EDGE('',*,*,#29530,.F.);
#29550=EDGE_LOOP('',(#29540,#29480,#29400,#29320,#29240,#29160,#29080,
#29040,#29030,#29010,#28930,#28850,#28770,#28690));
#29560=FACE_OUTER_BOUND('',#29550,.T.);
#29570=ADVANCED_FACE('',(#29560),#28590,.F.);
#29580=CARTESIAN_POINT('',(-0.207849999998331,0.000406000000002571,
10.07085));
#29590=DIRECTION('',(-0.99264140337369,1.21559496963858E-16,
-0.121091057920519));
#29600=DIRECTION('',(-0.121091057920519,1.48288878920541E-17,
0.99264140337369));
#29610=AXIS2_PLACEMENT_3D('',#29580,#29590,#29600);
#29620=PLANE('',#29610);
#29630=CARTESIAN_POINT('',(17.5208239190171,1.850406,-135.259582));
#29640=DIRECTION('',(-0.121091057920519,1.48288878920541E-17,
0.99264140337369));
#29650=VECTOR('',#29640,1.);
#29660=LINE('',#29630,#29650);
#29670=CARTESIAN_POINT('',(-0.172149999998325,1.850406,9.7782));
#29680=VERTEX_POINT('',#29670);
#29690=CARTESIAN_POINT('',(-0.243549999998322,1.850406,10.3635));
#29700=VERTEX_POINT('',#29690);
#29710=EDGE_CURVE('',#29680,#29700,#29660,.T.);
#29720=ORIENTED_EDGE('',*,*,#29710,.F.);
#29730=CARTESIAN_POINT('',(-0.243549999998322,-4.249594,10.3635));
#29740=DIRECTION('',(1.22460635382238E-16,1.,0.));
#29750=VECTOR('',#29740,1.);
#29760=LINE('',#29730,#29750);
#29770=CARTESIAN_POINT('',(-0.243549999998322,-1.849594,10.3635));
#29780=VERTEX_POINT('',#29770);
#29790=EDGE_CURVE('',#29780,#29700,#29760,.T.);
#29800=ORIENTED_EDGE('',*,*,#29790,.T.);
#29810=CARTESIAN_POINT('',(17.5208239190171,-1.849594,-135.259582));
#29820=DIRECTION('',(0.121091057920519,-1.48288878920541E-17,
-0.99264140337369));
#29830=VECTOR('',#29820,1.);
#29840=LINE('',#29810,#29830);
#29850=CARTESIAN_POINT('',(-0.172149999998325,-1.849594,9.7782));
#29860=VERTEX_POINT('',#29850);
#29870=EDGE_CURVE('',#29780,#29860,#29840,.T.);
#29880=ORIENTED_EDGE('',*,*,#29870,.F.);
#29890=CARTESIAN_POINT('',(-0.172149999998325,-4.249594,9.7782));
#29900=DIRECTION('',(-1.22460635382238E-16,-1.,0.));
#29910=VECTOR('',#29900,1.);
#29920=LINE('',#29890,#29910);
#29930=EDGE_CURVE('',#29680,#29860,#29920,.T.);
#29940=ORIENTED_EDGE('',*,*,#29930,.T.);
#29950=EDGE_LOOP('',(#29940,#29880,#29800,#29720));
#29960=FACE_OUTER_BOUND('',#29950,.T.);
#29970=ADVANCED_FACE('',(#29960),#29620,.T.);
#29980=CARTESIAN_POINT('',(2.58081993581557,5.799406,3.90000625035856));
#29990=DIRECTION('',(0.,0.,-1.));
#30000=DIRECTION('',(-1.,1.22460635382238E-16,0.));
#30010=AXIS2_PLACEMENT_3D('',#29980,#29990,#30000);
#30020=PLANE('',#30010);
#30030=ORIENTED_EDGE('',*,*,#8360,.T.);
#30040=CARTESIAN_POINT('',(-83.5119819999983,-4.24959399999999,
3.90000625035856));
#30050=DIRECTION('',(1.,-1.22460635382238E-16,0.));
#30060=VECTOR('',#30050,1.);
#30070=LINE('',#30040,#30060);
#30080=CARTESIAN_POINT('',(1.91990000000173,-4.249594,3.90000000000001))
;
#30090=VERTEX_POINT('',#30080);
#30100=EDGE_CURVE('',#30090,#8270,#30070,.T.);
#30110=ORIENTED_EDGE('',*,*,#30100,.T.);
#30120=CARTESIAN_POINT('',(1.91985000000199,-1.399594,3.8999999975));
#30130=VERTEX_POINT('',#30120);
#30140=EDGE_CURVE('',#30090,#30130,#25760,.T.);
#30150=ORIENTED_EDGE('',*,*,#30140,.F.);
#30160=CARTESIAN_POINT('',(-83.5119819999983,-1.39959399999999,
3.90000625035856));
#30170=DIRECTION('',(-1.,1.22460635382238E-16,0.));
#30180=VECTOR('',#30170,1.);
#30190=LINE('',#30160,#30180);
#30200=EDGE_CURVE('',#8350,#30130,#30190,.T.);
#30210=ORIENTED_EDGE('',*,*,#30200,.T.);
#30220=EDGE_LOOP('',(#30210,#30150,#30110,#30030));
#30230=FACE_OUTER_BOUND('',#30220,.T.);
#30240=ADVANCED_FACE('',(#30230),#30020,.F.);
#30250=CARTESIAN_POINT('',(2.06989870407116,4.750406,-4.99999994239249))
;
#30260=DIRECTION('',(1.22460635382238E-16,1.,-0.));
#30270=DIRECTION('',(-1.,1.22460635382238E-16,0.));
#30280=AXIS2_PLACEMENT_3D('',#30250,#30260,#30270);
#30290=PLANE('',#30280);
#30300=CARTESIAN_POINT('',(2.01990000000167,4.750406,-10.88));
#30310=DIRECTION('',(1.22460635382238E-16,1.,0.));
#30320=DIRECTION('',(1.,-1.22460635382238E-16,0.));
#30330=AXIS2_PLACEMENT_3D('',#30300,#30310,#30320);
#30340=CIRCLE('',#30330,1.35000000000001);
#30350=CARTESIAN_POINT('',(3.36990000000168,4.750406,-10.88));
#30360=VERTEX_POINT('',#30350);
#30370=CARTESIAN_POINT('',(0.669900000001661,4.750406,-10.88));
#30380=VERTEX_POINT('',#30370);
#30390=EDGE_CURVE('',#30360,#30380,#30340,.T.);
#30400=ORIENTED_EDGE('',*,*,#30390,.F.);
#30410=EDGE_CURVE('',#30380,#30360,#30340,.T.);
#30420=ORIENTED_EDGE('',*,*,#30410,.F.);
#30430=EDGE_LOOP('',(#30420,#30400));
#30440=FACE_BOUND('',#30430,.T.);
#30450=CARTESIAN_POINT('',(2.01990000000167,4.750406,-4.49999999999989))
;
#30460=DIRECTION('',(1.22460635382238E-16,1.,0.));
#30470=DIRECTION('',(1.,-1.22460635382238E-16,0.));
#30480=AXIS2_PLACEMENT_3D('',#30450,#30460,#30470);
#30490=CIRCLE('',#30480,0.600000000000009);
#30500=CARTESIAN_POINT('',(2.61990000000168,4.750406,-4.49999999999989))
;
#30510=VERTEX_POINT('',#30500);
#30520=CARTESIAN_POINT('',(1.41990000000166,4.750406,-4.49999999999989))
;
#30530=VERTEX_POINT('',#30520);
#30540=EDGE_CURVE('',#30510,#30530,#30490,.T.);
#30550=ORIENTED_EDGE('',*,*,#30540,.F.);
#30560=EDGE_CURVE('',#30530,#30510,#30490,.T.);
#30570=ORIENTED_EDGE('',*,*,#30560,.F.);
#30580=EDGE_LOOP('',(#30570,#30550));
#30590=FACE_BOUND('',#30580,.T.);
#30600=CARTESIAN_POINT('',(-83.5219819999983,4.75040600000002,
3.40000000000001));
#30610=DIRECTION('',(-1.,1.22460635382238E-16,0.));
#30620=VECTOR('',#30610,1.);
#30630=LINE('',#30600,#30620);
#30640=CARTESIAN_POINT('',(3.01990000000167,4.750406,3.40000000000001));
#30650=VERTEX_POINT('',#30640);
#30660=CARTESIAN_POINT('',(1.01990000000167,4.750406,3.40000000000001));
#30670=VERTEX_POINT('',#30660);
#30680=EDGE_CURVE('',#30650,#30670,#30630,.T.);
#30690=ORIENTED_EDGE('',*,*,#30680,.F.);
#30700=CARTESIAN_POINT('',(1.01990000000167,4.750406,-135.257382));
#30710=DIRECTION('',(0.,-0.,-1.));
#30720=VECTOR('',#30710,1.);
#30730=LINE('',#30700,#30720);
#30740=CARTESIAN_POINT('',(1.01990000000167,4.750406,-7.88000000000001))
;
#30750=VERTEX_POINT('',#30740);
#30760=EDGE_CURVE('',#30670,#30750,#30730,.T.);
#30770=ORIENTED_EDGE('',*,*,#30760,.F.);
#30780=CARTESIAN_POINT('',(-83.4719819999983,4.75040600000002,
-7.88000000000001));
#30790=DIRECTION('',(-1.,1.22460635382238E-16,0.));
#30800=VECTOR('',#30790,1.);
#30810=LINE('',#30780,#30800);
#30820=CARTESIAN_POINT('',(0.0199000000016696,4.750406,-7.88000000000001
));
#30830=VERTEX_POINT('',#30820);
#30840=EDGE_CURVE('',#30750,#30830,#30810,.T.);
#30850=ORIENTED_EDGE('',*,*,#30840,.F.);
#30860=CARTESIAN_POINT('',(0.0199000000016696,4.750406,-135.257382));
#30870=DIRECTION('',(0.,-0.,-1.));
#30880=VECTOR('',#30870,1.);
#30890=LINE('',#30860,#30880);
#30900=EDGE_CURVE('',#30830,#1330,#30890,.T.);
#30910=ORIENTED_EDGE('',*,*,#30900,.F.);
#30920=ORIENTED_EDGE('',*,*,#1340,.F.);
#30930=CARTESIAN_POINT('',(4.01990000000167,4.750406,-135.257382));
#30940=DIRECTION('',(0.,-0.,-1.));
#30950=VECTOR('',#30940,1.);
#30960=LINE('',#30930,#30950);
#30970=CARTESIAN_POINT('',(4.01990000000167,4.750406,-7.88000000000001))
;
#30980=VERTEX_POINT('',#30970);
#30990=EDGE_CURVE('',#30980,#1250,#30960,.T.);
#31000=ORIENTED_EDGE('',*,*,#30990,.T.);
#31010=CARTESIAN_POINT('',(-83.4719819999983,4.75040600000002,
-7.88000000000001));
#31020=DIRECTION('',(-1.,1.22460635382238E-16,0.));
#31030=VECTOR('',#31020,1.);
#31040=LINE('',#31010,#31030);
#31050=CARTESIAN_POINT('',(3.01990000000167,4.750406,-7.88000000000001))
;
#31060=VERTEX_POINT('',#31050);
#31070=EDGE_CURVE('',#30980,#31060,#31040,.T.);
#31080=ORIENTED_EDGE('',*,*,#31070,.F.);
#31090=CARTESIAN_POINT('',(3.01990000000167,4.750406,-135.257382));
#31100=DIRECTION('',(0.,0.,1.));
#31110=VECTOR('',#31100,1.);
#31120=LINE('',#31090,#31110);
#31130=EDGE_CURVE('',#31060,#30650,#31120,.T.);
#31140=ORIENTED_EDGE('',*,*,#31130,.F.);
#31150=EDGE_LOOP('',(#31140,#31080,#31000,#30920,#30910,#30850,#30770,
#30690));
#31160=FACE_OUTER_BOUND('',#31150,.T.);
#31170=ADVANCED_FACE('',(#30440,#30590,#31160),#30290,.T.);
#31180=CARTESIAN_POINT('',(0.994750000001659,2.075406,5.39365000000001))
;
#31190=DIRECTION('',(0.000124999999027588,-1.53075793036975E-20,
0.9999999921875));
#31200=DIRECTION('',(0.9999999921875,-1.22460634425514E-16,
-0.000124999999027588));
#31210=AXIS2_PLACEMENT_3D('',#31180,#31190,#31200);
#31220=PLANE('',#31210);
#31230=CARTESIAN_POINT('',(-83.5219819999983,1.85040600000001,
5.40421459150036));
#31240=DIRECTION('',(-0.9999999921875,1.22460634425514E-16,
0.000124999999027588));
#31250=VECTOR('',#31240,1.);
#31260=LINE('',#31230,#31250);
#31270=CARTESIAN_POINT('',(1.39475000000226,1.850406,5.3935999969886));
#31280=VERTEX_POINT('',#31270);
#31290=EDGE_CURVE('',#31280,#18800,#31260,.T.);
#31300=ORIENTED_EDGE('',*,*,#31290,.F.);
#31310=ORIENTED_EDGE('',*,*,#19060,.T.);
#31320=CARTESIAN_POINT('',(-83.5219819999983,2.80040600000001,
5.40421459150036));
#31330=DIRECTION('',(-0.9999999921875,1.22460634425514E-16,
0.000124999999027588));
#31340=VECTOR('',#31330,1.);
#31350=LINE('',#31320,#31340);
#31360=CARTESIAN_POINT('',(1.39475000000228,2.800406,5.3935999969886));
#31370=VERTEX_POINT('',#31360);
#31380=EDGE_CURVE('',#31370,#18990,#31350,.T.);
#31390=ORIENTED_EDGE('',*,*,#31380,.T.);
#31400=CARTESIAN_POINT('',(1.39475000000226,2.85041583838327,
5.3935999969886));
#31410=DIRECTION('',(-1.22460635382238E-16,-1.,0.));
#31420=VECTOR('',#31410,1.);
#31430=LINE('',#31400,#31420);
#31440=EDGE_CURVE('',#31370,#31280,#31430,.T.);
#31450=ORIENTED_EDGE('',*,*,#31440,.F.);
#31460=EDGE_LOOP('',(#31450,#31390,#31310,#31300));
#31470=FACE_OUTER_BOUND('',#31460,.T.);
#31480=ADVANCED_FACE('',(#31470),#31220,.T.);
#31490=CARTESIAN_POINT('',(-24.4525691493318,1.850406,9.956394628418));
#31500=DIRECTION('',(-1.22460635382238E-16,-1.,0.));
#31510=DIRECTION('',(1.,-1.22460635382238E-16,0.));
#31520=AXIS2_PLACEMENT_3D('',#31490,#31500,#31510);
#31530=PLANE('',#31520);
#31540=CARTESIAN_POINT('',(-24.2551180406493,1.850406,4.79371804597551))
;
#31550=DIRECTION('',(1.22460635382238E-16,1.,0.));
#31560=DIRECTION('',(-1.,1.22460635382238E-16,0.));
#31570=AXIS2_PLACEMENT_3D('',#31540,#31550,#31560);
#31580=CIRCLE('',#31570,0.599881962626699);
#31590=CARTESIAN_POINT('',(-24.855000003276,1.850406,4.79371804597551));
#31600=VERTEX_POINT('',#31590);
#31610=CARTESIAN_POINT('',(-24.2549999999949,1.850406,5.3935999969886));
#31620=VERTEX_POINT('',#31610);
#31630=EDGE_CURVE('',#31600,#31620,#31580,.T.);
#31640=ORIENTED_EDGE('',*,*,#31630,.F.);
#31650=CARTESIAN_POINT('',(60.6617320000057,1.85040599999999,
5.40421459150036));
#31660=DIRECTION('',(0.9999999921875,-1.22460634425514E-16,
0.000124999999027588));
#31670=VECTOR('',#31660,1.);
#31680=LINE('',#31650,#31670);
#31690=CARTESIAN_POINT('',(-23.4549999999943,1.85040600000001,5.3937));
#31700=VERTEX_POINT('',#31690);
#31710=EDGE_CURVE('',#31620,#31700,#31680,.T.);
#31720=ORIENTED_EDGE('',*,*,#31710,.F.);
#31730=CARTESIAN_POINT('',(-23.4549999999943,1.850406,4.79370000000003))
;
#31740=DIRECTION('',(1.22460635382238E-16,1.,-6.53372630584E-15));
#31750=DIRECTION('',(8.00124274826807E-31,6.53372630584E-15,1.));
#31760=AXIS2_PLACEMENT_3D('',#31730,#31740,#31750);
#31770=CIRCLE('',#31760,0.599999999999964);
#31780=CARTESIAN_POINT('',(-22.8549999999943,1.850406,4.79370000000003))
;
#31790=VERTEX_POINT('',#31780);
#31800=EDGE_CURVE('',#31700,#31790,#31770,.T.);
#31810=ORIENTED_EDGE('',*,*,#31800,.F.);
#31820=CARTESIAN_POINT('',(-22.8549999999943,1.850406,-135.259582));
#31830=DIRECTION('',(0.,0.,1.));
#31840=VECTOR('',#31830,1.);
#31850=LINE('',#31820,#31840);
#31860=CARTESIAN_POINT('',(-22.8549999999943,1.850406,8.19999999999999))
;
#31870=VERTEX_POINT('',#31860);
#31880=EDGE_CURVE('',#31790,#31870,#31850,.T.);
#31890=ORIENTED_EDGE('',*,*,#31880,.F.);
#31900=CARTESIAN_POINT('',(60.6617320000057,1.85040599999999,
8.19999999999999));
#31910=DIRECTION('',(-1.,1.22460635382238E-16,0.));
#31920=VECTOR('',#31910,1.);
#31930=LINE('',#31900,#31920);
#31940=CARTESIAN_POINT('',(-21.4549999999944,1.850406,8.19999999999999))
;
#31950=VERTEX_POINT('',#31940);
#31960=EDGE_CURVE('',#31950,#31870,#31930,.T.);
#31970=ORIENTED_EDGE('',*,*,#31960,.T.);
#31980=CARTESIAN_POINT('',(-21.1549999999944,1.850406,8.19999999999999))
;
#31990=DIRECTION('',(1.22460635382238E-16,1.,0.));
#32000=DIRECTION('',(-1.,1.22460635382238E-16,0.));
#32010=AXIS2_PLACEMENT_3D('',#31980,#31990,#32000);
#32020=CIRCLE('',#32010,0.300000000000022);
#32030=EDGE_CURVE('',#13790,#31950,#32020,.T.);
#32040=ORIENTED_EDGE('',*,*,#32030,.T.);
#32050=ORIENTED_EDGE('',*,*,#14040,.F.);
#32060=CARTESIAN_POINT('',(-21.3549999999925,1.850406,8.70000000000081))
;
#32070=DIRECTION('',(1.22460635382238E-16,1.,0.));
#32080=DIRECTION('',(-1.,1.22460635382238E-16,0.));
#32090=AXIS2_PLACEMENT_3D('',#32060,#32070,#32080);
#32100=CIRCLE('',#32090,0.499999999997997);
#32110=CARTESIAN_POINT('',(-21.0364291630263,1.850406,9.08537335381851))
;
#32120=VERTEX_POINT('',#32110);
#32130=EDGE_CURVE('',#32120,#13970,#32100,.T.);
#32140=ORIENTED_EDGE('',*,*,#32130,.T.);
#32150=CARTESIAN_POINT('',(60.6617320000057,1.85040599999999,
-56.9865838099255));
#32160=DIRECTION('',(-0.777545433957774,9.52187078810268E-17,
0.62882676321179));
#32170=VECTOR('',#32160,1.);
#32180=LINE('',#32150,#32170);
#32190=EDGE_CURVE('',#32120,#10270,#32180,.T.);
#32200=ORIENTED_EDGE('',*,*,#32190,.F.);
#32210=ORIENTED_EDGE('',*,*,#10500,.F.);
#32220=ORIENTED_EDGE('',*,*,#17460,.F.);
#32230=CARTESIAN_POINT('',(60.6617320000057,1.85040599999999,
39.0941108245408));
#32240=DIRECTION('',(-0.945324309312316,1.15765015560661E-16,
-0.326131798853153));
#32250=VECTOR('',#32240,1.);
#32260=LINE('',#32230,#32250);
#32270=CARTESIAN_POINT('',(-23.1740999999943,1.850406,10.1712));
#32280=VERTEX_POINT('',#32270);
#32290=EDGE_CURVE('',#17390,#32280,#32260,.T.);
#32300=ORIENTED_EDGE('',*,*,#32290,.F.);
#32310=CARTESIAN_POINT('',(-40.9428985526264,1.850406,-135.259582));
#32320=DIRECTION('',(0.121278577366693,-1.48518516425791E-17,
0.992618510139677));
#32330=VECTOR('',#32320,1.);
#32340=LINE('',#32310,#32330);
#32350=CARTESIAN_POINT('',(-23.1025999999943,1.850406,10.7564));
#32360=VERTEX_POINT('',#32350);
#32370=EDGE_CURVE('',#32280,#32360,#32340,.T.);
#32380=ORIENTED_EDGE('',*,*,#32370,.F.);
#32390=CARTESIAN_POINT('',(60.6617320000057,1.85040599999999,
39.6396160215263));
#32400=DIRECTION('',(-0.945376586344208,1.15771417439203E-16,
-0.325980229449843));
#32410=VECTOR('',#32400,1.);
#32420=LINE('',#32390,#32410);
#32430=CARTESIAN_POINT('',(-23.6599999999943,1.850406,10.5642));
#32440=VERTEX_POINT('',#32430);
#32450=EDGE_CURVE('',#32360,#32440,#32420,.T.);
#32460=ORIENTED_EDGE('',*,*,#32450,.F.);
#32470=CARTESIAN_POINT('',(-41.4488570558627,1.850406,-135.259582));
#32480=DIRECTION('',(0.121091057920519,-1.48288878920541E-17,
0.99264140337369));
#32490=VECTOR('',#32480,1.);
#32500=LINE('',#32470,#32490);
#32510=CARTESIAN_POINT('',(-23.5885999999944,1.850406,11.1495));
#32520=VERTEX_POINT('',#32510);
#32530=EDGE_CURVE('',#32440,#32520,#32500,.T.);
#32540=ORIENTED_EDGE('',*,*,#32530,.F.);
#32550=CARTESIAN_POINT('',(60.6617320000057,1.85040599999999,
40.2154110936473));
#32560=DIRECTION('',(-0.945324309312316,1.15765015560661E-16,
-0.326131798853153));
#32570=VECTOR('',#32560,1.);
#32580=LINE('',#32550,#32570);
#32590=EDGE_CURVE('',#32520,#12490,#32580,.T.);
#32600=ORIENTED_EDGE('',*,*,#32590,.F.);
#32610=ORIENTED_EDGE('',*,*,#12740,.F.);
#32620=CARTESIAN_POINT('',(60.6617320000057,1.85040599999999,
40.7760784779322));
#32630=DIRECTION('',(-0.945324309312313,1.15765015560661E-16,
-0.32613179885316));
#32640=VECTOR('',#32630,1.);
#32650=LINE('',#32620,#32640);
#32660=CARTESIAN_POINT('',(-24.6319999999943,1.850406,11.3502));
#32670=VERTEX_POINT('',#32660);
#32680=EDGE_CURVE('',#12670,#32670,#32650,.T.);
#32690=ORIENTED_EDGE('',*,*,#32680,.F.);
#32700=CARTESIAN_POINT('',(-42.5417888484485,1.850406,-135.259582));
#32710=DIRECTION('',(0.121258161306103,-1.48493514788273E-17,
0.992621004370078));
#32720=VECTOR('',#32710,1.);
#32730=LINE('',#32700,#32720);
#32740=EDGE_CURVE('',#32670,#28360,#32730,.T.);
#32750=ORIENTED_EDGE('',*,*,#32740,.F.);
#32760=ORIENTED_EDGE('',*,*,#28500,.F.);
#32770=ORIENTED_EDGE('',*,*,#14750,.F.);
#32780=ORIENTED_EDGE('',*,*,#11940,.F.);
#32790=ORIENTED_EDGE('',*,*,#9700,.F.);
#32800=CARTESIAN_POINT('',(60.6617320000057,1.85040599999999,
42.4270188862592));
#32810=DIRECTION('',(-0.945428844850922,1.15777817049139E-16,
-0.325828634904686));
#32820=VECTOR('',#32810,1.);
#32830=LINE('',#32800,#32820);
#32840=CARTESIAN_POINT('',(-26.0898999999943,1.850406,12.5293));
#32850=VERTEX_POINT('',#32840);
#32860=EDGE_CURVE('',#9630,#32850,#32830,.T.);
#32870=ORIENTED_EDGE('',*,*,#32860,.F.);
#32880=CARTESIAN_POINT('',(-44.1047975801315,1.850406,-135.259582));
#32890=DIRECTION('',(0.121000523569082,-1.48178009978532E-17,
0.992652443353669));
#32900=VECTOR('',#32890,1.);
#32910=LINE('',#32880,#32900);
#32920=CARTESIAN_POINT('',(-26.0531925442018,1.850406,12.8310389549964))
;
#32930=VERTEX_POINT('',#32920);
#32940=EDGE_CURVE('',#32850,#32930,#32910,.T.);
#32950=ORIENTED_EDGE('',*,*,#32940,.F.);
#32960=CARTESIAN_POINT('',(-26.5483999999941,1.850406,12.8999999999998))
;
#32970=DIRECTION('',(1.22460635382238E-16,1.,0.));
#32980=DIRECTION('',(-1.,1.22460635382238E-16,0.));
#32990=AXIS2_PLACEMENT_3D('',#32960,#32970,#32980);
#33000=CIRCLE('',#32990,0.499986049805623);
#33010=CARTESIAN_POINT('',(-26.0484139501884,1.850406,12.8999999999998))
;
#33020=VERTEX_POINT('',#33010);
#33030=EDGE_CURVE('',#33020,#32930,#33000,.T.);
#33040=ORIENTED_EDGE('',*,*,#33030,.T.);
#33050=CARTESIAN_POINT('',(-26.7629783486291,1.850406,13.3515995818167))
;
#33060=VERTEX_POINT('',#33050);
#33070=EDGE_CURVE('',#33060,#33020,#33000,.T.);
#33080=ORIENTED_EDGE('',*,*,#33070,.T.);
#33090=CARTESIAN_POINT('',(60.6617320000057,1.85040599999999,
54.1143807618275));
#33100=DIRECTION('',(-0.906324076871476,1.10989022315901E-16,
-0.42258332631928));
#33110=VECTOR('',#33100,1.);
#33120=LINE('',#33090,#33110);
#33130=EDGE_CURVE('',#33060,#7250,#33120,.T.);
#33140=ORIENTED_EDGE('',*,*,#33130,.F.);
#33150=ORIENTED_EDGE('',*,*,#7520,.T.);
#33160=EDGE_CURVE('',#9850,#7440,#7510,.T.);
#33170=ORIENTED_EDGE('',*,*,#33160,.T.);
#33180=ORIENTED_EDGE('',*,*,#10100,.T.);
#33190=CARTESIAN_POINT('',(-25.7549999999943,1.850406,-135.259582));
#33200=DIRECTION('',(0.,0.,1.));
#33210=VECTOR('',#33200,1.);
#33220=LINE('',#33190,#33210);
#33230=EDGE_CURVE('',#14290,#10030,#33220,.T.);
#33240=ORIENTED_EDGE('',*,*,#33230,.T.);
#33250=ORIENTED_EDGE('',*,*,#14300,.T.);
#33260=CARTESIAN_POINT('',(-24.8549999999944,1.850406,-135.259582));
#33270=DIRECTION('',(0.,0.,1.));
#33280=VECTOR('',#33270,1.);
#33290=LINE('',#33260,#33280);
#33300=EDGE_CURVE('',#14210,#31600,#33290,.T.);
#33310=ORIENTED_EDGE('',*,*,#33300,.F.);
#33320=EDGE_LOOP('',(#33310,#33250,#33240,#33180,#33170,#33150,#33140,
#33080,#33040,#32950,#32870,#32790,#32780,#32770,#32760,#32750,#32690,
#32610,#32600,#32540,#32460,#32380,#32300,#32220,#32210,#32200,#32140,
#32050,#32040,#31970,#31890,#31810,#31720,#31640));
#33330=FACE_OUTER_BOUND('',#33320,.T.);
#33340=ADVANCED_FACE('',(#33330),#31530,.F.);
#33350=CARTESIAN_POINT('',(-24.5962499999943,0.000406000000002571,
11.64285));
#33360=DIRECTION('',(-0.992621004370078,1.21556998888915E-16,
0.121258161306103));
#33370=DIRECTION('',(0.121258161306103,-1.48493514788273E-17,
0.992621004370078));
#33380=AXIS2_PLACEMENT_3D('',#33350,#33360,#33370);
#33390=PLANE('',#33380);
#33400=CARTESIAN_POINT('',(-24.6319999999943,-4.249594,11.3502));
#33410=DIRECTION('',(-1.22460635382238E-16,-1.,0.));
#33420=VECTOR('',#33410,1.);
#33430=LINE('',#33400,#33420);
#33440=CARTESIAN_POINT('',(-24.6319999999943,-1.849594,11.3502));
#33450=VERTEX_POINT('',#33440);
#33460=EDGE_CURVE('',#32670,#33450,#33430,.T.);
#33470=ORIENTED_EDGE('',*,*,#33460,.F.);
#33480=CARTESIAN_POINT('',(-42.5417888484485,-1.849594,-135.259582));
#33490=DIRECTION('',(-0.121258161306103,1.48493514788273E-17,
-0.992621004370078));
#33500=VECTOR('',#33490,1.);
#33510=LINE('',#33480,#33500);
#33520=EDGE_CURVE('',#28340,#33450,#33510,.T.);
#33530=ORIENTED_EDGE('',*,*,#33520,.T.);
#33540=ORIENTED_EDGE('',*,*,#28370,.F.);
#33550=ORIENTED_EDGE('',*,*,#32740,.T.);
#33560=EDGE_LOOP('',(#33550,#33540,#33530,#33470));
#33570=FACE_OUTER_BOUND('',#33560,.T.);
#33580=ADVANCED_FACE('',(#33570),#33390,.F.);
#33590=CARTESIAN_POINT('',(-24.3532999999943,0.000406000000002571,
11.44635));
#33600=DIRECTION('',(0.32613179885316,-3.99383073059101E-17,
-0.945324309312313));
#33610=DIRECTION('',(-0.945324309312313,1.15765015560661E-16,
-0.32613179885316));
#33620=AXIS2_PLACEMENT_3D('',#33590,#33600,#33610);
#33630=PLANE('',#33620);
#33640=ORIENTED_EDGE('',*,*,#12680,.T.);
#33650=CARTESIAN_POINT('',(60.6617320000057,-1.84959400000001,
40.7760784779322));
#33660=DIRECTION('',(0.945324309312313,-1.15765015560661E-16,
0.32613179885316));
#33670=VECTOR('',#33660,1.);
#33680=LINE('',#33650,#33670);
#33690=EDGE_CURVE('',#33450,#12590,#33680,.T.);
#33700=ORIENTED_EDGE('',*,*,#33690,.T.);
#33710=ORIENTED_EDGE('',*,*,#33460,.T.);
#33720=ORIENTED_EDGE('',*,*,#32680,.T.);
#33730=EDGE_LOOP('',(#33720,#33710,#33700,#33640));
#33740=FACE_OUTER_BOUND('',#33730,.T.);
#33750=ADVANCED_FACE('',(#33740),#33630,.F.);
#33760=CARTESIAN_POINT('',(0.99474905785317,-2.799594,4.54370235785302))
;
#33770=DIRECTION('',(-1.22460635382238E-16,-1.,0.));
#33780=DIRECTION('',(1.,-1.22460635382238E-16,0.));
#33790=AXIS2_PLACEMENT_3D('',#33760,#33770,#33780);
#33800=PLANE('',#33790);
#33810=CARTESIAN_POINT('',(0.594750000001682,-2.799594,4.29370000000003)
);
#33820=DIRECTION('',(2.37067177079355E-15,-1.,0.));
#33830=DIRECTION('',(1.,2.37067177079355E-15,0.));
#33840=AXIS2_PLACEMENT_3D('',#33810,#33820,#33830);
#33850=CIRCLE('',#33840,0.600000000000034);
#33860=CARTESIAN_POINT('',(-0.00524999999834823,-2.799594,
4.29370000000003));
#33870=VERTEX_POINT('',#33860);
#33880=CARTESIAN_POINT('',(0.594750000001667,-2.799594,3.69370000000001)
);
#33890=VERTEX_POINT('',#33880);
#33900=EDGE_CURVE('',#33870,#33890,#33850,.T.);
#33910=ORIENTED_EDGE('',*,*,#33900,.T.);
#33920=CARTESIAN_POINT('',(-0.00524999999832687,-2.799594,-135.259582));
#33930=DIRECTION('',(0.,-0.,-1.));
#33940=VECTOR('',#33930,1.);
#33950=LINE('',#33920,#33940);
#33960=CARTESIAN_POINT('',(-0.00524999999837693,-2.799594,
4.79369999999991));
#33970=VERTEX_POINT('',#33960);
#33980=EDGE_CURVE('',#33970,#33870,#33950,.T.);
#33990=ORIENTED_EDGE('',*,*,#33980,.T.);
#34000=CARTESIAN_POINT('',(0.594750000001696,-2.799594,4.79369999999992)
);
#34010=DIRECTION('',(1.29449919762978E-14,-1.,-6.53372630584E-15));
#34020=DIRECTION('',(1.,1.29449919762978E-14,0.));
#34030=AXIS2_PLACEMENT_3D('',#34000,#34010,#34020);
#34040=CIRCLE('',#34030,0.600000000000077);
#34050=CARTESIAN_POINT('',(0.594750000001667,-2.799594,5.39370000000002)
);
#34060=VERTEX_POINT('',#34050);
#34070=EDGE_CURVE('',#34060,#33970,#34040,.T.);
#34080=ORIENTED_EDGE('',*,*,#34070,.T.);
#34090=CARTESIAN_POINT('',(-83.5219819999983,-2.79959399999999,
5.40421459150036));
#34100=DIRECTION('',(0.9999999921875,-1.22460634425514E-16,
-0.000124999999027585));
#34110=VECTOR('',#34100,1.);
#34120=LINE('',#34090,#34110);
#34130=CARTESIAN_POINT('',(1.39475000000169,-2.799594,5.39360000000002))
;
#34140=VERTEX_POINT('',#34130);
#34150=EDGE_CURVE('',#34060,#34140,#34120,.T.);
#34160=ORIENTED_EDGE('',*,*,#34150,.F.);
#34170=CARTESIAN_POINT('',(1.39486804065662,-2.799594,4.79371804597551))
;
#34180=DIRECTION('',(-1.22460635382238E-16,-1.,0.));
#34190=DIRECTION('',(1.,-1.22460635382238E-16,0.));
#34200=AXIS2_PLACEMENT_3D('',#34170,#34180,#34190);
#34210=CIRCLE('',#34200,0.599881962626699);
#34220=CARTESIAN_POINT('',(1.99475000328332,-2.799594,4.79371804597551))
;
#34230=VERTEX_POINT('',#34220);
#34240=EDGE_CURVE('',#34230,#34140,#34210,.T.);
#34250=ORIENTED_EDGE('',*,*,#34240,.T.);
#34260=CARTESIAN_POINT('',(1.99475000000169,-2.799594,-135.259582));
#34270=DIRECTION('',(0.,-0.,-1.));
#34280=VECTOR('',#34270,1.);
#34290=LINE('',#34260,#34280);
#34300=CARTESIAN_POINT('',(1.9947500000017,-2.799594,4.29370000000003));
#34310=VERTEX_POINT('',#34300);
#34320=EDGE_CURVE('',#34230,#34310,#34290,.T.);
#34330=ORIENTED_EDGE('',*,*,#34320,.F.);
#34340=CARTESIAN_POINT('',(1.39475000000168,-2.799594,4.29370000000003))
;
#34350=DIRECTION('',(2.37067177079355E-15,-1.,0.));
#34360=DIRECTION('',(1.,2.37067177079355E-15,0.));
#34370=AXIS2_PLACEMENT_3D('',#34340,#34350,#34360);
#34380=CIRCLE('',#34370,0.600000000000022);
#34390=CARTESIAN_POINT('',(1.84215981773644,-2.799594,3.89391949147748))
;
#34400=VERTEX_POINT('',#34390);
#34410=EDGE_CURVE('',#34400,#34310,#34380,.T.);
#34420=ORIENTED_EDGE('',*,*,#34410,.T.);
#34430=CARTESIAN_POINT('',(1.91990000000173,-2.799594,3.39999999999992))
;
#34440=DIRECTION('',(1.22460635382238E-16,1.,0.));
#34450=DIRECTION('',(-1.,1.22460635382238E-16,0.));
#34460=AXIS2_PLACEMENT_3D('',#34430,#34440,#34450);
#34470=CIRCLE('',#34460,0.500000000000076);
#34480=CARTESIAN_POINT('',(1.52625235657561,-2.799594,3.70828806792525))
;
#34490=VERTEX_POINT('',#34480);
#34500=EDGE_CURVE('',#34490,#34400,#34470,.T.);
#34510=ORIENTED_EDGE('',*,*,#34500,.T.);
#34520=CARTESIAN_POINT('',(1.39475000000168,-2.799594,4.29370000000003))
;
#34530=DIRECTION('',(2.37067177079355E-15,-1.,0.));
#34540=DIRECTION('',(1.,2.37067177079355E-15,0.));
#34550=AXIS2_PLACEMENT_3D('',#34520,#34530,#34540);
#34560=CIRCLE('',#34550,0.600000000000022);
#34570=CARTESIAN_POINT('',(1.39475000000168,-2.799594,3.69370000000001))
;
#34580=VERTEX_POINT('',#34570);
#34590=EDGE_CURVE('',#34580,#34490,#34560,.T.);
#34600=ORIENTED_EDGE('',*,*,#34590,.T.);
#34610=CARTESIAN_POINT('',(-83.5219819999983,-2.79959399999999,
3.69370000000001));
#34620=DIRECTION('',(1.,-1.22460635382238E-16,0.));
#34630=VECTOR('',#34620,1.);
#34640=LINE('',#34610,#34630);
#34650=EDGE_CURVE('',#33890,#34580,#34640,.T.);
#34660=ORIENTED_EDGE('',*,*,#34650,.T.);
#34670=EDGE_LOOP('',(#34660,#34600,#34510,#34420,#34330,#34250,#34160,
#34080,#33990,#33910));
#34680=FACE_OUTER_BOUND('',#34670,.T.);
#34690=ADVANCED_FACE('',(#34680),#33800,.T.);
#34700=CARTESIAN_POINT('',(-24.8550001530813,1.400406,-2.00430405751447)
);
#34710=DIRECTION('',(-1.22460635382238E-16,-1.,0.));
#34720=DIRECTION('',(1.,-1.22460635382238E-16,0.));
#34730=AXIS2_PLACEMENT_3D('',#34700,#34710,#34720);
#34740=PLANE('',#34730);
#34750=CARTESIAN_POINT('',(-25.4410199358082,1.400406,3.40016168347861))
;
#34760=DIRECTION('',(-1.22460635382238E-16,-1.,0.));
#34770=DIRECTION('',(1.,-1.22460635382238E-16,0.));
#34780=AXIS2_PLACEMENT_3D('',#34750,#34760,#34770);
#34790=CIRCLE('',#34780,0.499844566879941);
#34800=CARTESIAN_POINT('',(-25.4410199358082,1.400406,3.90000625035856))
;
#34810=VERTEX_POINT('',#34800);
#34820=CARTESIAN_POINT('',(-25.7560579383151,1.400406,3.78822823449258))
;
#34830=VERTEX_POINT('',#34820);
#34840=EDGE_CURVE('',#34810,#34830,#34790,.T.);
#34850=ORIENTED_EDGE('',*,*,#34840,.T.);
#34860=CARTESIAN_POINT('',(60.6617820000057,1.40040599999999,
3.90000625035856));
#34870=DIRECTION('',(-1.,1.22460635382238E-16,0.));
#34880=VECTOR('',#34870,1.);
#34890=LINE('',#34860,#34880);
#34900=CARTESIAN_POINT('',(-24.7800999999944,1.400406,3.90000625035856))
;
#34910=VERTEX_POINT('',#34900);
#34920=EDGE_CURVE('',#34910,#34810,#34890,.T.);
#34930=ORIENTED_EDGE('',*,*,#34920,.T.);
#34940=CARTESIAN_POINT('',(-24.7800999999944,1.400406,3.39999999999992))
;
#34950=DIRECTION('',(-1.22460635382238E-16,-1.,0.));
#34960=DIRECTION('',(1.,-1.22460635382238E-16,0.));
#34970=AXIS2_PLACEMENT_3D('',#34940,#34950,#34960);
#34980=CIRCLE('',#34970,0.500000000000076);
#34990=CARTESIAN_POINT('',(-24.7024179966422,1.400406,3.89392864500371))
;
#35000=VERTEX_POINT('',#34990);
#35010=EDGE_CURVE('',#35000,#34910,#34980,.T.);
#35020=ORIENTED_EDGE('',*,*,#35010,.T.);
#35030=CARTESIAN_POINT('',(-24.2549999999943,1.400406,4.29370000000003))
;
#35040=DIRECTION('',(2.61559304155803E-15,1.,0.));
#35050=DIRECTION('',(-1.,2.61559304155803E-15,0.));
#35060=AXIS2_PLACEMENT_3D('',#35030,#35040,#35050);
#35070=CIRCLE('',#35060,0.600000000000022);
#35080=CARTESIAN_POINT('',(-24.8549999999944,1.400406,4.29370000000003))
;
#35090=VERTEX_POINT('',#35080);
#35100=EDGE_CURVE('',#35000,#35090,#35070,.T.);
#35110=ORIENTED_EDGE('',*,*,#35100,.F.);
#35120=CARTESIAN_POINT('',(-24.8549999999944,1.400406,-135.259582));
#35130=DIRECTION('',(0.,-0.,-1.));
#35140=VECTOR('',#35130,1.);
#35150=LINE('',#35120,#35140);
#35160=EDGE_CURVE('',#14190,#35090,#35150,.T.);
#35170=ORIENTED_EDGE('',*,*,#35160,.T.);
#35180=ORIENTED_EDGE('',*,*,#14440,.T.);
#35190=CARTESIAN_POINT('',(-25.7549999999943,1.400406,-135.259582));
#35200=DIRECTION('',(0.,-0.,-1.));
#35210=VECTOR('',#35200,1.);
#35220=LINE('',#35190,#35210);
#35230=EDGE_CURVE('',#14370,#34830,#35220,.T.);
#35240=ORIENTED_EDGE('',*,*,#35230,.F.);
#35250=EDGE_LOOP('',(#35240,#35180,#35170,#35110,#35020,#34930,#34850));
#35260=FACE_OUTER_BOUND('',#35250,.T.);
#35270=ADVANCED_FACE('',(#35260),#34740,.F.);
#35280=CARTESIAN_POINT('',(-21.9731499999926,3.450406,1.89144999999999))
;
#35290=DIRECTION('',(-0.972261302342511,1.19063736842426E-16,
-0.233897327832631));
#35300=DIRECTION('',(-0.233897327832631,2.86432153805915E-17,
0.972261302342511));
#35310=AXIS2_PLACEMENT_3D('',#35280,#35290,#35300);
#35320=PLANE('',#35310);
#35330=CARTESIAN_POINT('',(-22.2439544938496,3.09040599999994,
3.01688689771299));
#35340=DIRECTION('',(1.22460635382238E-16,1.,0.));
#35350=VECTOR('',#35340,1.);
#35360=LINE('',#35330,#35350);
#35370=CARTESIAN_POINT('',(-22.2439000016581,3.150406,3.01690000692341))
;
#35380=VERTEX_POINT('',#35370);
#35390=CARTESIAN_POINT('',(-22.2439000016581,4.250406,3.01690000692341))
;
#35400=VERTEX_POINT('',#35390);
#35410=EDGE_CURVE('',#35380,#35400,#35360,.T.);
#35420=ORIENTED_EDGE('',*,*,#35410,.F.);
#35430=CARTESIAN_POINT('',(11.0208046528129,4.250406,-135.257382));
#35440=DIRECTION('',(-0.233897327832631,5.63987909962204E-17,
0.972261302342511));
#35450=VECTOR('',#35440,1.);
#35460=LINE('',#35430,#35450);
#35470=CARTESIAN_POINT('',(-21.7024000009535,4.250406,0.766000003994378)
);
#35480=VERTEX_POINT('',#35470);
#35490=EDGE_CURVE('',#35480,#35400,#35460,.T.);
#35500=ORIENTED_EDGE('',*,*,#35490,.T.);
#35510=CARTESIAN_POINT('',(-21.7024606436066,2.650406,0.766282334236109)
);
#35520=DIRECTION('',(1.22460635382238E-16,1.,0.));
#35530=VECTOR('',#35520,1.);
#35540=LINE('',#35510,#35530);
#35550=CARTESIAN_POINT('',(-21.7024675231178,3.150406,0.766280679229084)
);
#35560=VERTEX_POINT('',#35550);
#35570=EDGE_CURVE('',#35560,#35480,#35540,.T.);
#35580=ORIENTED_EDGE('',*,*,#35570,.T.);
#35590=CARTESIAN_POINT('',(11.0208046528129,3.150406,-135.257382));
#35600=DIRECTION('',(0.233897327832631,-2.86432153805915E-17,
-0.972261302342511));
#35610=VECTOR('',#35600,1.);
#35620=LINE('',#35590,#35610);
#35630=EDGE_CURVE('',#35380,#35560,#35620,.T.);
#35640=ORIENTED_EDGE('',*,*,#35630,.T.);
#35650=EDGE_LOOP('',(#35640,#35580,#35500,#35420));
#35660=FACE_OUTER_BOUND('',#35650,.T.);
#35670=ADVANCED_FACE('',(#35660),#35320,.F.);
#35680=CARTESIAN_POINT('',(-24.2549999999943,2.800406,4.29370000000003))
;
#35690=DIRECTION('',(-2.61559304155803E-15,-1.,0.));
#35700=DIRECTION('',(-1.,2.61559304155803E-15,0.));
#35710=AXIS2_PLACEMENT_3D('',#35680,#35690,#35700);
#35720=CYLINDRICAL_SURFACE('',#35710,0.600000000000022);
#35730=CARTESIAN_POINT('',(-24.7024179966422,8.98940600000001,
3.89392864500371));
#35740=DIRECTION('',(1.22460635382238E-16,1.,0.));
#35750=VECTOR('',#35740,1.);
#35760=LINE('',#35730,#35750);
#35770=EDGE_CURVE('',#27680,#27260,#35760,.T.);
#35780=ORIENTED_EDGE('',*,*,#35770,.F.);
#35790=ORIENTED_EDGE('',*,*,#27270,.F.);
#35800=CARTESIAN_POINT('',(-24.8549999999944,2.800406,4.29370000000003))
;
#35810=DIRECTION('',(-2.61559304155803E-15,-1.,0.));
#35820=VECTOR('',#35810,1.);
#35830=LINE('',#35800,#35820);
#35840=EDGE_CURVE('',#27170,#27770,#35830,.T.);
#35850=ORIENTED_EDGE('',*,*,#35840,.F.);
#35860=ORIENTED_EDGE('',*,*,#27780,.T.);
#35870=EDGE_LOOP('',(#35860,#35850,#35790,#35780));
#35880=FACE_OUTER_BOUND('',#35870,.T.);
#35890=ADVANCED_FACE('',(#35880),#35720,.T.);
#35900=CARTESIAN_POINT('',(-24.8800987040638,4.750406,-4.99999994239249)
);
#35910=DIRECTION('',(-1.22460635382238E-16,-1.,0.));
#35920=DIRECTION('',(1.,-1.22460635382238E-16,0.));
#35930=AXIS2_PLACEMENT_3D('',#35900,#35910,#35920);
#35940=PLANE('',#35930);
#35950=EDGE_CURVE('',#26480,#26670,#26740,.T.);
#35960=ORIENTED_EDGE('',*,*,#35950,.T.);
#35970=ORIENTED_EDGE('',*,*,#26750,.T.);
#35980=EDGE_LOOP('',(#35970,#35960));
#35990=FACE_BOUND('',#35980,.T.);
#36000=CARTESIAN_POINT('',(-24.8800999999943,4.750406,-10.88));
#36010=DIRECTION('',(-1.22460635382238E-16,-1.,0.));
#36020=DIRECTION('',(-1.,1.22460635382238E-16,0.));
#36030=AXIS2_PLACEMENT_3D('',#36000,#36010,#36020);
#36040=CIRCLE('',#36030,1.35000000000001);
#36050=CARTESIAN_POINT('',(-26.2300999999944,4.750406,-10.88));
#36060=VERTEX_POINT('',#36050);
#36070=CARTESIAN_POINT('',(-23.5300999999943,4.750406,-10.88));
#36080=VERTEX_POINT('',#36070);
#36090=EDGE_CURVE('',#36060,#36080,#36040,.T.);
#36100=ORIENTED_EDGE('',*,*,#36090,.T.);
#36110=EDGE_CURVE('',#36080,#36060,#36040,.T.);
#36120=ORIENTED_EDGE('',*,*,#36110,.T.);
#36130=EDGE_LOOP('',(#36120,#36100));
#36140=FACE_BOUND('',#36130,.T.);
#36150=CARTESIAN_POINT('',(-25.8800999999943,4.750406,-135.257382));
#36160=DIRECTION('',(0.,0.,1.));
#36170=VECTOR('',#36160,1.);
#36180=LINE('',#36150,#36170);
#36190=CARTESIAN_POINT('',(-25.8800999999943,4.750406,-7.88000000000001)
);
#36200=VERTEX_POINT('',#36190);
#36210=EDGE_CURVE('',#36200,#28750,#36180,.T.);
#36220=ORIENTED_EDGE('',*,*,#36210,.T.);
#36230=CARTESIAN_POINT('',(60.6117820000056,4.75040599999999,
-7.88000000000001));
#36240=DIRECTION('',(1.,-1.22460635382238E-16,0.));
#36250=VECTOR('',#36240,1.);
#36260=LINE('',#36230,#36250);
#36270=CARTESIAN_POINT('',(-26.8800999999943,4.750406,-7.88000000000001)
);
#36280=VERTEX_POINT('',#36270);
#36290=EDGE_CURVE('',#36280,#36200,#36260,.T.);
#36300=ORIENTED_EDGE('',*,*,#36290,.T.);
#36310=CARTESIAN_POINT('',(-26.8800999999943,4.750406,-135.257382));
#36320=DIRECTION('',(0.,-0.,-1.));
#36330=VECTOR('',#36320,1.);
#36340=LINE('',#36310,#36330);
#36350=EDGE_CURVE('',#36280,#370,#36340,.T.);
#36360=ORIENTED_EDGE('',*,*,#36350,.F.);
#36370=ORIENTED_EDGE('',*,*,#380,.T.);
#36380=CARTESIAN_POINT('',(-22.8800999999943,4.750406,-135.257382));
#36390=DIRECTION('',(0.,-0.,-1.));
#36400=VECTOR('',#36390,1.);
#36410=LINE('',#36380,#36400);
#36420=CARTESIAN_POINT('',(-22.8800999999943,4.750406,-7.88000000000001)
);
#36430=VERTEX_POINT('',#36420);
#36440=EDGE_CURVE('',#36430,#290,#36410,.T.);
#36450=ORIENTED_EDGE('',*,*,#36440,.T.);
#36460=CARTESIAN_POINT('',(60.6117820000056,4.75040599999999,
-7.88000000000001));
#36470=DIRECTION('',(1.,-1.22460635382238E-16,0.));
#36480=VECTOR('',#36470,1.);
#36490=LINE('',#36460,#36480);
#36500=CARTESIAN_POINT('',(-23.8800999999943,4.750406,-7.88000000000001)
);
#36510=VERTEX_POINT('',#36500);
#36520=EDGE_CURVE('',#36510,#36430,#36490,.T.);
#36530=ORIENTED_EDGE('',*,*,#36520,.T.);
#36540=CARTESIAN_POINT('',(-23.8800999999943,4.750406,-135.257382));
#36550=DIRECTION('',(0.,-0.,-1.));
#36560=VECTOR('',#36550,1.);
#36570=LINE('',#36540,#36560);
#36580=EDGE_CURVE('',#28830,#36510,#36570,.T.);
#36590=ORIENTED_EDGE('',*,*,#36580,.T.);
#36600=ORIENTED_EDGE('',*,*,#28840,.T.);
#36610=EDGE_LOOP('',(#36600,#36590,#36530,#36450,#36370,#36360,#36300,
#36220));
#36620=FACE_OUTER_BOUND('',#36610,.T.);
#36630=ADVANCED_FACE('',(#35990,#36140,#36620),#35940,.F.);
#36640=CARTESIAN_POINT('',(-24.8800999999943,5.750406,-10.88));
#36650=DIRECTION('',(-1.22460635382238E-16,-1.,0.));
#36660=DIRECTION('',(-1.,1.22460635382238E-16,0.));
#36670=AXIS2_PLACEMENT_3D('',#36640,#36650,#36660);
#36680=CYLINDRICAL_SURFACE('',#36670,1.35000000000001);
#36690=CARTESIAN_POINT('',(-26.2300999999944,5.750406,-10.88));
#36700=DIRECTION('',(-1.22460635382238E-16,-1.,0.));
#36710=VECTOR('',#36700,1.);
#36720=LINE('',#36690,#36710);
#36730=CARTESIAN_POINT('',(-26.2300999999944,-2.149594,-10.88));
#36740=VERTEX_POINT('',#36730);
#36750=EDGE_CURVE('',#36060,#36740,#36720,.T.);
#36760=ORIENTED_EDGE('',*,*,#36750,.F.);
#36770=CARTESIAN_POINT('',(-24.8800999999943,-2.149594,-10.88));
#36780=DIRECTION('',(-1.22460635382238E-16,-1.,0.));
#36790=DIRECTION('',(-1.,1.22460635382238E-16,0.));
#36800=AXIS2_PLACEMENT_3D('',#36770,#36780,#36790);
#36810=CIRCLE('',#36800,1.35000000000001);
#36820=CARTESIAN_POINT('',(-23.5300999999943,-2.149594,-10.88));
#36830=VERTEX_POINT('',#36820);
#36840=EDGE_CURVE('',#36830,#36740,#36810,.T.);
#36850=ORIENTED_EDGE('',*,*,#36840,.T.);
#36860=CARTESIAN_POINT('',(-23.5300999999943,5.750406,-10.88));
#36870=DIRECTION('',(-1.22460635382238E-16,-1.,0.));
#36880=VECTOR('',#36870,1.);
#36890=LINE('',#36860,#36880);
#36900=EDGE_CURVE('',#36080,#36830,#36890,.T.);
#36910=ORIENTED_EDGE('',*,*,#36900,.T.);
#36920=ORIENTED_EDGE('',*,*,#36110,.F.);
#36930=EDGE_LOOP('',(#36920,#36910,#36850,#36760));
#36940=FACE_OUTER_BOUND('',#36930,.T.);
#36950=ADVANCED_FACE('',(#36940),#36680,.F.);
#36960=CARTESIAN_POINT('',(4.01990000000167,4.500406,-10.64));
#36970=DIRECTION('',(1.,-1.22460635382238E-16,0.));
#36980=DIRECTION('',(0.,-0.,-1.));
#36990=AXIS2_PLACEMENT_3D('',#36960,#36970,#36980);
#37000=PLANE('',#36990);
#37010=CARTESIAN_POINT('',(4.01990000000167,4.250406,-135.257382));
#37020=DIRECTION('',(0.,-0.,-1.));
#37030=VECTOR('',#37020,1.);
#37040=LINE('',#37010,#37030);
#37050=CARTESIAN_POINT('',(4.01990000000167,4.250406,-7.88000000000001))
;
#37060=VERTEX_POINT('',#37050);
#37070=EDGE_CURVE('',#37060,#1170,#37040,.T.);
#37080=ORIENTED_EDGE('',*,*,#37070,.T.);
#37090=CARTESIAN_POINT('',(4.01990000000167,-4.249594,-7.88000000000001)
);
#37100=DIRECTION('',(1.22460635382238E-16,1.,0.));
#37110=VECTOR('',#37100,1.);
#37120=LINE('',#37090,#37110);
#37130=EDGE_CURVE('',#37060,#30980,#37120,.T.);
#37140=ORIENTED_EDGE('',*,*,#37130,.F.);
#37150=ORIENTED_EDGE('',*,*,#30990,.F.);
#37160=ORIENTED_EDGE('',*,*,#1260,.F.);
#37170=EDGE_LOOP('',(#37160,#37150,#37140,#37080));
#37180=FACE_OUTER_BOUND('',#37170,.T.);
#37190=ADVANCED_FACE('',(#37180),#37000,.T.);
#37200=CARTESIAN_POINT('',(0.569900000001667,4.500406,-7.88000000000001)
);
#37210=DIRECTION('',(-0.,0.,1.));
#37220=DIRECTION('',(1.,-1.22460635382238E-16,0.));
#37230=AXIS2_PLACEMENT_3D('',#37200,#37210,#37220);
#37240=PLANE('',#37230);
#37250=CARTESIAN_POINT('',(-83.4719819999983,4.250406,-7.88000000000001)
);
#37260=DIRECTION('',(1.,0.,0.));
#37270=VECTOR('',#37260,1.);
#37280=LINE('',#37250,#37270);
#37290=CARTESIAN_POINT('',(0.0199000000016696,4.250406,-7.88000000000001
));
#37300=VERTEX_POINT('',#37290);
#37310=CARTESIAN_POINT('',(1.01990000000167,4.250406,-7.88000000000001))
;
#37320=VERTEX_POINT('',#37310);
#37330=EDGE_CURVE('',#37300,#37320,#37280,.T.);
#37340=ORIENTED_EDGE('',*,*,#37330,.T.);
#37350=CARTESIAN_POINT('',(0.0199000000016696,-4.249594,
-7.88000000000001));
#37360=DIRECTION('',(-1.22460635382238E-16,-1.,0.));
#37370=VECTOR('',#37360,1.);
#37380=LINE('',#37350,#37370);
#37390=EDGE_CURVE('',#30830,#37300,#37380,.T.);
#37400=ORIENTED_EDGE('',*,*,#37390,.T.);
#37410=ORIENTED_EDGE('',*,*,#30840,.T.);
#37420=CARTESIAN_POINT('',(1.01990000000167,-4.249594,-7.88000000000001)
);
#37430=DIRECTION('',(1.22460635382238E-16,1.,0.));
#37440=VECTOR('',#37430,1.);
#37450=LINE('',#37420,#37440);
#37460=EDGE_CURVE('',#37320,#30750,#37450,.T.);
#37470=ORIENTED_EDGE('',*,*,#37460,.T.);
#37480=EDGE_LOOP('',(#37470,#37410,#37400,#37340));
#37490=FACE_OUTER_BOUND('',#37480,.T.);
#37500=ADVANCED_FACE('',(#37490),#37240,.T.);
#37510=CARTESIAN_POINT('',(-0.130100000000525,2.650406,2.90000000000046)
);
#37520=DIRECTION('',(1.22460635382238E-16,1.,0.));
#37530=DIRECTION('',(-1.,1.22460635382238E-16,0.));
#37540=AXIS2_PLACEMENT_3D('',#37510,#37520,#37530);
#37550=CYLINDRICAL_SURFACE('',#37540,0.499999999999466);
#37560=CARTESIAN_POINT('',(-0.130100000000468,3.150406,2.9000000000004))
;
#37570=DIRECTION('',(1.22460635382238E-16,1.,0.));
#37580=DIRECTION('',(-1.,1.22460635382238E-16,0.));
#37590=AXIS2_PLACEMENT_3D('',#37560,#37570,#37580);
#37600=CIRCLE('',#37590,0.499999999999543);
#37610=CARTESIAN_POINT('',(-0.616299996669142,3.150406,3.01690001384614)
);
#37620=VERTEX_POINT('',#37610);
#37630=CARTESIAN_POINT('',(-0.130100000000098,3.150406,3.40000000000001)
);
#37640=VERTEX_POINT('',#37630);
#37650=EDGE_CURVE('',#37620,#37640,#37600,.T.);
#37660=ORIENTED_EDGE('',*,*,#37650,.T.);
#37670=CARTESIAN_POINT('',(-0.61624550447857,-5.40859400000005,
3.01688690463595));
#37680=DIRECTION('',(1.22460635382238E-16,1.,0.));
#37690=VECTOR('',#37680,1.);
#37700=LINE('',#37670,#37690);
#37710=CARTESIAN_POINT('',(-0.616245502814223,4.250406,3.01688691155812)
);
#37720=VERTEX_POINT('',#37710);
#37730=EDGE_CURVE('',#37620,#37720,#37700,.T.);
#37740=ORIENTED_EDGE('',*,*,#37730,.F.);
#37750=CARTESIAN_POINT('',(-0.130100000000468,4.250406,2.9000000000004))
;
#37760=DIRECTION('',(1.22460635382238E-16,1.,0.));
#37770=DIRECTION('',(-1.,1.22460635382238E-16,0.));
#37780=AXIS2_PLACEMENT_3D('',#37750,#37760,#37770);
#37790=CIRCLE('',#37780,0.499999999999543);
#37800=CARTESIAN_POINT('',(-0.130100000000112,4.250406,3.39999999999992)
);
#37810=VERTEX_POINT('',#37800);
#37820=EDGE_CURVE('',#37720,#37810,#37790,.T.);
#37830=ORIENTED_EDGE('',*,*,#37820,.F.);
#37840=EDGE_CURVE('',#37640,#37810,#15700,.T.);
#37850=ORIENTED_EDGE('',*,*,#37840,.T.);
#37860=EDGE_LOOP('',(#37850,#37830,#37740,#37660));
#37870=FACE_OUTER_BOUND('',#37860,.T.);
#37880=ADVANCED_FACE('',(#37870),#37550,.T.);
#37890=CARTESIAN_POINT('',(4.68985000000139,1.850406,12.4328999999998));
#37900=DIRECTION('',(-1.22460635382238E-16,-1.,0.));
#37910=DIRECTION('',(1.,-1.22460635382238E-16,0.));
#37920=AXIS2_PLACEMENT_3D('',#37890,#37900,#37910);
#37930=CYLINDRICAL_SURFACE('',#37920,0.500037928561726);
#37940=CARTESIAN_POINT('',(4.68985000000139,1.850406,12.4328999999998));
#37950=DIRECTION('',(-1.22460635382238E-16,-1.,0.));
#37960=DIRECTION('',(1.,-1.22460635382238E-16,0.));
#37970=AXIS2_PLACEMENT_3D('',#37940,#37950,#37960);
#37980=CIRCLE('',#37970,0.500037928561726);
#37990=CARTESIAN_POINT('',(5.18988792856311,1.850406,12.4328999999998));
#38000=VERTEX_POINT('',#37990);
#38010=CARTESIAN_POINT('',(4.90450760036543,1.850406,12.8845193580949));
#38020=VERTEX_POINT('',#38010);
#38030=EDGE_CURVE('',#38000,#38020,#37980,.T.);
#38040=ORIENTED_EDGE('',*,*,#38030,.T.);
#38050=CARTESIAN_POINT('',(5.18988792856311,1.850406,12.4328999999998));
#38060=DIRECTION('',(-1.22460635382238E-16,-1.,0.));
#38070=VECTOR('',#38060,1.);
#38080=LINE('',#38050,#38070);
#38090=CARTESIAN_POINT('',(5.18988792856311,-1.849594,12.4328999999998))
;
#38100=VERTEX_POINT('',#38090);
#38110=EDGE_CURVE('',#38000,#38100,#38080,.T.);
#38120=ORIENTED_EDGE('',*,*,#38110,.F.);
#38130=CARTESIAN_POINT('',(4.68985000000139,-1.849594,12.4328999999998))
;
#38140=DIRECTION('',(-1.22460635382238E-16,-1.,0.));
#38150=DIRECTION('',(1.,-1.22460635382238E-16,0.));
#38160=AXIS2_PLACEMENT_3D('',#38130,#38140,#38150);
#38170=CIRCLE('',#38160,0.500037928561726);
#38180=CARTESIAN_POINT('',(4.90450760036543,-1.849594,12.8845193580949))
;
#38190=VERTEX_POINT('',#38180);
#38200=EDGE_CURVE('',#38100,#38190,#38170,.T.);
#38210=ORIENTED_EDGE('',*,*,#38200,.F.);
#38220=CARTESIAN_POINT('',(4.90450760036543,1.91040144891783,
12.8845193580949));
#38230=DIRECTION('',(-1.22460635382238E-16,-1.,0.));
#38240=VECTOR('',#38230,1.);
#38250=LINE('',#38220,#38240);
#38260=EDGE_CURVE('',#38020,#38190,#38250,.T.);
#38270=ORIENTED_EDGE('',*,*,#38260,.T.);
#38280=EDGE_LOOP('',(#38270,#38210,#38120,#38040));
#38290=FACE_OUTER_BOUND('',#38280,.T.);
#38300=ADVANCED_FACE('',(#38290),#37930,.T.);
#38310=CARTESIAN_POINT('',(-27.9422999999943,0.000406000000002571,
-1.45634999999999));
#38320=DIRECTION('',(0.927181739451179,-1.13543264928E-16,
-0.374611828468196));
#38330=DIRECTION('',(-0.374611828468196,4.58752025359171E-17,
-0.927181739451179));
#38340=AXIS2_PLACEMENT_3D('',#38310,#38320,#38330);
#38350=PLANE('',#38340);
#38360=CARTESIAN_POINT('',(-25.9044666907832,-4.249594,3.5874093706274))
;
#38370=DIRECTION('',(1.22460635382238E-16,1.,0.));
#38380=VECTOR('',#38370,1.);
#38390=LINE('',#38360,#38380);
#38400=CARTESIAN_POINT('',(-25.9044573375237,-4.249594,3.58740559160381)
);
#38410=VERTEX_POINT('',#38400);
#38420=CARTESIAN_POINT('',(-25.9044573375237,4.250406,3.58740559160381))
;
#38430=VERTEX_POINT('',#38420);
#38440=EDGE_CURVE('',#38410,#38430,#38390,.T.);
#38450=ORIENTED_EDGE('',*,*,#38440,.T.);
#38460=CARTESIAN_POINT('',(-82.0023047603565,-4.24959399999999,
-135.257382));
#38470=DIRECTION('',(-0.374611828468196,4.58752025359171E-17,
-0.927181739451179));
#38480=VECTOR('',#38470,1.);
#38490=LINE('',#38460,#38480);
#38500=EDGE_CURVE('',#38410,#11050,#38490,.T.);
#38510=ORIENTED_EDGE('',*,*,#38500,.F.);
#38520=ORIENTED_EDGE('',*,*,#11080,.F.);
#38530=CARTESIAN_POINT('',(-82.0023047603565,4.25040600000001,
-135.257382));
#38540=DIRECTION('',(0.374611828468196,-4.58752025359171E-17,
0.927181739451179));
#38550=VECTOR('',#38540,1.);
#38560=LINE('',#38530,#38550);
#38570=EDGE_CURVE('',#11070,#38430,#38560,.T.);
#38580=ORIENTED_EDGE('',*,*,#38570,.F.);
#38590=EDGE_LOOP('',(#38580,#38520,#38510,#38450));
#38600=FACE_OUTER_BOUND('',#38590,.T.);
#38610=ADVANCED_FACE('',(#38600),#38350,.F.);
#38620=CARTESIAN_POINT('',(5.12989999999998,3.150406,0.));
#38630=DIRECTION('',(-1.22460635382238E-16,-1.,0.));
#38640=DIRECTION('',(0.,-0.,-1.));
#38650=AXIS2_PLACEMENT_3D('',#38620,#38630,#38640);
#38660=PLANE('',#38650);
#38670=ORIENTED_EDGE('',*,*,#13540,.T.);
#38680=CARTESIAN_POINT('',(-22.7300999999921,3.150406,2.90000000000046))
;
#38690=DIRECTION('',(-1.22460635382238E-16,-1.,0.));
#38700=DIRECTION('',(1.,-1.22460635382238E-16,0.));
#38710=AXIS2_PLACEMENT_3D('',#38680,#38690,#38700);
#38720=CIRCLE('',#38710,0.499999999999466);
#38730=EDGE_CURVE('',#35380,#13470,#38720,.T.);
#38740=ORIENTED_EDGE('',*,*,#38730,.T.);
#38750=ORIENTED_EDGE('',*,*,#35630,.F.);
#38760=CARTESIAN_POINT('',(-20.7299713315172,3.150406,1.00023451447353))
;
#38770=DIRECTION('',(1.22460635382238E-16,1.,0.));
#38780=DIRECTION('',(1.,-1.22460635382238E-16,0.));
#38790=AXIS2_PLACEMENT_3D('',#38760,#38770,#38780);
#38800=CIRCLE('',#38790,1.00023451488438);
#38810=CARTESIAN_POINT('',(-20.7200673645278,3.150406,
9.80747699372841E-5));
#38820=VERTEX_POINT('',#38810);
#38830=EDGE_CURVE('',#38820,#35560,#38800,.T.);
#38840=ORIENTED_EDGE('',*,*,#38830,.T.);
#38850=CARTESIAN_POINT('',(-83.5319819999983,3.15040600000001,0.));
#38860=DIRECTION('',(-1.,1.22460635382238E-16,0.));
#38870=VECTOR('',#38860,1.);
#38880=LINE('',#38850,#38870);
#38890=CARTESIAN_POINT('',(-2.14157903213673,3.150406,
2.54993792339064E-5));
#38900=VERTEX_POINT('',#38890);
#38910=EDGE_CURVE('',#38900,#38820,#38880,.T.);
#38920=ORIENTED_EDGE('',*,*,#38910,.T.);
#38930=CARTESIAN_POINT('',(-2.13022866847548,3.150406,1.00023451447353))
;
#38940=DIRECTION('',(-1.22460635382238E-16,-1.,0.));
#38950=DIRECTION('',(-1.,1.22460635382238E-16,0.));
#38960=AXIS2_PLACEMENT_3D('',#38930,#38940,#38950);
#38970=CIRCLE('',#38960,1.00023451488438);
#38980=CARTESIAN_POINT('',(-1.15773935638606,3.150406,0.766282334236109)
);
#38990=VERTEX_POINT('',#38980);
#39000=EDGE_CURVE('',#38900,#38990,#38970,.T.);
#39010=ORIENTED_EDGE('',*,*,#39000,.F.);
#39020=CARTESIAN_POINT('',(-33.8810046528056,3.15040600000001,
-135.257382));
#39030=DIRECTION('',(-0.233897327832631,2.86432153805915E-17,
-0.972261302342511));
#39040=VECTOR('',#39030,1.);
#39050=LINE('',#39020,#39040);
#39060=EDGE_CURVE('',#37620,#38990,#39050,.T.);
#39070=ORIENTED_EDGE('',*,*,#39060,.T.);
#39080=ORIENTED_EDGE('',*,*,#37650,.F.);
#39090=CARTESIAN_POINT('',(-0.130100000000098,3.150406,-135.257382));
#39100=DIRECTION('',(0.,-0.,-1.));
#39110=VECTOR('',#39100,1.);
#39120=LINE('',#39090,#39110);
#39130=EDGE_CURVE('',#37640,#19610,#39120,.T.);
#39140=ORIENTED_EDGE('',*,*,#39130,.F.);
#39150=ORIENTED_EDGE('',*,*,#20250,.T.);
#39160=EDGE_LOOP('',(#39150,#39140,#39080,#39070,#39010,#38920,#38840,
#38750,#38740,#38670));
#39170=FACE_OUTER_BOUND('',#39160,.T.);
#39180=ADVANCED_FACE('',(#39170),#38660,.T.);
#39190=CARTESIAN_POINT('',(-0.130100000000098,0.000406000000002571,
-1.55000000000001));
#39200=DIRECTION('',(-1.,1.22460635382238E-16,0.));
#39210=DIRECTION('',(0.,0.,1.));
#39220=AXIS2_PLACEMENT_3D('',#39190,#39200,#39210);
#39230=PLANE('',#39220);
#39240=ORIENTED_EDGE('',*,*,#39130,.T.);
#39250=EDGE_CURVE('',#15640,#37640,#15700,.T.);
#39260=ORIENTED_EDGE('',*,*,#39250,.T.);
#39270=CARTESIAN_POINT('',(-0.130100000000098,-3.149594,-135.257382));
#39280=DIRECTION('',(0.,-0.,-1.));
#39290=VECTOR('',#39280,1.);
#39300=LINE('',#39270,#39290);
#39310=EDGE_CURVE('',#15640,#19630,#39300,.T.);
#39320=ORIENTED_EDGE('',*,*,#39310,.F.);
#39330=ORIENTED_EDGE('',*,*,#19640,.T.);
#39340=EDGE_LOOP('',(#39330,#39320,#39260,#39240));
#39350=FACE_OUTER_BOUND('',#39340,.T.);
#39360=ADVANCED_FACE('',(#39350),#39230,.T.);
#39370=CARTESIAN_POINT('',(-20.7299713315172,2.650406,1.00023451447353))
;
#39380=DIRECTION('',(1.22460635382238E-16,1.,0.));
#39390=DIRECTION('',(1.,-1.22460635382238E-16,0.));
#39400=AXIS2_PLACEMENT_3D('',#39370,#39380,#39390);
#39410=CYLINDRICAL_SURFACE('',#39400,1.00023451488438);
#39420=ORIENTED_EDGE('',*,*,#35570,.F.);
#39430=CARTESIAN_POINT('',(-20.7299713315172,4.250406,1.00023451447353))
;
#39440=DIRECTION('',(1.22460635382238E-16,1.,0.));
#39450=DIRECTION('',(1.,-1.22460635382238E-16,0.));
#39460=AXIS2_PLACEMENT_3D('',#39430,#39440,#39450);
#39470=CIRCLE('',#39460,1.00023451488438);
#39480=CARTESIAN_POINT('',(-20.7200673645278,4.250406,0.));
#39490=VERTEX_POINT('',#39480);
#39500=EDGE_CURVE('',#39490,#35480,#39470,.T.);
#39510=ORIENTED_EDGE('',*,*,#39500,.T.);
#39520=CARTESIAN_POINT('',(-20.7101633975384,2.650406,
0.000196149950710378));
#39530=DIRECTION('',(1.22460635382238E-16,1.,0.));
#39540=VECTOR('',#39530,1.);
#39550=LINE('',#39520,#39540);
#39560=EDGE_CURVE('',#38820,#39490,#39550,.T.);
#39570=ORIENTED_EDGE('',*,*,#39560,.T.);
#39580=ORIENTED_EDGE('',*,*,#38830,.F.);
#39590=EDGE_LOOP('',(#39580,#39570,#39510,#39420));
#39600=FACE_OUTER_BOUND('',#39590,.T.);
#39610=ADVANCED_FACE('',(#39600),#39410,.F.);
#39620=CARTESIAN_POINT('',(1.59231914933916,-1.849594,8.94999462841798))
;
#39630=DIRECTION('',(-1.22460635382238E-16,-1.,0.));
#39640=DIRECTION('',(1.,-1.22460635382238E-16,0.));
#39650=AXIS2_PLACEMENT_3D('',#39620,#39630,#39640);
#39660=PLANE('',#39650);
#39670=ORIENTED_EDGE('',*,*,#19400,.T.);
#39680=CARTESIAN_POINT('',(1.99475000000169,-1.849594,-135.259582));
#39690=DIRECTION('',(0.,0.,1.));
#39700=VECTOR('',#39690,1.);
#39710=LINE('',#39680,#39700);
#39720=CARTESIAN_POINT('',(1.99475000328332,-1.849594,4.79371804597551))
;
#39730=VERTEX_POINT('',#39720);
#39740=EDGE_CURVE('',#19310,#39730,#39710,.T.);
#39750=ORIENTED_EDGE('',*,*,#39740,.F.);
#39760=CARTESIAN_POINT('',(1.39486804065662,-1.849594,4.79371804597551))
;
#39770=DIRECTION('',(-1.22460635382238E-16,-1.,0.));
#39780=DIRECTION('',(1.,-1.22460635382238E-16,0.));
#39790=AXIS2_PLACEMENT_3D('',#39760,#39770,#39780);
#39800=CIRCLE('',#39790,0.599881962626699);
#39810=CARTESIAN_POINT('',(1.39475000000266,-1.849594,5.39360000000002))
;
#39820=VERTEX_POINT('',#39810);
#39830=EDGE_CURVE('',#39730,#39820,#39800,.T.);
#39840=ORIENTED_EDGE('',*,*,#39830,.F.);
#39850=CARTESIAN_POINT('',(-83.5219819999983,-1.84959399999999,
5.40421459150036));
#39860=DIRECTION('',(0.9999999921875,-1.22460634425514E-16,
-0.000124999999027585));
#39870=VECTOR('',#39860,1.);
#39880=LINE('',#39850,#39870);
#39890=CARTESIAN_POINT('',(0.594750000001667,-1.849594,5.39370000000002)
);
#39900=VERTEX_POINT('',#39890);
#39910=EDGE_CURVE('',#39900,#39820,#39880,.T.);
#39920=ORIENTED_EDGE('',*,*,#39910,.T.);
#39930=CARTESIAN_POINT('',(0.594750000001682,-1.849594,4.79369999999992)
);
#39940=DIRECTION('',(1.29449919762978E-14,-1.,-6.53372630584E-15));
#39950=DIRECTION('',(1.,1.29449919762978E-14,0.));
#39960=AXIS2_PLACEMENT_3D('',#39930,#39940,#39950);
#39970=CIRCLE('',#39960,0.600000000000077);
#39980=CARTESIAN_POINT('',(-0.00524999999838923,-1.849594,
4.79369999999991));
#39990=VERTEX_POINT('',#39980);
#40000=EDGE_CURVE('',#39900,#39990,#39970,.T.);
#40010=ORIENTED_EDGE('',*,*,#40000,.F.);
#40020=CARTESIAN_POINT('',(-0.00524999999832687,-1.849594,-135.259582));
#40030=DIRECTION('',(0.,-0.,-1.));
#40040=VECTOR('',#40030,1.);
#40050=LINE('',#40020,#40040);
#40060=CARTESIAN_POINT('',(-0.00524999999832687,-1.849594,
8.19999999999999));
#40070=VERTEX_POINT('',#40060);
#40080=EDGE_CURVE('',#40070,#39990,#40050,.T.);
#40090=ORIENTED_EDGE('',*,*,#40080,.T.);
#40100=CARTESIAN_POINT('',(-83.5219819999983,-1.84959399999999,
8.19999999999999));
#40110=DIRECTION('',(1.,-1.22460635382238E-16,0.));
#40120=VECTOR('',#40110,1.);
#40130=LINE('',#40100,#40120);
#40140=CARTESIAN_POINT('',(-1.40524999999828,-1.849594,8.19999999999999)
);
#40150=VERTEX_POINT('',#40140);
#40160=EDGE_CURVE('',#40150,#40070,#40130,.T.);
#40170=ORIENTED_EDGE('',*,*,#40160,.T.);
#40180=CARTESIAN_POINT('',(-1.7052499999983,-1.849594,8.19999999999999))
;
#40190=DIRECTION('',(-1.22460635382238E-16,-1.,0.));
#40200=DIRECTION('',(1.,-1.22460635382238E-16,0.));
#40210=AXIS2_PLACEMENT_3D('',#40180,#40190,#40200);
#40220=CIRCLE('',#40210,0.300000000000022);
#40230=EDGE_CURVE('',#16680,#40150,#40220,.T.);
#40240=ORIENTED_EDGE('',*,*,#40230,.T.);
#40250=ORIENTED_EDGE('',*,*,#16690,.T.);
#40260=CARTESIAN_POINT('',(-1.5052500000002,-1.849594,8.70000000000081))
;
#40270=DIRECTION('',(-1.22460635382238E-16,-1.,0.));
#40280=DIRECTION('',(1.,-1.22460635382238E-16,0.));
#40290=AXIS2_PLACEMENT_3D('',#40260,#40270,#40280);
#40300=CIRCLE('',#40290,0.499999999997997);
#40310=CARTESIAN_POINT('',(-1.82382083696633,-1.849594,9.08537335381851)
);
#40320=VERTEX_POINT('',#40310);
#40330=EDGE_CURVE('',#40320,#16600,#40300,.T.);
#40340=ORIENTED_EDGE('',*,*,#40330,.T.);
#40350=CARTESIAN_POINT('',(-83.5219819999983,-1.84959399999999,
-56.9865838099255));
#40360=DIRECTION('',(-0.777545433957774,9.52187078810268E-17,
-0.62882676321179));
#40370=VECTOR('',#40360,1.);
#40380=LINE('',#40350,#40370);
#40390=CARTESIAN_POINT('',(-0.729549999998355,-1.849594,9.97039999999996
));
#40400=VERTEX_POINT('',#40390);
#40410=EDGE_CURVE('',#40400,#40320,#40380,.T.);
#40420=ORIENTED_EDGE('',*,*,#40410,.T.);
#40430=CARTESIAN_POINT('',(-83.5219819999983,-1.84959399999999,
38.5184901155342));
#40440=DIRECTION('',(-0.945376586344208,1.15771417439203E-16,
0.325980229449843));
#40450=VECTOR('',#40440,1.);
#40460=LINE('',#40430,#40450);
#40470=EDGE_CURVE('',#29860,#40400,#40460,.T.);
#40480=ORIENTED_EDGE('',*,*,#40470,.T.);
#40490=ORIENTED_EDGE('',*,*,#29870,.T.);
#40500=CARTESIAN_POINT('',(-83.5219819999983,-1.84959399999999,
39.0941108245408));
#40510=DIRECTION('',(-0.945324309312316,1.15765015560661E-16,
0.326131798853153));
#40520=VECTOR('',#40510,1.);
#40530=LINE('',#40500,#40520);
#40540=CARTESIAN_POINT('',(0.313850000001665,-1.849594,10.1712));
#40550=VERTEX_POINT('',#40540);
#40560=EDGE_CURVE('',#40550,#29780,#40530,.T.);
#40570=ORIENTED_EDGE('',*,*,#40560,.T.);
#40580=CARTESIAN_POINT('',(18.0826485526338,-1.849594,-135.259582));
#40590=DIRECTION('',(0.121278577366693,-1.48518516425791E-17,
-0.992618510139677));
#40600=VECTOR('',#40590,1.);
#40610=LINE('',#40580,#40600);
#40620=CARTESIAN_POINT('',(0.242350000001665,-1.849594,10.7564));
#40630=VERTEX_POINT('',#40620);
#40640=EDGE_CURVE('',#40630,#40550,#40610,.T.);
#40650=ORIENTED_EDGE('',*,*,#40640,.T.);
#40660=CARTESIAN_POINT('',(-83.5219819999983,-1.84959399999999,
39.6396160215263));
#40670=DIRECTION('',(-0.945376586344208,1.15771417439203E-16,
0.325980229449843));
#40680=VECTOR('',#40670,1.);
#40690=LINE('',#40660,#40680);
#40700=CARTESIAN_POINT('',(0.799750000001666,-1.849594,10.5642));
#40710=VERTEX_POINT('',#40700);
#40720=EDGE_CURVE('',#40710,#40630,#40690,.T.);
#40730=ORIENTED_EDGE('',*,*,#40720,.T.);
#40740=CARTESIAN_POINT('',(18.58860705587,-1.849594,-135.259582));
#40750=DIRECTION('',(0.121091057920519,-1.48288878920541E-17,
-0.99264140337369));
#40760=VECTOR('',#40750,1.);
#40770=LINE('',#40740,#40760);
#40780=CARTESIAN_POINT('',(0.728350000001683,-1.849594,11.1495));
#40790=VERTEX_POINT('',#40780);
#40800=EDGE_CURVE('',#40790,#40710,#40770,.T.);
#40810=ORIENTED_EDGE('',*,*,#40800,.T.);
#40820=CARTESIAN_POINT('',(-83.5219819999983,-1.84959399999999,
40.2154110936473));
#40830=DIRECTION('',(-0.945324309312316,1.15765015560661E-16,
0.326131798853153));
#40840=VECTOR('',#40830,1.);
#40850=LINE('',#40820,#40840);
#40860=CARTESIAN_POINT('',(1.2857500000017,-1.849594,10.9572));
#40870=VERTEX_POINT('',#40860);
#40880=EDGE_CURVE('',#40870,#40790,#40850,.T.);
#40890=ORIENTED_EDGE('',*,*,#40880,.T.);
#40900=CARTESIAN_POINT('',(19.1225486242965,-1.849594,-135.259582));
#40910=DIRECTION('',(0.121091057920519,-1.48288878920541E-17,
-0.99264140337369));
#40920=VECTOR('',#40910,1.);
#40930=LINE('',#40900,#40920);
#40940=CARTESIAN_POINT('',(1.21435000000169,-1.849594,11.5425));
#40950=VERTEX_POINT('',#40940);
#40960=EDGE_CURVE('',#40950,#40870,#40930,.T.);
#40970=ORIENTED_EDGE('',*,*,#40960,.T.);
#40980=CARTESIAN_POINT('',(-83.5219819999983,-1.84959399999999,
40.7760784779322));
#40990=DIRECTION('',(-0.945324309312313,1.15765015560661E-16,
0.32613179885316));
#41000=VECTOR('',#40990,1.);
#41010=LINE('',#40980,#41000);
#41020=CARTESIAN_POINT('',(1.77175000000166,-1.849594,11.3502));
#41030=VERTEX_POINT('',#41020);
#41040=EDGE_CURVE('',#41030,#40950,#41010,.T.);
#41050=ORIENTED_EDGE('',*,*,#41040,.T.);
#41060=CARTESIAN_POINT('',(19.6815388484558,-1.849594,-135.259582));
#41070=DIRECTION('',(0.121258161306103,-1.48493514788273E-17,
-0.992621004370078));
#41080=VECTOR('',#41070,1.);
#41090=LINE('',#41060,#41080);
#41100=EDGE_CURVE('',#17080,#41030,#41090,.T.);
#41110=ORIENTED_EDGE('',*,*,#41100,.T.);
#41120=ORIENTED_EDGE('',*,*,#17090,.T.);
#41130=CARTESIAN_POINT('',(20.193408330144,-1.849594,-135.259582));
#41140=DIRECTION('',(0.121111446684339,-1.48313847130262E-17,
-0.992638915961905));
#41150=VECTOR('',#41140,1.);
#41160=LINE('',#41130,#41150);
#41170=CARTESIAN_POINT('',(2.18625000000166,-1.849594,12.3284999999999))
;
#41180=VERTEX_POINT('',#41170);
#41190=EDGE_CURVE('',#41180,#17000,#41160,.T.);
#41200=ORIENTED_EDGE('',*,*,#41190,.T.);
#41210=CARTESIAN_POINT('',(-83.5219819999983,-1.84959399999999,
41.8820023150361));
#41220=DIRECTION('',(-0.945376586344193,1.15771417439201E-16,
0.325980229449886));
#41230=VECTOR('',#41220,1.);
#41240=LINE('',#41210,#41230);
#41250=EDGE_CURVE('',#10830,#41180,#41240,.T.);
#41260=ORIENTED_EDGE('',*,*,#41250,.T.);
#41270=ORIENTED_EDGE('',*,*,#10840,.T.);
#41280=CARTESIAN_POINT('',(-83.5219819999983,-1.84959399999999,
42.4270188862592));
#41290=DIRECTION('',(-0.945428844850922,1.15777817049139E-16,
0.325828634904686));
#41300=VECTOR('',#41290,1.);
#41310=LINE('',#41280,#41300);
#41320=CARTESIAN_POINT('',(3.22965000000167,-1.849594,12.5293));
#41330=VERTEX_POINT('',#41320);
#41340=EDGE_CURVE('',#41330,#10750,#41310,.T.);
#41350=ORIENTED_EDGE('',*,*,#41340,.T.);
#41360=CARTESIAN_POINT('',(21.2445475801388,-1.849594,-135.259582));
#41370=DIRECTION('',(0.121000523569082,-1.48178009978532E-17,
-0.992652443353669));
#41380=VECTOR('',#41370,1.);
#41390=LINE('',#41360,#41380);
#41400=EDGE_CURVE('',#7030,#41330,#41390,.T.);
#41410=ORIENTED_EDGE('',*,*,#41400,.T.);
#41420=ORIENTED_EDGE('',*,*,#7040,.T.);
#41430=CARTESIAN_POINT('',(3.90272834863643,-1.849594,13.3515995818167))
;
#41440=VERTEX_POINT('',#41430);
#41450=EDGE_CURVE('',#41440,#6940,#7010,.T.);
#41460=ORIENTED_EDGE('',*,*,#41450,.T.);
#41470=CARTESIAN_POINT('',(-83.5219819999983,-1.84959399999999,
54.1143807618275));
#41480=DIRECTION('',(-0.906324076871476,1.10989022315901E-16,
0.42258332631928));
#41490=VECTOR('',#41480,1.);
#41500=LINE('',#41470,#41490);
#41510=EDGE_CURVE('',#38190,#41440,#41500,.T.);
#41520=ORIENTED_EDGE('',*,*,#41510,.T.);
#41530=ORIENTED_EDGE('',*,*,#38200,.T.);
#41540=CARTESIAN_POINT('',(5.13974129624829,-1.849594,12.2146438395791))
;
#41550=VERTEX_POINT('',#41540);
#41560=EDGE_CURVE('',#41550,#38100,#38170,.T.);
#41570=ORIENTED_EDGE('',*,*,#41560,.T.);
#41580=CARTESIAN_POINT('',(-63.6270556683655,-1.84959399999999,
-135.259582));
#41590=DIRECTION('',(-0.422610695589995,5.17531743012803E-17,
-0.906311315152217));
#41600=VECTOR('',#41590,1.);
#41610=LINE('',#41580,#41600);
#41620=CARTESIAN_POINT('',(2.89475000000166,-1.849594,7.40000000000003))
;
#41630=VERTEX_POINT('',#41620);
#41640=EDGE_CURVE('',#41550,#41630,#41610,.T.);
#41650=ORIENTED_EDGE('',*,*,#41640,.F.);
#41660=CARTESIAN_POINT('',(2.89475000000166,-1.849594,-135.259582));
#41670=DIRECTION('',(0.,0.,1.));
#41680=VECTOR('',#41670,1.);
#41690=LINE('',#41660,#41680);
#41700=EDGE_CURVE('',#19390,#41630,#41690,.T.);
#41710=ORIENTED_EDGE('',*,*,#41700,.T.);
#41720=EDGE_LOOP('',(#41710,#41650,#41570,#41530,#41520,#41460,#41420,
#41410,#41350,#41270,#41260,#41200,#41120,#41110,#41050,#40970,#40890,
#40810,#40730,#40650,#40570,#40490,#40480,#40420,#40340,#40250,#40240,
#40170,#40090,#40010,#39920,#39840,#39750,#39670));
#41730=FACE_OUTER_BOUND('',#41720,.T.);
#41740=ADVANCED_FACE('',(#41730),#39660,.T.);
#41750=CARTESIAN_POINT('',(-23.8800999999943,4.500406,-2.24000000000001)
);
#41760=DIRECTION('',(-1.,1.22460635382238E-16,0.));
#41770=DIRECTION('',(0.,0.,1.));
#41780=AXIS2_PLACEMENT_3D('',#41750,#41760,#41770);
#41790=PLANE('',#41780);
#41800=ORIENTED_EDGE('',*,*,#28920,.T.);
#41810=ORIENTED_EDGE('',*,*,#36580,.F.);
#41820=CARTESIAN_POINT('',(-23.8800999999943,-4.249594,-7.88000000000001
));
#41830=DIRECTION('',(1.22460635382238E-16,1.,0.));
#41840=VECTOR('',#41830,1.);
#41850=LINE('',#41820,#41840);
#41860=CARTESIAN_POINT('',(-23.8800999999943,4.250406,-7.88000000000001)
);
#41870=VERTEX_POINT('',#41860);
#41880=EDGE_CURVE('',#41870,#36510,#41850,.T.);
#41890=ORIENTED_EDGE('',*,*,#41880,.T.);
#41900=CARTESIAN_POINT('',(-23.8800999999943,4.250406,-135.257382));
#41910=DIRECTION('',(0.,0.,1.));
#41920=VECTOR('',#41910,1.);
#41930=LINE('',#41900,#41920);
#41940=EDGE_CURVE('',#41870,#28910,#41930,.T.);
#41950=ORIENTED_EDGE('',*,*,#41940,.F.);
#41960=EDGE_LOOP('',(#41950,#41890,#41810,#41800));
#41970=FACE_OUTER_BOUND('',#41960,.T.);
#41980=ADVANCED_FACE('',(#41970),#41790,.F.);
#41990=CARTESIAN_POINT('',(-24.3864416862741,8.98940600000001,
3.7082744427274));
#42000=DIRECTION('',(1.22460635382238E-16,1.,0.));
#42010=VECTOR('',#42000,1.);
#42020=LINE('',#41990,#42010);
#42030=CARTESIAN_POINT('',(-24.3864416862741,1.400406,3.7082744427274));
#42040=VERTEX_POINT('',#42030);
#42050=CARTESIAN_POINT('',(-24.3875120503016,2.800406,3.70963640250471))
;
#42060=VERTEX_POINT('',#42050);
#42070=EDGE_CURVE('',#42040,#42060,#42020,.T.);
#42080=ORIENTED_EDGE('',*,*,#42070,.T.);
#42090=CARTESIAN_POINT('',(-24.2549999999943,1.400406,4.29370000000003))
;
#42100=DIRECTION('',(2.61559304155803E-15,1.,0.));
#42110=DIRECTION('',(-1.,2.61559304155803E-15,0.));
#42120=AXIS2_PLACEMENT_3D('',#42090,#42100,#42110);
#42130=CIRCLE('',#42120,0.600000000000022);
#42140=CARTESIAN_POINT('',(-24.2549999999943,1.400406,3.69370000000001))
;
#42150=VERTEX_POINT('',#42140);
#42160=EDGE_CURVE('',#42150,#42040,#42130,.T.);
#42170=ORIENTED_EDGE('',*,*,#42160,.T.);
#42180=CARTESIAN_POINT('',(-24.2549999999943,2.850406,3.69370000000001))
;
#42190=DIRECTION('',(-2.61559304155803E-15,-1.,0.));
#42200=VECTOR('',#42190,1.);
#42210=LINE('',#42180,#42200);
#42220=CARTESIAN_POINT('',(-24.2549999999943,2.800406,3.69370000000001))
;
#42230=VERTEX_POINT('',#42220);
#42240=EDGE_CURVE('',#42230,#42150,#42210,.T.);
#42250=ORIENTED_EDGE('',*,*,#42240,.T.);
#42260=CARTESIAN_POINT('',(-24.2549999999943,2.800406,4.29370000000003))
;
#42270=DIRECTION('',(2.61559304155803E-15,1.,0.));
#42280=DIRECTION('',(-1.,2.61559304155803E-15,0.));
#42290=AXIS2_PLACEMENT_3D('',#42260,#42270,#42280);
#42300=CIRCLE('',#42290,0.600000000000022);
#42310=EDGE_CURVE('',#42230,#42060,#42300,.T.);
#42320=ORIENTED_EDGE('',*,*,#42310,.F.);
#42330=EDGE_LOOP('',(#42320,#42250,#42170,#42080));
#42340=FACE_OUTER_BOUND('',#42330,.T.);
#42350=ADVANCED_FACE('',(#42340),#35720,.T.);
#42360=CARTESIAN_POINT('',(-25.8111999999944,0.000406000000002571,
12.62535));
#42370=DIRECTION('',(0.325828634904686,-3.99011816561549E-17,
-0.945428844850922));
#42380=DIRECTION('',(-0.945428844850922,1.15777817049139E-16,
-0.325828634904686));
#42390=AXIS2_PLACEMENT_3D('',#42360,#42370,#42380);
#42400=PLANE('',#42390);
#42410=ORIENTED_EDGE('',*,*,#9640,.T.);
#42420=CARTESIAN_POINT('',(60.6617320000057,-1.84959400000001,
42.4270188862592));
#42430=DIRECTION('',(0.945428844850922,-1.15777817049139E-16,
0.325828634904686));
#42440=VECTOR('',#42430,1.);
#42450=LINE('',#42420,#42440);
#42460=CARTESIAN_POINT('',(-26.0898999999943,-1.849594,12.5293));
#42470=VERTEX_POINT('',#42460);
#42480=EDGE_CURVE('',#42470,#9550,#42450,.T.);
#42490=ORIENTED_EDGE('',*,*,#42480,.T.);
#42500=CARTESIAN_POINT('',(-26.0898999999943,-4.249594,12.5293));
#42510=DIRECTION('',(-1.22460635382238E-16,-1.,0.));
#42520=VECTOR('',#42510,1.);
#42530=LINE('',#42500,#42520);
#42540=EDGE_CURVE('',#32850,#42470,#42530,.T.);
#42550=ORIENTED_EDGE('',*,*,#42540,.T.);
#42560=ORIENTED_EDGE('',*,*,#32860,.T.);
#42570=EDGE_LOOP('',(#42560,#42550,#42490,#42410));
#42580=FACE_OUTER_BOUND('',#42570,.T.);
#42590=ADVANCED_FACE('',(#42580),#42400,.F.);
#42600=CARTESIAN_POINT('',(-22.3800999999926,-3.199594,-11.1717));
#42610=DIRECTION('',(1.,-1.22460635382238E-16,0.));
#42620=DIRECTION('',(0.,-0.,-1.));
#42630=AXIS2_PLACEMENT_3D('',#42600,#42610,#42620);
#42640=PLANE('',#42630);
#42650=CARTESIAN_POINT('',(-22.3800999999926,-4.249594,-8.9434));
#42660=DIRECTION('',(1.22460635382238E-16,1.,0.));
#42670=VECTOR('',#42660,1.);
#42680=LINE('',#42650,#42670);
#42690=CARTESIAN_POINT('',(-22.3800999999926,-4.249594,-8.94340000000003
));
#42700=VERTEX_POINT('',#42690);
#42710=CARTESIAN_POINT('',(-22.3800999999926,-2.149594,-8.94340000000003
));
#42720=VERTEX_POINT('',#42710);
#42730=EDGE_CURVE('',#42700,#42720,#42680,.T.);
#42740=ORIENTED_EDGE('',*,*,#42730,.T.);
#42750=CARTESIAN_POINT('',(-22.3800999999926,-4.249594,-135.257382));
#42760=DIRECTION('',(0.,-0.,-1.));
#42770=VECTOR('',#42760,1.);
#42780=LINE('',#42750,#42770);
#42790=EDGE_CURVE('',#42700,#770,#42780,.T.);
#42800=ORIENTED_EDGE('',*,*,#42790,.F.);
#42810=ORIENTED_EDGE('',*,*,#780,.T.);
#42820=CARTESIAN_POINT('',(-22.3800999999926,-2.149594,-135.257382));
#42830=DIRECTION('',(0.,-0.,-1.));
#42840=VECTOR('',#42830,1.);
#42850=LINE('',#42820,#42840);
#42860=EDGE_CURVE('',#42720,#690,#42850,.T.);
#42870=ORIENTED_EDGE('',*,*,#42860,.T.);
#42880=EDGE_LOOP('',(#42870,#42810,#42800,#42740));
#42890=FACE_OUTER_BOUND('',#42880,.T.);
#42900=ADVANCED_FACE('',(#42890),#42640,.F.);
#42910=CARTESIAN_POINT('',(-24.2549999999943,2.800406,4.29370000000003))
;
#42920=DIRECTION('',(2.61559304155803E-15,1.,0.));
#42930=DIRECTION('',(-1.,2.61559304155803E-15,0.));
#42940=AXIS2_PLACEMENT_3D('',#42910,#42920,#42930);
#42950=CIRCLE('',#42940,0.600000000000022);
#42960=CARTESIAN_POINT('',(-24.6997507913842,2.800406,3.89350177778374))
;
#42970=VERTEX_POINT('',#42960);
#42980=CARTESIAN_POINT('',(-24.8549999999944,2.800406,4.29370000000003))
;
#42990=VERTEX_POINT('',#42980);
#43000=EDGE_CURVE('',#42970,#42990,#42950,.T.);
#43010=ORIENTED_EDGE('',*,*,#43000,.F.);
#43020=CARTESIAN_POINT('',(-24.8549999999944,2.800406,4.29370000000003))
;
#43030=DIRECTION('',(-2.61559304155803E-15,-1.,0.));
#43040=VECTOR('',#43030,1.);
#43050=LINE('',#43020,#43040);
#43060=EDGE_CURVE('',#42990,#35090,#43050,.T.);
#43070=ORIENTED_EDGE('',*,*,#43060,.F.);
#43080=ORIENTED_EDGE('',*,*,#35100,.T.);
#43090=CARTESIAN_POINT('',(-24.7024179966422,8.98940600000001,
3.89392864500371));
#43100=DIRECTION('',(1.22460635382238E-16,1.,0.));
#43110=VECTOR('',#43100,1.);
#43120=LINE('',#43090,#43110);
#43130=EDGE_CURVE('',#35000,#42970,#43120,.T.);
#43140=ORIENTED_EDGE('',*,*,#43130,.F.);
#43150=EDGE_LOOP('',(#43140,#43080,#43070,#43010));
#43160=FACE_OUTER_BOUND('',#43150,.T.);
#43170=ADVANCED_FACE('',(#43160),#35720,.T.);
#43180=CARTESIAN_POINT('',(-24.2551180406493,-1.349594,4.79371804597551)
);
#43190=DIRECTION('',(-1.22460635382238E-16,-1.,0.));
#43200=DIRECTION('',(-1.,1.22460635382238E-16,0.));
#43210=AXIS2_PLACEMENT_3D('',#43180,#43190,#43200);
#43220=CYLINDRICAL_SURFACE('',#43210,0.599881962626699);
#43230=CARTESIAN_POINT('',(-24.2549999999949,-1.79958416161673,
5.3935999969886));
#43240=DIRECTION('',(-1.22460635382238E-16,-1.,0.));
#43250=VECTOR('',#43240,1.);
#43260=LINE('',#43230,#43250);
#43270=CARTESIAN_POINT('',(-24.2549999999953,-1.849594,5.39360000000002)
);
#43280=VERTEX_POINT('',#43270);
#43290=EDGE_CURVE('',#43280,#27940,#43260,.T.);
#43300=ORIENTED_EDGE('',*,*,#43290,.F.);
#43310=ORIENTED_EDGE('',*,*,#27950,.T.);
#43320=CARTESIAN_POINT('',(-24.855000003276,-1.349594,4.79371804597551))
;
#43330=DIRECTION('',(-1.22460635382238E-16,-1.,0.));
#43340=VECTOR('',#43330,1.);
#43350=LINE('',#43320,#43340);
#43360=CARTESIAN_POINT('',(-24.855000003276,-1.849594,4.79371804597551))
;
#43370=VERTEX_POINT('',#43360);
#43380=EDGE_CURVE('',#43370,#27850,#43350,.T.);
#43390=ORIENTED_EDGE('',*,*,#43380,.T.);
#43400=CARTESIAN_POINT('',(-24.2551180406493,-1.849594,4.79371804597551)
);
#43410=DIRECTION('',(1.22460635382238E-16,1.,0.));
#43420=DIRECTION('',(-1.,1.22460635382238E-16,0.));
#43430=AXIS2_PLACEMENT_3D('',#43400,#43410,#43420);
#43440=CIRCLE('',#43430,0.599881962626699);
#43450=EDGE_CURVE('',#43370,#43280,#43440,.T.);
#43460=ORIENTED_EDGE('',*,*,#43450,.F.);
#43470=EDGE_LOOP('',(#43460,#43390,#43310,#43300));
#43480=FACE_OUTER_BOUND('',#43470,.T.);
#43490=ADVANCED_FACE('',(#43480),#43220,.T.);
#43500=CARTESIAN_POINT('',(0.521050000001665,0.000406000000002571,
10.6603));
#43510=DIRECTION('',(0.325980229449843,-3.99197460204755E-17,
0.945376586344208));
#43520=DIRECTION('',(0.945376586344208,-1.15771417439203E-16,
-0.325980229449843));
#43530=AXIS2_PLACEMENT_3D('',#43500,#43510,#43520);
#43540=PLANE('',#43530);
#43550=CARTESIAN_POINT('',(-83.5219819999983,1.85040600000001,
39.6396160215263));
#43560=DIRECTION('',(0.945376586344208,-1.15771417439203E-16,
-0.325980229449843));
#43570=VECTOR('',#43560,1.);
#43580=LINE('',#43550,#43570);
#43590=CARTESIAN_POINT('',(0.242350000001665,1.850406,10.7564));
#43600=VERTEX_POINT('',#43590);
#43610=CARTESIAN_POINT('',(0.799750000001666,1.850406,10.5642));
#43620=VERTEX_POINT('',#43610);
#43630=EDGE_CURVE('',#43600,#43620,#43580,.T.);
#43640=ORIENTED_EDGE('',*,*,#43630,.F.);
#43650=CARTESIAN_POINT('',(0.799750000001666,-4.249594,10.5642));
#43660=DIRECTION('',(-1.22460635382238E-16,-1.,0.));
#43670=VECTOR('',#43660,1.);
#43680=LINE('',#43650,#43670);
#43690=EDGE_CURVE('',#43620,#40710,#43680,.T.);
#43700=ORIENTED_EDGE('',*,*,#43690,.F.);
#43710=ORIENTED_EDGE('',*,*,#40720,.F.);
#43720=CARTESIAN_POINT('',(0.242350000001665,-4.249594,10.7564));
#43730=DIRECTION('',(1.22460635382238E-16,1.,0.));
#43740=VECTOR('',#43730,1.);
#43750=LINE('',#43720,#43740);
#43760=EDGE_CURVE('',#40630,#43600,#43750,.T.);
#43770=ORIENTED_EDGE('',*,*,#43760,.F.);
#43780=EDGE_LOOP('',(#43770,#43710,#43700,#43640));
#43790=FACE_OUTER_BOUND('',#43780,.T.);
#43800=ADVANCED_FACE('',(#43790),#43540,.T.);
#43810=CARTESIAN_POINT('',(-24.4525691493318,-1.849594,8.94999462841798)
);
#43820=DIRECTION('',(1.22460635382238E-16,1.,-0.));
#43830=DIRECTION('',(-1.,1.22460635382238E-16,0.));
#43840=AXIS2_PLACEMENT_3D('',#43810,#43820,#43830);
#43850=PLANE('',#43840);
#43860=CARTESIAN_POINT('',(-25.7549999999943,-1.849594,-135.259582));
#43870=DIRECTION('',(0.,0.,1.));
#43880=VECTOR('',#43870,1.);
#43890=LINE('',#43860,#43880);
#43900=CARTESIAN_POINT('',(-25.7549999999943,-1.849594,4.49360000000001)
);
#43910=VERTEX_POINT('',#43900);
#43920=EDGE_CURVE('',#43910,#9950,#43890,.T.);
#43930=ORIENTED_EDGE('',*,*,#43920,.F.);
#43940=ORIENTED_EDGE('',*,*,#9960,.T.);
#43950=EDGE_CURVE('',#9870,#7360,#7340,.T.);
#43960=ORIENTED_EDGE('',*,*,#43950,.F.);
#43970=ORIENTED_EDGE('',*,*,#7370,.F.);
#43980=CARTESIAN_POINT('',(60.6617320000057,-1.84959400000001,
54.1143807618275));
#43990=DIRECTION('',(0.906324076871476,-1.10989022315901E-16,
0.42258332631928));
#44000=VECTOR('',#43990,1.);
#44010=LINE('',#43980,#44000);
#44020=CARTESIAN_POINT('',(-26.7629783486291,-1.849594,13.3515995818167)
);
#44030=VERTEX_POINT('',#44020);
#44040=EDGE_CURVE('',#7270,#44030,#44010,.T.);
#44050=ORIENTED_EDGE('',*,*,#44040,.F.);
#44060=CARTESIAN_POINT('',(-26.5483999999941,-1.849594,12.8999999999998)
);
#44070=DIRECTION('',(1.22460635382238E-16,1.,0.));
#44080=DIRECTION('',(-1.,1.22460635382238E-16,0.));
#44090=AXIS2_PLACEMENT_3D('',#44060,#44070,#44080);
#44100=CIRCLE('',#44090,0.499986049805623);
#44110=CARTESIAN_POINT('',(-26.0484139501884,-1.849594,12.8999999999998)
);
#44120=VERTEX_POINT('',#44110);
#44130=EDGE_CURVE('',#44030,#44120,#44100,.T.);
#44140=ORIENTED_EDGE('',*,*,#44130,.F.);
#44150=CARTESIAN_POINT('',(-26.0531925442018,-1.849594,12.8310389549964)
);
#44160=VERTEX_POINT('',#44150);
#44170=EDGE_CURVE('',#44120,#44160,#44100,.T.);
#44180=ORIENTED_EDGE('',*,*,#44170,.F.);
#44190=CARTESIAN_POINT('',(-44.1047975801315,-1.849594,-135.259582));
#44200=DIRECTION('',(-0.121000523569082,1.48178009978532E-17,
-0.992652443353669));
#44210=VECTOR('',#44200,1.);
#44220=LINE('',#44190,#44210);
#44230=EDGE_CURVE('',#44160,#42470,#44220,.T.);
#44240=ORIENTED_EDGE('',*,*,#44230,.F.);
#44250=ORIENTED_EDGE('',*,*,#42480,.F.);
#44260=ORIENTED_EDGE('',*,*,#9560,.F.);
#44270=ORIENTED_EDGE('',*,*,#11870,.F.);
#44280=ORIENTED_EDGE('',*,*,#14680,.F.);
#44290=ORIENTED_EDGE('',*,*,#28430,.F.);
#44300=ORIENTED_EDGE('',*,*,#33520,.F.);
#44310=ORIENTED_EDGE('',*,*,#33690,.F.);
#44320=ORIENTED_EDGE('',*,*,#12600,.F.);
#44330=CARTESIAN_POINT('',(60.6617320000057,-1.84959400000001,
40.2154110936473));
#44340=DIRECTION('',(0.945324309312316,-1.15765015560661E-16,
0.326131798853153));
#44350=VECTOR('',#44340,1.);
#44360=LINE('',#44330,#44350);
#44370=CARTESIAN_POINT('',(-23.5885999999944,-1.849594,11.1495));
#44380=VERTEX_POINT('',#44370);
#44390=EDGE_CURVE('',#12510,#44380,#44360,.T.);
#44400=ORIENTED_EDGE('',*,*,#44390,.F.);
#44410=CARTESIAN_POINT('',(-41.4488570558627,-1.849594,-135.259582));
#44420=DIRECTION('',(-0.121091057920519,1.48288878920541E-17,
-0.99264140337369));
#44430=VECTOR('',#44420,1.);
#44440=LINE('',#44410,#44430);
#44450=CARTESIAN_POINT('',(-23.6599999999943,-1.849594,10.5642));
#44460=VERTEX_POINT('',#44450);
#44470=EDGE_CURVE('',#44380,#44460,#44440,.T.);
#44480=ORIENTED_EDGE('',*,*,#44470,.F.);
#44490=CARTESIAN_POINT('',(60.6617320000057,-1.84959400000001,
39.6396160215263));
#44500=DIRECTION('',(0.945376586344208,-1.15771417439203E-16,
0.325980229449843));
#44510=VECTOR('',#44500,1.);
#44520=LINE('',#44490,#44510);
#44530=CARTESIAN_POINT('',(-23.1025999999943,-1.849594,10.7564));
#44540=VERTEX_POINT('',#44530);
#44550=EDGE_CURVE('',#44460,#44540,#44520,.T.);
#44560=ORIENTED_EDGE('',*,*,#44550,.F.);
#44570=CARTESIAN_POINT('',(-40.9428985526264,-1.849594,-135.259582));
#44580=DIRECTION('',(-0.121278577366693,1.48518516425791E-17,
-0.992618510139677));
#44590=VECTOR('',#44580,1.);
#44600=LINE('',#44570,#44590);
#44610=CARTESIAN_POINT('',(-23.1740999999943,-1.849594,10.1712));
#44620=VERTEX_POINT('',#44610);
#44630=EDGE_CURVE('',#44540,#44620,#44600,.T.);
#44640=ORIENTED_EDGE('',*,*,#44630,.F.);
#44650=CARTESIAN_POINT('',(60.6617320000057,-1.84959400000001,
39.0941108245408));
#44660=DIRECTION('',(0.945324309312316,-1.15765015560661E-16,
0.326131798853153));
#44670=VECTOR('',#44660,1.);
#44680=LINE('',#44650,#44670);
#44690=EDGE_CURVE('',#44620,#17310,#44680,.T.);
#44700=ORIENTED_EDGE('',*,*,#44690,.F.);
#44710=ORIENTED_EDGE('',*,*,#17320,.F.);
#44720=ORIENTED_EDGE('',*,*,#10360,.F.);
#44730=CARTESIAN_POINT('',(60.6617320000057,-1.84959400000001,
-56.9865838099255));
#44740=DIRECTION('',(0.777545433957774,-9.52187078810268E-17,
-0.62882676321179));
#44750=VECTOR('',#44740,1.);
#44760=LINE('',#44730,#44750);
#44770=CARTESIAN_POINT('',(-21.0364291630263,-1.849594,9.08537335381851)
);
#44780=VERTEX_POINT('',#44770);
#44790=EDGE_CURVE('',#10250,#44780,#44760,.T.);
#44800=ORIENTED_EDGE('',*,*,#44790,.F.);
#44810=CARTESIAN_POINT('',(-21.3549999999925,-1.849594,8.70000000000081)
);
#44820=DIRECTION('',(1.22460635382238E-16,1.,0.));
#44830=DIRECTION('',(-1.,1.22460635382238E-16,0.));
#44840=AXIS2_PLACEMENT_3D('',#44810,#44820,#44830);
#44850=CIRCLE('',#44840,0.499999999997997);
#44860=EDGE_CURVE('',#44780,#13890,#44850,.T.);
#44870=ORIENTED_EDGE('',*,*,#44860,.F.);
#44880=ORIENTED_EDGE('',*,*,#13900,.F.);
#44890=CARTESIAN_POINT('',(-21.1549999999944,-1.849594,8.19999999999999)
);
#44900=DIRECTION('',(1.22460635382238E-16,1.,0.));
#44910=DIRECTION('',(-1.,1.22460635382238E-16,0.));
#44920=AXIS2_PLACEMENT_3D('',#44890,#44900,#44910);
#44930=CIRCLE('',#44920,0.300000000000022);
#44940=CARTESIAN_POINT('',(-21.4549999999944,-1.849594,8.19999999999999)
);
#44950=VERTEX_POINT('',#44940);
#44960=EDGE_CURVE('',#13810,#44950,#44930,.T.);
#44970=ORIENTED_EDGE('',*,*,#44960,.F.);
#44980=CARTESIAN_POINT('',(60.6617320000057,-1.84959400000001,
8.19999999999999));
#44990=DIRECTION('',(-1.,1.22460635382238E-16,0.));
#45000=VECTOR('',#44990,1.);
#45010=LINE('',#44980,#45000);
#45020=CARTESIAN_POINT('',(-22.8549999999943,-1.849594,8.19999999999999)
);
#45030=VERTEX_POINT('',#45020);
#45040=EDGE_CURVE('',#44950,#45030,#45010,.T.);
#45050=ORIENTED_EDGE('',*,*,#45040,.F.);
#45060=CARTESIAN_POINT('',(-22.8549999999943,-1.849594,-135.259582));
#45070=DIRECTION('',(0.,-0.,-1.));
#45080=VECTOR('',#45070,1.);
#45090=LINE('',#45060,#45080);
#45100=CARTESIAN_POINT('',(-22.8549999999943,-1.849594,4.79369999999991)
);
#45110=VERTEX_POINT('',#45100);
#45120=EDGE_CURVE('',#45030,#45110,#45090,.T.);
#45130=ORIENTED_EDGE('',*,*,#45120,.F.);
#45140=CARTESIAN_POINT('',(-23.4549999999944,-1.849594,4.79369999999992)
);
#45150=DIRECTION('',(1.31899132470622E-14,1.,6.53372630584E-15));
#45160=DIRECTION('',(-1.,1.31899132470622E-14,0.));
#45170=AXIS2_PLACEMENT_3D('',#45140,#45150,#45160);
#45180=CIRCLE('',#45170,0.600000000000077);
#45190=CARTESIAN_POINT('',(-23.4549999999943,-1.849594,5.39370000000002)
);
#45200=VERTEX_POINT('',#45190);
#45210=EDGE_CURVE('',#45200,#45110,#45180,.T.);
#45220=ORIENTED_EDGE('',*,*,#45210,.T.);
#45230=CARTESIAN_POINT('',(60.6617320000057,-1.84959400000001,
5.40421459150036));
#45240=DIRECTION('',(-0.9999999921875,1.22460634425514E-16,
-0.000124999999027585));
#45250=VECTOR('',#45240,1.);
#45260=LINE('',#45230,#45250);
#45270=EDGE_CURVE('',#45200,#43280,#45260,.T.);
#45280=ORIENTED_EDGE('',*,*,#45270,.F.);
#45290=ORIENTED_EDGE('',*,*,#43450,.T.);
#45300=CARTESIAN_POINT('',(-24.8549999999944,-1.849594,-135.259582));
#45310=DIRECTION('',(0.,0.,1.));
#45320=VECTOR('',#45310,1.);
#45330=LINE('',#45300,#45320);
#45340=CARTESIAN_POINT('',(-24.8549999999944,-1.849594,4.49359999999999)
);
#45350=VERTEX_POINT('',#45340);
#45360=EDGE_CURVE('',#45350,#43370,#45330,.T.);
#45370=ORIENTED_EDGE('',*,*,#45360,.T.);
#45380=CARTESIAN_POINT('',(60.6617320000057,-1.84959400000001,
4.49359999999825));
#45390=DIRECTION('',(-1.,1.22460635382238E-16,2.03012210217171E-14));
#45400=VECTOR('',#45390,1.);
#45410=LINE('',#45380,#45400);
#45420=EDGE_CURVE('',#45350,#43910,#45410,.T.);
#45430=ORIENTED_EDGE('',*,*,#45420,.F.);
#45440=EDGE_LOOP('',(#45430,#45370,#45290,#45280,#45220,#45130,#45050,
#44970,#44880,#44870,#44800,#44720,#44710,#44700,#44640,#44560,#44480,
#44400,#44320,#44310,#44300,#44290,#44280,#44270,#44260,#44250,#44240,
#44180,#44140,#44050,#43970,#43960,#43940,#43930));
#45450=FACE_OUTER_BOUND('',#45440,.T.);
#45460=ADVANCED_FACE('',(#45450),#43850,.F.);
#45470=CARTESIAN_POINT('',(-20.7301155088206,-3.699594,0.999800936814609
));
#45480=DIRECTION('',(2.18173674426093E-15,-1.,0.));
#45490=DIRECTION('',(1.,2.18173674426093E-15,0.));
#45500=AXIS2_PLACEMENT_3D('',#45470,#45480,#45490);
#45510=CYLINDRICAL_SURFACE('',#45500,1.);
#45520=CARTESIAN_POINT('',(-20.7301155088206,-4.249594,0.999800936814609
));
#45530=DIRECTION('',(2.18173674426093E-15,-1.,0.));
#45540=DIRECTION('',(1.,2.18173674426093E-15,0.));
#45550=AXIS2_PLACEMENT_3D('',#45520,#45530,#45540);
#45560=CIRCLE('',#45550,1.);
#45570=CARTESIAN_POINT('',(-21.7023768111631,-4.249594,0.765903608981972
));
#45580=VERTEX_POINT('',#45570);
#45590=CARTESIAN_POINT('',(-20.7201394531795,-4.249594,
-9.95315926957119E-5));
#45600=VERTEX_POINT('',#45590);
#45610=EDGE_CURVE('',#45580,#45600,#45560,.T.);
#45620=ORIENTED_EDGE('',*,*,#45610,.T.);
#45630=CARTESIAN_POINT('',(-21.7023768111631,-3.699594,0.765903608981972
));
#45640=DIRECTION('',(2.18173674426093E-15,-1.,0.));
#45650=VECTOR('',#45640,1.);
#45660=LINE('',#45630,#45650);
#45670=CARTESIAN_POINT('',(-21.7023768111631,-3.149594,0.765903608981972
));
#45680=VERTEX_POINT('',#45670);
#45690=EDGE_CURVE('',#45680,#45580,#45660,.T.);
#45700=ORIENTED_EDGE('',*,*,#45690,.T.);
#45710=CARTESIAN_POINT('',(-20.7301155088206,-3.149594,0.999800936814609
));
#45720=DIRECTION('',(2.18173674426093E-15,-1.,0.));
#45730=DIRECTION('',(1.,2.18173674426093E-15,0.));
#45740=AXIS2_PLACEMENT_3D('',#45710,#45720,#45730);
#45750=CIRCLE('',#45740,1.);
#45760=CARTESIAN_POINT('',(-20.7201394531795,-3.149594,
-9.95315926957119E-5));
#45770=VERTEX_POINT('',#45760);
#45780=EDGE_CURVE('',#45680,#45770,#45750,.T.);
#45790=ORIENTED_EDGE('',*,*,#45780,.F.);
#45800=CARTESIAN_POINT('',(-20.7101633975384,-4.249594,0.));
#45810=DIRECTION('',(1.22460635382238E-16,1.,0.));
#45820=VECTOR('',#45810,1.);
#45830=LINE('',#45800,#45820);
#45840=EDGE_CURVE('',#45600,#45770,#45830,.T.);
#45850=ORIENTED_EDGE('',*,*,#45840,.T.);
#45860=EDGE_LOOP('',(#45850,#45790,#45700,#45620));
#45870=FACE_OUTER_BOUND('',#45860,.T.);
#45880=ADVANCED_FACE('',(#45870),#45510,.F.);
#45890=CARTESIAN_POINT('',(-22.7300999999921,2.650406,2.90000000000046))
;
#45900=DIRECTION('',(1.22460635382238E-16,1.,0.));
#45910=DIRECTION('',(1.,-1.22460635382238E-16,0.));
#45920=AXIS2_PLACEMENT_3D('',#45890,#45900,#45910);
#45930=CYLINDRICAL_SURFACE('',#45920,0.499999999999466);
#45940=ORIENTED_EDGE('',*,*,#29020,.T.);
#45950=CARTESIAN_POINT('',(-22.7300999999921,4.250406,2.90000000000046))
;
#45960=DIRECTION('',(-1.22460635382238E-16,-1.,0.));
#45970=DIRECTION('',(1.,-1.22460635382238E-16,0.));
#45980=AXIS2_PLACEMENT_3D('',#45950,#45960,#45970);
#45990=CIRCLE('',#45980,0.499999999999466);
#46000=EDGE_CURVE('',#35400,#28990,#45990,.T.);
#46010=ORIENTED_EDGE('',*,*,#46000,.T.);
#46020=ORIENTED_EDGE('',*,*,#35410,.T.);
#46030=ORIENTED_EDGE('',*,*,#38730,.F.);
#46040=EDGE_LOOP('',(#46030,#46020,#46010,#45940));
#46050=FACE_OUTER_BOUND('',#46040,.T.);
#46060=ADVANCED_FACE('',(#46050),#45930,.T.);
#46070=CARTESIAN_POINT('',(-23.6300999999926,-3.199594,-8.2217));
#46080=DIRECTION('',(0.500006320306794,-6.12310916799046E-17,
0.866021754722859));
#46090=DIRECTION('',(0.866021754722859,-1.06053574338202E-16,
-0.500006320306794));
#46100=AXIS2_PLACEMENT_3D('',#46070,#46080,#46090);
#46110=PLANE('',#46100);
#46120=ORIENTED_EDGE('',*,*,#42730,.F.);
#46130=CARTESIAN_POINT('',(60.6617820000057,-2.14959400000001,
-56.8884609915194));
#46140=DIRECTION('',(0.866021754722859,-1.06053574338202E-16,
-0.500006320306794));
#46150=VECTOR('',#46140,1.);
#46160=LINE('',#46130,#46150);
#46170=EDGE_CURVE('',#7850,#42720,#46160,.T.);
#46180=ORIENTED_EDGE('',*,*,#46170,.T.);
#46190=ORIENTED_EDGE('',*,*,#7860,.F.);
#46200=CARTESIAN_POINT('',(60.6617820000057,-4.24959400000001,
-56.8884609915194));
#46210=DIRECTION('',(0.866021754722859,-1.06053574338202E-16,
-0.500006320306794));
#46220=VECTOR('',#46210,1.);
#46230=LINE('',#46200,#46220);
#46240=EDGE_CURVE('',#7770,#42700,#46230,.T.);
#46250=ORIENTED_EDGE('',*,*,#46240,.F.);
#46260=EDGE_LOOP('',(#46250,#46190,#46180,#46120));
#46270=FACE_OUTER_BOUND('',#46260,.T.);
#46280=ADVANCED_FACE('',(#46270),#46110,.F.);
#46290=CARTESIAN_POINT('',(3.01990000000167,4.500406,-2.24000000000001))
;
#46300=DIRECTION('',(1.,-1.22460635382238E-16,0.));
#46310=DIRECTION('',(0.,-0.,-1.));
#46320=AXIS2_PLACEMENT_3D('',#46290,#46300,#46310);
#46330=PLANE('',#46320);
#46340=CARTESIAN_POINT('',(3.01990000000167,4.250406,-135.257382));
#46350=DIRECTION('',(0.,0.,1.));
#46360=VECTOR('',#46350,1.);
#46370=LINE('',#46340,#46360);
#46380=CARTESIAN_POINT('',(3.01990000000167,4.250406,-7.88000000000001))
;
#46390=VERTEX_POINT('',#46380);
#46400=CARTESIAN_POINT('',(3.01990000000167,4.250406,3.40000000000001));
#46410=VERTEX_POINT('',#46400);
#46420=EDGE_CURVE('',#46390,#46410,#46370,.T.);
#46430=ORIENTED_EDGE('',*,*,#46420,.F.);
#46440=CARTESIAN_POINT('',(3.01990000000167,-4.249594,3.40000000000001))
;
#46450=DIRECTION('',(-1.22460635382238E-16,-1.,0.));
#46460=VECTOR('',#46450,1.);
#46470=LINE('',#46440,#46460);
#46480=EDGE_CURVE('',#30650,#46410,#46470,.T.);
#46490=ORIENTED_EDGE('',*,*,#46480,.T.);
#46500=ORIENTED_EDGE('',*,*,#31130,.T.);
#46510=CARTESIAN_POINT('',(3.01990000000167,-4.249594,-7.88000000000001)
);
#46520=DIRECTION('',(-1.22460635382238E-16,-1.,0.));
#46530=VECTOR('',#46520,1.);
#46540=LINE('',#46510,#46530);
#46550=EDGE_CURVE('',#31060,#46390,#46540,.T.);
#46560=ORIENTED_EDGE('',*,*,#46550,.F.);
#46570=EDGE_LOOP('',(#46560,#46500,#46490,#46430));
#46580=FACE_OUTER_BOUND('',#46570,.T.);
#46590=ADVANCED_FACE('',(#46580),#46330,.T.);
#46600=CARTESIAN_POINT('',(-21.3549999999925,1.850406,8.70000000000081))
;
#46610=DIRECTION('',(-1.22460635382238E-16,-1.,0.));
#46620=DIRECTION('',(-1.,1.22460635382238E-16,0.));
#46630=AXIS2_PLACEMENT_3D('',#46600,#46610,#46620);
#46640=CYLINDRICAL_SURFACE('',#46630,0.499999999997997);
#46650=ORIENTED_EDGE('',*,*,#13980,.F.);
#46660=ORIENTED_EDGE('',*,*,#44860,.T.);
#46670=CARTESIAN_POINT('',(-21.0364291630263,1.91040600000024,
9.08537335381851));
#46680=DIRECTION('',(-1.22460635382238E-16,-1.,0.));
#46690=VECTOR('',#46680,1.);
#46700=LINE('',#46670,#46690);
#46710=EDGE_CURVE('',#32120,#44780,#46700,.T.);
#46720=ORIENTED_EDGE('',*,*,#46710,.T.);
#46730=ORIENTED_EDGE('',*,*,#32130,.F.);
#46740=EDGE_LOOP('',(#46730,#46720,#46660,#46650));
#46750=FACE_OUTER_BOUND('',#46740,.T.);
#46760=ADVANCED_FACE('',(#46750),#46640,.T.);
#46770=CARTESIAN_POINT('',(-27.1800999999943,4.250406,-5.00000273636053)
);
#46780=DIRECTION('',(-1.22460635382238E-16,-1.,0.));
#46790=DIRECTION('',(1.,-1.22460635382238E-16,0.));
#46800=AXIS2_PLACEMENT_3D('',#46770,#46780,#46790);
#46810=PLANE('',#46800);
#46820=CARTESIAN_POINT('',(-26.8800999999943,4.250406,-135.257382));
#46830=DIRECTION('',(0.,-0.,-1.));
#46840=VECTOR('',#46830,1.);
#46850=LINE('',#46820,#46840);
#46860=CARTESIAN_POINT('',(-26.8800999999943,4.250406,-7.88000000000001)
);
#46870=VERTEX_POINT('',#46860);
#46880=EDGE_CURVE('',#46870,#450,#46850,.T.);
#46890=ORIENTED_EDGE('',*,*,#46880,.T.);
#46900=CARTESIAN_POINT('',(60.6117820000056,4.25040599999999,
-7.88000000000001));
#46910=DIRECTION('',(1.,-1.22460635382238E-16,0.));
#46920=VECTOR('',#46910,1.);
#46930=LINE('',#46900,#46920);
#46940=CARTESIAN_POINT('',(-25.8800999999943,4.250406,-7.88000000000001)
);
#46950=VERTEX_POINT('',#46940);
#46960=EDGE_CURVE('',#46870,#46950,#46930,.T.);
#46970=ORIENTED_EDGE('',*,*,#46960,.F.);
#46980=CARTESIAN_POINT('',(-25.8800999999943,4.250406,-135.257382));
#46990=DIRECTION('',(0.,0.,1.));
#47000=VECTOR('',#46990,1.);
#47010=LINE('',#46980,#47000);
#47020=EDGE_CURVE('',#46950,#28670,#47010,.T.);
#47030=ORIENTED_EDGE('',*,*,#47020,.F.);
#47040=ORIENTED_EDGE('',*,*,#28680,.T.);
#47050=CARTESIAN_POINT('',(-24.7800999999944,4.250406,3.39999999999992))
;
#47060=DIRECTION('',(-1.22460635382238E-16,-1.,0.));
#47070=DIRECTION('',(1.,-1.22460635382238E-16,0.));
#47080=AXIS2_PLACEMENT_3D('',#47050,#47060,#47070);
#47090=CIRCLE('',#47080,0.500000000000076);
#47100=CARTESIAN_POINT('',(-24.7800999999944,4.250406,3.90000000000001))
;
#47110=VERTEX_POINT('',#47100);
#47120=EDGE_CURVE('',#28650,#47110,#47090,.T.);
#47130=ORIENTED_EDGE('',*,*,#47120,.F.);
#47140=CARTESIAN_POINT('',(60.6617820000057,4.25040599999999,
3.90000625035856));
#47150=DIRECTION('',(1.,-1.22460635382238E-16,0.));
#47160=VECTOR('',#47150,1.);
#47170=LINE('',#47140,#47160);
#47180=CARTESIAN_POINT('',(-25.4410199358082,4.250406,3.90000625035856))
;
#47190=VERTEX_POINT('',#47180);
#47200=EDGE_CURVE('',#47190,#47110,#47170,.T.);
#47210=ORIENTED_EDGE('',*,*,#47200,.T.);
#47220=CARTESIAN_POINT('',(-25.4410199358082,4.250406,3.40016168347861))
;
#47230=DIRECTION('',(-1.22460635382238E-16,-1.,0.));
#47240=DIRECTION('',(1.,-1.22460635382238E-16,0.));
#47250=AXIS2_PLACEMENT_3D('',#47220,#47230,#47240);
#47260=CIRCLE('',#47250,0.499844566879941);
#47270=EDGE_CURVE('',#47190,#38430,#47260,.T.);
#47280=ORIENTED_EDGE('',*,*,#47270,.F.);
#47290=ORIENTED_EDGE('',*,*,#38570,.T.);
#47300=ORIENTED_EDGE('',*,*,#11210,.T.);
#47310=ORIENTED_EDGE('',*,*,#9300,.F.);
#47320=CARTESIAN_POINT('',(60.6617820000057,4.25040599999999,-13.9));
#47330=DIRECTION('',(-1.,1.22460635382238E-16,0.));
#47340=VECTOR('',#47330,1.);
#47350=LINE('',#47320,#47340);
#47360=CARTESIAN_POINT('',(-26.7300999999944,4.250406,-13.9));
#47370=VERTEX_POINT('',#47360);
#47380=EDGE_CURVE('',#47370,#9220,#47350,.T.);
#47390=ORIENTED_EDGE('',*,*,#47380,.T.);
#47400=CARTESIAN_POINT('',(-26.7300999999944,4.250406,-13.3999999999999)
);
#47410=DIRECTION('',(-1.22460635382238E-16,-1.,-2.74605888216464E-15));
#47420=DIRECTION('',(3.36284115506919E-31,2.74605888216464E-15,-1.));
#47430=AXIS2_PLACEMENT_3D('',#47400,#47410,#47420);
#47440=CIRCLE('',#47430,0.500000000000103);
#47450=EDGE_CURVE('',#47370,#530,#47440,.T.);
#47460=ORIENTED_EDGE('',*,*,#47450,.F.);
#47470=ORIENTED_EDGE('',*,*,#540,.F.);
#47480=EDGE_LOOP('',(#47470,#47460,#47390,#47310,#47300,#47290,#47280,
#47210,#47130,#47040,#47030,#46970,#46890));
#47490=FACE_OUTER_BOUND('',#47480,.T.);
#47500=ADVANCED_FACE('',(#47490),#46810,.F.);
#47510=CARTESIAN_POINT('',(-22.8549999999943,0.000406000000002571,
3.20850000000002));
#47520=DIRECTION('',(-1.,1.22460635382238E-16,0.));
#47530=DIRECTION('',(0.,0.,1.));
#47540=AXIS2_PLACEMENT_3D('',#47510,#47520,#47530);
#47550=PLANE('',#47540);
#47560=CARTESIAN_POINT('',(-22.8549999999943,2.800406,-135.259582));
#47570=DIRECTION('',(0.,0.,1.));
#47580=VECTOR('',#47570,1.);
#47590=LINE('',#47560,#47580);
#47600=CARTESIAN_POINT('',(-22.8549999999943,2.800406,4.29370000000006))
;
#47610=VERTEX_POINT('',#47600);
#47620=CARTESIAN_POINT('',(-22.8549999999944,2.800406,4.79370000000003))
;
#47630=VERTEX_POINT('',#47620);
#47640=EDGE_CURVE('',#47610,#47630,#47590,.T.);
#47650=ORIENTED_EDGE('',*,*,#47640,.T.);
#47660=CARTESIAN_POINT('',(-22.8549999999943,2.800406,4.29370000000006))
;
#47670=DIRECTION('',(2.37067177079355E-15,-1.,0.));
#47680=VECTOR('',#47670,1.);
#47690=LINE('',#47660,#47680);
#47700=CARTESIAN_POINT('',(-22.8549999999943,1.400406,4.29370000000006))
;
#47710=VERTEX_POINT('',#47700);
#47720=EDGE_CURVE('',#47610,#47710,#47690,.T.);
#47730=ORIENTED_EDGE('',*,*,#47720,.F.);
#47740=CARTESIAN_POINT('',(-22.8549999999943,1.400406,-135.259582));
#47750=DIRECTION('',(0.,0.,1.));
#47760=VECTOR('',#47750,1.);
#47770=LINE('',#47740,#47760);
#47780=EDGE_CURVE('',#29380,#47710,#47770,.T.);
#47790=ORIENTED_EDGE('',*,*,#47780,.T.);
#47800=ORIENTED_EDGE('',*,*,#29390,.F.);
#47810=CARTESIAN_POINT('',(-22.8549999999943,-1.399594,-135.259582));
#47820=DIRECTION('',(0.,0.,1.));
#47830=VECTOR('',#47820,1.);
#47840=LINE('',#47810,#47830);
#47850=EDGE_CURVE('',#29300,#11550,#47840,.T.);
#47860=ORIENTED_EDGE('',*,*,#47850,.F.);
#47870=ORIENTED_EDGE('',*,*,#11560,.F.);
#47880=ORIENTED_EDGE('',*,*,#28180,.T.);
#47890=CARTESIAN_POINT('',(-22.8549999999943,-1.34959400000001,
4.79369999999992));
#47900=DIRECTION('',(-1.31899132470622E-14,-1.,-6.53372630584E-15));
#47910=VECTOR('',#47900,1.);
#47920=LINE('',#47890,#47910);
#47930=EDGE_CURVE('',#45110,#28110,#47920,.T.);
#47940=ORIENTED_EDGE('',*,*,#47930,.T.);
#47950=ORIENTED_EDGE('',*,*,#45120,.T.);
#47960=CARTESIAN_POINT('',(-22.8549999999943,-4.249594,8.19999999999999)
);
#47970=DIRECTION('',(1.22460635382238E-16,1.,0.));
#47980=VECTOR('',#47970,1.);
#47990=LINE('',#47960,#47980);
#48000=EDGE_CURVE('',#45030,#31870,#47990,.T.);
#48010=ORIENTED_EDGE('',*,*,#48000,.F.);
#48020=ORIENTED_EDGE('',*,*,#31880,.T.);
#48030=CARTESIAN_POINT('',(-22.8549999999944,2.85040600000001,
4.79370000000003));
#48040=DIRECTION('',(-1.22460635382238E-16,-1.,0.));
#48050=VECTOR('',#48040,1.);
#48060=LINE('',#48030,#48050);
#48070=EDGE_CURVE('',#47630,#31790,#48060,.T.);
#48080=ORIENTED_EDGE('',*,*,#48070,.T.);
#48090=EDGE_LOOP('',(#48080,#48020,#48010,#47950,#47940,#47880,#47870,
#47860,#47800,#47790,#47730,#47650));
#48100=FACE_OUTER_BOUND('',#48090,.T.);
#48110=ADVANCED_FACE('',(#48100),#47550,.F.);
#48120=CARTESIAN_POINT('',(2.01990000000167,4.750406,-4.49999999999989))
;
#48130=DIRECTION('',(-1.22460635382238E-16,-1.,0.));
#48140=DIRECTION('',(1.,-1.22460635382238E-16,0.));
#48150=AXIS2_PLACEMENT_3D('',#48120,#48130,#48140);
#48160=CYLINDRICAL_SURFACE('',#48150,0.600000000000009);
#48170=CARTESIAN_POINT('',(1.41990000000166,4.750406,-4.49999999999989))
;
#48180=DIRECTION('',(-1.22460635382238E-16,-1.,0.));
#48190=VECTOR('',#48180,1.);
#48200=LINE('',#48170,#48190);
#48210=CARTESIAN_POINT('',(1.41990000000166,-4.249594,-4.49999999999989)
);
#48220=VERTEX_POINT('',#48210);
#48230=EDGE_CURVE('',#30530,#48220,#48200,.T.);
#48240=ORIENTED_EDGE('',*,*,#48230,.F.);
#48250=CARTESIAN_POINT('',(2.01990000000167,-4.249594,-4.49999999999989)
);
#48260=DIRECTION('',(1.22460635382238E-16,1.,0.));
#48270=DIRECTION('',(1.,-1.22460635382238E-16,0.));
#48280=AXIS2_PLACEMENT_3D('',#48250,#48260,#48270);
#48290=CIRCLE('',#48280,0.600000000000009);
#48300=CARTESIAN_POINT('',(2.61990000000168,-4.249594,-4.49999999999989)
);
#48310=VERTEX_POINT('',#48300);
#48320=EDGE_CURVE('',#48220,#48310,#48290,.T.);
#48330=ORIENTED_EDGE('',*,*,#48320,.F.);
#48340=CARTESIAN_POINT('',(2.61990000000168,4.750406,-4.49999999999989))
;
#48350=DIRECTION('',(-1.22460635382238E-16,-1.,0.));
#48360=VECTOR('',#48350,1.);
#48370=LINE('',#48340,#48360);
#48380=EDGE_CURVE('',#30510,#48310,#48370,.T.);
#48390=ORIENTED_EDGE('',*,*,#48380,.T.);
#48400=ORIENTED_EDGE('',*,*,#30560,.T.);
#48410=EDGE_LOOP('',(#48400,#48390,#48330,#48240));
#48420=FACE_OUTER_BOUND('',#48410,.T.);
#48430=ADVANCED_FACE('',(#48420),#48160,.F.);
#48440=CARTESIAN_POINT('',(-27.3800999999943,-3.199594,-11.4217));
#48450=DIRECTION('',(-1.,1.22460635382238E-16,0.));
#48460=DIRECTION('',(0.,0.,1.));
#48470=AXIS2_PLACEMENT_3D('',#48440,#48450,#48460);
#48480=PLANE('',#48470);
#48490=ORIENTED_EDGE('',*,*,#7700,.T.);
#48500=CARTESIAN_POINT('',(-27.3800999999943,-2.149594,-135.257382));
#48510=DIRECTION('',(0.,0.,1.));
#48520=VECTOR('',#48510,1.);
#48530=LINE('',#48500,#48520);
#48540=CARTESIAN_POINT('',(-27.3800999999943,-2.149594,-13.9));
#48550=VERTEX_POINT('',#48540);
#48560=EDGE_CURVE('',#48550,#7670,#48530,.T.);
#48570=ORIENTED_EDGE('',*,*,#48560,.T.);
#48580=CARTESIAN_POINT('',(-27.3800999999943,-4.249594,-13.9));
#48590=DIRECTION('',(-1.22460635382238E-16,-1.,0.));
#48600=VECTOR('',#48590,1.);
#48610=LINE('',#48580,#48600);
#48620=CARTESIAN_POINT('',(-27.3800999999943,-4.249594,-13.9));
#48630=VERTEX_POINT('',#48620);
#48640=EDGE_CURVE('',#48550,#48630,#48610,.T.);
#48650=ORIENTED_EDGE('',*,*,#48640,.F.);
#48660=CARTESIAN_POINT('',(-27.3800999999943,-4.249594,-135.257382));
#48670=DIRECTION('',(0.,0.,1.));
#48680=VECTOR('',#48670,1.);
#48690=LINE('',#48660,#48680);
#48700=EDGE_CURVE('',#48630,#7690,#48690,.T.);
#48710=ORIENTED_EDGE('',*,*,#48700,.F.);
#48720=EDGE_LOOP('',(#48710,#48650,#48570,#48490));
#48730=FACE_OUTER_BOUND('',#48720,.T.);
#48740=ADVANCED_FACE('',(#48730),#48480,.F.);
#48750=CARTESIAN_POINT('',(-1.7052499999983,1.850406,8.19999999999999));
#48760=DIRECTION('',(-1.22460635382238E-16,-1.,0.));
#48770=DIRECTION('',(1.,-1.22460635382238E-16,0.));
#48780=AXIS2_PLACEMENT_3D('',#48750,#48760,#48770);
#48790=CYLINDRICAL_SURFACE('',#48780,0.300000000000022);
#48800=CARTESIAN_POINT('',(-1.7052499999983,1.850406,8.19999999999999));
#48810=DIRECTION('',(-1.22460635382238E-16,-1.,0.));
#48820=DIRECTION('',(1.,-1.22460635382238E-16,0.));
#48830=AXIS2_PLACEMENT_3D('',#48800,#48810,#48820);
#48840=CIRCLE('',#48830,0.300000000000022);
#48850=CARTESIAN_POINT('',(-1.40524999999828,1.850406,8.19999999999999))
;
#48860=VERTEX_POINT('',#48850);
#48870=EDGE_CURVE('',#16500,#48860,#48840,.T.);
#48880=ORIENTED_EDGE('',*,*,#48870,.T.);
#48890=ORIENTED_EDGE('',*,*,#16750,.F.);
#48900=ORIENTED_EDGE('',*,*,#40230,.F.);
#48910=CARTESIAN_POINT('',(-1.40524999999828,1.850406,8.19999999999999))
;
#48920=DIRECTION('',(-1.22460635382238E-16,-1.,0.));
#48930=VECTOR('',#48920,1.);
#48940=LINE('',#48910,#48930);
#48950=EDGE_CURVE('',#48860,#40150,#48940,.T.);
#48960=ORIENTED_EDGE('',*,*,#48950,.T.);
#48970=EDGE_LOOP('',(#48960,#48900,#48890,#48880));
#48980=FACE_OUTER_BOUND('',#48970,.T.);
#48990=ADVANCED_FACE('',(#48980),#48790,.T.);
#49000=CARTESIAN_POINT('',(0.66975000000167,-1.399594,3.54685000000001))
;
#49010=DIRECTION('',(-1.22460635382238E-16,-1.,0.));
#49020=DIRECTION('',(1.,-1.22460635382238E-16,0.));
#49030=AXIS2_PLACEMENT_3D('',#49000,#49010,#49020);
#49040=PLANE('',#49030);
#49050=CARTESIAN_POINT('',(1.91990000000173,-1.399594,3.39999999999992))
;
#49060=DIRECTION('',(1.22460635382238E-16,1.,0.));
#49070=DIRECTION('',(-1.,1.22460635382238E-16,0.));
#49080=AXIS2_PLACEMENT_3D('',#49050,#49060,#49070);
#49090=CIRCLE('',#49080,0.500000000000076);
#49100=CARTESIAN_POINT('',(1.41990000000166,-1.399594,3.39999999999992))
;
#49110=VERTEX_POINT('',#49100);
#49120=CARTESIAN_POINT('',(1.52625235657561,-1.399594,3.70828806792525))
;
#49130=VERTEX_POINT('',#49120);
#49140=EDGE_CURVE('',#49110,#49130,#49090,.T.);
#49150=ORIENTED_EDGE('',*,*,#49140,.T.);
#49160=CARTESIAN_POINT('',(-83.5119819999983,-1.39959399999999,
3.40000000000001));
#49170=DIRECTION('',(1.,-1.22460635382238E-16,0.));
#49180=VECTOR('',#49170,1.);
#49190=LINE('',#49160,#49180);
#49200=CARTESIAN_POINT('',(-0.00524999999832687,-1.399594,
3.40000000000001));
#49210=VERTEX_POINT('',#49200);
#49220=EDGE_CURVE('',#49210,#49110,#49190,.T.);
#49230=ORIENTED_EDGE('',*,*,#49220,.T.);
#49240=CARTESIAN_POINT('',(-0.00524999999832687,-1.399594,-135.259582));
#49250=DIRECTION('',(0.,0.,1.));
#49260=VECTOR('',#49250,1.);
#49270=LINE('',#49240,#49260);
#49280=CARTESIAN_POINT('',(-0.00524999999835155,-1.399594,
4.29370000000003));
#49290=VERTEX_POINT('',#49280);
#49300=EDGE_CURVE('',#49210,#49290,#49270,.T.);
#49310=ORIENTED_EDGE('',*,*,#49300,.F.);
#49320=CARTESIAN_POINT('',(0.594750000001682,-1.399594,4.29370000000003)
);
#49330=DIRECTION('',(2.37067177079355E-15,-1.,0.));
#49340=DIRECTION('',(1.,2.37067177079355E-15,0.));
#49350=AXIS2_PLACEMENT_3D('',#49320,#49330,#49340);
#49360=CIRCLE('',#49350,0.600000000000034);
#49370=CARTESIAN_POINT('',(0.594750000001667,-1.399594,3.69370000000001)
);
#49380=VERTEX_POINT('',#49370);
#49390=EDGE_CURVE('',#49290,#49380,#49360,.T.);
#49400=ORIENTED_EDGE('',*,*,#49390,.F.);
#49410=CARTESIAN_POINT('',(-83.5219819999983,-1.39959399999999,
3.69370000000001));
#49420=DIRECTION('',(1.,-1.22460635382238E-16,0.));
#49430=VECTOR('',#49420,1.);
#49440=LINE('',#49410,#49430);
#49450=CARTESIAN_POINT('',(1.39475000000168,-1.399594,3.69370000000001))
;
#49460=VERTEX_POINT('',#49450);
#49470=EDGE_CURVE('',#49380,#49460,#49440,.T.);
#49480=ORIENTED_EDGE('',*,*,#49470,.F.);
#49490=CARTESIAN_POINT('',(1.39475000000168,-1.399594,4.29370000000003))
;
#49500=DIRECTION('',(2.37067177079355E-15,-1.,0.));
#49510=DIRECTION('',(1.,2.37067177079355E-15,0.));
#49520=AXIS2_PLACEMENT_3D('',#49490,#49500,#49510);
#49530=CIRCLE('',#49520,0.600000000000022);
#49540=EDGE_CURVE('',#49460,#49130,#49530,.T.);
#49550=ORIENTED_EDGE('',*,*,#49540,.F.);
#49560=EDGE_LOOP('',(#49550,#49480,#49400,#49310,#49230,#49150));
#49570=FACE_OUTER_BOUND('',#49560,.T.);
#49580=ADVANCED_FACE('',(#49570),#49040,.T.);
#49590=CARTESIAN_POINT('',(-23.1383499999943,0.000406000000002571,
10.4638));
#49600=DIRECTION('',(-0.992618510139677,1.21556693443875E-16,
0.121278577366693));
#49610=DIRECTION('',(0.121278577366693,-1.48518516425791E-17,
0.992618510139677));
#49620=AXIS2_PLACEMENT_3D('',#49590,#49600,#49610);
#49630=PLANE('',#49620);
#49640=CARTESIAN_POINT('',(-23.1740999999943,-4.249594,10.1712));
#49650=DIRECTION('',(-1.22460635382238E-16,-1.,0.));
#49660=VECTOR('',#49650,1.);
#49670=LINE('',#49640,#49660);
#49680=EDGE_CURVE('',#32280,#44620,#49670,.T.);
#49690=ORIENTED_EDGE('',*,*,#49680,.F.);
#49700=ORIENTED_EDGE('',*,*,#44630,.T.);
#49710=CARTESIAN_POINT('',(-23.1025999999943,-4.249594,10.7564));
#49720=DIRECTION('',(1.22460635382238E-16,1.,0.));
#49730=VECTOR('',#49720,1.);
#49740=LINE('',#49710,#49730);
#49750=EDGE_CURVE('',#44540,#32360,#49740,.T.);
#49760=ORIENTED_EDGE('',*,*,#49750,.F.);
#49770=ORIENTED_EDGE('',*,*,#32370,.T.);
#49780=EDGE_LOOP('',(#49770,#49760,#49700,#49690));
#49790=FACE_OUTER_BOUND('',#49780,.T.);
#49800=ADVANCED_FACE('',(#49790),#49630,.F.);
#49810=CARTESIAN_POINT('',(-23.8549990578458,2.800406,4.54370235785299))
;
#49820=DIRECTION('',(-1.22460635382238E-16,-1.,0.));
#49830=DIRECTION('',(1.,-1.22460635382238E-16,0.));
#49840=AXIS2_PLACEMENT_3D('',#49810,#49820,#49830);
#49850=PLANE('',#49840);
#49860=CARTESIAN_POINT('',(-23.4549999999943,2.800406,4.79370000000003))
;
#49870=DIRECTION('',(1.22460635382238E-16,1.,-6.53372630584E-15));
#49880=DIRECTION('',(8.00124274826807E-31,6.53372630584E-15,1.));
#49890=AXIS2_PLACEMENT_3D('',#49860,#49870,#49880);
#49900=CIRCLE('',#49890,0.599999999999964);
#49910=CARTESIAN_POINT('',(-23.4549999999943,2.80040600000001,
5.39369999999999));
#49920=VERTEX_POINT('',#49910);
#49930=EDGE_CURVE('',#49920,#47630,#49900,.T.);
#49940=ORIENTED_EDGE('',*,*,#49930,.T.);
#49950=CARTESIAN_POINT('',(60.6617320000057,2.80040599999999,
5.40421459150036));
#49960=DIRECTION('',(0.9999999921875,-1.22460634425514E-16,
0.000124999999027588));
#49970=VECTOR('',#49960,1.);
#49980=LINE('',#49950,#49970);
#49990=CARTESIAN_POINT('',(-24.254999999995,2.800406,5.3935999969886));
#50000=VERTEX_POINT('',#49990);
#50010=EDGE_CURVE('',#50000,#49920,#49980,.T.);
#50020=ORIENTED_EDGE('',*,*,#50010,.T.);
#50030=CARTESIAN_POINT('',(-24.2551180406493,2.800406,4.79371804597551))
;
#50040=DIRECTION('',(1.22460635382238E-16,1.,0.));
#50050=DIRECTION('',(-1.,1.22460635382238E-16,0.));
#50060=AXIS2_PLACEMENT_3D('',#50030,#50040,#50050);
#50070=CIRCLE('',#50060,0.599881962626699);
#50080=CARTESIAN_POINT('',(-24.855000003276,2.800406,4.79371804597551));
#50090=VERTEX_POINT('',#50080);
#50100=EDGE_CURVE('',#50090,#50000,#50070,.T.);
#50110=ORIENTED_EDGE('',*,*,#50100,.T.);
#50120=CARTESIAN_POINT('',(-24.8549999999943,2.800406,-135.259582));
#50130=DIRECTION('',(0.,0.,1.));
#50140=VECTOR('',#50130,1.);
#50150=LINE('',#50120,#50140);
#50160=EDGE_CURVE('',#42990,#50090,#50150,.T.);
#50170=ORIENTED_EDGE('',*,*,#50160,.T.);
#50180=ORIENTED_EDGE('',*,*,#43000,.T.);
#50190=CARTESIAN_POINT('',(-24.7800999999944,2.800406,3.39999999999992))
;
#50200=DIRECTION('',(-1.22460635382238E-16,-1.,0.));
#50210=DIRECTION('',(1.,-1.22460635382238E-16,0.));
#50220=AXIS2_PLACEMENT_3D('',#50190,#50200,#50210);
#50230=CIRCLE('',#50220,0.500000000000076);
#50240=EDGE_CURVE('',#42060,#42970,#50230,.T.);
#50250=ORIENTED_EDGE('',*,*,#50240,.T.);
#50260=ORIENTED_EDGE('',*,*,#42310,.T.);
#50270=CARTESIAN_POINT('',(60.6617320000057,2.80040599999999,
3.69370000000001));
#50280=DIRECTION('',(1.,-1.22460635382238E-16,0.));
#50290=VECTOR('',#50280,1.);
#50300=LINE('',#50270,#50290);
#50310=CARTESIAN_POINT('',(-23.4549999999943,2.800406,3.69369999999995))
;
#50320=VERTEX_POINT('',#50310);
#50330=EDGE_CURVE('',#42230,#50320,#50300,.T.);
#50340=ORIENTED_EDGE('',*,*,#50330,.F.);
#50350=CARTESIAN_POINT('',(-23.4549999999945,2.800406,4.29370000000006))
;
#50360=DIRECTION('',(-2.37067177079355E-15,1.,0.));
#50370=DIRECTION('',(-1.,-2.37067177079355E-15,0.));
#50380=AXIS2_PLACEMENT_3D('',#50350,#50360,#50370);
#50390=CIRCLE('',#50380,0.600000000000116);
#50400=EDGE_CURVE('',#47610,#50320,#50390,.T.);
#50410=ORIENTED_EDGE('',*,*,#50400,.T.);
#50420=ORIENTED_EDGE('',*,*,#47640,.F.);
#50430=EDGE_LOOP('',(#50420,#50410,#50340,#50260,#50250,#50180,#50170,
#50110,#50020,#49940));
#50440=FACE_OUTER_BOUND('',#50430,.T.);
#50450=ADVANCED_FACE('',(#50440),#49850,.F.);
#50460=CARTESIAN_POINT('',(-0.887050000000116,-3.44959399999999,
1.89144999999999));
#50470=DIRECTION('',(-0.97226130234251,2.35934568202849E-15,
0.233897327832633));
#50480=DIRECTION('',(0.233897327832633,-2.86432153805919E-17,
0.97226130234251));
#50490=AXIS2_PLACEMENT_3D('',#50460,#50470,#50480);
#50500=PLANE('',#50490);
#50510=CARTESIAN_POINT('',(-33.881004652806,-3.149594,-135.257382));
#50520=DIRECTION('',(-0.233897327832633,8.87639764962937E-19,
-0.97226130234251));
#50530=VECTOR('',#50520,1.);
#50540=LINE('',#50510,#50530);
#50550=CARTESIAN_POINT('',(-1.15773935638606,-3.149594,0.766282334236109
));
#50560=VERTEX_POINT('',#50550);
#50570=EDGE_CURVE('',#15620,#50560,#50540,.T.);
#50580=ORIENTED_EDGE('',*,*,#50570,.T.);
#50590=ORIENTED_EDGE('',*,*,#15880,.T.);
#50600=CARTESIAN_POINT('',(-33.881004652806,-4.24959399999999,
-135.257382));
#50610=DIRECTION('',(0.233897327832633,-2.86432153805919E-17,
0.97226130234251));
#50620=VECTOR('',#50610,1.);
#50630=LINE('',#50600,#50620);
#50640=CARTESIAN_POINT('',(-1.15773935638606,-4.249594,0.766282334236109
));
#50650=VERTEX_POINT('',#50640);
#50660=EDGE_CURVE('',#50650,#15810,#50630,.T.);
#50670=ORIENTED_EDGE('',*,*,#50660,.T.);
#50680=CARTESIAN_POINT('',(-1.15773935638606,-4.249594,0.766282334236109
));
#50690=DIRECTION('',(1.21153035620274E-15,1.,-2.61997980285357E-16));
#50700=VECTOR('',#50690,1.);
#50710=LINE('',#50680,#50700);
#50720=EDGE_CURVE('',#50650,#50560,#50710,.T.);
#50730=ORIENTED_EDGE('',*,*,#50720,.F.);
#50740=EDGE_LOOP('',(#50730,#50670,#50590,#50580));
#50750=FACE_OUTER_BOUND('',#50740,.T.);
#50760=ADVANCED_FACE('',(#50750),#50500,.T.);
#50770=CARTESIAN_POINT('',(-25.0549999999943,-1.374594,4.49359999999999)
);
#50780=DIRECTION('',(2.03012210217171E-14,-2.48610042535471E-30,1.));
#50790=DIRECTION('',(1.,-1.22460635382238E-16,-2.03012210217171E-14));
#50800=AXIS2_PLACEMENT_3D('',#50770,#50780,#50790);
#50810=PLANE('',#50800);
#50820=CARTESIAN_POINT('',(-25.7549999999943,-4.249594,4.49360000000001)
);
#50830=DIRECTION('',(1.22460635382238E-16,1.,0.));
#50840=VECTOR('',#50830,1.);
#50850=LINE('',#50820,#50840);
#50860=EDGE_CURVE('',#43910,#27010,#50850,.T.);
#50870=ORIENTED_EDGE('',*,*,#50860,.T.);
#50880=ORIENTED_EDGE('',*,*,#45420,.T.);
#50890=CARTESIAN_POINT('',(-24.8549999999943,-4.249594,4.49359999999999)
);
#50900=DIRECTION('',(7.35693658314513E-15,-1.,-1.51461293802434E-28));
#50910=VECTOR('',#50900,1.);
#50920=LINE('',#50890,#50910);
#50930=EDGE_CURVE('',#27090,#45350,#50920,.T.);
#50940=ORIENTED_EDGE('',*,*,#50930,.T.);
#50950=ORIENTED_EDGE('',*,*,#27100,.T.);
#50960=EDGE_LOOP('',(#50950,#50940,#50880,#50870));
#50970=FACE_OUTER_BOUND('',#50960,.T.);
#50980=ADVANCED_FACE('',(#50970),#50810,.F.);
#50990=CARTESIAN_POINT('',(-23.8549999999943,2.075406,5.39365000000001))
;
#51000=DIRECTION('',(0.000124999999027588,-1.53075793036975E-20,
-0.9999999921875));
#51010=DIRECTION('',(-0.9999999921875,1.22460634425514E-16,
-0.000124999999027588));
#51020=AXIS2_PLACEMENT_3D('',#50990,#51000,#51010);
#51030=PLANE('',#51020);
#51040=CARTESIAN_POINT('',(-24.2549999999949,2.85041583838327,
5.3935999969886));
#51050=DIRECTION('',(-1.22460635382238E-16,-1.,0.));
#51060=VECTOR('',#51050,1.);
#51070=LINE('',#51040,#51060);
#51080=EDGE_CURVE('',#50000,#31620,#51070,.T.);
#51090=ORIENTED_EDGE('',*,*,#51080,.T.);
#51100=ORIENTED_EDGE('',*,*,#50010,.F.);
#51110=CARTESIAN_POINT('',(-23.4549999999943,2.80040600000001,
5.39369999999999));
#51120=DIRECTION('',(-1.22460635382238E-16,-1.,6.53372630584E-15));
#51130=VECTOR('',#51120,1.);
#51140=LINE('',#51110,#51130);
#51150=EDGE_CURVE('',#49920,#31700,#51140,.T.);
#51160=ORIENTED_EDGE('',*,*,#51150,.F.);
#51170=ORIENTED_EDGE('',*,*,#31710,.T.);
#51180=EDGE_LOOP('',(#51170,#51160,#51100,#51090));
#51190=FACE_OUTER_BOUND('',#51180,.T.);
#51200=ADVANCED_FACE('',(#51190),#51030,.F.);
#51210=CARTESIAN_POINT('',(2.22195000000167,0.000406000000001683,12.0359
));
#51220=DIRECTION('',(-0.992638915961905,1.21559192353831E-16,
-0.121111446684339));
#51230=DIRECTION('',(-0.121111446684339,1.48313847130262E-17,
0.992638915961905));
#51240=AXIS2_PLACEMENT_3D('',#51210,#51220,#51230);
#51250=PLANE('',#51240);
#51260=CARTESIAN_POINT('',(20.193408330144,1.850406,-135.259582));
#51270=DIRECTION('',(-0.121111446684339,1.48313847130262E-17,
0.992638915961905));
#51280=VECTOR('',#51270,1.);
#51290=LINE('',#51260,#51280);
#51300=CARTESIAN_POINT('',(2.18625000000166,1.850406,12.3284999999999));
#51310=VERTEX_POINT('',#51300);
#51320=EDGE_CURVE('',#16920,#51310,#51290,.T.);
#51330=ORIENTED_EDGE('',*,*,#51320,.F.);
#51340=CARTESIAN_POINT('',(2.18625000000166,-4.249594,12.3284999999999))
;
#51350=DIRECTION('',(1.22460635382238E-16,1.,0.));
#51360=VECTOR('',#51350,1.);
#51370=LINE('',#51340,#51360);
#51380=EDGE_CURVE('',#41180,#51310,#51370,.T.);
#51390=ORIENTED_EDGE('',*,*,#51380,.T.);
#51400=ORIENTED_EDGE('',*,*,#41190,.F.);
#51410=ORIENTED_EDGE('',*,*,#17010,.T.);
#51420=EDGE_LOOP('',(#51410,#51400,#51390,#51330));
#51430=FACE_OUTER_BOUND('',#51420,.T.);
#51440=ADVANCED_FACE('',(#51430),#51250,.T.);
#51450=CARTESIAN_POINT('',(-26.5483999999941,1.850406,12.8999999999998))
;
#51460=DIRECTION('',(-1.22460635382238E-16,-1.,0.));
#51470=DIRECTION('',(-1.,1.22460635382238E-16,0.));
#51480=AXIS2_PLACEMENT_3D('',#51450,#51460,#51470);
#51490=CYLINDRICAL_SURFACE('',#51480,0.499986049805623);
#51500=CARTESIAN_POINT('',(-26.0531925442018,1.91040767407003,
12.8310389549964));
#51510=DIRECTION('',(-1.22460635382238E-16,-1.,0.));
#51520=VECTOR('',#51510,1.);
#51530=LINE('',#51500,#51520);
#51540=EDGE_CURVE('',#32930,#44160,#51530,.T.);
#51550=ORIENTED_EDGE('',*,*,#51540,.F.);
#51560=ORIENTED_EDGE('',*,*,#44170,.T.);
#51570=CARTESIAN_POINT('',(-26.0484139501884,1.850406,12.8999999999998))
;
#51580=DIRECTION('',(-1.22460635382238E-16,-1.,0.));
#51590=VECTOR('',#51580,1.);
#51600=LINE('',#51570,#51590);
#51610=EDGE_CURVE('',#33020,#44120,#51600,.T.);
#51620=ORIENTED_EDGE('',*,*,#51610,.T.);
#51630=ORIENTED_EDGE('',*,*,#33030,.F.);
#51640=EDGE_LOOP('',(#51630,#51620,#51560,#51550));
#51650=FACE_OUTER_BOUND('',#51640,.T.);
#51660=ADVANCED_FACE('',(#51650),#51490,.T.);
#51670=CARTESIAN_POINT('',(-24.4598308392452,-3.149594,-16.6536886049784
));
#51680=DIRECTION('',(0.,1.,-0.));
#51690=DIRECTION('',(1.,0.,0.));
#51700=AXIS2_PLACEMENT_3D('',#51670,#51680,#51690);
#51710=PLANE('',#51700);
#51720=CARTESIAN_POINT('',(-22.7300999999922,-3.149594,2.9000000000004))
;
#51730=DIRECTION('',(-3.08305536771597E-15,-1.,0.));
#51740=DIRECTION('',(1.,-3.08305536771597E-15,0.));
#51750=AXIS2_PLACEMENT_3D('',#51720,#51730,#51740);
#51760=CIRCLE('',#51750,0.499999999999543);
#51770=CARTESIAN_POINT('',(-22.2439544955141,-3.149594,3.01688690463601)
);
#51780=VERTEX_POINT('',#51770);
#51790=EDGE_CURVE('',#51780,#13390,#51760,.T.);
#51800=ORIENTED_EDGE('',*,*,#51790,.F.);
#51810=ORIENTED_EDGE('',*,*,#13400,.F.);
#51820=ORIENTED_EDGE('',*,*,#20180,.T.);
#51830=CARTESIAN_POINT('',(-13.4800999999963,-3.149594,-135.257382));
#51840=DIRECTION('',(0.,0.,1.));
#51850=VECTOR('',#51840,1.);
#51860=LINE('',#51830,#51850);
#51870=CARTESIAN_POINT('',(-13.4800999999963,-3.149594,-0.5));
#51880=VERTEX_POINT('',#51870);
#51890=EDGE_CURVE('',#20110,#51880,#51860,.T.);
#51900=ORIENTED_EDGE('',*,*,#51890,.F.);
#51910=CARTESIAN_POINT('',(-13.9800999999963,-3.149594,-0.5));
#51920=DIRECTION('',(1.22460635382238E-16,1.,0.));
#51930=DIRECTION('',(-1.,1.22460635382238E-16,0.));
#51940=AXIS2_PLACEMENT_3D('',#51910,#51920,#51930);
#51950=CIRCLE('',#51940,0.5);
#51960=CARTESIAN_POINT('',(-13.9800999999963,-3.149594,0.));
#51970=VERTEX_POINT('',#51960);
#51980=EDGE_CURVE('',#51970,#51880,#51950,.T.);
#51990=ORIENTED_EDGE('',*,*,#51980,.T.);
#52000=CARTESIAN_POINT('',(-68.2919819999982,-3.149594,0.));
#52010=DIRECTION('',(1.,0.,0.));
#52020=VECTOR('',#52010,1.);
#52030=LINE('',#52000,#52020);
#52040=EDGE_CURVE('',#45770,#51970,#52030,.T.);
#52050=ORIENTED_EDGE('',*,*,#52040,.T.);
#52060=ORIENTED_EDGE('',*,*,#45780,.T.);
#52070=CARTESIAN_POINT('',(11.0208046528133,-3.149594,-135.257382));
#52080=DIRECTION('',(0.233897327832633,-8.87639764962937E-19,
-0.97226130234251));
#52090=VECTOR('',#52080,1.);
#52100=LINE('',#52070,#52090);
#52110=EDGE_CURVE('',#51780,#45680,#52100,.T.);
#52120=ORIENTED_EDGE('',*,*,#52110,.T.);
#52130=EDGE_LOOP('',(#52120,#52060,#52050,#51990,#51900,#51820,#51810,
#51800));
#52140=FACE_OUTER_BOUND('',#52130,.T.);
#52150=ADVANCED_FACE('',(#52140),#51710,.T.);
#52160=CARTESIAN_POINT('',(-24.9301005667066,-2.149594,-10.700000038505)
);
#52170=DIRECTION('',(1.22460635382238E-16,1.,-0.));
#52180=DIRECTION('',(-1.,1.22460635382238E-16,0.));
#52190=AXIS2_PLACEMENT_3D('',#52160,#52170,#52180);
#52200=PLANE('',#52190);
#52210=EDGE_CURVE('',#36740,#36830,#36810,.T.);
#52220=ORIENTED_EDGE('',*,*,#52210,.F.);
#52230=ORIENTED_EDGE('',*,*,#36840,.F.);
#52240=EDGE_LOOP('',(#52230,#52220));
#52250=FACE_BOUND('',#52240,.T.);
#52260=ORIENTED_EDGE('',*,*,#46170,.F.);
#52270=ORIENTED_EDGE('',*,*,#42860,.F.);
#52280=ORIENTED_EDGE('',*,*,#700,.T.);
#52290=CARTESIAN_POINT('',(-26.7300999999944,-2.149594,-13.3999999999999
));
#52300=DIRECTION('',(-1.22460635382238E-16,-1.,-2.74605888216464E-15));
#52310=DIRECTION('',(3.36284115506919E-31,2.74605888216464E-15,-1.));
#52320=AXIS2_PLACEMENT_3D('',#52290,#52300,#52310);
#52330=CIRCLE('',#52320,0.500000000000103);
#52340=CARTESIAN_POINT('',(-26.7300999999944,-2.149594,-13.9));
#52350=VERTEX_POINT('',#52340);
#52360=EDGE_CURVE('',#52350,#610,#52330,.T.);
#52370=ORIENTED_EDGE('',*,*,#52360,.T.);
#52380=CARTESIAN_POINT('',(60.6117820000056,-2.14959400000001,-13.9));
#52390=DIRECTION('',(1.,-1.22460635382238E-16,0.));
#52400=VECTOR('',#52390,1.);
#52410=LINE('',#52380,#52400);
#52420=EDGE_CURVE('',#48550,#52350,#52410,.T.);
#52430=ORIENTED_EDGE('',*,*,#52420,.T.);
#52440=ORIENTED_EDGE('',*,*,#48560,.F.);
#52450=ORIENTED_EDGE('',*,*,#7920,.F.);
#52460=EDGE_LOOP('',(#52450,#52440,#52430,#52370,#52280,#52270,#52260));
#52470=FACE_OUTER_BOUND('',#52460,.T.);
#52480=ADVANCED_FACE('',(#52250,#52470),#52200,.F.);
#52490=CARTESIAN_POINT('',(-26.8800999999943,4.500406,-10.64));
#52500=DIRECTION('',(1.,-1.22460635382238E-16,0.));
#52510=DIRECTION('',(0.,-0.,-1.));
#52520=AXIS2_PLACEMENT_3D('',#52490,#52500,#52510);
#52530=PLANE('',#52520);
#52540=ORIENTED_EDGE('',*,*,#460,.T.);
#52550=ORIENTED_EDGE('',*,*,#36350,.T.);
#52560=CARTESIAN_POINT('',(-26.8800999999943,-4.249594,-7.88000000000001
));
#52570=DIRECTION('',(1.22460635382238E-16,1.,0.));
#52580=VECTOR('',#52570,1.);
#52590=LINE('',#52560,#52580);
#52600=EDGE_CURVE('',#46870,#36280,#52590,.T.);
#52610=ORIENTED_EDGE('',*,*,#52600,.T.);
#52620=ORIENTED_EDGE('',*,*,#46880,.F.);
#52630=EDGE_LOOP('',(#52620,#52610,#52550,#52540));
#52640=FACE_OUTER_BOUND('',#52630,.T.);
#52650=ADVANCED_FACE('',(#52640),#52530,.F.);
#52660=CARTESIAN_POINT('',(0.769899999999907,-3.199594,-8.2217));
#52670=DIRECTION('',(0.500006320306794,-6.12310916799047E-17,
-0.866021754722859));
#52680=DIRECTION('',(-0.866021754722859,1.06053574338202E-16,
-0.500006320306794));
#52690=AXIS2_PLACEMENT_3D('',#52660,#52670,#52680);
#52700=PLANE('',#52690);
#52710=CARTESIAN_POINT('',(-83.5219819999983,-4.24959399999999,
-56.8884609915194));
#52720=DIRECTION('',(-0.866021754722859,1.06053574338202E-16,
-0.500006320306794));
#52730=VECTOR('',#52720,1.);
#52740=LINE('',#52710,#52730);
#52750=CARTESIAN_POINT('',(-0.480100000000064,-4.249594,-8.9434));
#52760=VERTEX_POINT('',#52750);
#52770=EDGE_CURVE('',#18490,#52760,#52740,.T.);
#52780=ORIENTED_EDGE('',*,*,#52770,.T.);
#52790=ORIENTED_EDGE('',*,*,#18500,.T.);
#52800=CARTESIAN_POINT('',(-83.5219819999983,-2.14959399999999,
-56.8884609915194));
#52810=DIRECTION('',(-0.866021754722859,1.06053574338202E-16,
-0.500006320306794));
#52820=VECTOR('',#52810,1.);
#52830=LINE('',#52800,#52820);
#52840=CARTESIAN_POINT('',(-0.480100000000036,-2.149594,
-8.94339999999997));
#52850=VERTEX_POINT('',#52840);
#52860=EDGE_CURVE('',#18410,#52850,#52830,.T.);
#52870=ORIENTED_EDGE('',*,*,#52860,.F.);
#52880=CARTESIAN_POINT('',(-0.480100000000093,-4.249594,-8.9434));
#52890=DIRECTION('',(1.22460635382238E-16,1.,0.));
#52900=VECTOR('',#52890,1.);
#52910=LINE('',#52880,#52900);
#52920=EDGE_CURVE('',#52760,#52850,#52910,.T.);
#52930=ORIENTED_EDGE('',*,*,#52920,.T.);
#52940=EDGE_LOOP('',(#52930,#52870,#52790,#52780));
#52950=FACE_OUTER_BOUND('',#52940,.T.);
#52960=ADVANCED_FACE('',(#52950),#52700,.T.);
#52970=CARTESIAN_POINT('',(-24.8549999999944,1.850406,4.5436500000005));
#52980=DIRECTION('',(1.,-7.60185785390961E-15,0.));
#52990=DIRECTION('',(7.60185785390961E-15,1.,0.));
#53000=AXIS2_PLACEMENT_3D('',#52970,#52980,#52990);
#53010=PLANE('',#53000);
#53020=ORIENTED_EDGE('',*,*,#35160,.F.);
#53030=ORIENTED_EDGE('',*,*,#43060,.T.);
#53040=ORIENTED_EDGE('',*,*,#50160,.F.);
#53050=CARTESIAN_POINT('',(-24.855000003276,2.800406,4.79371804597551));
#53060=DIRECTION('',(-1.22460635382238E-16,-1.,0.));
#53070=VECTOR('',#53060,1.);
#53080=LINE('',#53050,#53070);
#53090=EDGE_CURVE('',#50090,#31600,#53080,.T.);
#53100=ORIENTED_EDGE('',*,*,#53090,.F.);
#53110=ORIENTED_EDGE('',*,*,#33300,.T.);
#53120=ORIENTED_EDGE('',*,*,#14220,.T.);
#53130=EDGE_LOOP('',(#53120,#53110,#53100,#53040,#53030,#53020));
#53140=FACE_OUTER_BOUND('',#53130,.T.);
#53150=ADVANCED_FACE('',(#53140),#53010,.F.);
#53160=CARTESIAN_POINT('',(2.01990000000167,5.750406,-10.88));
#53170=DIRECTION('',(-1.22460635382238E-16,-1.,0.));
#53180=DIRECTION('',(1.,-1.22460635382238E-16,0.));
#53190=AXIS2_PLACEMENT_3D('',#53160,#53170,#53180);
#53200=CYLINDRICAL_SURFACE('',#53190,1.35000000000001);
#53210=CARTESIAN_POINT('',(0.669900000001661,5.750406,-10.88));
#53220=DIRECTION('',(-1.22460635382238E-16,-1.,0.));
#53230=VECTOR('',#53220,1.);
#53240=LINE('',#53210,#53230);
#53250=CARTESIAN_POINT('',(0.66990000000166,-2.149594,-10.88));
#53260=VERTEX_POINT('',#53250);
#53270=EDGE_CURVE('',#30380,#53260,#53240,.T.);
#53280=ORIENTED_EDGE('',*,*,#53270,.F.);
#53290=CARTESIAN_POINT('',(2.01990000000167,-2.149594,-10.88));
#53300=DIRECTION('',(1.22460635382238E-16,1.,0.));
#53310=DIRECTION('',(1.,-1.22460635382238E-16,0.));
#53320=AXIS2_PLACEMENT_3D('',#53290,#53300,#53310);
#53330=CIRCLE('',#53320,1.35000000000001);
#53340=CARTESIAN_POINT('',(3.36990000000168,-2.149594,-10.88));
#53350=VERTEX_POINT('',#53340);
#53360=EDGE_CURVE('',#53260,#53350,#53330,.T.);
#53370=ORIENTED_EDGE('',*,*,#53360,.F.);
#53380=CARTESIAN_POINT('',(3.36990000000168,5.750406,-10.88));
#53390=DIRECTION('',(-1.22460635382238E-16,-1.,0.));
#53400=VECTOR('',#53390,1.);
#53410=LINE('',#53380,#53400);
#53420=EDGE_CURVE('',#30360,#53350,#53410,.T.);
#53430=ORIENTED_EDGE('',*,*,#53420,.T.);
#53440=ORIENTED_EDGE('',*,*,#30410,.T.);
#53450=EDGE_LOOP('',(#53440,#53430,#53370,#53280));
#53460=FACE_OUTER_BOUND('',#53450,.T.);
#53470=ADVANCED_FACE('',(#53460),#53200,.F.);
#53480=CARTESIAN_POINT('',(1.25005000000168,0.000406000000001683,
11.24985));
#53490=DIRECTION('',(-0.99264140337369,1.21559496963858E-16,
-0.121091057920519));
#53500=DIRECTION('',(-0.121091057920519,1.48288878920541E-17,
0.99264140337369));
#53510=AXIS2_PLACEMENT_3D('',#53480,#53490,#53500);
#53520=PLANE('',#53510);
#53530=CARTESIAN_POINT('',(19.1225486242965,1.850406,-135.259582));
#53540=DIRECTION('',(-0.121091057920519,1.48288878920541E-17,
0.99264140337369));
#53550=VECTOR('',#53540,1.);
#53560=LINE('',#53530,#53550);
#53570=CARTESIAN_POINT('',(1.2857500000017,1.850406,10.9572));
#53580=VERTEX_POINT('',#53570);
#53590=CARTESIAN_POINT('',(1.21435000000169,1.850406,11.5425));
#53600=VERTEX_POINT('',#53590);
#53610=EDGE_CURVE('',#53580,#53600,#53560,.T.);
#53620=ORIENTED_EDGE('',*,*,#53610,.F.);
#53630=CARTESIAN_POINT('',(1.21435000000169,-4.249594,11.5425));
#53640=DIRECTION('',(1.22460635382238E-16,1.,0.));
#53650=VECTOR('',#53640,1.);
#53660=LINE('',#53630,#53650);
#53670=EDGE_CURVE('',#40950,#53600,#53660,.T.);
#53680=ORIENTED_EDGE('',*,*,#53670,.T.);
#53690=ORIENTED_EDGE('',*,*,#40960,.F.);
#53700=CARTESIAN_POINT('',(1.2857500000017,-4.249594,10.9572));
#53710=DIRECTION('',(-1.22460635382238E-16,-1.,0.));
#53720=VECTOR('',#53710,1.);
#53730=LINE('',#53700,#53720);
#53740=EDGE_CURVE('',#53580,#40870,#53730,.T.);
#53750=ORIENTED_EDGE('',*,*,#53740,.T.);
#53760=EDGE_LOOP('',(#53750,#53690,#53680,#53620));
#53770=FACE_OUTER_BOUND('',#53760,.T.);
#53780=ADVANCED_FACE('',(#53770),#53520,.T.);
#53790=CARTESIAN_POINT('',(-27.2605999999943,0.000406000000002571,
13.11965));
#53800=DIRECTION('',(0.42258332631928,-5.17498226429985E-17,
-0.906324076871476));
#53810=DIRECTION('',(-0.906324076871476,1.10989022315901E-16,
-0.42258332631928));
#53820=AXIS2_PLACEMENT_3D('',#53790,#53800,#53810);
#53830=PLANE('',#53820);
#53840=CARTESIAN_POINT('',(-26.7629783486291,1.91040767407003,
13.3515995818167));
#53850=DIRECTION('',(-1.22460635382238E-16,-1.,0.));
#53860=VECTOR('',#53850,1.);
#53870=LINE('',#53840,#53860);
#53880=EDGE_CURVE('',#33060,#44030,#53870,.T.);
#53890=ORIENTED_EDGE('',*,*,#53880,.F.);
#53900=ORIENTED_EDGE('',*,*,#44040,.T.);
#53910=ORIENTED_EDGE('',*,*,#7280,.T.);
#53920=ORIENTED_EDGE('',*,*,#33130,.T.);
#53930=EDGE_LOOP('',(#53920,#53910,#53900,#53890));
#53940=FACE_OUTER_BOUND('',#53930,.T.);
#53950=ADVANCED_FACE('',(#53940),#53830,.F.);
#53960=CARTESIAN_POINT('',(-22.1549999999943,0.000406000000002571,
8.19999999999999));
#53970=DIRECTION('',(-0.,0.,1.));
#53980=DIRECTION('',(1.,-1.22460635382238E-16,0.));
#53990=AXIS2_PLACEMENT_3D('',#53960,#53970,#53980);
#54000=PLANE('',#53990);
#54010=ORIENTED_EDGE('',*,*,#48000,.T.);
#54020=ORIENTED_EDGE('',*,*,#45040,.T.);
#54030=CARTESIAN_POINT('',(-21.4549999999944,1.850406,8.19999999999999))
;
#54040=DIRECTION('',(-1.22460635382238E-16,-1.,0.));
#54050=VECTOR('',#54040,1.);
#54060=LINE('',#54030,#54050);
#54070=EDGE_CURVE('',#31950,#44950,#54060,.T.);
#54080=ORIENTED_EDGE('',*,*,#54070,.T.);
#54090=ORIENTED_EDGE('',*,*,#31960,.F.);
#54100=EDGE_LOOP('',(#54090,#54080,#54020,#54010));
#54110=FACE_OUTER_BOUND('',#54100,.T.);
#54120=ADVANCED_FACE('',(#54110),#54000,.F.);
#54130=CARTESIAN_POINT('',(-16.5700999999926,-3.699594,-9.));
#54140=DIRECTION('',(-0.,0.,1.));
#54150=DIRECTION('',(1.,-1.22460635382238E-16,0.));
#54160=AXIS2_PLACEMENT_3D('',#54130,#54140,#54150);
#54170=PLANE('',#54160);
#54180=CARTESIAN_POINT('',(-20.7800999999926,-4.249594,-9.));
#54190=DIRECTION('',(-1.22460635382238E-16,-1.,0.));
#54200=VECTOR('',#54190,1.);
#54210=LINE('',#54180,#54200);
#54220=CARTESIAN_POINT('',(-20.7800999999926,-4.249594,-9.));
#54230=VERTEX_POINT('',#54220);
#54240=EDGE_CURVE('',#18170,#54230,#54210,.T.);
#54250=ORIENTED_EDGE('',*,*,#54240,.F.);
#54260=CARTESIAN_POINT('',(60.6617820000057,-4.24959400000001,-9.));
#54270=DIRECTION('',(-1.,1.22460635382238E-16,0.));
#54280=VECTOR('',#54270,1.);
#54290=LINE('',#54260,#54280);
#54300=CARTESIAN_POINT('',(-7.08010000000009,-4.249594,-9.));
#54310=VERTEX_POINT('',#54300);
#54320=EDGE_CURVE('',#54310,#54230,#54290,.T.);
#54330=ORIENTED_EDGE('',*,*,#54320,.T.);
#54340=CARTESIAN_POINT('',(-7.08010000000009,-4.249594,-9.));
#54350=DIRECTION('',(1.22460635382238E-16,1.,0.));
#54360=VECTOR('',#54350,1.);
#54370=LINE('',#54340,#54360);
#54380=CARTESIAN_POINT('',(-7.08010000000009,-3.149594,-9.));
#54390=VERTEX_POINT('',#54380);
#54400=EDGE_CURVE('',#54310,#54390,#54370,.T.);
#54410=ORIENTED_EDGE('',*,*,#54400,.F.);
#54420=CARTESIAN_POINT('',(-83.5319819999983,-3.149594,-9.));
#54430=DIRECTION('',(-1.,0.,0.));
#54440=VECTOR('',#54430,1.);
#54450=LINE('',#54420,#54440);
#54460=CARTESIAN_POINT('',(-3.08010000000009,-3.149594,-9.));
#54470=VERTEX_POINT('',#54460);
#54480=EDGE_CURVE('',#54470,#54390,#54450,.T.);
#54490=ORIENTED_EDGE('',*,*,#54480,.T.);
#54500=CARTESIAN_POINT('',(-3.08010000000009,-4.249594,-9.));
#54510=DIRECTION('',(-1.22460635382238E-16,-1.,0.));
#54520=VECTOR('',#54510,1.);
#54530=LINE('',#54500,#54520);
#54540=CARTESIAN_POINT('',(-3.08010000000009,-4.249594,-9.));
#54550=VERTEX_POINT('',#54540);
#54560=EDGE_CURVE('',#54470,#54550,#54530,.T.);
#54570=ORIENTED_EDGE('',*,*,#54560,.F.);
#54580=CARTESIAN_POINT('',(-70.8119819999983,-4.24959399999999,-9.));
#54590=DIRECTION('',(1.,-1.22460635382238E-16,0.));
#54600=VECTOR('',#54590,1.);
#54610=LINE('',#54580,#54600);
#54620=EDGE_CURVE('',#54550,#15230,#54610,.T.);
#54630=ORIENTED_EDGE('',*,*,#54620,.F.);
#54640=ORIENTED_EDGE('',*,*,#15460,.T.);
#54650=ORIENTED_EDGE('',*,*,#18240,.T.);
#54660=EDGE_LOOP('',(#54650,#54640,#54630,#54570,#54490,#54410,#54330,
#54250));
#54670=FACE_OUTER_BOUND('',#54660,.T.);
#54680=ADVANCED_FACE('',(#54670),#54170,.F.);
#54690=CARTESIAN_POINT('',(-25.4410199358082,8.98940600000001,
3.40016168347861));
#54700=DIRECTION('',(1.22460635382238E-16,1.,0.));
#54710=DIRECTION('',(1.,-1.22460635382238E-16,0.));
#54720=AXIS2_PLACEMENT_3D('',#54690,#54700,#54710);
#54730=CYLINDRICAL_SURFACE('',#54720,0.499844566879941);
#54740=CARTESIAN_POINT('',(-25.4410199358082,-4.249594,3.90000625035856)
);
#54750=DIRECTION('',(1.22460635382238E-16,1.,0.));
#54760=VECTOR('',#54750,1.);
#54770=LINE('',#54740,#54760);
#54780=EDGE_CURVE('',#34810,#47190,#54770,.T.);
#54790=ORIENTED_EDGE('',*,*,#54780,.T.);
#54800=ORIENTED_EDGE('',*,*,#34840,.F.);
#54810=CARTESIAN_POINT('',(-25.7549999999943,8.98940600000001,
3.78908469685413));
#54820=DIRECTION('',(1.22460635382238E-16,1.,0.));
#54830=VECTOR('',#54820,1.);
#54840=LINE('',#54810,#54830);
#54850=EDGE_CURVE('',#26930,#34830,#54840,.T.);
#54860=ORIENTED_EDGE('',*,*,#54850,.T.);
#54870=ORIENTED_EDGE('',*,*,#26940,.T.);
#54880=CARTESIAN_POINT('',(-25.4410199358082,-4.249594,3.90000625035856)
);
#54890=VERTEX_POINT('',#54880);
#54900=EDGE_CURVE('',#54890,#26910,#54770,.T.);
#54910=ORIENTED_EDGE('',*,*,#54900,.T.);
#54920=CARTESIAN_POINT('',(-25.4410199358082,-4.249594,3.40016168347861)
);
#54930=DIRECTION('',(-1.22460635382238E-16,-1.,0.));
#54940=DIRECTION('',(1.,-1.22460635382238E-16,0.));
#54950=AXIS2_PLACEMENT_3D('',#54920,#54930,#54940);
#54960=CIRCLE('',#54950,0.499844566879941);
#54970=EDGE_CURVE('',#54890,#38410,#54960,.T.);
#54980=ORIENTED_EDGE('',*,*,#54970,.F.);
#54990=ORIENTED_EDGE('',*,*,#38440,.F.);
#55000=ORIENTED_EDGE('',*,*,#47270,.T.);
#55010=EDGE_LOOP('',(#55000,#54990,#54980,#54910,#54870,#54860,#54800,
#54790));
#55020=FACE_OUTER_BOUND('',#55010,.T.);
#55030=ADVANCED_FACE('',(#55020),#54730,.T.);
#55040=CARTESIAN_POINT('',(0.99474905785317,2.800406,4.54370235785299));
#55050=DIRECTION('',(1.22460635382238E-16,1.,-0.));
#55060=DIRECTION('',(-1.,1.22460635382238E-16,0.));
#55070=AXIS2_PLACEMENT_3D('',#55040,#55050,#55060);
#55080=PLANE('',#55070);
#55090=CARTESIAN_POINT('',(-0.00524999999832687,2.800406,-135.259582));
#55100=DIRECTION('',(0.,0.,1.));
#55110=VECTOR('',#55100,1.);
#55120=LINE('',#55090,#55110);
#55130=CARTESIAN_POINT('',(-0.00524999999833509,2.800406,
4.29370000000006));
#55140=VERTEX_POINT('',#55130);
#55150=EDGE_CURVE('',#55140,#18900,#55120,.T.);
#55160=ORIENTED_EDGE('',*,*,#55150,.T.);
#55170=CARTESIAN_POINT('',(0.594750000001781,2.800406,4.29370000000006))
;
#55180=DIRECTION('',(-2.61559304155803E-15,-1.,0.));
#55190=DIRECTION('',(1.,-2.61559304155803E-15,0.));
#55200=AXIS2_PLACEMENT_3D('',#55170,#55180,#55190);
#55210=CIRCLE('',#55200,0.600000000000116);
#55220=CARTESIAN_POINT('',(0.594750000001667,2.800406,3.69369999999995))
;
#55230=VERTEX_POINT('',#55220);
#55240=EDGE_CURVE('',#55140,#55230,#55210,.T.);
#55250=ORIENTED_EDGE('',*,*,#55240,.F.);
#55260=CARTESIAN_POINT('',(-83.5219819999983,2.80040600000001,
3.69370000000001));
#55270=DIRECTION('',(-1.,1.22460635382238E-16,0.));
#55280=VECTOR('',#55270,1.);
#55290=LINE('',#55260,#55280);
#55300=CARTESIAN_POINT('',(1.39475000000166,2.800406,3.69370000000001));
#55310=VERTEX_POINT('',#55300);
#55320=EDGE_CURVE('',#55310,#55230,#55290,.T.);
#55330=ORIENTED_EDGE('',*,*,#55320,.T.);
#55340=CARTESIAN_POINT('',(1.39475000000166,2.800406,4.29370000000003));
#55350=DIRECTION('',(2.37067177079355E-15,-1.,0.));
#55360=DIRECTION('',(1.,2.37067177079355E-15,0.));
#55370=AXIS2_PLACEMENT_3D('',#55340,#55350,#55360);
#55380=CIRCLE('',#55370,0.600000000000022);
#55390=EDGE_CURVE('',#55310,#25360,#55380,.T.);
#55400=ORIENTED_EDGE('',*,*,#55390,.F.);
#55410=ORIENTED_EDGE('',*,*,#25370,.F.);
#55420=CARTESIAN_POINT('',(1.39475000000166,2.800406,4.29370000000003));
#55430=DIRECTION('',(2.37067177079355E-15,-1.,0.));
#55440=DIRECTION('',(1.,2.37067177079355E-15,0.));
#55450=AXIS2_PLACEMENT_3D('',#55420,#55430,#55440);
#55460=CIRCLE('',#55450,0.600000000000022);
#55470=EDGE_CURVE('',#25270,#17780,#55460,.T.);
#55480=ORIENTED_EDGE('',*,*,#55470,.F.);
#55490=ORIENTED_EDGE('',*,*,#17790,.F.);
#55500=CARTESIAN_POINT('',(1.39486804065662,2.800406,4.79371804597551));
#55510=DIRECTION('',(-1.22460635382238E-16,-1.,0.));
#55520=DIRECTION('',(1.,-1.22460635382238E-16,0.));
#55530=AXIS2_PLACEMENT_3D('',#55500,#55510,#55520);
#55540=CIRCLE('',#55530,0.599881962626699);
#55550=EDGE_CURVE('',#17700,#31370,#55540,.T.);
#55560=ORIENTED_EDGE('',*,*,#55550,.F.);
#55570=ORIENTED_EDGE('',*,*,#31380,.F.);
#55580=ORIENTED_EDGE('',*,*,#19000,.F.);
#55590=EDGE_LOOP('',(#55580,#55570,#55560,#55490,#55480,#55410,#55400,
#55330,#55250,#55160));
#55600=FACE_OUTER_BOUND('',#55590,.T.);
#55610=ADVANCED_FACE('',(#55600),#55080,.T.);
#55620=CARTESIAN_POINT('',(-23.4549999999944,-1.349594,4.79369999999992)
);
#55630=DIRECTION('',(-1.31899132470622E-14,-1.,-6.53372630584E-15));
#55640=DIRECTION('',(-1.,1.31899132470622E-14,0.));
#55650=AXIS2_PLACEMENT_3D('',#55620,#55630,#55640);
#55660=CYLINDRICAL_SURFACE('',#55650,0.600000000000077);
#55670=ORIENTED_EDGE('',*,*,#47930,.F.);
#55680=ORIENTED_EDGE('',*,*,#28120,.T.);
#55690=CARTESIAN_POINT('',(-23.4549999999943,-1.799594,5.3937));
#55700=DIRECTION('',(-1.36566079831938E-14,-1.,0.));
#55710=VECTOR('',#55700,1.);
#55720=LINE('',#55690,#55710);
#55730=EDGE_CURVE('',#45200,#28020,#55720,.T.);
#55740=ORIENTED_EDGE('',*,*,#55730,.T.);
#55750=ORIENTED_EDGE('',*,*,#45210,.F.);
#55760=EDGE_LOOP('',(#55750,#55740,#55680,#55670));
#55770=FACE_OUTER_BOUND('',#55760,.T.);
#55780=ADVANCED_FACE('',(#55770),#55660,.T.);
#55790=CARTESIAN_POINT('',(-24.2551180406493,2.800406,4.79371804597551))
;
#55800=DIRECTION('',(-1.22460635382238E-16,-1.,0.));
#55810=DIRECTION('',(-1.,1.22460635382238E-16,0.));
#55820=AXIS2_PLACEMENT_3D('',#55790,#55800,#55810);
#55830=CYLINDRICAL_SURFACE('',#55820,0.599881962626699);
#55840=ORIENTED_EDGE('',*,*,#53090,.T.);
#55850=ORIENTED_EDGE('',*,*,#50100,.F.);
#55860=ORIENTED_EDGE('',*,*,#51080,.F.);
#55870=ORIENTED_EDGE('',*,*,#31630,.T.);
#55880=EDGE_LOOP('',(#55870,#55860,#55850,#55840));
#55890=FACE_OUTER_BOUND('',#55880,.T.);
#55900=ADVANCED_FACE('',(#55890),#55830,.T.);
#55910=ORIENTED_EDGE('',*,*,#34500,.F.);
#55920=CARTESIAN_POINT('',(1.84215981773644,5.799406,3.89391949147748));
#55930=DIRECTION('',(1.22460635382238E-16,1.,0.));
#55940=VECTOR('',#55930,1.);
#55950=LINE('',#55920,#55940);
#55960=CARTESIAN_POINT('',(1.84215981773644,-1.399594,3.89391949147748))
;
#55970=VERTEX_POINT('',#55960);
#55980=EDGE_CURVE('',#34400,#55970,#55950,.T.);
#55990=ORIENTED_EDGE('',*,*,#55980,.F.);
#56000=CARTESIAN_POINT('',(1.91990000000173,-1.399594,3.39999999999992))
;
#56010=DIRECTION('',(1.22460635382238E-16,1.,0.));
#56020=DIRECTION('',(-1.,1.22460635382238E-16,0.));
#56030=AXIS2_PLACEMENT_3D('',#56000,#56010,#56020);
#56040=CIRCLE('',#56030,0.500000000000076);
#56050=EDGE_CURVE('',#55970,#30130,#56040,.T.);
#56060=ORIENTED_EDGE('',*,*,#56050,.F.);
#56070=ORIENTED_EDGE('',*,*,#30140,.T.);
#56080=CARTESIAN_POINT('',(1.91990000000173,-4.249594,3.39999999999992))
;
#56090=DIRECTION('',(1.22460635382238E-16,1.,0.));
#56100=DIRECTION('',(-1.,1.22460635382238E-16,0.));
#56110=AXIS2_PLACEMENT_3D('',#56080,#56090,#56100);
#56120=CIRCLE('',#56110,0.500000000000076);
#56130=CARTESIAN_POINT('',(1.41990000000165,-4.249594,3.39999999999992))
;
#56140=VERTEX_POINT('',#56130);
#56150=EDGE_CURVE('',#56140,#30090,#56120,.T.);
#56160=ORIENTED_EDGE('',*,*,#56150,.T.);
#56170=CARTESIAN_POINT('',(1.41990000000166,5.799406,3.39999999999992));
#56180=DIRECTION('',(1.22460635382238E-16,1.,0.));
#56190=VECTOR('',#56180,1.);
#56200=LINE('',#56170,#56190);
#56210=EDGE_CURVE('',#56140,#49110,#56200,.T.);
#56220=ORIENTED_EDGE('',*,*,#56210,.F.);
#56230=ORIENTED_EDGE('',*,*,#49140,.F.);
#56240=CARTESIAN_POINT('',(1.52625235657561,5.799406,3.70828806792525));
#56250=DIRECTION('',(1.22460635382238E-16,1.,0.));
#56260=VECTOR('',#56250,1.);
#56270=LINE('',#56240,#56260);
#56280=EDGE_CURVE('',#34490,#49130,#56270,.T.);
#56290=ORIENTED_EDGE('',*,*,#56280,.T.);
#56300=EDGE_LOOP('',(#56290,#56230,#56220,#56160,#56070,#56060,#55990,
#55910));
#56310=FACE_OUTER_BOUND('',#56300,.T.);
#56320=ADVANCED_FACE('',(#56310),#25100,.T.);
#56330=CARTESIAN_POINT('',(4.40035000000167,0.000406000000001683,
13.11965));
#56340=DIRECTION('',(0.42258332631928,-5.17498226429985E-17,
0.906324076871476));
#56350=DIRECTION('',(0.906324076871476,-1.10989022315901E-16,
-0.42258332631928));
#56360=AXIS2_PLACEMENT_3D('',#56330,#56340,#56350);
#56370=PLANE('',#56360);
#56380=CARTESIAN_POINT('',(-83.5219819999983,1.85040600000001,
54.1143807618275));
#56390=DIRECTION('',(0.906324076871476,-1.10989022315901E-16,
-0.42258332631928));
#56400=VECTOR('',#56390,1.);
#56410=LINE('',#56380,#56400);
#56420=CARTESIAN_POINT('',(3.90272834863643,1.850406,13.3515995818167));
#56430=VERTEX_POINT('',#56420);
#56440=EDGE_CURVE('',#56430,#38020,#56410,.T.);
#56450=ORIENTED_EDGE('',*,*,#56440,.F.);
#56460=ORIENTED_EDGE('',*,*,#38260,.F.);
#56470=ORIENTED_EDGE('',*,*,#41510,.F.);
#56480=CARTESIAN_POINT('',(3.90272834863643,1.91040767407003,
13.3515995818167));
#56490=DIRECTION('',(-1.22460635382238E-16,-1.,0.));
#56500=VECTOR('',#56490,1.);
#56510=LINE('',#56480,#56500);
#56520=EDGE_CURVE('',#56430,#41440,#56510,.T.);
#56530=ORIENTED_EDGE('',*,*,#56520,.T.);
#56540=EDGE_LOOP('',(#56530,#56470,#56460,#56450));
#56550=FACE_OUTER_BOUND('',#56540,.T.);
#56560=ADVANCED_FACE('',(#56550),#56370,.T.);
#56570=CARTESIAN_POINT('',(0.994750000001659,-2.074594,5.39365000000001)
);
#56580=DIRECTION('',(0.000124999999027585,5.97229257103685E-19,
0.9999999921875));
#56590=DIRECTION('',(0.9999999921875,-1.22460634425514E-16,
-0.000124999999027585));
#56600=AXIS2_PLACEMENT_3D('',#56570,#56580,#56590);
#56610=PLANE('',#56600);
#56620=ORIENTED_EDGE('',*,*,#39910,.F.);
#56630=CARTESIAN_POINT('',(1.39475000000226,-1.79958416161673,
5.3935999969886));
#56640=DIRECTION('',(-1.22460635382238E-16,-1.,0.));
#56650=VECTOR('',#56640,1.);
#56660=LINE('',#56630,#56650);
#56670=EDGE_CURVE('',#39820,#34140,#56660,.T.);
#56680=ORIENTED_EDGE('',*,*,#56670,.F.);
#56690=ORIENTED_EDGE('',*,*,#34150,.T.);
#56700=CARTESIAN_POINT('',(0.594750000001653,-1.799594,5.3937));
#56710=DIRECTION('',(1.34116867124293E-14,-1.,0.));
#56720=VECTOR('',#56710,1.);
#56730=LINE('',#56700,#56720);
#56740=EDGE_CURVE('',#39900,#34060,#56730,.T.);
#56750=ORIENTED_EDGE('',*,*,#56740,.T.);
#56760=EDGE_LOOP('',(#56750,#56690,#56680,#56620));
#56770=FACE_OUTER_BOUND('',#56760,.T.);
#56780=ADVANCED_FACE('',(#56770),#56610,.T.);
#56790=CARTESIAN_POINT('',(-23.5299999999943,1.400406,3.54685000000001))
;
#56800=DIRECTION('',(1.22460635382238E-16,1.,-0.));
#56810=DIRECTION('',(-1.,1.22460635382238E-16,0.));
#56820=AXIS2_PLACEMENT_3D('',#56790,#56800,#56810);
#56830=PLANE('',#56820);
#56840=CARTESIAN_POINT('',(-24.7800999999944,1.400406,3.39999999999992))
;
#56850=DIRECTION('',(-1.22460635382238E-16,-1.,0.));
#56860=DIRECTION('',(1.,-1.22460635382238E-16,0.));
#56870=AXIS2_PLACEMENT_3D('',#56840,#56850,#56860);
#56880=CIRCLE('',#56870,0.500000000000076);
#56890=EDGE_CURVE('',#29460,#42040,#56880,.T.);
#56900=ORIENTED_EDGE('',*,*,#56890,.T.);
#56910=ORIENTED_EDGE('',*,*,#29470,.T.);
#56920=ORIENTED_EDGE('',*,*,#47780,.F.);
#56930=CARTESIAN_POINT('',(-23.4549999999945,1.400406,4.29370000000006))
;
#56940=DIRECTION('',(-2.37067177079355E-15,1.,0.));
#56950=DIRECTION('',(-1.,-2.37067177079355E-15,0.));
#56960=AXIS2_PLACEMENT_3D('',#56930,#56940,#56950);
#56970=CIRCLE('',#56960,0.600000000000116);
#56980=CARTESIAN_POINT('',(-23.4549999999943,1.400406,3.69369999999995))
;
#56990=VERTEX_POINT('',#56980);
#57000=EDGE_CURVE('',#47710,#56990,#56970,.T.);
#57010=ORIENTED_EDGE('',*,*,#57000,.F.);
#57020=CARTESIAN_POINT('',(60.6617320000057,1.40040599999999,
3.69370000000001));
#57030=DIRECTION('',(1.,-1.22460635382238E-16,0.));
#57040=VECTOR('',#57030,1.);
#57050=LINE('',#57020,#57040);
#57060=EDGE_CURVE('',#42150,#56990,#57050,.T.);
#57070=ORIENTED_EDGE('',*,*,#57060,.T.);
#57080=ORIENTED_EDGE('',*,*,#42160,.F.);
#57090=EDGE_LOOP('',(#57080,#57070,#57010,#56920,#56910,#56900));
#57100=FACE_OUTER_BOUND('',#57090,.T.);
#57110=ADVANCED_FACE('',(#57100),#56830,.T.);
#57120=CARTESIAN_POINT('',(1.99475015308866,-1.399594,-2.00430405751447)
);
#57130=DIRECTION('',(-1.22460635382238E-16,-1.,0.));
#57140=DIRECTION('',(1.,-1.22460635382238E-16,0.));
#57150=AXIS2_PLACEMENT_3D('',#57120,#57130,#57140);
#57160=PLANE('',#57150);
#57170=ORIENTED_EDGE('',*,*,#30200,.F.);
#57180=ORIENTED_EDGE('',*,*,#56050,.T.);
#57190=CARTESIAN_POINT('',(1.39475000000168,-1.399594,4.29370000000003))
;
#57200=DIRECTION('',(2.37067177079355E-15,-1.,0.));
#57210=DIRECTION('',(1.,2.37067177079355E-15,0.));
#57220=AXIS2_PLACEMENT_3D('',#57190,#57200,#57210);
#57230=CIRCLE('',#57220,0.600000000000022);
#57240=CARTESIAN_POINT('',(1.9947500000017,-1.399594,4.29370000000003));
#57250=VERTEX_POINT('',#57240);
#57260=EDGE_CURVE('',#55970,#57250,#57230,.T.);
#57270=ORIENTED_EDGE('',*,*,#57260,.F.);
#57280=CARTESIAN_POINT('',(1.9947500000017,-1.399594,-135.259582));
#57290=DIRECTION('',(0.,0.,1.));
#57300=VECTOR('',#57290,1.);
#57310=LINE('',#57280,#57300);
#57320=EDGE_CURVE('',#57250,#19230,#57310,.T.);
#57330=ORIENTED_EDGE('',*,*,#57320,.F.);
#57340=ORIENTED_EDGE('',*,*,#19240,.T.);
#57350=CARTESIAN_POINT('',(2.89475000000166,-1.399594,-135.259582));
#57360=DIRECTION('',(0.,-0.,-1.));
#57370=VECTOR('',#57360,1.);
#57380=LINE('',#57350,#57370);
#57390=EDGE_CURVE('',#19210,#8440,#57380,.T.);
#57400=ORIENTED_EDGE('',*,*,#57390,.F.);
#57410=ORIENTED_EDGE('',*,*,#8450,.T.);
#57420=EDGE_LOOP('',(#57410,#57400,#57340,#57330,#57270,#57180,#57170));
#57430=FACE_OUTER_BOUND('',#57420,.T.);
#57440=ADVANCED_FACE('',(#57430),#57160,.T.);
#57450=CARTESIAN_POINT('',(-26.7300999999944,-2.649594,-13.3999999999999
));
#57460=DIRECTION('',(1.22460635382238E-16,1.,2.74605888216464E-15));
#57470=DIRECTION('',(3.36284115506919E-31,2.74605888216464E-15,-1.));
#57480=AXIS2_PLACEMENT_3D('',#57450,#57460,#57470);
#57490=CYLINDRICAL_SURFACE('',#57480,0.500000000000103);
#57500=ORIENTED_EDGE('',*,*,#620,.F.);
#57510=ORIENTED_EDGE('',*,*,#47450,.T.);
#57520=CARTESIAN_POINT('',(-26.7300999999944,-2.649594,-13.9));
#57530=DIRECTION('',(1.22460635382238E-16,1.,2.74605888216464E-15));
#57540=VECTOR('',#57530,1.);
#57550=LINE('',#57520,#57540);
#57560=EDGE_CURVE('',#52350,#47370,#57550,.T.);
#57570=ORIENTED_EDGE('',*,*,#57560,.T.);
#57580=ORIENTED_EDGE('',*,*,#52360,.F.);
#57590=EDGE_LOOP('',(#57580,#57570,#57510,#57500));
#57600=FACE_OUTER_BOUND('',#57590,.T.);
#57610=ADVANCED_FACE('',(#57600),#57490,.T.);
#57620=CARTESIAN_POINT('',(-0.70524999999833,0.000406000000002571,
8.19999999999999));
#57630=DIRECTION('',(0.,0.,-1.));
#57640=DIRECTION('',(-1.,1.22460635382238E-16,0.));
#57650=AXIS2_PLACEMENT_3D('',#57620,#57630,#57640);
#57660=PLANE('',#57650);
#57670=CARTESIAN_POINT('',(-83.5219819999983,1.85040600000001,
8.19999999999999));
#57680=DIRECTION('',(1.,-1.22460635382238E-16,0.));
#57690=VECTOR('',#57680,1.);
#57700=LINE('',#57670,#57690);
#57710=CARTESIAN_POINT('',(-0.00524999999832687,1.850406,
8.19999999999999));
#57720=VERTEX_POINT('',#57710);
#57730=EDGE_CURVE('',#48860,#57720,#57700,.T.);
#57740=ORIENTED_EDGE('',*,*,#57730,.T.);
#57750=ORIENTED_EDGE('',*,*,#48950,.F.);
#57760=ORIENTED_EDGE('',*,*,#40160,.F.);
#57770=CARTESIAN_POINT('',(-0.00524999999832687,-4.249594,
8.19999999999999));
#57780=DIRECTION('',(1.22460635382238E-16,1.,0.));
#57790=VECTOR('',#57780,1.);
#57800=LINE('',#57770,#57790);
#57810=EDGE_CURVE('',#40070,#57720,#57800,.T.);
#57820=ORIENTED_EDGE('',*,*,#57810,.F.);
#57830=EDGE_LOOP('',(#57820,#57760,#57750,#57740));
#57840=FACE_OUTER_BOUND('',#57830,.T.);
#57850=ADVANCED_FACE('',(#57840),#57660,.T.);
#57860=CARTESIAN_POINT('',(-23.8549999999943,-2.074594,5.39365000000001)
);
#57870=DIRECTION('',(0.000124999999027585,-6.27844415711079E-19,
-0.9999999921875));
#57880=DIRECTION('',(-0.9999999921875,1.22460634425514E-16,
-0.000124999999027585));
#57890=AXIS2_PLACEMENT_3D('',#57860,#57870,#57880);
#57900=PLANE('',#57890);
#57910=ORIENTED_EDGE('',*,*,#55730,.F.);
#57920=ORIENTED_EDGE('',*,*,#28030,.F.);
#57930=ORIENTED_EDGE('',*,*,#43290,.T.);
#57940=ORIENTED_EDGE('',*,*,#45270,.T.);
#57950=EDGE_LOOP('',(#57940,#57930,#57920,#57910));
#57960=FACE_OUTER_BOUND('',#57950,.T.);
#57970=ADVANCED_FACE('',(#57960),#57900,.F.);
#57980=CARTESIAN_POINT('',(-26.0709999999943,0.000406000000002571,
12.68435));
#57990=DIRECTION('',(-0.992652443353669,1.21560848926821E-16,
0.121000523569082));
#58000=DIRECTION('',(0.121000523569082,-1.48178009978532E-17,
0.992652443353669));
#58010=AXIS2_PLACEMENT_3D('',#57980,#57990,#58000);
#58020=PLANE('',#58010);
#58030=ORIENTED_EDGE('',*,*,#42540,.F.);
#58040=ORIENTED_EDGE('',*,*,#44230,.T.);
#58050=ORIENTED_EDGE('',*,*,#51540,.T.);
#58060=ORIENTED_EDGE('',*,*,#32940,.T.);
#58070=EDGE_LOOP('',(#58060,#58050,#58040,#58030));
#58080=FACE_OUTER_BOUND('',#58070,.T.);
#58090=ADVANCED_FACE('',(#58080),#58020,.F.);
#58100=CARTESIAN_POINT('',(-1.27459999999834,0.000406000000002571,
9.52959999999999));
#58110=DIRECTION('',(-0.62882676321179,7.70065249682717E-17,
0.777545433957774));
#58120=DIRECTION('',(0.777545433957774,-9.52187078810268E-17,
0.62882676321179));
#58130=AXIS2_PLACEMENT_3D('',#58100,#58110,#58120);
#58140=PLANE('',#58130);
#58150=CARTESIAN_POINT('',(-83.5219819999983,1.85040600000001,
-56.9865838099255));
#58160=DIRECTION('',(0.777545433957774,-9.52187078810268E-17,
0.62882676321179));
#58170=VECTOR('',#58160,1.);
#58180=LINE('',#58150,#58170);
#58190=CARTESIAN_POINT('',(-1.82382083696633,1.850406,9.08537335381851))
;
#58200=VERTEX_POINT('',#58190);
#58210=CARTESIAN_POINT('',(-0.729549999998355,1.850406,9.97039999999996)
);
#58220=VERTEX_POINT('',#58210);
#58230=EDGE_CURVE('',#58200,#58220,#58180,.T.);
#58240=ORIENTED_EDGE('',*,*,#58230,.F.);
#58250=CARTESIAN_POINT('',(-0.729549999998355,-4.249594,9.97039999999996
));
#58260=DIRECTION('',(1.22460635382238E-16,1.,0.));
#58270=VECTOR('',#58260,1.);
#58280=LINE('',#58250,#58270);
#58290=EDGE_CURVE('',#40400,#58220,#58280,.T.);
#58300=ORIENTED_EDGE('',*,*,#58290,.T.);
#58310=ORIENTED_EDGE('',*,*,#40410,.F.);
#58320=CARTESIAN_POINT('',(-1.82382083696633,1.91040600000024,
9.08537335381851));
#58330=DIRECTION('',(-1.22460635382238E-16,-1.,0.));
#58340=VECTOR('',#58330,1.);
#58350=LINE('',#58320,#58340);
#58360=EDGE_CURVE('',#58200,#40320,#58350,.T.);
#58370=ORIENTED_EDGE('',*,*,#58360,.T.);
#58380=EDGE_LOOP('',(#58370,#58310,#58300,#58240));
#58390=FACE_OUTER_BOUND('',#58380,.T.);
#58400=ADVANCED_FACE('',(#58390),#58140,.T.);
#58410=CARTESIAN_POINT('',(-22.7300999999922,-4.249594,2.9000000000004))
;
#58420=DIRECTION('',(3.08305536771597E-15,1.,0.));
#58430=DIRECTION('',(1.,-3.08305536771597E-15,0.));
#58440=AXIS2_PLACEMENT_3D('',#58410,#58420,#58430);
#58450=CYLINDRICAL_SURFACE('',#58440,0.499999999999543);
#58460=CARTESIAN_POINT('',(-22.2439544938496,-4.30959400000005,
3.01688689771299));
#58470=DIRECTION('',(1.22460635382238E-16,1.,0.));
#58480=VECTOR('',#58470,1.);
#58490=LINE('',#58460,#58480);
#58500=CARTESIAN_POINT('',(-22.2439544955141,-4.249594,3.01688690463601)
);
#58510=VERTEX_POINT('',#58500);
#58520=EDGE_CURVE('',#58510,#51780,#58490,.T.);
#58530=ORIENTED_EDGE('',*,*,#58520,.T.);
#58540=CARTESIAN_POINT('',(-22.7300999999922,-4.249594,2.9000000000004))
;
#58550=DIRECTION('',(-3.08305536771597E-15,-1.,0.));
#58560=DIRECTION('',(1.,-3.08305536771597E-15,0.));
#58570=AXIS2_PLACEMENT_3D('',#58540,#58550,#58560);
#58580=CIRCLE('',#58570,0.499999999999543);
#58590=EDGE_CURVE('',#58510,#29060,#58580,.T.);
#58600=ORIENTED_EDGE('',*,*,#58590,.F.);
#58610=ORIENTED_EDGE('',*,*,#29070,.T.);
#58620=ORIENTED_EDGE('',*,*,#51790,.T.);
#58630=EDGE_LOOP('',(#58620,#58610,#58600,#58530));
#58640=FACE_OUTER_BOUND('',#58630,.T.);
#58650=ADVANCED_FACE('',(#58640),#58450,.T.);
#58660=CARTESIAN_POINT('',(-23.8549999999943,1.850406,3.69370000000001))
;
#58670=DIRECTION('',(-0.,0.,1.));
#58680=DIRECTION('',(1.,-1.22460635382238E-16,0.));
#58690=AXIS2_PLACEMENT_3D('',#58660,#58670,#58680);
#58700=PLANE('',#58690);
#58710=CARTESIAN_POINT('',(-23.4549999999943,2.85040599999999,
3.69369999999995));
#58720=DIRECTION('',(-1.22460635382238E-16,-1.,0.));
#58730=VECTOR('',#58720,1.);
#58740=LINE('',#58710,#58730);
#58750=EDGE_CURVE('',#50320,#56990,#58740,.T.);
#58760=ORIENTED_EDGE('',*,*,#58750,.T.);
#58770=ORIENTED_EDGE('',*,*,#50330,.T.);
#58780=ORIENTED_EDGE('',*,*,#42240,.F.);
#58790=ORIENTED_EDGE('',*,*,#57060,.F.);
#58800=EDGE_LOOP('',(#58790,#58780,#58770,#58760));
#58810=FACE_OUTER_BOUND('',#58800,.T.);
#58820=ADVANCED_FACE('',(#58810),#58700,.F.);
#58830=CARTESIAN_POINT('',(-23.4549999999943,2.800406,4.79370000000003))
;
#58840=DIRECTION('',(-1.22460635382238E-16,-1.,6.53372630584E-15));
#58850=DIRECTION('',(8.00124274826807E-31,6.53372630584E-15,1.));
#58860=AXIS2_PLACEMENT_3D('',#58830,#58840,#58850);
#58870=CYLINDRICAL_SURFACE('',#58860,0.599999999999964);
#58880=ORIENTED_EDGE('',*,*,#51150,.T.);
#58890=ORIENTED_EDGE('',*,*,#49930,.F.);
#58900=ORIENTED_EDGE('',*,*,#48070,.F.);
#58910=ORIENTED_EDGE('',*,*,#31800,.T.);
#58920=EDGE_LOOP('',(#58910,#58900,#58890,#58880));
#58930=FACE_OUTER_BOUND('',#58920,.T.);
#58940=ADVANCED_FACE('',(#58930),#58870,.T.);
#58950=CARTESIAN_POINT('',(0.994750000001659,1.850406,3.69370000000001))
;
#58960=DIRECTION('',(0.,0.,-1.));
#58970=DIRECTION('',(-1.,1.22460635382238E-16,0.));
#58980=AXIS2_PLACEMENT_3D('',#58950,#58960,#58970);
#58990=PLANE('',#58980);
#59000=CARTESIAN_POINT('',(-83.5219819999983,1.40040600000001,
3.69370000000001));
#59010=DIRECTION('',(-1.,1.22460635382238E-16,0.));
#59020=VECTOR('',#59010,1.);
#59030=LINE('',#59000,#59020);
#59040=CARTESIAN_POINT('',(1.39475000000166,1.400406,3.69370000000001));
#59050=VERTEX_POINT('',#59040);
#59060=CARTESIAN_POINT('',(0.594750000001667,1.400406,3.69369999999995))
;
#59070=VERTEX_POINT('',#59060);
#59080=EDGE_CURVE('',#59050,#59070,#59030,.T.);
#59090=ORIENTED_EDGE('',*,*,#59080,.T.);
#59100=CARTESIAN_POINT('',(1.39475000000166,2.850406,3.69370000000001));
#59110=DIRECTION('',(2.37067177079355E-15,-1.,0.));
#59120=VECTOR('',#59110,1.);
#59130=LINE('',#59100,#59120);
#59140=EDGE_CURVE('',#55310,#59050,#59130,.T.);
#59150=ORIENTED_EDGE('',*,*,#59140,.T.);
#59160=ORIENTED_EDGE('',*,*,#55320,.F.);
#59170=CARTESIAN_POINT('',(0.594750000001667,2.85040599999999,
3.69369999999995));
#59180=DIRECTION('',(-1.22460635382238E-16,-1.,0.));
#59190=VECTOR('',#59180,1.);
#59200=LINE('',#59170,#59190);
#59210=EDGE_CURVE('',#55230,#59070,#59200,.T.);
#59220=ORIENTED_EDGE('',*,*,#59210,.F.);
#59230=EDGE_LOOP('',(#59220,#59160,#59150,#59090));
#59240=FACE_OUTER_BOUND('',#59230,.T.);
#59250=ADVANCED_FACE('',(#59240),#58990,.T.);
#59260=CARTESIAN_POINT('',(-21.9731499999926,-3.44959399999999,
1.89144999999999));
#59270=DIRECTION('',(-0.97226130234251,-2.12121820834364E-15,
-0.233897327832633));
#59280=DIRECTION('',(-0.233897327832633,2.86432153805918E-17,
0.97226130234251));
#59290=AXIS2_PLACEMENT_3D('',#59260,#59270,#59280);
#59300=PLANE('',#59290);
#59310=CARTESIAN_POINT('',(11.0208046528133,-4.249594,-135.257382));
#59320=DIRECTION('',(-0.233897327832633,2.86432153805919E-17,
0.97226130234251));
#59330=VECTOR('',#59320,1.);
#59340=LINE('',#59310,#59330);
#59350=EDGE_CURVE('',#45580,#58510,#59340,.T.);
#59360=ORIENTED_EDGE('',*,*,#59350,.F.);
#59370=ORIENTED_EDGE('',*,*,#58520,.F.);
#59380=ORIENTED_EDGE('',*,*,#52110,.F.);
#59390=ORIENTED_EDGE('',*,*,#45690,.F.);
#59400=EDGE_LOOP('',(#59390,#59380,#59370,#59360));
#59410=FACE_OUTER_BOUND('',#59400,.T.);
#59420=ADVANCED_FACE('',(#59410),#59300,.F.);
#59430=CARTESIAN_POINT('',(-0.00524999999832687,0.000406000000002571,
3.20850000000002));
#59440=DIRECTION('',(-1.,1.22460635382238E-16,0.));
#59450=DIRECTION('',(0.,0.,1.));
#59460=AXIS2_PLACEMENT_3D('',#59430,#59440,#59450);
#59470=PLANE('',#59460);
#59480=ORIENTED_EDGE('',*,*,#18910,.F.);
#59490=CARTESIAN_POINT('',(-0.00524999999832687,1.850406,-135.259582));
#59500=DIRECTION('',(0.,0.,1.));
#59510=VECTOR('',#59500,1.);
#59520=LINE('',#59490,#59510);
#59530=EDGE_CURVE('',#18820,#57720,#59520,.T.);
#59540=ORIENTED_EDGE('',*,*,#59530,.F.);
#59550=ORIENTED_EDGE('',*,*,#57810,.T.);
#59560=ORIENTED_EDGE('',*,*,#40080,.F.);
#59570=CARTESIAN_POINT('',(-0.0052499999983957,-1.34959400000001,
4.79369999999992));
#59580=DIRECTION('',(1.29449919762978E-14,-1.,-6.53372630584E-15));
#59590=VECTOR('',#59580,1.);
#59600=LINE('',#59570,#59590);
#59610=EDGE_CURVE('',#39990,#33970,#59600,.T.);
#59620=ORIENTED_EDGE('',*,*,#59610,.F.);
#59630=ORIENTED_EDGE('',*,*,#33980,.F.);
#59640=CARTESIAN_POINT('',(-0.00524999999835274,-0.899594,
4.29370000000003));
#59650=DIRECTION('',(2.37067177079355E-15,-1.,0.));
#59660=VECTOR('',#59650,1.);
#59670=LINE('',#59640,#59660);
#59680=EDGE_CURVE('',#49290,#33870,#59670,.T.);
#59690=ORIENTED_EDGE('',*,*,#59680,.T.);
#59700=ORIENTED_EDGE('',*,*,#49300,.T.);
#59710=CARTESIAN_POINT('',(-0.00524999999832687,-4.249594,
3.40000000000001));
#59720=DIRECTION('',(-1.22460635382238E-16,-1.,0.));
#59730=VECTOR('',#59720,1.);
#59740=LINE('',#59710,#59730);
#59750=CARTESIAN_POINT('',(-0.00524999999832687,1.400406,
3.40000000000001));
#59760=VERTEX_POINT('',#59750);
#59770=EDGE_CURVE('',#59760,#49210,#59740,.T.);
#59780=ORIENTED_EDGE('',*,*,#59770,.T.);
#59790=CARTESIAN_POINT('',(-0.00524999999832687,1.400406,-135.259582));
#59800=DIRECTION('',(0.,0.,1.));
#59810=VECTOR('',#59800,1.);
#59820=LINE('',#59790,#59810);
#59830=CARTESIAN_POINT('',(-0.00524999999833875,1.400406,
4.29370000000006));
#59840=VERTEX_POINT('',#59830);
#59850=EDGE_CURVE('',#59760,#59840,#59820,.T.);
#59860=ORIENTED_EDGE('',*,*,#59850,.F.);
#59870=CARTESIAN_POINT('',(-0.00524999999833509,2.800406,
4.29370000000006));
#59880=DIRECTION('',(-2.61559304155803E-15,-1.,0.));
#59890=VECTOR('',#59880,1.);
#59900=LINE('',#59870,#59890);
#59910=EDGE_CURVE('',#55140,#59840,#59900,.T.);
#59920=ORIENTED_EDGE('',*,*,#59910,.T.);
#59930=ORIENTED_EDGE('',*,*,#55150,.F.);
#59940=EDGE_LOOP('',(#59930,#59920,#59860,#59780,#59700,#59690,#59630,
#59620,#59560,#59550,#59540,#59480));
#59950=FACE_OUTER_BOUND('',#59940,.T.);
#59960=ADVANCED_FACE('',(#59950),#59470,.T.);
#59970=CARTESIAN_POINT('',(-25.7549999999943,0.000406000000002571,
5.40209999999999));
#59980=DIRECTION('',(1.,-1.22460635382238E-16,0.));
#59990=DIRECTION('',(0.,-0.,-1.));
#60000=AXIS2_PLACEMENT_3D('',#59970,#59980,#59990);
#60010=PLANE('',#60000);
#60020=ORIENTED_EDGE('',*,*,#33230,.F.);
#60030=ORIENTED_EDGE('',*,*,#10040,.F.);
#60040=ORIENTED_EDGE('',*,*,#43920,.T.);
#60050=ORIENTED_EDGE('',*,*,#50860,.F.);
#60060=ORIENTED_EDGE('',*,*,#27020,.F.);
#60070=ORIENTED_EDGE('',*,*,#54850,.F.);
#60080=ORIENTED_EDGE('',*,*,#35230,.T.);
#60090=ORIENTED_EDGE('',*,*,#14380,.T.);
#60100=EDGE_LOOP('',(#60090,#60080,#60070,#60060,#60050,#60040,#60030,
#60020));
#60110=FACE_OUTER_BOUND('',#60100,.T.);
#60120=ADVANCED_FACE('',(#60110),#60010,.F.);
#60130=CARTESIAN_POINT('',(0.994750000001659,-1.849594,3.69370000000001)
);
#60140=DIRECTION('',(0.,0.,-1.));
#60150=DIRECTION('',(-1.,1.22460635382238E-16,0.));
#60160=AXIS2_PLACEMENT_3D('',#60130,#60140,#60150);
#60170=PLANE('',#60160);
#60180=ORIENTED_EDGE('',*,*,#49470,.T.);
#60190=CARTESIAN_POINT('',(0.594750000001667,-1.349594,3.69370000000001)
);
#60200=DIRECTION('',(-1.22460635382238E-16,-1.,0.));
#60210=VECTOR('',#60200,1.);
#60220=LINE('',#60190,#60210);
#60230=EDGE_CURVE('',#49380,#33890,#60220,.T.);
#60240=ORIENTED_EDGE('',*,*,#60230,.F.);
#60250=ORIENTED_EDGE('',*,*,#34650,.F.);
#60260=CARTESIAN_POINT('',(1.39475000000166,2.850406,3.69370000000001));
#60270=DIRECTION('',(2.37067177079355E-15,-1.,0.));
#60280=VECTOR('',#60270,1.);
#60290=LINE('',#60260,#60280);
#60300=EDGE_CURVE('',#49460,#34580,#60290,.T.);
#60310=ORIENTED_EDGE('',*,*,#60300,.T.);
#60320=EDGE_LOOP('',(#60310,#60250,#60240,#60180));
#60330=FACE_OUTER_BOUND('',#60320,.T.);
#60340=ADVANCED_FACE('',(#60330),#60170,.T.);
#60350=CARTESIAN_POINT('',(-23.6242999999943,0.000406000000002571,
10.85685));
#60360=DIRECTION('',(-0.99264140337369,1.21559496963858E-16,
0.121091057920519));
#60370=DIRECTION('',(0.121091057920519,-1.48288878920541E-17,
0.99264140337369));
#60380=AXIS2_PLACEMENT_3D('',#60350,#60360,#60370);
#60390=PLANE('',#60380);
#60400=CARTESIAN_POINT('',(-23.6599999999943,-4.249594,10.5642));
#60410=DIRECTION('',(-1.22460635382238E-16,-1.,0.));
#60420=VECTOR('',#60410,1.);
#60430=LINE('',#60400,#60420);
#60440=EDGE_CURVE('',#32440,#44460,#60430,.T.);
#60450=ORIENTED_EDGE('',*,*,#60440,.F.);
#60460=ORIENTED_EDGE('',*,*,#44470,.T.);
#60470=CARTESIAN_POINT('',(-23.5885999999944,-4.249594,11.1495));
#60480=DIRECTION('',(1.22460635382238E-16,1.,0.));
#60490=VECTOR('',#60480,1.);
#60500=LINE('',#60470,#60490);
#60510=EDGE_CURVE('',#44380,#32520,#60500,.T.);
#60520=ORIENTED_EDGE('',*,*,#60510,.F.);
#60530=ORIENTED_EDGE('',*,*,#32530,.T.);
#60540=EDGE_LOOP('',(#60530,#60520,#60460,#60450));
#60550=FACE_OUTER_BOUND('',#60540,.T.);
#60560=ADVANCED_FACE('',(#60550),#60390,.F.);
#60570=CARTESIAN_POINT('',(-28.1300999999943,0.000406000000002571,-13.9)
);
#60580=DIRECTION('',(-0.,0.,1.));
#60590=DIRECTION('',(1.,-1.22460635382238E-16,0.));
#60600=AXIS2_PLACEMENT_3D('',#60570,#60580,#60590);
#60610=PLANE('',#60600);
#60620=ORIENTED_EDGE('',*,*,#9230,.T.);
#60630=CARTESIAN_POINT('',(60.6617820000057,-4.24959400000001,-13.9));
#60640=DIRECTION('',(1.,-1.22460635382238E-16,0.));
#60650=VECTOR('',#60640,1.);
#60660=LINE('',#60630,#60650);
#60670=EDGE_CURVE('',#9140,#48630,#60660,.T.);
#60680=ORIENTED_EDGE('',*,*,#60670,.F.);
#60690=ORIENTED_EDGE('',*,*,#48640,.T.);
#60700=ORIENTED_EDGE('',*,*,#52420,.F.);
#60710=ORIENTED_EDGE('',*,*,#57560,.F.);
#60720=ORIENTED_EDGE('',*,*,#47380,.F.);
#60730=EDGE_LOOP('',(#60720,#60710,#60700,#60690,#60680,#60620));
#60740=FACE_OUTER_BOUND('',#60730,.T.);
#60750=ADVANCED_FACE('',(#60740),#60610,.F.);
#60760=CARTESIAN_POINT('',(-23.3812999999943,0.000406000000002571,
10.6603));
#60770=DIRECTION('',(0.325980229449843,-3.99197460204754E-17,
-0.945376586344208));
#60780=DIRECTION('',(-0.945376586344208,1.15771417439203E-16,
-0.325980229449843));
#60790=AXIS2_PLACEMENT_3D('',#60760,#60770,#60780);
#60800=PLANE('',#60790);
#60810=ORIENTED_EDGE('',*,*,#49750,.T.);
#60820=ORIENTED_EDGE('',*,*,#44550,.T.);
#60830=ORIENTED_EDGE('',*,*,#60440,.T.);
#60840=ORIENTED_EDGE('',*,*,#32450,.T.);
#60850=EDGE_LOOP('',(#60840,#60830,#60820,#60810));
#60860=FACE_OUTER_BOUND('',#60850,.T.);
#60870=ADVANCED_FACE('',(#60860),#60800,.F.);
#60880=CARTESIAN_POINT('',(-23.4549999999945,2.800406,4.29370000000006))
;
#60890=DIRECTION('',(2.37067177079355E-15,-1.,0.));
#60900=DIRECTION('',(-1.,-2.37067177079355E-15,0.));
#60910=AXIS2_PLACEMENT_3D('',#60880,#60890,#60900);
#60920=CYLINDRICAL_SURFACE('',#60910,0.600000000000116);
#60930=ORIENTED_EDGE('',*,*,#47720,.T.);
#60940=ORIENTED_EDGE('',*,*,#50400,.F.);
#60950=ORIENTED_EDGE('',*,*,#58750,.F.);
#60960=ORIENTED_EDGE('',*,*,#57000,.T.);
#60970=EDGE_LOOP('',(#60960,#60950,#60940,#60930));
#60980=FACE_OUTER_BOUND('',#60970,.T.);
#60990=ADVANCED_FACE('',(#60980),#60920,.T.);
#61000=CARTESIAN_POINT('',(0.594750000001682,-0.899593999999998,
4.29370000000003));
#61010=DIRECTION('',(2.37067177079355E-15,-1.,0.));
#61020=DIRECTION('',(1.,2.37067177079355E-15,0.));
#61030=AXIS2_PLACEMENT_3D('',#61000,#61010,#61020);
#61040=CYLINDRICAL_SURFACE('',#61030,0.600000000000034);
#61050=ORIENTED_EDGE('',*,*,#49390,.T.);
#61060=ORIENTED_EDGE('',*,*,#59680,.F.);
#61070=ORIENTED_EDGE('',*,*,#33900,.F.);
#61080=ORIENTED_EDGE('',*,*,#60230,.T.);
#61090=EDGE_LOOP('',(#61080,#61070,#61060,#61050));
#61100=FACE_OUTER_BOUND('',#61090,.T.);
#61110=ADVANCED_FACE('',(#61100),#61040,.T.);
#61120=CARTESIAN_POINT('',(-24.4198308392453,-3.149594,-16.6536886049784
));
#61130=DIRECTION('',(0.,1.,-0.));
#61140=DIRECTION('',(1.,0.,0.));
#61150=AXIS2_PLACEMENT_3D('',#61120,#61130,#61140);
#61160=PLANE('',#61150);
#61170=CARTESIAN_POINT('',(-83.5319819999983,-3.149594,0.));
#61180=DIRECTION('',(-1.,0.,0.));
#61190=VECTOR('',#61180,1.);
#61200=LINE('',#61170,#61190);
#61210=CARTESIAN_POINT('',(-2.14280403213685,-3.149594,
3.82491202230995E-5));
#61220=VERTEX_POINT('',#61210);
#61230=CARTESIAN_POINT('',(-4.08010000000009,-3.149594,0.));
#61240=VERTEX_POINT('',#61230);
#61250=EDGE_CURVE('',#61220,#61240,#61200,.T.);
#61260=ORIENTED_EDGE('',*,*,#61250,.F.);
#61270=CARTESIAN_POINT('',(-4.08010000000009,-3.149594,-135.257382));
#61280=DIRECTION('',(0.,-0.,-1.));
#61290=VECTOR('',#61280,1.);
#61300=LINE('',#61270,#61290);
#61310=CARTESIAN_POINT('',(-4.08010000000009,-3.149594,-1.5));
#61320=VERTEX_POINT('',#61310);
#61330=EDGE_CURVE('',#61240,#61320,#61300,.T.);
#61340=ORIENTED_EDGE('',*,*,#61330,.F.);
#61350=CARTESIAN_POINT('',(-83.5319819999983,-3.149594,-1.5));
#61360=DIRECTION('',(-1.,0.,0.));
#61370=VECTOR('',#61360,1.);
#61380=LINE('',#61350,#61370);
#61390=CARTESIAN_POINT('',(-6.08010000000009,-3.149594,-1.5));
#61400=VERTEX_POINT('',#61390);
#61410=EDGE_CURVE('',#61320,#61400,#61380,.T.);
#61420=ORIENTED_EDGE('',*,*,#61410,.F.);
#61430=CARTESIAN_POINT('',(-6.08010000000009,-3.149594,-135.257382));
#61440=DIRECTION('',(0.,0.,1.));
#61450=VECTOR('',#61440,1.);
#61460=LINE('',#61430,#61450);
#61470=CARTESIAN_POINT('',(-6.08010000000009,-3.149594,0.));
#61480=VERTEX_POINT('',#61470);
#61490=EDGE_CURVE('',#61400,#61480,#61460,.T.);
#61500=ORIENTED_EDGE('',*,*,#61490,.F.);
#61510=CARTESIAN_POINT('',(-83.531981999997,-3.149594,0.));
#61520=DIRECTION('',(-1.,0.,0.));
#61530=VECTOR('',#61520,1.);
#61540=LINE('',#61510,#61530);
#61550=CARTESIAN_POINT('',(-8.88009999999635,-3.149594,0.));
#61560=VERTEX_POINT('',#61550);
#61570=EDGE_CURVE('',#61480,#61560,#61540,.T.);
#61580=ORIENTED_EDGE('',*,*,#61570,.F.);
#61590=CARTESIAN_POINT('',(-8.88009999999635,-3.149594,-0.5));
#61600=DIRECTION('',(1.22460635382238E-16,1.,0.));
#61610=DIRECTION('',(-1.,1.22460635382238E-16,0.));
#61620=AXIS2_PLACEMENT_3D('',#61590,#61600,#61610);
#61630=CIRCLE('',#61620,0.5);
#61640=CARTESIAN_POINT('',(-9.38009999999635,-3.149594,-0.5));
#61650=VERTEX_POINT('',#61640);
#61660=EDGE_CURVE('',#61650,#61560,#61630,.T.);
#61670=ORIENTED_EDGE('',*,*,#61660,.T.);
#61680=CARTESIAN_POINT('',(-9.38009999999635,-3.149594,-135.257382));
#61690=DIRECTION('',(0.,-0.,-1.));
#61700=VECTOR('',#61690,1.);
#61710=LINE('',#61680,#61700);
#61720=EDGE_CURVE('',#61650,#19870,#61710,.T.);
#61730=ORIENTED_EDGE('',*,*,#61720,.F.);
#61740=ORIENTED_EDGE('',*,*,#19880,.T.);
#61750=CARTESIAN_POINT('',(-5.78010000000008,-3.149594,-135.257382));
#61760=DIRECTION('',(0.,0.,1.));
#61770=VECTOR('',#61760,1.);
#61780=LINE('',#61750,#61770);
#61790=CARTESIAN_POINT('',(-5.78010000000002,-3.149594,-5.19999999999996
));
#61800=VERTEX_POINT('',#61790);
#61810=EDGE_CURVE('',#19790,#61800,#61780,.T.);
#61820=ORIENTED_EDGE('',*,*,#61810,.F.);
#61830=CARTESIAN_POINT('',(-5.08010000000006,-3.149594,-5.19999999999996
));
#61840=DIRECTION('',(-1.22460635382238E-16,-1.,0.));
#61850=DIRECTION('',(-1.,1.22460635382238E-16,0.));
#61860=AXIS2_PLACEMENT_3D('',#61830,#61840,#61850);
#61870=CIRCLE('',#61860,0.699999999999966);
#61880=CARTESIAN_POINT('',(-4.38010000000009,-3.149594,-5.19999999999996
));
#61890=VERTEX_POINT('',#61880);
#61900=EDGE_CURVE('',#61890,#61800,#61870,.T.);
#61910=ORIENTED_EDGE('',*,*,#61900,.T.);
#61920=CARTESIAN_POINT('',(-4.3801000000001,-3.149594,-135.257382));
#61930=DIRECTION('',(0.,0.,1.));
#61940=VECTOR('',#61930,1.);
#61950=LINE('',#61920,#61940);
#61960=EDGE_CURVE('',#19710,#61890,#61950,.T.);
#61970=ORIENTED_EDGE('',*,*,#61960,.T.);
#61980=ORIENTED_EDGE('',*,*,#19720,.T.);
#61990=ORIENTED_EDGE('',*,*,#39310,.T.);
#62000=ORIENTED_EDGE('',*,*,#15650,.T.);
#62010=ORIENTED_EDGE('',*,*,#50570,.F.);
#62020=CARTESIAN_POINT('',(-2.13022866847548,-3.149594,1.00023451447353)
);
#62030=DIRECTION('',(-1.22460635382238E-16,-1.,0.));
#62040=DIRECTION('',(-1.,1.22460635382238E-16,0.));
#62050=AXIS2_PLACEMENT_3D('',#62020,#62030,#62040);
#62060=CIRCLE('',#62050,1.00023451488438);
#62070=EDGE_CURVE('',#61220,#50560,#62060,.T.);
#62080=ORIENTED_EDGE('',*,*,#62070,.T.);
#62090=EDGE_LOOP('',(#62080,#62010,#62000,#61990,#61980,#61970,#61910,
#61820,#61740,#61730,#61670,#61580,#61500,#61420,#61340,#61260));
#62100=FACE_OUTER_BOUND('',#62090,.T.);
#62110=ADVANCED_FACE('',(#62100),#61160,.T.);
#62120=CARTESIAN_POINT('',(-2.56010000000008,3.800406,-11.2));
#62130=DIRECTION('',(-1.,1.22460635382238E-16,0.));
#62140=DIRECTION('',(0.,0.,1.));
#62150=AXIS2_PLACEMENT_3D('',#62120,#62130,#62140);
#62160=PLANE('',#62150);
#62170=CARTESIAN_POINT('',(-2.56010000000008,4.250406,-135.257382));
#62180=DIRECTION('',(0.,0.,1.));
#62190=VECTOR('',#62180,1.);
#62200=LINE('',#62170,#62190);
#62210=CARTESIAN_POINT('',(-2.56010000000008,4.250406,-9.));
#62220=VERTEX_POINT('',#62210);
#62230=EDGE_CURVE('',#1490,#62220,#62200,.T.);
#62240=ORIENTED_EDGE('',*,*,#62230,.F.);
#62250=CARTESIAN_POINT('',(-2.56010000000008,-4.249594,-9.));
#62260=DIRECTION('',(-1.22460635382238E-16,-1.,0.));
#62270=VECTOR('',#62260,1.);
#62280=LINE('',#62250,#62270);
#62290=CARTESIAN_POINT('',(-2.56010000000008,3.350406,-9.));
#62300=VERTEX_POINT('',#62290);
#62310=EDGE_CURVE('',#62220,#62300,#62280,.T.);
#62320=ORIENTED_EDGE('',*,*,#62310,.F.);
#62330=CARTESIAN_POINT('',(-2.56010000000008,3.350406,-135.257382));
#62340=DIRECTION('',(0.,-0.,-1.));
#62350=VECTOR('',#62340,1.);
#62360=LINE('',#62330,#62350);
#62370=EDGE_CURVE('',#62300,#1570,#62360,.T.);
#62380=ORIENTED_EDGE('',*,*,#62370,.F.);
#62390=ORIENTED_EDGE('',*,*,#1580,.F.);
#62400=EDGE_LOOP('',(#62390,#62380,#62320,#62240));
#62410=FACE_OUTER_BOUND('',#62400,.T.);
#62420=ADVANCED_FACE('',(#62410),#62160,.T.);
#62430=CARTESIAN_POINT('',(-20.3000999999926,3.80040600000001,-11.2));
#62440=DIRECTION('',(-1.,1.22460635382238E-16,0.));
#62450=DIRECTION('',(0.,0.,1.));
#62460=AXIS2_PLACEMENT_3D('',#62430,#62440,#62450);
#62470=PLANE('',#62460);
#62480=ORIENTED_EDGE('',*,*,#140,.T.);
#62490=CARTESIAN_POINT('',(-20.3000999999926,3.350406,-135.257382));
#62500=DIRECTION('',(0.,-0.,-1.));
#62510=VECTOR('',#62500,1.);
#62520=LINE('',#62490,#62510);
#62530=CARTESIAN_POINT('',(-20.3000999999926,3.350406,-9.));
#62540=VERTEX_POINT('',#62530);
#62550=EDGE_CURVE('',#62540,#110,#62520,.T.);
#62560=ORIENTED_EDGE('',*,*,#62550,.T.);
#62570=CARTESIAN_POINT('',(-20.3000999999926,-4.249594,-9.));
#62580=DIRECTION('',(-1.22460635382238E-16,-1.,0.));
#62590=VECTOR('',#62580,1.);
#62600=LINE('',#62570,#62590);
#62610=CARTESIAN_POINT('',(-20.3000999999926,4.250406,-9.));
#62620=VERTEX_POINT('',#62610);
#62630=EDGE_CURVE('',#62620,#62540,#62600,.T.);
#62640=ORIENTED_EDGE('',*,*,#62630,.T.);
#62650=CARTESIAN_POINT('',(-20.3000999999926,4.25040600000001,
-135.257382));
#62660=DIRECTION('',(0.,0.,1.));
#62670=VECTOR('',#62660,1.);
#62680=LINE('',#62650,#62670);
#62690=EDGE_CURVE('',#130,#62620,#62680,.T.);
#62700=ORIENTED_EDGE('',*,*,#62690,.T.);
#62710=EDGE_LOOP('',(#62700,#62640,#62560,#62480));
#62720=FACE_OUTER_BOUND('',#62710,.T.);
#62730=ADVANCED_FACE('',(#62720),#62470,.F.);
#62740=CARTESIAN_POINT('',(-14.2900999999953,3.350406,-9.82000000000001)
);
#62750=DIRECTION('',(0.,-1.,6.12303176911189E-17));
#62760=DIRECTION('',(0.,6.12303176911189E-17,1.));
#62770=AXIS2_PLACEMENT_3D('',#62740,#62750,#62760);
#62780=PLANE('',#62770);
#62790=ORIENTED_EDGE('',*,*,#62550,.F.);
#62800=ORIENTED_EDGE('',*,*,#1920,.T.);
#62810=ORIENTED_EDGE('',*,*,#8880,.T.);
#62820=ORIENTED_EDGE('',*,*,#1660,.T.);
#62830=ORIENTED_EDGE('',*,*,#62370,.T.);
#62840=CARTESIAN_POINT('',(-91.1519819999983,3.35040600000001,-9.));
#62850=DIRECTION('',(1.,-1.08681882361758E-16,0.));
#62860=VECTOR('',#62850,1.);
#62870=LINE('',#62840,#62860);
#62880=EDGE_CURVE('',#62540,#62300,#62870,.T.);
#62890=ORIENTED_EDGE('',*,*,#62880,.T.);
#62900=EDGE_LOOP('',(#62890,#62830,#62820,#62810,#62800,#62790));
#62910=FACE_OUTER_BOUND('',#62900,.T.);
#62920=ADVANCED_FACE('',(#62910),#62780,.F.);
#62930=CARTESIAN_POINT('',(-11.4301083333296,3.700406,-9.));
#62940=DIRECTION('',(0.,0.,1.));
#62950=DIRECTION('',(1.,0.,0.));
#62960=AXIS2_PLACEMENT_3D('',#62930,#62940,#62950);
#62970=PLANE('',#62960);
#62980=CARTESIAN_POINT('',(-70.8319819999982,4.25040600000001,-9.));
#62990=DIRECTION('',(-1.,1.22460635382238E-16,0.));
#63000=VECTOR('',#62990,1.);
#63010=LINE('',#62980,#63000);
#63020=CARTESIAN_POINT('',(-10.7600999999954,4.250406,-9.));
#63030=VERTEX_POINT('',#63020);
#63040=EDGE_CURVE('',#63030,#62620,#63010,.T.);
#63050=ORIENTED_EDGE('',*,*,#63040,.F.);
#63060=ORIENTED_EDGE('',*,*,#62630,.F.);
#63070=ORIENTED_EDGE('',*,*,#62880,.F.);
#63080=ORIENTED_EDGE('',*,*,#62310,.T.);
#63090=CARTESIAN_POINT('',(-9.56009999999535,4.250406,-9.));
#63100=VERTEX_POINT('',#63090);
#63110=EDGE_CURVE('',#62220,#63100,#63010,.T.);
#63120=ORIENTED_EDGE('',*,*,#63110,.F.);
#63130=CARTESIAN_POINT('',(-10.1600999999954,4.140406,-9.));
#63140=DIRECTION('',(0.,0.,1.));
#63150=DIRECTION('',(1.,0.,0.));
#63160=AXIS2_PLACEMENT_3D('',#63130,#63140,#63150);
#63170=CIRCLE('',#63160,0.610000000000002);
#63180=EDGE_CURVE('',#63100,#63030,#63170,.T.);
#63190=ORIENTED_EDGE('',*,*,#63180,.F.);
#63200=EDGE_LOOP('',(#63190,#63120,#63080,#63070,#63060,#63050));
#63210=FACE_OUTER_BOUND('',#63200,.T.);
#63220=ADVANCED_FACE('',(#63210),#62970,.F.);
#63230=CARTESIAN_POINT('',(-2.13022866847548,2.650406,1.00023451447353))
;
#63240=DIRECTION('',(1.22460635382238E-16,1.,0.));
#63250=DIRECTION('',(-1.,1.22460635382238E-16,0.));
#63260=AXIS2_PLACEMENT_3D('',#63230,#63240,#63250);
#63270=CYLINDRICAL_SURFACE('',#63260,1.00023451488438);
#63280=ORIENTED_EDGE('',*,*,#39000,.T.);
#63290=CARTESIAN_POINT('',(-2.14032915335731,2.650406,
5.09988269641326E-5));
#63300=DIRECTION('',(1.22460635382238E-16,1.,0.));
#63310=VECTOR('',#63300,1.);
#63320=LINE('',#63290,#63310);
#63330=CARTESIAN_POINT('',(-2.14157859072806,4.250406,
6.43969281099999E-5));
#63340=VERTEX_POINT('',#63330);
#63350=EDGE_CURVE('',#38900,#63340,#63320,.T.);
#63360=ORIENTED_EDGE('',*,*,#63350,.F.);
#63370=CARTESIAN_POINT('',(-2.13022866847548,4.250406,1.00023451447353))
;
#63380=DIRECTION('',(-1.22460635382238E-16,-1.,0.));
#63390=DIRECTION('',(-1.,1.22460635382238E-16,0.));
#63400=AXIS2_PLACEMENT_3D('',#63370,#63380,#63390);
#63410=CIRCLE('',#63400,1.00023451488438);
#63420=CARTESIAN_POINT('',(-1.15780691857289,4.250406,0.76600167074244))
;
#63430=VERTEX_POINT('',#63420);
#63440=EDGE_CURVE('',#63340,#63430,#63410,.T.);
#63450=ORIENTED_EDGE('',*,*,#63440,.F.);
#63460=CARTESIAN_POINT('',(-1.15773935638606,2.650406,0.766282334236109)
);
#63470=DIRECTION('',(1.22460635382238E-16,1.,0.));
#63480=VECTOR('',#63470,1.);
#63490=LINE('',#63460,#63480);
#63500=EDGE_CURVE('',#38990,#63430,#63490,.T.);
#63510=ORIENTED_EDGE('',*,*,#63500,.T.);
#63520=EDGE_LOOP('',(#63510,#63450,#63360,#63280));
#63530=FACE_OUTER_BOUND('',#63520,.T.);
#63540=ADVANCED_FACE('',(#63530),#63270,.F.);
#63550=CARTESIAN_POINT('',(-10.1600999999954,4.140406,0.));
#63560=DIRECTION('',(0.,0.,1.));
#63570=DIRECTION('',(1.,0.,0.));
#63580=AXIS2_PLACEMENT_3D('',#63550,#63560,#63570);
#63590=CYLINDRICAL_SURFACE('',#63580,0.610000000000002);
#63600=CARTESIAN_POINT('',(-10.1600999999954,4.140406,0.));
#63610=DIRECTION('',(0.,0.,1.));
#63620=DIRECTION('',(1.,0.,0.));
#63630=AXIS2_PLACEMENT_3D('',#63600,#63610,#63620);
#63640=CIRCLE('',#63630,0.610000000000002);
#63650=CARTESIAN_POINT('',(-9.56009999999535,4.250406,0.));
#63660=VERTEX_POINT('',#63650);
#63670=CARTESIAN_POINT('',(-10.7600999999954,4.250406,0.));
#63680=VERTEX_POINT('',#63670);
#63690=EDGE_CURVE('',#63660,#63680,#63640,.T.);
#63700=ORIENTED_EDGE('',*,*,#63690,.F.);
#63710=CARTESIAN_POINT('',(-10.7600999999954,4.250406,0.));
#63720=DIRECTION('',(0.,0.,1.));
#63730=VECTOR('',#63720,1.);
#63740=LINE('',#63710,#63730);
#63750=EDGE_CURVE('',#63030,#63680,#63740,.T.);
#63760=ORIENTED_EDGE('',*,*,#63750,.T.);
#63770=ORIENTED_EDGE('',*,*,#63180,.T.);
#63780=CARTESIAN_POINT('',(-9.56009999999535,4.250406,0.));
#63790=DIRECTION('',(0.,0.,1.));
#63800=VECTOR('',#63790,1.);
#63810=LINE('',#63780,#63800);
#63820=EDGE_CURVE('',#63100,#63660,#63810,.T.);
#63830=ORIENTED_EDGE('',*,*,#63820,.F.);
#63840=EDGE_LOOP('',(#63830,#63770,#63760,#63700));
#63850=FACE_OUTER_BOUND('',#63840,.T.);
#63860=ADVANCED_FACE('',(#63850),#63590,.T.);
#63870=CARTESIAN_POINT('',(-3.49010000000007,0.950406,-13.2));
#63880=DIRECTION('',(-1.22460635382238E-16,-1.,0.));
#63890=DIRECTION('',(-1.,1.22460635382238E-16,0.));
#63900=AXIS2_PLACEMENT_3D('',#63870,#63880,#63890);
#63910=PLANE('',#63900);
#63920=CARTESIAN_POINT('',(-4.13010000000007,0.950406,-135.257382));
#63930=DIRECTION('',(0.,0.,1.));
#63940=VECTOR('',#63930,1.);
#63950=LINE('',#63920,#63940);
#63960=CARTESIAN_POINT('',(-4.13010000000007,0.950405999999999,
-1.00000000000006));
#63970=VERTEX_POINT('',#63960);
#63980=EDGE_CURVE('',#24760,#63970,#63950,.T.);
#63990=ORIENTED_EDGE('',*,*,#63980,.F.);
#64000=CARTESIAN_POINT('',(-83.5319819999983,0.950406000000009,
-1.00000000000006));
#64010=DIRECTION('',(-1.,1.22460635382238E-16,0.));
#64020=VECTOR('',#64010,1.);
#64030=LINE('',#64000,#64020);
#64040=CARTESIAN_POINT('',(-3.49010000000006,0.950405999999999,
-1.00000000000006));
#64050=VERTEX_POINT('',#64040);
#64060=EDGE_CURVE('',#64050,#63970,#64030,.T.);
#64070=ORIENTED_EDGE('',*,*,#64060,.T.);
#64080=CARTESIAN_POINT('',(-3.49010000000006,0.950406,-135.257382));
#64090=DIRECTION('',(0.,-0.,-1.));
#64100=VECTOR('',#64090,1.);
#64110=LINE('',#64080,#64100);
#64120=EDGE_CURVE('',#64050,#24780,#64110,.T.);
#64130=ORIENTED_EDGE('',*,*,#64120,.F.);
#64140=ORIENTED_EDGE('',*,*,#24790,.T.);
#64150=EDGE_LOOP('',(#64140,#64130,#64070,#63990));
#64160=FACE_OUTER_BOUND('',#64150,.T.);
#64170=ADVANCED_FACE('',(#64160),#63910,.T.);
#64180=COLOUR_RGB('',1.,1.,0.);
#64190=FILL_AREA_STYLE_COLOUR('',#64180);
#64200=FILL_AREA_STYLE('',(#64190));
#64210=SURFACE_STYLE_FILL_AREA(#64200);
#64220=SURFACE_SIDE_STYLE('',(#64210));
#64230=SURFACE_STYLE_USAGE(.BOTH.,#64220);
#64240=PRESENTATION_STYLE_ASSIGNMENT((#64230));
#64250=CARTESIAN_POINT('',(-9.56009999999535,4.250406,-20.2839986049806)
);
#64260=DIRECTION('',(0.,-1.,0.));
#64270=DIRECTION('',(-1.,0.,0.));
#64280=AXIS2_PLACEMENT_3D('',#64250,#64260,#64270);
#64290=PLANE('',#64280);
#64300=ORIENTED_EDGE('',*,*,#63750,.F.);
#64310=CARTESIAN_POINT('',(-83.531981999997,4.25040600000002,0.));
#64320=DIRECTION('',(-1.,2.44921270764475E-16,0.));
#64330=VECTOR('',#64320,1.);
#64340=LINE('',#64310,#64330);
#64350=EDGE_CURVE('',#63680,#39490,#64340,.T.);
#64360=ORIENTED_EDGE('',*,*,#64350,.F.);
#64370=ORIENTED_EDGE('',*,*,#39500,.F.);
#64380=ORIENTED_EDGE('',*,*,#35490,.F.);
#64390=ORIENTED_EDGE('',*,*,#46000,.F.);
#64400=ORIENTED_EDGE('',*,*,#29000,.F.);
#64410=ORIENTED_EDGE('',*,*,#41940,.T.);
#64420=CARTESIAN_POINT('',(60.6117820000056,4.25040599999998,
-7.88000000000001));
#64430=DIRECTION('',(-1.,2.44921270764475E-16,0.));
#64440=VECTOR('',#64430,1.);
#64450=LINE('',#64420,#64440);
#64460=CARTESIAN_POINT('',(-22.8800999999943,4.250406,-7.88000000000001)
);
#64470=VERTEX_POINT('',#64460);
#64480=EDGE_CURVE('',#64470,#41870,#64450,.T.);
#64490=ORIENTED_EDGE('',*,*,#64480,.T.);
#64500=CARTESIAN_POINT('',(-22.8800999999943,4.250406,-135.257382));
#64510=DIRECTION('',(0.,0.,1.));
#64520=VECTOR('',#64510,1.);
#64530=LINE('',#64500,#64520);
#64540=EDGE_CURVE('',#210,#64470,#64530,.T.);
#64550=ORIENTED_EDGE('',*,*,#64540,.T.);
#64560=ORIENTED_EDGE('',*,*,#220,.F.);
#64570=ORIENTED_EDGE('',*,*,#62690,.F.);
#64580=ORIENTED_EDGE('',*,*,#63040,.T.);
#64590=EDGE_LOOP('',(#64580,#64570,#64560,#64550,#64490,#64410,#64400,
#64390,#64380,#64370,#64360,#64300));
#64600=FACE_OUTER_BOUND('',#64590,.T.);
#64610=ADVANCED_FACE('',(#64600),#64290,.F.);
#64620=CARTESIAN_POINT('',(1.01990000000167,4.500406,-2.24000000000001))
;
#64630=DIRECTION('',(-1.,1.22460635382238E-16,0.));
#64640=DIRECTION('',(0.,0.,1.));
#64650=AXIS2_PLACEMENT_3D('',#64620,#64630,#64640);
#64660=PLANE('',#64650);
#64670=CARTESIAN_POINT('',(1.01990000000167,-4.249594,3.40000000000001))
;
#64680=DIRECTION('',(-1.22460635382238E-16,-1.,0.));
#64690=VECTOR('',#64680,1.);
#64700=LINE('',#64670,#64690);
#64710=CARTESIAN_POINT('',(1.01990000000167,4.250406,3.40000000000001));
#64720=VERTEX_POINT('',#64710);
#64730=EDGE_CURVE('',#30670,#64720,#64700,.T.);
#64740=ORIENTED_EDGE('',*,*,#64730,.F.);
#64750=CARTESIAN_POINT('',(1.01990000000167,4.250406,-135.257382));
#64760=DIRECTION('',(0.,0.,1.));
#64770=VECTOR('',#64760,1.);
#64780=LINE('',#64750,#64770);
#64790=EDGE_CURVE('',#37320,#64720,#64780,.T.);
#64800=ORIENTED_EDGE('',*,*,#64790,.T.);
#64810=ORIENTED_EDGE('',*,*,#37460,.F.);
#64820=ORIENTED_EDGE('',*,*,#30760,.T.);
#64830=EDGE_LOOP('',(#64820,#64810,#64800,#64740));
#64840=FACE_OUTER_BOUND('',#64830,.T.);
#64850=ADVANCED_FACE('',(#64840),#64660,.T.);
#64860=CARTESIAN_POINT('',(0.594750000001781,2.800406,4.29370000000006))
;
#64870=DIRECTION('',(-2.61559304155803E-15,-1.,0.));
#64880=DIRECTION('',(1.,-2.61559304155803E-15,0.));
#64890=AXIS2_PLACEMENT_3D('',#64860,#64870,#64880);
#64900=CYLINDRICAL_SURFACE('',#64890,0.600000000000116);
#64910=CARTESIAN_POINT('',(0.594750000001781,1.400406,4.29370000000006))
;
#64920=DIRECTION('',(-2.61559304155803E-15,-1.,0.));
#64930=DIRECTION('',(1.,-2.61559304155803E-15,0.));
#64940=AXIS2_PLACEMENT_3D('',#64910,#64920,#64930);
#64950=CIRCLE('',#64940,0.600000000000116);
#64960=EDGE_CURVE('',#59840,#59070,#64950,.T.);
#64970=ORIENTED_EDGE('',*,*,#64960,.F.);
#64980=ORIENTED_EDGE('',*,*,#59210,.T.);
#64990=ORIENTED_EDGE('',*,*,#55240,.T.);
#65000=ORIENTED_EDGE('',*,*,#59910,.F.);
#65010=EDGE_LOOP('',(#65000,#64990,#64980,#64970));
#65020=FACE_OUTER_BOUND('',#65010,.T.);
#65030=ADVANCED_FACE('',(#65020),#64900,.T.);
#65040=CARTESIAN_POINT('',(-13.4800999999963,-4.249594,0.));
#65050=DIRECTION('',(-1.,1.22460635382238E-16,0.));
#65060=DIRECTION('',(0.,0.,1.));
#65070=AXIS2_PLACEMENT_3D('',#65040,#65050,#65060);
#65080=PLANE('',#65070);
#65090=ORIENTED_EDGE('',*,*,#51890,.T.);
#65100=ORIENTED_EDGE('',*,*,#20120,.T.);
#65110=CARTESIAN_POINT('',(-13.4800999999963,-2.049594,-7.40000000000001
));
#65120=DIRECTION('',(0.,0.,1.));
#65130=VECTOR('',#65120,1.);
#65140=LINE('',#65110,#65130);
#65150=CARTESIAN_POINT('',(-13.4800999999963,-2.049594,-6.90000000000001
));
#65160=VERTEX_POINT('',#65150);
#65170=EDGE_CURVE('',#65160,#20030,#65140,.T.);
#65180=ORIENTED_EDGE('',*,*,#65170,.T.);
#65190=CARTESIAN_POINT('',(-13.4800999999963,-4.249594,-6.90000000000001
));
#65200=DIRECTION('',(1.22460635382238E-16,1.,0.));
#65210=VECTOR('',#65200,1.);
#65220=LINE('',#65190,#65210);
#65230=CARTESIAN_POINT('',(-13.4800999999963,-4.249594,-6.90000000000001
));
#65240=VERTEX_POINT('',#65230);
#65250=EDGE_CURVE('',#65240,#65160,#65220,.T.);
#65260=ORIENTED_EDGE('',*,*,#65250,.T.);
#65270=CARTESIAN_POINT('',(-13.4800999999963,-4.249594,-135.257382));
#65280=DIRECTION('',(0.,-0.,-1.));
#65290=VECTOR('',#65280,1.);
#65300=LINE('',#65270,#65290);
#65310=CARTESIAN_POINT('',(-13.4800999999963,-4.249594,-0.5));
#65320=VERTEX_POINT('',#65310);
#65330=EDGE_CURVE('',#65320,#65240,#65300,.T.);
#65340=ORIENTED_EDGE('',*,*,#65330,.T.);
#65350=CARTESIAN_POINT('',(-13.4800999999963,-4.249594,-0.5));
#65360=DIRECTION('',(1.22460635382238E-16,1.,0.));
#65370=VECTOR('',#65360,1.);
#65380=LINE('',#65350,#65370);
#65390=EDGE_CURVE('',#65320,#51880,#65380,.T.);
#65400=ORIENTED_EDGE('',*,*,#65390,.F.);
#65410=EDGE_LOOP('',(#65400,#65340,#65260,#65180,#65100,#65090));
#65420=FACE_OUTER_BOUND('',#65410,.T.);
#65430=ADVANCED_FACE('',(#65420),#65080,.F.);
#65440=CARTESIAN_POINT('',(-11.4300999999964,-2.049594,-4.5));
#65450=DIRECTION('',(-1.22460635382238E-16,-1.,0.));
#65460=DIRECTION('',(1.,-1.22460635382238E-16,0.));
#65470=AXIS2_PLACEMENT_3D('',#65440,#65450,#65460);
#65480=PLANE('',#65470);
#65490=CARTESIAN_POINT('',(-9.38009999999635,-2.049594,0.));
#65500=DIRECTION('',(0.,-0.,-1.));
#65510=VECTOR('',#65500,1.);
#65520=LINE('',#65490,#65510);
#65530=CARTESIAN_POINT('',(-9.38009999999635,-2.049594,-6.90000000000001
));
#65540=VERTEX_POINT('',#65530);
#65550=EDGE_CURVE('',#19950,#65540,#65520,.T.);
#65560=ORIENTED_EDGE('',*,*,#65550,.F.);
#65570=CARTESIAN_POINT('',(-9.88009999999635,-2.049594,-6.90000000000001
));
#65580=DIRECTION('',(1.22460635382238E-16,1.,0.));
#65590=DIRECTION('',(-1.,1.22460635382238E-16,0.));
#65600=AXIS2_PLACEMENT_3D('',#65570,#65580,#65590);
#65610=CIRCLE('',#65600,0.5);
#65620=CARTESIAN_POINT('',(-9.88009999999635,-2.049594,-7.40000000000001
));
#65630=VERTEX_POINT('',#65620);
#65640=EDGE_CURVE('',#65540,#65630,#65610,.T.);
#65650=ORIENTED_EDGE('',*,*,#65640,.F.);
#65660=CARTESIAN_POINT('',(-9.38009999999635,-2.049594,-7.40000000000001
));
#65670=DIRECTION('',(-1.,1.22460635382238E-16,0.));
#65680=VECTOR('',#65670,1.);
#65690=LINE('',#65660,#65680);
#65700=CARTESIAN_POINT('',(-12.9800999999963,-2.049594,-7.40000000000001
));
#65710=VERTEX_POINT('',#65700);
#65720=EDGE_CURVE('',#65630,#65710,#65690,.T.);
#65730=ORIENTED_EDGE('',*,*,#65720,.F.);
#65740=CARTESIAN_POINT('',(-12.9800999999963,-2.049594,-6.90000000000001
));
#65750=DIRECTION('',(1.22460635382238E-16,1.,0.));
#65760=DIRECTION('',(-1.,1.22460635382238E-16,0.));
#65770=AXIS2_PLACEMENT_3D('',#65740,#65750,#65760);
#65780=CIRCLE('',#65770,0.5);
#65790=EDGE_CURVE('',#65710,#65160,#65780,.T.);
#65800=ORIENTED_EDGE('',*,*,#65790,.F.);
#65810=ORIENTED_EDGE('',*,*,#65170,.F.);
#65820=ORIENTED_EDGE('',*,*,#20040,.F.);
#65830=EDGE_LOOP('',(#65820,#65810,#65800,#65730,#65650,#65560));
#65840=FACE_OUTER_BOUND('',#65830,.T.);
#65850=ADVANCED_FACE('',(#65840),#65480,.T.);
#65860=CARTESIAN_POINT('',(-13.4800999999963,-4.249594,-7.40000000000001
));
#65870=DIRECTION('',(0.,0.,-1.));
#65880=DIRECTION('',(-1.,1.22460635382238E-16,0.));
#65890=AXIS2_PLACEMENT_3D('',#65860,#65870,#65880);
#65900=PLANE('',#65890);
#65910=CARTESIAN_POINT('',(-69.5619819999983,-4.24959399999999,
-7.40000000000001));
#65920=DIRECTION('',(1.,-1.22460635382238E-16,0.));
#65930=VECTOR('',#65920,1.);
#65940=LINE('',#65910,#65930);
#65950=CARTESIAN_POINT('',(-12.9800999999963,-4.249594,-7.40000000000001
));
#65960=VERTEX_POINT('',#65950);
#65970=CARTESIAN_POINT('',(-9.88009999999635,-4.249594,-7.40000000000001
));
#65980=VERTEX_POINT('',#65970);
#65990=EDGE_CURVE('',#65960,#65980,#65940,.T.);
#66000=ORIENTED_EDGE('',*,*,#65990,.T.);
#66010=CARTESIAN_POINT('',(-12.9800999999963,-4.249594,-7.40000000000001
));
#66020=DIRECTION('',(1.22460635382238E-16,1.,0.));
#66030=VECTOR('',#66020,1.);
#66040=LINE('',#66010,#66030);
#66050=EDGE_CURVE('',#65960,#65710,#66040,.T.);
#66060=ORIENTED_EDGE('',*,*,#66050,.F.);
#66070=ORIENTED_EDGE('',*,*,#65720,.T.);
#66080=CARTESIAN_POINT('',(-9.88009999999635,-4.249594,-7.40000000000001
));
#66090=DIRECTION('',(1.22460635382238E-16,1.,0.));
#66100=VECTOR('',#66090,1.);
#66110=LINE('',#66080,#66100);
#66120=EDGE_CURVE('',#65980,#65630,#66110,.T.);
#66130=ORIENTED_EDGE('',*,*,#66120,.T.);
#66140=EDGE_LOOP('',(#66130,#66070,#66060,#66000));
#66150=FACE_OUTER_BOUND('',#66140,.T.);
#66160=ADVANCED_FACE('',(#66150),#65900,.F.);
#66170=CARTESIAN_POINT('',(-9.88009999999635,-4.249594,-6.90000000000001
));
#66180=DIRECTION('',(1.22460635382238E-16,1.,0.));
#66190=DIRECTION('',(-1.,1.22460635382238E-16,0.));
#66200=AXIS2_PLACEMENT_3D('',#66170,#66180,#66190);
#66210=CYLINDRICAL_SURFACE('',#66200,0.5);
#66220=ORIENTED_EDGE('',*,*,#65640,.T.);
#66230=CARTESIAN_POINT('',(-9.38009999999635,-4.249594,-6.90000000000001
));
#66240=DIRECTION('',(1.22460635382238E-16,1.,0.));
#66250=VECTOR('',#66240,1.);
#66260=LINE('',#66230,#66250);
#66270=CARTESIAN_POINT('',(-9.38009999999635,-4.249594,-6.90000000000001
));
#66280=VERTEX_POINT('',#66270);
#66290=EDGE_CURVE('',#66280,#65540,#66260,.T.);
#66300=ORIENTED_EDGE('',*,*,#66290,.T.);
#66310=CARTESIAN_POINT('',(-9.88009999999635,-4.249594,-6.90000000000001
));
#66320=DIRECTION('',(1.22460635382238E-16,1.,0.));
#66330=DIRECTION('',(-1.,1.22460635382238E-16,0.));
#66340=AXIS2_PLACEMENT_3D('',#66310,#66320,#66330);
#66350=CIRCLE('',#66340,0.5);
#66360=EDGE_CURVE('',#66280,#65980,#66350,.T.);
#66370=ORIENTED_EDGE('',*,*,#66360,.F.);
#66380=ORIENTED_EDGE('',*,*,#66120,.F.);
#66390=EDGE_LOOP('',(#66380,#66370,#66300,#66220));
#66400=FACE_OUTER_BOUND('',#66390,.T.);
#66410=ADVANCED_FACE('',(#66400),#66210,.F.);
#66420=CARTESIAN_POINT('',(-26.4300999999943,4.500406,-7.88000000000001)
);
#66430=DIRECTION('',(0.,0.,-1.));
#66440=DIRECTION('',(-1.,1.22460635382238E-16,0.));
#66450=AXIS2_PLACEMENT_3D('',#66420,#66430,#66440);
#66460=PLANE('',#66450);
#66470=ORIENTED_EDGE('',*,*,#52600,.F.);
#66480=ORIENTED_EDGE('',*,*,#36290,.F.);
#66490=CARTESIAN_POINT('',(-25.8800999999943,-4.249594,-7.88000000000001
));
#66500=DIRECTION('',(-1.22460635382238E-16,-1.,0.));
#66510=VECTOR('',#66500,1.);
#66520=LINE('',#66490,#66510);
#66530=EDGE_CURVE('',#36200,#46950,#66520,.T.);
#66540=ORIENTED_EDGE('',*,*,#66530,.F.);
#66550=ORIENTED_EDGE('',*,*,#46960,.T.);
#66560=EDGE_LOOP('',(#66550,#66540,#66480,#66470));
#66570=FACE_OUTER_BOUND('',#66560,.T.);
#66580=ADVANCED_FACE('',(#66570),#66460,.F.);
#66590=CARTESIAN_POINT('',(-0.887050000000116,3.450406,1.89144999999999)
);
#66600=DIRECTION('',(-0.972261302342511,1.19063736842426E-16,
0.233897327832631));
#66610=DIRECTION('',(0.233897327832631,-2.86432153805915E-17,
0.972261302342511));
#66620=AXIS2_PLACEMENT_3D('',#66590,#66600,#66610);
#66630=PLANE('',#66620);
#66640=ORIENTED_EDGE('',*,*,#39060,.F.);
#66650=ORIENTED_EDGE('',*,*,#63500,.F.);
#66660=CARTESIAN_POINT('',(-33.8810046528056,4.25040600000001,
-135.257382));
#66670=DIRECTION('',(0.233897327832631,-8.87639764962598E-19,
0.972261302342511));
#66680=VECTOR('',#66670,1.);
#66690=LINE('',#66660,#66680);
#66700=EDGE_CURVE('',#63430,#37720,#66690,.T.);
#66710=ORIENTED_EDGE('',*,*,#66700,.F.);
#66720=ORIENTED_EDGE('',*,*,#37730,.T.);
#66730=EDGE_LOOP('',(#66720,#66710,#66650,#66640));
#66740=FACE_OUTER_BOUND('',#66730,.T.);
#66750=ADVANCED_FACE('',(#66740),#66630,.T.);
#66760=CARTESIAN_POINT('',(-3.37525000000009,-3.449594,0.));
#66770=DIRECTION('',(-0.,0.,1.));
#66780=DIRECTION('',(1.,-1.22460635382238E-16,0.));
#66790=AXIS2_PLACEMENT_3D('',#66760,#66770,#66780);
#66800=PLANE('',#66790);
#66810=CARTESIAN_POINT('',(-3.08010000000009,-4.249594,0.));
#66820=DIRECTION('',(1.22460635382238E-16,1.,0.));
#66830=VECTOR('',#66820,1.);
#66840=LINE('',#66810,#66830);
#66850=CARTESIAN_POINT('',(-3.08010000000009,-4.249594,0.));
#66860=VERTEX_POINT('',#66850);
#66870=CARTESIAN_POINT('',(-3.08010000000009,-3.749594,0.));
#66880=VERTEX_POINT('',#66870);
#66890=EDGE_CURVE('',#66860,#66880,#66840,.T.);
#66900=ORIENTED_EDGE('',*,*,#66890,.F.);
#66910=CARTESIAN_POINT('',(-83.5319819999983,-3.74959399999999,0.));
#66920=DIRECTION('',(-1.,1.22460635382238E-16,0.));
#66930=VECTOR('',#66920,1.);
#66940=LINE('',#66910,#66930);
#66950=CARTESIAN_POINT('',(-4.08010000000009,-3.749594,0.));
#66960=VERTEX_POINT('',#66950);
#66970=EDGE_CURVE('',#66880,#66960,#66940,.T.);
#66980=ORIENTED_EDGE('',*,*,#66970,.F.);
#66990=CARTESIAN_POINT('',(-4.08010000000009,-4.249594,0.));
#67000=DIRECTION('',(-1.22460635382238E-16,-1.,0.));
#67010=VECTOR('',#67000,1.);
#67020=LINE('',#66990,#67010);
#67030=EDGE_CURVE('',#61240,#66960,#67020,.T.);
#67040=ORIENTED_EDGE('',*,*,#67030,.T.);
#67050=ORIENTED_EDGE('',*,*,#61250,.T.);
#67060=CARTESIAN_POINT('',(-2.14032915335731,-4.249594,
5.09988269641326E-5));
#67070=DIRECTION('',(1.22460635382238E-16,1.,0.));
#67080=VECTOR('',#67070,1.);
#67090=LINE('',#67060,#67080);
#67100=CARTESIAN_POINT('',(-2.13863728465647,-4.249594,
2.85771056667272E-5));
#67110=VERTEX_POINT('',#67100);
#67120=EDGE_CURVE('',#67110,#61220,#67090,.T.);
#67130=ORIENTED_EDGE('',*,*,#67120,.T.);
#67140=CARTESIAN_POINT('',(-70.8319819999982,-4.24959399999999,0.));
#67150=DIRECTION('',(-1.,1.22460635382238E-16,0.));
#67160=VECTOR('',#67150,1.);
#67170=LINE('',#67140,#67160);
#67180=EDGE_CURVE('',#67110,#66860,#67170,.T.);
#67190=ORIENTED_EDGE('',*,*,#67180,.F.);
#67200=EDGE_LOOP('',(#67190,#67130,#67050,#67040,#66980,#66900));
#67210=FACE_OUTER_BOUND('',#67200,.T.);
#67220=ADVANCED_FACE('',(#67210),#66800,.T.);
#67230=CARTESIAN_POINT('',(-11.4300999999951,-3.699594,0.));
#67240=DIRECTION('',(0.,0.,1.));
#67250=DIRECTION('',(1.,0.,0.));
#67260=AXIS2_PLACEMENT_3D('',#67230,#67240,#67250);
#67270=PLANE('',#67260);
#67280=ORIENTED_EDGE('',*,*,#61570,.T.);
#67290=CARTESIAN_POINT('',(-6.08010000000009,-4.249594,0.));
#67300=DIRECTION('',(-1.22460635382238E-16,-1.,0.));
#67310=VECTOR('',#67300,1.);
#67320=LINE('',#67290,#67310);
#67330=CARTESIAN_POINT('',(-6.08010000000009,-3.749594,0.));
#67340=VERTEX_POINT('',#67330);
#67350=EDGE_CURVE('',#61480,#67340,#67320,.T.);
#67360=ORIENTED_EDGE('',*,*,#67350,.F.);
#67370=CARTESIAN_POINT('',(-83.5319819999983,-3.74959399999999,0.));
#67380=DIRECTION('',(-1.,1.22460635382238E-16,0.));
#67390=VECTOR('',#67380,1.);
#67400=LINE('',#67370,#67390);
#67410=CARTESIAN_POINT('',(-7.08010000000009,-3.749594,0.));
#67420=VERTEX_POINT('',#67410);
#67430=EDGE_CURVE('',#67340,#67420,#67400,.T.);
#67440=ORIENTED_EDGE('',*,*,#67430,.F.);
#67450=CARTESIAN_POINT('',(-7.08010000000009,-4.249594,0.));
#67460=DIRECTION('',(1.22460635382238E-16,1.,0.));
#67470=VECTOR('',#67460,1.);
#67480=LINE('',#67450,#67470);
#67490=CARTESIAN_POINT('',(-7.08010000000009,-4.249594,0.));
#67500=VERTEX_POINT('',#67490);
#67510=EDGE_CURVE('',#67500,#67420,#67480,.T.);
#67520=ORIENTED_EDGE('',*,*,#67510,.T.);
#67530=CARTESIAN_POINT('',(-80.991981999997,-4.249594,0.));
#67540=DIRECTION('',(-1.,0.,0.));
#67550=VECTOR('',#67540,1.);
#67560=LINE('',#67530,#67550);
#67570=CARTESIAN_POINT('',(-8.88009999999635,-4.249594,0.));
#67580=VERTEX_POINT('',#67570);
#67590=EDGE_CURVE('',#67500,#67580,#67560,.T.);
#67600=ORIENTED_EDGE('',*,*,#67590,.F.);
#67610=CARTESIAN_POINT('',(-8.88009999999635,-4.249594,0.));
#67620=DIRECTION('',(1.22460635382238E-16,1.,0.));
#67630=VECTOR('',#67620,1.);
#67640=LINE('',#67610,#67630);
#67650=EDGE_CURVE('',#67580,#61560,#67640,.T.);
#67660=ORIENTED_EDGE('',*,*,#67650,.F.);
#67670=EDGE_LOOP('',(#67660,#67600,#67520,#67440,#67360,#67280));
#67680=FACE_OUTER_BOUND('',#67670,.T.);
#67690=ADVANCED_FACE('',(#67680),#67270,.T.);
#67700=CARTESIAN_POINT('',(-8.88009999999635,-4.249594,-0.5));
#67710=DIRECTION('',(1.22460635382238E-16,1.,0.));
#67720=DIRECTION('',(-1.,1.22460635382238E-16,0.));
#67730=AXIS2_PLACEMENT_3D('',#67700,#67710,#67720);
#67740=CYLINDRICAL_SURFACE('',#67730,0.5);
#67750=CARTESIAN_POINT('',(-8.88009999999635,-4.249594,-0.5));
#67760=DIRECTION('',(1.22460635382238E-16,1.,0.));
#67770=DIRECTION('',(-1.,1.22460635382238E-16,0.));
#67780=AXIS2_PLACEMENT_3D('',#67750,#67760,#67770);
#67790=CIRCLE('',#67780,0.5);
#67800=CARTESIAN_POINT('',(-9.38009999999635,-4.249594,-0.5));
#67810=VERTEX_POINT('',#67800);
#67820=EDGE_CURVE('',#67810,#67580,#67790,.T.);
#67830=ORIENTED_EDGE('',*,*,#67820,.T.);
#67840=CARTESIAN_POINT('',(-9.38009999999635,-4.249594,-0.5));
#67850=DIRECTION('',(1.22460635382238E-16,1.,0.));
#67860=VECTOR('',#67850,1.);
#67870=LINE('',#67840,#67860);
#67880=EDGE_CURVE('',#67810,#61650,#67870,.T.);
#67890=ORIENTED_EDGE('',*,*,#67880,.F.);
#67900=ORIENTED_EDGE('',*,*,#61660,.F.);
#67910=ORIENTED_EDGE('',*,*,#67650,.T.);
#67920=EDGE_LOOP('',(#67910,#67900,#67890,#67830));
#67930=FACE_OUTER_BOUND('',#67920,.T.);
#67940=ADVANCED_FACE('',(#67930),#67740,.T.);
#67950=CARTESIAN_POINT('',(-2.13022866847548,-4.249594,1.00023451447353)
);
#67960=DIRECTION('',(1.22460635382238E-16,1.,0.));
#67970=DIRECTION('',(-1.,1.22460635382238E-16,0.));
#67980=AXIS2_PLACEMENT_3D('',#67950,#67960,#67970);
#67990=CYLINDRICAL_SURFACE('',#67980,1.00023451488438);
#68000=ORIENTED_EDGE('',*,*,#62070,.F.);
#68010=ORIENTED_EDGE('',*,*,#50720,.T.);
#68020=CARTESIAN_POINT('',(-2.13022866847548,-4.249594,1.00023451447353)
);
#68030=DIRECTION('',(-1.22460635382238E-16,-1.,0.));
#68040=DIRECTION('',(-1.,1.22460635382238E-16,0.));
#68050=AXIS2_PLACEMENT_3D('',#68020,#68030,#68040);
#68060=CIRCLE('',#68050,1.00023451488438);
#68070=EDGE_CURVE('',#67110,#50650,#68060,.T.);
#68080=ORIENTED_EDGE('',*,*,#68070,.T.);
#68090=ORIENTED_EDGE('',*,*,#67120,.F.);
#68100=EDGE_LOOP('',(#68090,#68080,#68010,#68000));
#68110=FACE_OUTER_BOUND('',#68100,.T.);
#68120=ADVANCED_FACE('',(#68110),#67990,.F.);
#68130=CARTESIAN_POINT('',(-3.73010000000009,-3.699594,-7.5));
#68140=DIRECTION('',(0.,0.,-1.));
#68150=DIRECTION('',(-1.,1.22460635382238E-16,0.));
#68160=AXIS2_PLACEMENT_3D('',#68130,#68140,#68150);
#68170=PLANE('',#68160);
#68180=CARTESIAN_POINT('',(-83.5319819999983,-3.74959399999999,-7.5));
#68190=DIRECTION('',(1.,-1.22460635382238E-16,0.));
#68200=VECTOR('',#68190,1.);
#68210=LINE('',#68180,#68200);
#68220=CARTESIAN_POINT('',(-4.38010000000011,-3.749594,-7.5));
#68230=VERTEX_POINT('',#68220);
#68240=CARTESIAN_POINT('',(-3.08010000000009,-3.749594,-7.5));
#68250=VERTEX_POINT('',#68240);
#68260=EDGE_CURVE('',#68230,#68250,#68210,.T.);
#68270=ORIENTED_EDGE('',*,*,#68260,.F.);
#68280=CARTESIAN_POINT('',(-3.08010000000009,-4.249594,-7.5));
#68290=DIRECTION('',(0.,-1.,0.));
#68300=VECTOR('',#68290,1.);
#68310=LINE('',#68280,#68300);
#68320=CARTESIAN_POINT('',(-3.08010000000009,-3.149594,-7.5));
#68330=VERTEX_POINT('',#68320);
#68340=EDGE_CURVE('',#68330,#68250,#68310,.T.);
#68350=ORIENTED_EDGE('',*,*,#68340,.T.);
#68360=CARTESIAN_POINT('',(-83.5319819999983,-3.149594,-7.5));
#68370=DIRECTION('',(-1.,0.,0.));
#68380=VECTOR('',#68370,1.);
#68390=LINE('',#68360,#68380);
#68400=CARTESIAN_POINT('',(-4.3801000000001,-3.149594,-7.5));
#68410=VERTEX_POINT('',#68400);
#68420=EDGE_CURVE('',#68330,#68410,#68390,.T.);
#68430=ORIENTED_EDGE('',*,*,#68420,.F.);
#68440=CARTESIAN_POINT('',(-4.38010000000011,-4.249594,-7.5));
#68450=DIRECTION('',(-9.00424483238349E-15,-1.,0.));
#68460=VECTOR('',#68450,1.);
#68470=LINE('',#68440,#68460);
#68480=EDGE_CURVE('',#68410,#68230,#68470,.T.);
#68490=ORIENTED_EDGE('',*,*,#68480,.F.);
#68500=EDGE_LOOP('',(#68490,#68430,#68350,#68270));
#68510=FACE_OUTER_BOUND('',#68500,.T.);
#68520=ADVANCED_FACE('',(#68510),#68170,.T.);
#68530=CARTESIAN_POINT('',(-5.08009870044658,-3.749594,-3.74999997033251
));
#68540=DIRECTION('',(-1.22460635382238E-16,-1.,0.));
#68550=DIRECTION('',(1.,-1.22460635382238E-16,0.));
#68560=AXIS2_PLACEMENT_3D('',#68530,#68540,#68550);
#68570=PLANE('',#68560);
#68580=CARTESIAN_POINT('',(-6.08010000000009,-3.749594,-135.257382));
#68590=DIRECTION('',(0.,0.,1.));
#68600=VECTOR('',#68590,1.);
#68610=LINE('',#68580,#68600);
#68620=CARTESIAN_POINT('',(-6.08010000000009,-3.749594,-1.5));
#68630=VERTEX_POINT('',#68620);
#68640=EDGE_CURVE('',#68630,#67340,#68610,.T.);
#68650=ORIENTED_EDGE('',*,*,#68640,.T.);
#68660=CARTESIAN_POINT('',(-83.5319819999983,-3.74959399999999,-1.5));
#68670=DIRECTION('',(-1.,1.22460635382238E-16,0.));
#68680=VECTOR('',#68670,1.);
#68690=LINE('',#68660,#68680);
#68700=CARTESIAN_POINT('',(-4.08010000000009,-3.749594,-1.5));
#68710=VERTEX_POINT('',#68700);
#68720=EDGE_CURVE('',#68710,#68630,#68690,.T.);
#68730=ORIENTED_EDGE('',*,*,#68720,.T.);
#68740=CARTESIAN_POINT('',(-4.08010000000009,-3.749594,-135.257382));
#68750=DIRECTION('',(0.,-0.,-1.));
#68760=VECTOR('',#68750,1.);
#68770=LINE('',#68740,#68760);
#68780=EDGE_CURVE('',#66960,#68710,#68770,.T.);
#68790=ORIENTED_EDGE('',*,*,#68780,.T.);
#68800=ORIENTED_EDGE('',*,*,#66970,.T.);
#68810=CARTESIAN_POINT('',(-3.08010000000009,-3.749594,-135.257382));
#68820=DIRECTION('',(0.,0.,1.));
#68830=VECTOR('',#68820,1.);
#68840=LINE('',#68810,#68830);
#68850=EDGE_CURVE('',#68250,#66880,#68840,.T.);
#68860=ORIENTED_EDGE('',*,*,#68850,.T.);
#68870=ORIENTED_EDGE('',*,*,#68260,.T.);
#68880=CARTESIAN_POINT('',(-4.38010000000011,-3.749594,-135.257382));
#68890=DIRECTION('',(0.,-0.,-1.));
#68900=VECTOR('',#68890,1.);
#68910=LINE('',#68880,#68900);
#68920=CARTESIAN_POINT('',(-4.38010000000009,-3.749594,-5.19999999999996
));
#68930=VERTEX_POINT('',#68920);
#68940=EDGE_CURVE('',#68930,#68230,#68910,.T.);
#68950=ORIENTED_EDGE('',*,*,#68940,.T.);
#68960=CARTESIAN_POINT('',(-5.08010000000006,-3.749594,-5.19999999999996
));
#68970=DIRECTION('',(-1.22460635382238E-16,-1.,0.));
#68980=DIRECTION('',(-1.,1.22460635382238E-16,0.));
#68990=AXIS2_PLACEMENT_3D('',#68960,#68970,#68980);
#69000=CIRCLE('',#68990,0.699999999999966);
#69010=CARTESIAN_POINT('',(-5.78010000000002,-3.749594,-5.19999999999996
));
#69020=VERTEX_POINT('',#69010);
#69030=EDGE_CURVE('',#68930,#69020,#69000,.T.);
#69040=ORIENTED_EDGE('',*,*,#69030,.F.);
#69050=CARTESIAN_POINT('',(-5.78010000000009,-3.749594,-135.257382));
#69060=DIRECTION('',(0.,0.,1.));
#69070=VECTOR('',#69060,1.);
#69080=LINE('',#69050,#69070);
#69090=CARTESIAN_POINT('',(-5.78010000000009,-3.749594,-7.5));
#69100=VERTEX_POINT('',#69090);
#69110=EDGE_CURVE('',#69100,#69020,#69080,.T.);
#69120=ORIENTED_EDGE('',*,*,#69110,.T.);
#69130=CARTESIAN_POINT('',(-83.5319819999983,-3.74959399999999,-7.5));
#69140=DIRECTION('',(1.,-1.22460635382238E-16,0.));
#69150=VECTOR('',#69140,1.);
#69160=LINE('',#69130,#69150);
#69170=CARTESIAN_POINT('',(-7.08010000000009,-3.749594,-7.5));
#69180=VERTEX_POINT('',#69170);
#69190=EDGE_CURVE('',#69180,#69100,#69160,.T.);
#69200=ORIENTED_EDGE('',*,*,#69190,.T.);
#69210=CARTESIAN_POINT('',(-7.08010000000009,-3.749594,-135.257382));
#69220=DIRECTION('',(0.,0.,1.));
#69230=VECTOR('',#69220,1.);
#69240=LINE('',#69210,#69230);
#69250=EDGE_CURVE('',#69180,#67420,#69240,.T.);
#69260=ORIENTED_EDGE('',*,*,#69250,.F.);
#69270=ORIENTED_EDGE('',*,*,#67430,.T.);
#69280=EDGE_LOOP('',(#69270,#69260,#69200,#69120,#69040,#68950,#68870,
#68860,#68800,#68790,#68730,#68650));
#69290=FACE_OUTER_BOUND('',#69280,.T.);
#69300=ADVANCED_FACE('',(#69290),#68570,.T.);
#69310=CARTESIAN_POINT('',(-5.08010000000006,-4.249594,-5.19999999999996
));
#69320=DIRECTION('',(1.22460635382238E-16,1.,0.));
#69330=DIRECTION('',(-1.,1.22460635382238E-16,0.));
#69340=AXIS2_PLACEMENT_3D('',#69310,#69320,#69330);
#69350=CYLINDRICAL_SURFACE('',#69340,0.699999999999966);
#69360=ORIENTED_EDGE('',*,*,#69030,.T.);
#69370=CARTESIAN_POINT('',(-4.38010000000009,-4.249594,-5.19999999999996
));
#69380=DIRECTION('',(1.22460635382238E-16,1.,0.));
#69390=VECTOR('',#69380,1.);
#69400=LINE('',#69370,#69390);
#69410=EDGE_CURVE('',#68930,#61890,#69400,.T.);
#69420=ORIENTED_EDGE('',*,*,#69410,.F.);
#69430=ORIENTED_EDGE('',*,*,#61900,.F.);
#69440=CARTESIAN_POINT('',(-5.78010000000002,-4.249594,-5.19999999999996
));
#69450=DIRECTION('',(1.22460635382238E-16,1.,0.));
#69460=VECTOR('',#69450,1.);
#69470=LINE('',#69440,#69460);
#69480=EDGE_CURVE('',#69020,#61800,#69470,.T.);
#69490=ORIENTED_EDGE('',*,*,#69480,.T.);
#69500=EDGE_LOOP('',(#69490,#69430,#69420,#69360));
#69510=FACE_OUTER_BOUND('',#69500,.T.);
#69520=ADVANCED_FACE('',(#69510),#69350,.F.);
#69530=CARTESIAN_POINT('',(-5.78010000000008,-3.449594,-6.34999999999999
));
#69540=DIRECTION('',(1.,-9.00424483238349E-15,0.));
#69550=DIRECTION('',(9.00424483238349E-15,1.,0.));
#69560=AXIS2_PLACEMENT_3D('',#69530,#69540,#69550);
#69570=PLANE('',#69560);
#69580=ORIENTED_EDGE('',*,*,#69110,.F.);
#69590=ORIENTED_EDGE('',*,*,#69480,.F.);
#69600=ORIENTED_EDGE('',*,*,#61810,.T.);
#69610=CARTESIAN_POINT('',(-5.78010000000008,-3.149594,-135.257382));
#69620=DIRECTION('',(0.,0.,1.));
#69630=VECTOR('',#69620,1.);
#69640=LINE('',#69610,#69630);
#69650=CARTESIAN_POINT('',(-5.78010000000008,-3.149594,-7.5));
#69660=VERTEX_POINT('',#69650);
#69670=EDGE_CURVE('',#69660,#19790,#69640,.T.);
#69680=ORIENTED_EDGE('',*,*,#69670,.T.);
#69690=CARTESIAN_POINT('',(-5.78010000000009,-4.249594,-7.5));
#69700=DIRECTION('',(-9.00424483238349E-15,-1.,0.));
#69710=VECTOR('',#69700,1.);
#69720=LINE('',#69690,#69710);
#69730=EDGE_CURVE('',#69660,#69100,#69720,.T.);
#69740=ORIENTED_EDGE('',*,*,#69730,.F.);
#69750=EDGE_LOOP('',(#69740,#69680,#69600,#69590,#69580));
#69760=FACE_OUTER_BOUND('',#69750,.T.);
#69770=ADVANCED_FACE('',(#69760),#69570,.T.);
#69780=CARTESIAN_POINT('',(-27.0198308392465,-3.149594,-16.6536886049784
));
#69790=DIRECTION('',(0.,1.,-0.));
#69800=DIRECTION('',(1.,0.,0.));
#69810=AXIS2_PLACEMENT_3D('',#69780,#69790,#69800);
#69820=PLANE('',#69810);
#69830=ORIENTED_EDGE('',*,*,#68420,.T.);
#69840=CARTESIAN_POINT('',(-3.08010000000009,-3.149594,-135.257382));
#69850=DIRECTION('',(0.,-0.,-1.));
#69860=VECTOR('',#69850,1.);
#69870=LINE('',#69840,#69860);
#69880=EDGE_CURVE('',#68330,#54470,#69870,.T.);
#69890=ORIENTED_EDGE('',*,*,#69880,.F.);
#69900=ORIENTED_EDGE('',*,*,#54480,.F.);
#69910=CARTESIAN_POINT('',(-7.08010000000009,-3.149594,-135.257382));
#69920=DIRECTION('',(0.,-0.,-1.));
#69930=VECTOR('',#69920,1.);
#69940=LINE('',#69910,#69930);
#69950=CARTESIAN_POINT('',(-7.08010000000009,-3.149594,-7.5));
#69960=VERTEX_POINT('',#69950);
#69970=EDGE_CURVE('',#69960,#54390,#69940,.T.);
#69980=ORIENTED_EDGE('',*,*,#69970,.T.);
#69990=CARTESIAN_POINT('',(-83.5319819999983,-3.149594,-7.5));
#70000=DIRECTION('',(1.,0.,0.));
#70010=VECTOR('',#70000,1.);
#70020=LINE('',#69990,#70010);
#70030=EDGE_CURVE('',#69960,#69660,#70020,.T.);
#70040=ORIENTED_EDGE('',*,*,#70030,.F.);
#70050=ORIENTED_EDGE('',*,*,#69670,.F.);
#70060=ORIENTED_EDGE('',*,*,#19800,.T.);
#70070=CARTESIAN_POINT('',(-4.3801000000001,-3.149594,-135.257382));
#70080=DIRECTION('',(0.,0.,1.));
#70090=VECTOR('',#70080,1.);
#70100=LINE('',#70070,#70090);
#70110=EDGE_CURVE('',#68410,#19710,#70100,.T.);
#70120=ORIENTED_EDGE('',*,*,#70110,.T.);
#70130=EDGE_LOOP('',(#70120,#70060,#70050,#70040,#69980,#69900,#69890,
#69830));
#70140=FACE_OUTER_BOUND('',#70130,.T.);
#70150=ADVANCED_FACE('',(#70140),#69820,.F.);
#70160=CARTESIAN_POINT('',(-4.3801000000001,-3.449594,-6.34999999999999)
);
#70170=DIRECTION('',(-1.,9.00424483238349E-15,0.));
#70180=DIRECTION('',(-9.00424483238349E-15,-1.,0.));
#70190=AXIS2_PLACEMENT_3D('',#70160,#70170,#70180);
#70200=PLANE('',#70190);
#70210=ORIENTED_EDGE('',*,*,#68940,.F.);
#70220=ORIENTED_EDGE('',*,*,#68480,.T.);
#70230=ORIENTED_EDGE('',*,*,#70110,.F.);
#70240=ORIENTED_EDGE('',*,*,#61960,.F.);
#70250=ORIENTED_EDGE('',*,*,#69410,.T.);
#70260=EDGE_LOOP('',(#70250,#70240,#70230,#70220,#70210));
#70270=FACE_OUTER_BOUND('',#70260,.T.);
#70280=ADVANCED_FACE('',(#70270),#70200,.T.);
#70290=CARTESIAN_POINT('',(-6.43010000000008,-3.699594,-7.5));
#70300=DIRECTION('',(0.,0.,-1.));
#70310=DIRECTION('',(-1.,1.22460635382238E-16,0.));
#70320=AXIS2_PLACEMENT_3D('',#70290,#70300,#70310);
#70330=PLANE('',#70320);
#70340=ORIENTED_EDGE('',*,*,#69190,.F.);
#70350=ORIENTED_EDGE('',*,*,#69730,.T.);
#70360=ORIENTED_EDGE('',*,*,#70030,.T.);
#70370=CARTESIAN_POINT('',(-7.08010000000009,-4.249594,-7.5));
#70380=DIRECTION('',(-1.22460635382238E-16,-1.,0.));
#70390=VECTOR('',#70380,1.);
#70400=LINE('',#70370,#70390);
#70410=EDGE_CURVE('',#69960,#69180,#70400,.T.);
#70420=ORIENTED_EDGE('',*,*,#70410,.F.);
#70430=EDGE_LOOP('',(#70420,#70360,#70350,#70340));
#70440=FACE_OUTER_BOUND('',#70430,.T.);
#70450=ADVANCED_FACE('',(#70440),#70330,.T.);
#70460=CARTESIAN_POINT('',(-4.08010000000009,-3.499594,-0.75));
#70470=DIRECTION('',(-1.,1.22460635382238E-16,0.));
#70480=DIRECTION('',(0.,0.,1.));
#70490=AXIS2_PLACEMENT_3D('',#70460,#70470,#70480);
#70500=PLANE('',#70490);
#70510=ORIENTED_EDGE('',*,*,#68780,.F.);
#70520=CARTESIAN_POINT('',(-4.08010000000009,-4.249594,-1.5));
#70530=DIRECTION('',(1.22460635382238E-16,1.,0.));
#70540=VECTOR('',#70530,1.);
#70550=LINE('',#70520,#70540);
#70560=EDGE_CURVE('',#68710,#61320,#70550,.T.);
#70570=ORIENTED_EDGE('',*,*,#70560,.F.);
#70580=ORIENTED_EDGE('',*,*,#61330,.T.);
#70590=ORIENTED_EDGE('',*,*,#67030,.F.);
#70600=EDGE_LOOP('',(#70590,#70580,#70570,#70510));
#70610=FACE_OUTER_BOUND('',#70600,.T.);
#70620=ADVANCED_FACE('',(#70610),#70500,.T.);
#70630=CARTESIAN_POINT('',(-6.08010000000009,-3.499594,-0.75));
#70640=DIRECTION('',(1.,-1.22460635382238E-16,0.));
#70650=DIRECTION('',(0.,-0.,-1.));
#70660=AXIS2_PLACEMENT_3D('',#70630,#70640,#70650);
#70670=PLANE('',#70660);
#70680=ORIENTED_EDGE('',*,*,#68640,.F.);
#70690=ORIENTED_EDGE('',*,*,#67350,.T.);
#70700=ORIENTED_EDGE('',*,*,#61490,.T.);
#70710=CARTESIAN_POINT('',(-6.08010000000009,-4.249594,-1.5));
#70720=DIRECTION('',(-1.22460635382238E-16,-1.,0.));
#70730=VECTOR('',#70720,1.);
#70740=LINE('',#70710,#70730);
#70750=EDGE_CURVE('',#61400,#68630,#70740,.T.);
#70760=ORIENTED_EDGE('',*,*,#70750,.F.);
#70770=EDGE_LOOP('',(#70760,#70700,#70690,#70680));
#70780=FACE_OUTER_BOUND('',#70770,.T.);
#70790=ADVANCED_FACE('',(#70780),#70670,.T.);
#70800=CARTESIAN_POINT('',(-5.08010000000009,-3.499594,-1.5));
#70810=DIRECTION('',(-0.,0.,1.));
#70820=DIRECTION('',(1.,-1.22460635382238E-16,0.));
#70830=AXIS2_PLACEMENT_3D('',#70800,#70810,#70820);
#70840=PLANE('',#70830);
#70850=ORIENTED_EDGE('',*,*,#68720,.F.);
#70860=ORIENTED_EDGE('',*,*,#70750,.T.);
#70870=ORIENTED_EDGE('',*,*,#61410,.T.);
#70880=ORIENTED_EDGE('',*,*,#70560,.T.);
#70890=EDGE_LOOP('',(#70880,#70870,#70860,#70850));
#70900=FACE_OUTER_BOUND('',#70890,.T.);
#70910=ADVANCED_FACE('',(#70900),#70840,.T.);
#70920=CARTESIAN_POINT('',(3.86990000000174,-2.649594,-13.3999999999999)
);
#70930=DIRECTION('',(1.22460635382238E-16,1.,2.74605888216464E-15));
#70940=DIRECTION('',(3.36284115506919E-31,2.74605888216464E-15,-1.));
#70950=AXIS2_PLACEMENT_3D('',#70920,#70930,#70940);
#70960=CYLINDRICAL_SURFACE('',#70950,0.500000000000103);
#70970=CARTESIAN_POINT('',(3.86990000000174,-2.149594,-13.3999999999999)
);
#70980=DIRECTION('',(1.22460635382238E-16,1.,2.74605888216464E-15));
#70990=DIRECTION('',(3.36284115506919E-31,2.74605888216464E-15,-1.));
#71000=AXIS2_PLACEMENT_3D('',#70970,#70980,#70990);
#71010=CIRCLE('',#71000,0.500000000000103);
#71020=EDGE_CURVE('',#26020,#1010,#71010,.T.);
#71030=ORIENTED_EDGE('',*,*,#71020,.T.);
#71040=ORIENTED_EDGE('',*,*,#26030,.F.);
#71050=CARTESIAN_POINT('',(3.86990000000174,4.250406,-13.3999999999999))
;
#71060=DIRECTION('',(1.22460635382238E-16,1.,2.74605888216464E-15));
#71070=DIRECTION('',(3.36284115506919E-31,2.74605888216464E-15,-1.));
#71080=AXIS2_PLACEMENT_3D('',#71050,#71060,#71070);
#71090=CIRCLE('',#71080,0.500000000000103);
#71100=EDGE_CURVE('',#25920,#1090,#71090,.T.);
#71110=ORIENTED_EDGE('',*,*,#71100,.F.);
#71120=ORIENTED_EDGE('',*,*,#1100,.T.);
#71130=EDGE_LOOP('',(#71120,#71110,#71040,#71030));
#71140=FACE_OUTER_BOUND('',#71130,.T.);
#71150=ADVANCED_FACE('',(#71140),#70960,.T.);
#71160=CARTESIAN_POINT('',(-3.08010000000009,-3.699594,-4.5));
#71170=DIRECTION('',(-1.,1.22460635382238E-16,0.));
#71180=DIRECTION('',(0.,0.,1.));
#71190=AXIS2_PLACEMENT_3D('',#71160,#71170,#71180);
#71200=PLANE('',#71190);
#71210=CARTESIAN_POINT('',(-3.08010000000009,-4.249594,-135.257382));
#71220=DIRECTION('',(0.,0.,1.));
#71230=VECTOR('',#71220,1.);
#71240=LINE('',#71210,#71230);
#71250=EDGE_CURVE('',#54550,#66860,#71240,.T.);
#71260=ORIENTED_EDGE('',*,*,#71250,.T.);
#71270=ORIENTED_EDGE('',*,*,#54560,.T.);
#71280=ORIENTED_EDGE('',*,*,#69880,.T.);
#71290=ORIENTED_EDGE('',*,*,#68340,.F.);
#71300=ORIENTED_EDGE('',*,*,#68850,.F.);
#71310=ORIENTED_EDGE('',*,*,#66890,.T.);
#71320=EDGE_LOOP('',(#71310,#71300,#71290,#71280,#71270,#71260));
#71330=FACE_OUTER_BOUND('',#71320,.T.);
#71340=ADVANCED_FACE('',(#71330),#71200,.T.);
#71350=CARTESIAN_POINT('',(-22.8800999999943,4.500406,-10.64));
#71360=DIRECTION('',(-1.,1.22460635382238E-16,0.));
#71370=DIRECTION('',(0.,0.,1.));
#71380=AXIS2_PLACEMENT_3D('',#71350,#71360,#71370);
#71390=PLANE('',#71380);
#71400=CARTESIAN_POINT('',(-22.8800999999943,-4.249594,-7.88000000000001
));
#71410=DIRECTION('',(-1.22460635382238E-16,-1.,0.));
#71420=VECTOR('',#71410,1.);
#71430=LINE('',#71400,#71420);
#71440=EDGE_CURVE('',#36430,#64470,#71430,.T.);
#71450=ORIENTED_EDGE('',*,*,#71440,.T.);
#71460=ORIENTED_EDGE('',*,*,#36440,.F.);
#71470=ORIENTED_EDGE('',*,*,#300,.T.);
#71480=ORIENTED_EDGE('',*,*,#64540,.F.);
#71490=EDGE_LOOP('',(#71480,#71470,#71460,#71450));
#71500=FACE_OUTER_BOUND('',#71490,.T.);
#71510=ADVANCED_FACE('',(#71500),#71390,.F.);
#71520=CARTESIAN_POINT('',(-20.7800999999926,-3.649594,-10.7));
#71530=DIRECTION('',(-1.,1.22460635382238E-16,0.));
#71540=DIRECTION('',(0.,0.,1.));
#71550=AXIS2_PLACEMENT_3D('',#71520,#71530,#71540);
#71560=PLANE('',#71550);
#71570=ORIENTED_EDGE('',*,*,#54240,.T.);
#71580=ORIENTED_EDGE('',*,*,#18180,.T.);
#71590=CARTESIAN_POINT('',(-20.7800999999926,-4.249594,-12.4));
#71600=DIRECTION('',(1.22460635382238E-16,1.,0.));
#71610=VECTOR('',#71600,1.);
#71620=LINE('',#71590,#71610);
#71630=CARTESIAN_POINT('',(-20.7800999999926,-4.249594,-12.4));
#71640=VERTEX_POINT('',#71630);
#71650=EDGE_CURVE('',#71640,#18090,#71620,.T.);
#71660=ORIENTED_EDGE('',*,*,#71650,.T.);
#71670=CARTESIAN_POINT('',(-20.7800999999926,-4.249594,-135.257382));
#71680=DIRECTION('',(0.,0.,1.));
#71690=VECTOR('',#71680,1.);
#71700=LINE('',#71670,#71690);
#71710=EDGE_CURVE('',#71640,#54230,#71700,.T.);
#71720=ORIENTED_EDGE('',*,*,#71710,.F.);
#71730=EDGE_LOOP('',(#71720,#71660,#71580,#71570));
#71740=FACE_OUTER_BOUND('',#71730,.T.);
#71750=ADVANCED_FACE('',(#71740),#71560,.F.);
#71760=CARTESIAN_POINT('',(-23.4300999999943,4.500406,-7.88000000000001)
);
#71770=DIRECTION('',(0.,0.,-1.));
#71780=DIRECTION('',(-1.,1.22460635382238E-16,0.));
#71790=AXIS2_PLACEMENT_3D('',#71760,#71770,#71780);
#71800=PLANE('',#71790);
#71810=ORIENTED_EDGE('',*,*,#41880,.F.);
#71820=ORIENTED_EDGE('',*,*,#36520,.F.);
#71830=ORIENTED_EDGE('',*,*,#71440,.F.);
#71840=ORIENTED_EDGE('',*,*,#64480,.F.);
#71850=EDGE_LOOP('',(#71840,#71830,#71820,#71810));
#71860=FACE_OUTER_BOUND('',#71850,.T.);
#71870=ADVANCED_FACE('',(#71860),#71800,.F.);
#71880=CARTESIAN_POINT('',(-7.08010000000009,-3.699594,-4.5));
#71890=DIRECTION('',(1.,-1.22460635382238E-16,0.));
#71900=DIRECTION('',(0.,-0.,-1.));
#71910=AXIS2_PLACEMENT_3D('',#71880,#71890,#71900);
#71920=PLANE('',#71910);
#71930=CARTESIAN_POINT('',(-7.08010000000009,-4.249594,-135.257382));
#71940=DIRECTION('',(0.,-0.,-1.));
#71950=VECTOR('',#71940,1.);
#71960=LINE('',#71930,#71950);
#71970=EDGE_CURVE('',#67500,#54310,#71960,.T.);
#71980=ORIENTED_EDGE('',*,*,#71970,.T.);
#71990=ORIENTED_EDGE('',*,*,#67510,.F.);
#72000=ORIENTED_EDGE('',*,*,#69250,.T.);
#72010=ORIENTED_EDGE('',*,*,#70410,.T.);
#72020=ORIENTED_EDGE('',*,*,#69970,.F.);
#72030=ORIENTED_EDGE('',*,*,#54400,.T.);
#72040=EDGE_LOOP('',(#72030,#72020,#72010,#72000,#71990,#71980));
#72050=FACE_OUTER_BOUND('',#72040,.T.);
#72060=ADVANCED_FACE('',(#72050),#71920,.T.);
#72070=CARTESIAN_POINT('',(-12.9800999999963,-4.249594,-6.90000000000001
));
#72080=DIRECTION('',(1.22460635382238E-16,1.,0.));
#72090=DIRECTION('',(-1.,1.22460635382238E-16,0.));
#72100=AXIS2_PLACEMENT_3D('',#72070,#72080,#72090);
#72110=CYLINDRICAL_SURFACE('',#72100,0.5);
#72120=CARTESIAN_POINT('',(-12.9800999999963,-4.249594,-6.90000000000001
));
#72130=DIRECTION('',(1.22460635382238E-16,1.,0.));
#72140=DIRECTION('',(-1.,1.22460635382238E-16,0.));
#72150=AXIS2_PLACEMENT_3D('',#72120,#72130,#72140);
#72160=CIRCLE('',#72150,0.5);
#72170=EDGE_CURVE('',#65960,#65240,#72160,.T.);
#72180=ORIENTED_EDGE('',*,*,#72170,.F.);
#72190=ORIENTED_EDGE('',*,*,#65250,.F.);
#72200=ORIENTED_EDGE('',*,*,#65790,.T.);
#72210=ORIENTED_EDGE('',*,*,#66050,.T.);
#72220=EDGE_LOOP('',(#72210,#72200,#72190,#72180));
#72230=FACE_OUTER_BOUND('',#72220,.T.);
#72240=ADVANCED_FACE('',(#72230),#72110,.F.);
#72250=CARTESIAN_POINT('',(-25.8800999999943,4.500406,-2.24000000000001)
);
#72260=DIRECTION('',(1.,-1.22460635382238E-16,0.));
#72270=DIRECTION('',(0.,-0.,-1.));
#72280=AXIS2_PLACEMENT_3D('',#72250,#72260,#72270);
#72290=PLANE('',#72280);
#72300=ORIENTED_EDGE('',*,*,#66530,.T.);
#72310=ORIENTED_EDGE('',*,*,#36210,.F.);
#72320=ORIENTED_EDGE('',*,*,#28760,.F.);
#72330=ORIENTED_EDGE('',*,*,#47020,.T.);
#72340=EDGE_LOOP('',(#72330,#72320,#72310,#72300));
#72350=FACE_OUTER_BOUND('',#72340,.T.);
#72360=ADVANCED_FACE('',(#72350),#72290,.F.);
#72370=CARTESIAN_POINT('',(-13.9800999999963,-4.249594,-0.5));
#72380=DIRECTION('',(1.22460635382238E-16,1.,0.));
#72390=DIRECTION('',(-1.,1.22460635382238E-16,0.));
#72400=AXIS2_PLACEMENT_3D('',#72370,#72380,#72390);
#72410=CYLINDRICAL_SURFACE('',#72400,0.5);
#72420=CARTESIAN_POINT('',(-13.9800999999963,-4.249594,-0.5));
#72430=DIRECTION('',(1.22460635382238E-16,1.,0.));
#72440=DIRECTION('',(-1.,1.22460635382238E-16,0.));
#72450=AXIS2_PLACEMENT_3D('',#72420,#72430,#72440);
#72460=CIRCLE('',#72450,0.5);
#72470=CARTESIAN_POINT('',(-13.9800999999963,-4.249594,0.));
#72480=VERTEX_POINT('',#72470);
#72490=EDGE_CURVE('',#72480,#65320,#72460,.T.);
#72500=ORIENTED_EDGE('',*,*,#72490,.T.);
#72510=CARTESIAN_POINT('',(-13.9800999999963,-4.249594,0.));
#72520=DIRECTION('',(1.22460635382238E-16,1.,0.));
#72530=VECTOR('',#72520,1.);
#72540=LINE('',#72510,#72530);
#72550=EDGE_CURVE('',#72480,#51970,#72540,.T.);
#72560=ORIENTED_EDGE('',*,*,#72550,.F.);
#72570=ORIENTED_EDGE('',*,*,#51980,.F.);
#72580=ORIENTED_EDGE('',*,*,#65390,.T.);
#72590=EDGE_LOOP('',(#72580,#72570,#72560,#72500));
#72600=FACE_OUTER_BOUND('',#72590,.T.);
#72610=ADVANCED_FACE('',(#72600),#72410,.T.);
#72620=CARTESIAN_POINT('',(-11.3900999999942,-3.449594,0.));
#72630=DIRECTION('',(-0.,0.,1.));
#72640=DIRECTION('',(1.,-1.22460635382238E-16,0.));
#72650=AXIS2_PLACEMENT_3D('',#72620,#72630,#72640);
#72660=PLANE('',#72650);
#72670=CARTESIAN_POINT('',(-17.5500999999925,-4.249594,
-2.8421709430404E-14));
#72680=DIRECTION('',(0.,-1.,2.12265101329212E-16));
#72690=VECTOR('',#72680,1.);
#72700=LINE('',#72670,#72690);
#72710=CARTESIAN_POINT('',(-17.5500999999925,-4.249594,0.));
#72720=VERTEX_POINT('',#72710);
#72730=CARTESIAN_POINT('',(-17.5500999999925,-4.399594,
-2.8421709430404E-14));
#72740=VERTEX_POINT('',#72730);
#72750=EDGE_CURVE('',#72720,#72740,#72700,.T.);
#72760=ORIENTED_EDGE('',*,*,#72750,.F.);
#72770=CARTESIAN_POINT('',(-88.6119819999925,-4.39959399999999,0.));
#72780=DIRECTION('',(1.,-1.22460635382238E-16,0.));
#72790=VECTOR('',#72780,1.);
#72800=LINE('',#72770,#72790);
#72810=CARTESIAN_POINT('',(-20.5500999999925,-4.399594,
-2.8421709430404E-14));
#72820=VERTEX_POINT('',#72810);
#72830=EDGE_CURVE('',#72820,#72740,#72800,.T.);
#72840=ORIENTED_EDGE('',*,*,#72830,.T.);
#72850=CARTESIAN_POINT('',(-20.5500999999925,-4.249594,0.));
#72860=DIRECTION('',(0.,1.,2.12265101329212E-16));
#72870=VECTOR('',#72860,1.);
#72880=LINE('',#72850,#72870);
#72890=CARTESIAN_POINT('',(-20.5500999999925,-4.249594,0.));
#72900=VERTEX_POINT('',#72890);
#72910=EDGE_CURVE('',#72820,#72900,#72880,.T.);
#72920=ORIENTED_EDGE('',*,*,#72910,.F.);
#72930=CARTESIAN_POINT('',(-68.2919819999982,-4.24959399999999,0.));
#72940=DIRECTION('',(-1.,1.22460635382238E-16,0.));
#72950=VECTOR('',#72940,1.);
#72960=LINE('',#72930,#72950);
#72970=EDGE_CURVE('',#72900,#45600,#72960,.T.);
#72980=ORIENTED_EDGE('',*,*,#72970,.F.);
#72990=ORIENTED_EDGE('',*,*,#45840,.F.);
#73000=ORIENTED_EDGE('',*,*,#52040,.F.);
#73010=ORIENTED_EDGE('',*,*,#72550,.T.);
#73020=CARTESIAN_POINT('',(-78.451981999997,-4.249594,0.));
#73030=DIRECTION('',(-1.,0.,0.));
#73040=VECTOR('',#73030,1.);
#73050=LINE('',#73020,#73040);
#73060=EDGE_CURVE('',#72480,#72720,#73050,.T.);
#73070=ORIENTED_EDGE('',*,*,#73060,.F.);
#73080=EDGE_LOOP('',(#73070,#73010,#73000,#72990,#72980,#72920,#72840,
#72760));
#73090=FACE_OUTER_BOUND('',#73080,.T.);
#73100=ADVANCED_FACE('',(#73090),#72660,.T.);
#73110=CARTESIAN_POINT('',(-18.3000999999925,-4.324594,-1.30000000000001
));
#73120=DIRECTION('',(0.8661855860486,-1.06073637226448E-16,
-0.499722453489578));
#73130=DIRECTION('',(-0.499722453489578,6.11963291691045E-17,
-0.8661855860486));
#73140=AXIS2_PLACEMENT_3D('',#73110,#73120,#73130);
#73150=PLANE('',#73140);
#73160=CARTESIAN_POINT('',(-95.5832049999926,-4.24959399999999,
-135.257382));
#73170=DIRECTION('',(0.499722453489578,-6.11963291691045E-17,
0.8661855860486));
#73180=VECTOR('',#73170,1.);
#73190=LINE('',#73160,#73180);
#73200=CARTESIAN_POINT('',(-19.0500999999925,-4.249594,-2.60000000000002
));
#73210=VERTEX_POINT('',#73200);
#73220=EDGE_CURVE('',#73210,#72720,#73190,.T.);
#73230=ORIENTED_EDGE('',*,*,#73220,.T.);
#73240=CARTESIAN_POINT('',(-19.0500999999925,-4.249594,-2.60000000000002
));
#73250=DIRECTION('',(1.22460635382238E-16,1.,0.));
#73260=VECTOR('',#73250,1.);
#73270=LINE('',#73240,#73260);
#73280=CARTESIAN_POINT('',(-19.0500999999925,-4.399594,-2.59999999999999
));
#73290=VERTEX_POINT('',#73280);
#73300=EDGE_CURVE('',#73290,#73210,#73270,.T.);
#73310=ORIENTED_EDGE('',*,*,#73300,.T.);
#73320=CARTESIAN_POINT('',(-95.5832049999926,-4.39959399999999,
-135.257382));
#73330=DIRECTION('',(-0.499722453489578,6.11963291691045E-17,
-0.8661855860486));
#73340=VECTOR('',#73330,1.);
#73350=LINE('',#73320,#73340);
#73360=EDGE_CURVE('',#72740,#73290,#73350,.T.);
#73370=ORIENTED_EDGE('',*,*,#73360,.T.);
#73380=ORIENTED_EDGE('',*,*,#72750,.T.);
#73390=EDGE_LOOP('',(#73380,#73370,#73310,#73230));
#73400=FACE_OUTER_BOUND('',#73390,.T.);
#73410=ADVANCED_FACE('',(#73400),#73150,.T.);
#73420=CARTESIAN_POINT('',(-19.0501014829866,-4.399594,-1.30000017410552
));
#73430=DIRECTION('',(-1.22460635382238E-16,-1.,0.));
#73440=DIRECTION('',(1.,-1.22460635382238E-16,0.));
#73450=AXIS2_PLACEMENT_3D('',#73420,#73430,#73440);
#73460=PLANE('',#73450);
#73470=CARTESIAN_POINT('',(57.4830050000077,-4.39959400000001,
-135.257382));
#73480=DIRECTION('',(0.499722453489578,-6.11963291691045E-17,
-0.8661855860486));
#73490=VECTOR('',#73480,1.);
#73500=LINE('',#73470,#73490);
#73510=EDGE_CURVE('',#72820,#73290,#73500,.T.);
#73520=ORIENTED_EDGE('',*,*,#73510,.T.);
#73530=ORIENTED_EDGE('',*,*,#72830,.F.);
#73540=ORIENTED_EDGE('',*,*,#73360,.F.);
#73550=EDGE_LOOP('',(#73540,#73530,#73520));
#73560=FACE_OUTER_BOUND('',#73550,.T.);
#73570=ADVANCED_FACE('',(#73560),#73460,.T.);
#73580=CARTESIAN_POINT('',(-19.8000999999925,-4.324594,-1.30000000000001
));
#73590=DIRECTION('',(-0.8661855860486,1.06073637226448E-16,
-0.499722453489578));
#73600=DIRECTION('',(-0.499722453489578,6.11963291691045E-17,
0.8661855860486));
#73610=AXIS2_PLACEMENT_3D('',#73580,#73590,#73600);
#73620=PLANE('',#73610);
#73630=CARTESIAN_POINT('',(57.4830050000077,-4.24959400000001,
-135.257382));
#73640=DIRECTION('',(0.499722453489578,-6.11963291691045E-17,
-0.8661855860486));
#73650=VECTOR('',#73640,1.);
#73660=LINE('',#73630,#73650);
#73670=EDGE_CURVE('',#72900,#73210,#73660,.T.);
#73680=ORIENTED_EDGE('',*,*,#73670,.T.);
#73690=ORIENTED_EDGE('',*,*,#72910,.T.);
#73700=ORIENTED_EDGE('',*,*,#73510,.F.);
#73710=ORIENTED_EDGE('',*,*,#73300,.F.);
#73720=EDGE_LOOP('',(#73710,#73700,#73690,#73680));
#73730=FACE_OUTER_BOUND('',#73720,.T.);
#73740=ADVANCED_FACE('',(#73730),#73620,.T.);
#73750=CARTESIAN_POINT('',(-9.38009999999635,-4.249594,-7.40000000000001
));
#73760=DIRECTION('',(1.,-1.22460635382238E-16,0.));
#73770=DIRECTION('',(0.,-0.,-1.));
#73780=AXIS2_PLACEMENT_3D('',#73750,#73760,#73770);
#73790=PLANE('',#73780);
#73800=ORIENTED_EDGE('',*,*,#67880,.T.);
#73810=CARTESIAN_POINT('',(-9.38009999999635,-4.249594,-135.257382));
#73820=DIRECTION('',(0.,0.,1.));
#73830=VECTOR('',#73820,1.);
#73840=LINE('',#73810,#73830);
#73850=EDGE_CURVE('',#66280,#67810,#73840,.T.);
#73860=ORIENTED_EDGE('',*,*,#73850,.T.);
#73870=ORIENTED_EDGE('',*,*,#66290,.F.);
#73880=ORIENTED_EDGE('',*,*,#65550,.T.);
#73890=ORIENTED_EDGE('',*,*,#19960,.T.);
#73900=ORIENTED_EDGE('',*,*,#61720,.T.);
#73910=EDGE_LOOP('',(#73900,#73890,#73880,#73870,#73860,#73800));
#73920=FACE_OUTER_BOUND('',#73910,.T.);
#73930=ADVANCED_FACE('',(#73920),#73790,.F.);
#73940=CARTESIAN_POINT('',(0.278100000001672,0.000406000000002571,
10.4638));
#73950=DIRECTION('',(-0.992618510139677,1.21556693443875E-16,
-0.121278577366693));
#73960=DIRECTION('',(-0.121278577366693,1.48518516425791E-17,
0.992618510139677));
#73970=AXIS2_PLACEMENT_3D('',#73940,#73950,#73960);
#73980=PLANE('',#73970);
#73990=CARTESIAN_POINT('',(18.0826485526338,1.850406,-135.259582));
#74000=DIRECTION('',(-0.121278577366693,1.48518516425791E-17,
0.992618510139677));
#74010=VECTOR('',#74000,1.);
#74020=LINE('',#73990,#74010);
#74030=CARTESIAN_POINT('',(0.313850000001665,1.850406,10.1712));
#74040=VERTEX_POINT('',#74030);
#74050=EDGE_CURVE('',#74040,#43600,#74020,.T.);
#74060=ORIENTED_EDGE('',*,*,#74050,.F.);
#74070=ORIENTED_EDGE('',*,*,#43760,.T.);
#74080=ORIENTED_EDGE('',*,*,#40640,.F.);
#74090=CARTESIAN_POINT('',(0.313850000001665,-4.249594,10.1712));
#74100=DIRECTION('',(-1.22460635382238E-16,-1.,0.));
#74110=VECTOR('',#74100,1.);
#74120=LINE('',#74090,#74110);
#74130=EDGE_CURVE('',#74040,#40550,#74120,.T.);
#74140=ORIENTED_EDGE('',*,*,#74130,.T.);
#74150=EDGE_LOOP('',(#74140,#74080,#74070,#74060));
#74160=FACE_OUTER_BOUND('',#74150,.T.);
#74170=ADVANCED_FACE('',(#74160),#73980,.T.);
#74180=CARTESIAN_POINT('',(1.39475000000166,2.800406,4.29370000000003));
#74190=DIRECTION('',(2.37067177079355E-15,-1.,0.));
#74200=DIRECTION('',(1.,2.37067177079355E-15,0.));
#74210=AXIS2_PLACEMENT_3D('',#74180,#74190,#74200);
#74220=CYLINDRICAL_SURFACE('',#74210,0.600000000000022);
#74230=ORIENTED_EDGE('',*,*,#60300,.F.);
#74240=ORIENTED_EDGE('',*,*,#34590,.F.);
#74250=ORIENTED_EDGE('',*,*,#56280,.F.);
#74260=ORIENTED_EDGE('',*,*,#49540,.T.);
#74270=EDGE_LOOP('',(#74260,#74250,#74240,#74230));
#74280=FACE_OUTER_BOUND('',#74270,.T.);
#74290=ADVANCED_FACE('',(#74280),#74220,.T.);
#74300=CARTESIAN_POINT('',(-23.5299999999943,-1.399594,3.54685000000001)
);
#74310=DIRECTION('',(1.22460635382238E-16,1.,-0.));
#74320=DIRECTION('',(-1.,1.22460635382238E-16,0.));
#74330=AXIS2_PLACEMENT_3D('',#74300,#74310,#74320);
#74340=PLANE('',#74330);
#74350=CARTESIAN_POINT('',(-24.2549999999944,-1.399594,4.29370000000003)
);
#74360=DIRECTION('',(2.61559304155803E-15,1.,0.));
#74370=DIRECTION('',(-1.,2.61559304155803E-15,0.));
#74380=AXIS2_PLACEMENT_3D('',#74350,#74360,#74370);
#74390=CIRCLE('',#74380,0.600000000000022);
#74400=CARTESIAN_POINT('',(-24.3864416862741,-1.399594,3.7082744427274))
;
#74410=VERTEX_POINT('',#74400);
#74420=EDGE_CURVE('',#14900,#74410,#74390,.T.);
#74430=ORIENTED_EDGE('',*,*,#74420,.T.);
#74440=ORIENTED_EDGE('',*,*,#15060,.T.);
#74450=ORIENTED_EDGE('',*,*,#11630,.T.);
#74460=ORIENTED_EDGE('',*,*,#47850,.T.);
#74470=ORIENTED_EDGE('',*,*,#29310,.F.);
#74480=CARTESIAN_POINT('',(-24.7800999999944,-1.399594,3.39999999999992)
);
#74490=DIRECTION('',(-1.22460635382238E-16,-1.,0.));
#74500=DIRECTION('',(1.,-1.22460635382238E-16,0.));
#74510=AXIS2_PLACEMENT_3D('',#74480,#74490,#74500);
#74520=CIRCLE('',#74510,0.500000000000076);
#74530=EDGE_CURVE('',#29220,#74410,#74520,.T.);
#74540=ORIENTED_EDGE('',*,*,#74530,.F.);
#74550=EDGE_LOOP('',(#74540,#74470,#74460,#74450,#74440,#74430));
#74560=FACE_OUTER_BOUND('',#74550,.T.);
#74570=ADVANCED_FACE('',(#74560),#74340,.F.);
#74580=CARTESIAN_POINT('',(-0.45084999999834,0.000406000000002571,
9.87429999999998));
#74590=DIRECTION('',(0.325980229449843,-3.99197460204755E-17,
0.945376586344208));
#74600=DIRECTION('',(0.945376586344208,-1.15771417439203E-16,
-0.325980229449843));
#74610=AXIS2_PLACEMENT_3D('',#74580,#74590,#74600);
#74620=PLANE('',#74610);
#74630=CARTESIAN_POINT('',(-83.5219819999983,1.85040600000001,
38.5184901155342));
#74640=DIRECTION('',(0.945376586344208,-1.15771417439203E-16,
-0.325980229449843));
#74650=VECTOR('',#74640,1.);
#74660=LINE('',#74630,#74650);
#74670=EDGE_CURVE('',#58220,#29680,#74660,.T.);
#74680=ORIENTED_EDGE('',*,*,#74670,.F.);
#74690=ORIENTED_EDGE('',*,*,#29930,.F.);
#74700=ORIENTED_EDGE('',*,*,#40470,.F.);
#74710=ORIENTED_EDGE('',*,*,#58290,.F.);
#74720=EDGE_LOOP('',(#74710,#74700,#74690,#74680));
#74730=FACE_OUTER_BOUND('',#74720,.T.);
#74740=ADVANCED_FACE('',(#74730),#74620,.T.);
#74750=CARTESIAN_POINT('',(4.01890000000165,0.000406000000001683,9.8108)
);
#74760=DIRECTION('',(0.906311315152217,-1.10987459507652E-16,
-0.422610695589995));
#74770=DIRECTION('',(-0.422610695589995,5.17531743012803E-17,
-0.906311315152217));
#74780=AXIS2_PLACEMENT_3D('',#74750,#74760,#74770);
#74790=PLANE('',#74780);
#74800=CARTESIAN_POINT('',(-63.6270556683655,1.85040600000001,
-135.259582));
#74810=DIRECTION('',(0.422610695589995,-5.17531743012803E-17,
0.906311315152217));
#74820=VECTOR('',#74810,1.);
#74830=LINE('',#74800,#74820);
#74840=CARTESIAN_POINT('',(2.89475000000166,1.850406,7.40000000000003));
#74850=VERTEX_POINT('',#74840);
#74860=CARTESIAN_POINT('',(5.13974129624829,1.850406,12.2146438395791));
#74870=VERTEX_POINT('',#74860);
#74880=EDGE_CURVE('',#74850,#74870,#74830,.T.);
#74890=ORIENTED_EDGE('',*,*,#74880,.T.);
#74900=CARTESIAN_POINT('',(2.89475000000166,-4.249594,7.40000000000003))
;
#74910=DIRECTION('',(-1.22460635382238E-16,-1.,0.));
#74920=VECTOR('',#74910,1.);
#74930=LINE('',#74900,#74920);
#74940=EDGE_CURVE('',#74850,#41630,#74930,.T.);
#74950=ORIENTED_EDGE('',*,*,#74940,.F.);
#74960=ORIENTED_EDGE('',*,*,#41640,.T.);
#74970=CARTESIAN_POINT('',(5.13975343102427,1.91040144891783,
12.2146688547566));
#74980=DIRECTION('',(-1.22460635382238E-16,-1.,0.));
#74990=VECTOR('',#74980,1.);
#75000=LINE('',#74970,#74990);
#75010=EDGE_CURVE('',#74870,#41550,#75000,.T.);
#75020=ORIENTED_EDGE('',*,*,#75010,.T.);
#75030=EDGE_LOOP('',(#75020,#74960,#74950,#74890));
#75040=FACE_OUTER_BOUND('',#75030,.T.);
#75050=ADVANCED_FACE('',(#75040),#74790,.T.);
#75060=CARTESIAN_POINT('',(-1.5052500000002,1.850406,8.70000000000081));
#75070=DIRECTION('',(-1.22460635382238E-16,-1.,0.));
#75080=DIRECTION('',(1.,-1.22460635382238E-16,0.));
#75090=AXIS2_PLACEMENT_3D('',#75060,#75070,#75080);
#75100=CYLINDRICAL_SURFACE('',#75090,0.499999999997997);
#75110=CARTESIAN_POINT('',(-1.5052500000002,1.850406,8.70000000000081));
#75120=DIRECTION('',(-1.22460635382238E-16,-1.,0.));
#75130=DIRECTION('',(1.,-1.22460635382238E-16,0.));
#75140=AXIS2_PLACEMENT_3D('',#75110,#75120,#75130);
#75150=CIRCLE('',#75140,0.499999999997997);
#75160=EDGE_CURVE('',#58200,#16520,#75150,.T.);
#75170=ORIENTED_EDGE('',*,*,#75160,.T.);
#75180=ORIENTED_EDGE('',*,*,#58360,.F.);
#75190=ORIENTED_EDGE('',*,*,#40330,.F.);
#75200=ORIENTED_EDGE('',*,*,#16610,.T.);
#75210=EDGE_LOOP('',(#75200,#75190,#75180,#75170));
#75220=FACE_OUTER_BOUND('',#75210,.T.);
#75230=ADVANCED_FACE('',(#75220),#75100,.T.);
#75240=CARTESIAN_POINT('',(0.0199000000016696,4.500406,-10.64));
#75250=DIRECTION('',(-1.,1.22460635382238E-16,0.));
#75260=DIRECTION('',(0.,0.,1.));
#75270=AXIS2_PLACEMENT_3D('',#75240,#75250,#75260);
#75280=PLANE('',#75270);
#75290=CARTESIAN_POINT('',(0.0199000000016696,4.250406,-135.257382));
#75300=DIRECTION('',(0.,0.,1.));
#75310=VECTOR('',#75300,1.);
#75320=LINE('',#75290,#75310);
#75330=EDGE_CURVE('',#1410,#37300,#75320,.T.);
#75340=ORIENTED_EDGE('',*,*,#75330,.T.);
#75350=ORIENTED_EDGE('',*,*,#1420,.F.);
#75360=ORIENTED_EDGE('',*,*,#30900,.T.);
#75370=ORIENTED_EDGE('',*,*,#37390,.F.);
#75380=EDGE_LOOP('',(#75370,#75360,#75350,#75340));
#75390=FACE_OUTER_BOUND('',#75380,.T.);
#75400=ADVANCED_FACE('',(#75390),#75280,.T.);
#75410=CARTESIAN_POINT('',(2.89475000000166,0.000406000000001683,
5.40209999999999));
#75420=DIRECTION('',(1.,-1.22460635382238E-16,0.));
#75430=DIRECTION('',(0.,-0.,-1.));
#75440=AXIS2_PLACEMENT_3D('',#75410,#75420,#75430);
#75450=PLANE('',#75440);
#75460=ORIENTED_EDGE('',*,*,#13000,.F.);
#75470=CARTESIAN_POINT('',(2.89475000000166,1.400406,-135.259582));
#75480=DIRECTION('',(0.,-0.,-1.));
#75490=VECTOR('',#75480,1.);
#75500=LINE('',#75470,#75490);
#75510=EDGE_CURVE('',#12890,#8520,#75500,.T.);
#75520=ORIENTED_EDGE('',*,*,#75510,.F.);
#75530=ORIENTED_EDGE('',*,*,#8530,.T.);
#75540=ORIENTED_EDGE('',*,*,#57390,.T.);
#75550=ORIENTED_EDGE('',*,*,#19460,.T.);
#75560=ORIENTED_EDGE('',*,*,#41700,.F.);
#75570=ORIENTED_EDGE('',*,*,#74940,.T.);
#75580=CARTESIAN_POINT('',(2.89475000000166,1.850406,-135.259582));
#75590=DIRECTION('',(0.,0.,1.));
#75600=VECTOR('',#75590,1.);
#75610=LINE('',#75580,#75600);
#75620=EDGE_CURVE('',#12990,#74850,#75610,.T.);
#75630=ORIENTED_EDGE('',*,*,#75620,.T.);
#75640=EDGE_LOOP('',(#75630,#75570,#75560,#75550,#75540,#75530,#75520,
#75460));
#75650=FACE_OUTER_BOUND('',#75640,.T.);
#75660=ADVANCED_FACE('',(#75650),#75450,.T.);
#75670=CARTESIAN_POINT('',(2.0699005667139,-2.149594,-10.700000038505));
#75680=DIRECTION('',(-1.22460635382238E-16,-1.,0.));
#75690=DIRECTION('',(1.,-1.22460635382238E-16,0.));
#75700=AXIS2_PLACEMENT_3D('',#75670,#75680,#75690);
#75710=PLANE('',#75700);
#75720=EDGE_CURVE('',#53350,#53260,#53330,.T.);
#75730=ORIENTED_EDGE('',*,*,#75720,.T.);
#75740=ORIENTED_EDGE('',*,*,#53360,.T.);
#75750=EDGE_LOOP('',(#75740,#75730));
#75760=FACE_BOUND('',#75750,.T.);
#75770=ORIENTED_EDGE('',*,*,#18420,.T.);
#75780=CARTESIAN_POINT('',(4.51990000000167,-2.149594,-135.257382));
#75790=DIRECTION('',(0.,0.,1.));
#75800=VECTOR('',#75790,1.);
#75810=LINE('',#75780,#75800);
#75820=EDGE_CURVE('',#26100,#18390,#75810,.T.);
#75830=ORIENTED_EDGE('',*,*,#75820,.T.);
#75840=ORIENTED_EDGE('',*,*,#26110,.F.);
#75850=ORIENTED_EDGE('',*,*,#71020,.F.);
#75860=ORIENTED_EDGE('',*,*,#1020,.F.);
#75870=CARTESIAN_POINT('',(-0.480100000000093,-2.149594,-135.257382));
#75880=DIRECTION('',(0.,-0.,-1.));
#75890=VECTOR('',#75880,1.);
#75900=LINE('',#75870,#75890);
#75910=EDGE_CURVE('',#52850,#930,#75900,.T.);
#75920=ORIENTED_EDGE('',*,*,#75910,.T.);
#75930=ORIENTED_EDGE('',*,*,#52860,.T.);
#75940=EDGE_LOOP('',(#75930,#75920,#75860,#75850,#75840,#75830,#75770));
#75950=FACE_OUTER_BOUND('',#75940,.T.);
#75960=ADVANCED_FACE('',(#75760,#75950),#75710,.T.);
#75970=CARTESIAN_POINT('',(2.46495000000166,0.000406000000001683,12.2324
));
#75980=DIRECTION('',(0.325980229449886,-3.99197460204807E-17,
0.945376586344193));
#75990=DIRECTION('',(0.945376586344193,-1.15771417439201E-16,
-0.325980229449886));
#76000=AXIS2_PLACEMENT_3D('',#75970,#75980,#75990);
#76010=PLANE('',#76000);
#76020=CARTESIAN_POINT('',(-83.5219819999983,1.85040600000001,
41.8820023150361));
#76030=DIRECTION('',(0.945376586344193,-1.15771417439201E-16,
-0.325980229449886));
#76040=VECTOR('',#76030,1.);
#76050=LINE('',#76020,#76040);
#76060=EDGE_CURVE('',#51310,#10650,#76050,.T.);
#76070=ORIENTED_EDGE('',*,*,#76060,.F.);
#76080=ORIENTED_EDGE('',*,*,#10900,.F.);
#76090=ORIENTED_EDGE('',*,*,#41250,.F.);
#76100=ORIENTED_EDGE('',*,*,#51380,.F.);
#76110=EDGE_LOOP('',(#76100,#76090,#76080,#76070));
#76120=FACE_OUTER_BOUND('',#76110,.T.);
#76130=ADVANCED_FACE('',(#76120),#76010,.T.);
#76140=CARTESIAN_POINT('',(1.00705000000167,0.000406000000001683,
11.05335));
#76150=DIRECTION('',(0.326131798853153,-3.99383073059092E-17,
0.945324309312316));
#76160=DIRECTION('',(0.945324309312316,-1.15765015560661E-16,
-0.326131798853153));
#76170=AXIS2_PLACEMENT_3D('',#76140,#76150,#76160);
#76180=PLANE('',#76170);
#76190=CARTESIAN_POINT('',(-83.5219819999983,1.85040600000001,
40.2154110936473));
#76200=DIRECTION('',(0.945324309312316,-1.15765015560661E-16,
-0.326131798853153));
#76210=VECTOR('',#76200,1.);
#76220=LINE('',#76190,#76210);
#76230=CARTESIAN_POINT('',(0.728350000001683,1.850406,11.1495));
#76240=VERTEX_POINT('',#76230);
#76250=EDGE_CURVE('',#76240,#53580,#76220,.T.);
#76260=ORIENTED_EDGE('',*,*,#76250,.F.);
#76270=ORIENTED_EDGE('',*,*,#53740,.F.);
#76280=ORIENTED_EDGE('',*,*,#40880,.F.);
#76290=CARTESIAN_POINT('',(0.728350000001683,-4.249594,11.1495));
#76300=DIRECTION('',(1.22460635382238E-16,1.,0.));
#76310=VECTOR('',#76300,1.);
#76320=LINE('',#76290,#76310);
#76330=EDGE_CURVE('',#40790,#76240,#76320,.T.);
#76340=ORIENTED_EDGE('',*,*,#76330,.F.);
#76350=EDGE_LOOP('',(#76340,#76280,#76270,#76260));
#76360=FACE_OUTER_BOUND('',#76350,.T.);
#76370=ADVANCED_FACE('',(#76360),#76180,.T.);
#76380=CARTESIAN_POINT('',(1.73600000000167,0.000406000000001683,
11.64285));
#76390=DIRECTION('',(-0.992621004370078,1.21556998888915E-16,
-0.121258161306103));
#76400=DIRECTION('',(-0.121258161306103,1.48493514788273E-17,
0.992621004370078));
#76410=AXIS2_PLACEMENT_3D('',#76380,#76390,#76400);
#76420=PLANE('',#76410);
#76430=CARTESIAN_POINT('',(19.6815388484558,1.850406,-135.259582));
#76440=DIRECTION('',(-0.121258161306103,1.48493514788273E-17,
0.992621004370078));
#76450=VECTOR('',#76440,1.);
#76460=LINE('',#76430,#76450);
#76470=CARTESIAN_POINT('',(1.77175000000166,1.850406,11.3502));
#76480=VERTEX_POINT('',#76470);
#76490=EDGE_CURVE('',#76480,#16900,#76460,.T.);
#76500=ORIENTED_EDGE('',*,*,#76490,.F.);
#76510=ORIENTED_EDGE('',*,*,#17150,.T.);
#76520=ORIENTED_EDGE('',*,*,#41100,.F.);
#76530=CARTESIAN_POINT('',(1.77175000000166,-4.249594,11.3502));
#76540=DIRECTION('',(-1.22460635382238E-16,-1.,0.));
#76550=VECTOR('',#76540,1.);
#76560=LINE('',#76530,#76550);
#76570=EDGE_CURVE('',#76480,#41030,#76560,.T.);
#76580=ORIENTED_EDGE('',*,*,#76570,.T.);
#76590=EDGE_LOOP('',(#76580,#76520,#76510,#76500));
#76600=FACE_OUTER_BOUND('',#76590,.T.);
#76610=ADVANCED_FACE('',(#76600),#76420,.T.);
#76620=CARTESIAN_POINT('',(5.08210000000166,0.000406000000002571,
-1.45634999999999));
#76630=DIRECTION('',(0.927181739451179,-1.13543264928E-16,
0.374611828468196));
#76640=DIRECTION('',(0.374611828468196,-4.58752025359172E-17,
-0.927181739451179));
#76650=AXIS2_PLACEMENT_3D('',#76620,#76630,#76640);
#76660=PLANE('',#76650);
#76670=CARTESIAN_POINT('',(59.1421047603638,4.250406,-135.257382));
#76680=DIRECTION('',(-0.374611828468196,4.58752025359172E-17,
0.927181739451179));
#76690=VECTOR('',#76680,1.);
#76700=LINE('',#76670,#76690);
#76710=EDGE_CURVE('',#12110,#8100,#76700,.T.);
#76720=ORIENTED_EDGE('',*,*,#76710,.T.);
#76730=ORIENTED_EDGE('',*,*,#12340,.T.);
#76740=CARTESIAN_POINT('',(59.1421047603638,-4.24959400000001,
-135.257382));
#76750=DIRECTION('',(0.374611828468196,-4.58752025359172E-17,
-0.927181739451179));
#76760=VECTOR('',#76750,1.);
#76770=LINE('',#76740,#76760);
#76780=EDGE_CURVE('',#8180,#12270,#76770,.T.);
#76790=ORIENTED_EDGE('',*,*,#76780,.T.);
#76800=ORIENTED_EDGE('',*,*,#8190,.F.);
#76810=EDGE_LOOP('',(#76800,#76790,#76730,#76720));
#76820=FACE_OUTER_BOUND('',#76810,.T.);
#76830=ADVANCED_FACE('',(#76820),#76660,.T.);
#76840=CARTESIAN_POINT('',(-83.5119819999983,1.40040600000001,
3.90000625035856));
#76850=DIRECTION('',(1.,-1.22460635382238E-16,0.));
#76860=VECTOR('',#76850,1.);
#76870=LINE('',#76840,#76860);
#76880=EDGE_CURVE('',#25190,#8610,#76870,.T.);
#76890=ORIENTED_EDGE('',*,*,#76880,.T.);
#76900=ORIENTED_EDGE('',*,*,#25770,.F.);
#76910=CARTESIAN_POINT('',(-83.5119819999983,4.25040600000002,
3.90000625035856));
#76920=DIRECTION('',(-1.,1.22460635382238E-16,0.));
#76930=VECTOR('',#76920,1.);
#76940=LINE('',#76910,#76930);
#76950=EDGE_CURVE('',#8080,#25700,#76940,.T.);
#76960=ORIENTED_EDGE('',*,*,#76950,.T.);
#76970=ORIENTED_EDGE('',*,*,#8640,.T.);
#76980=EDGE_LOOP('',(#76970,#76960,#76900,#76890));
#76990=FACE_OUTER_BOUND('',#76980,.T.);
#77000=ADVANCED_FACE('',(#76990),#30020,.F.);
#77010=CARTESIAN_POINT('',(3.56990000000167,4.500406,-7.88000000000001))
;
#77020=DIRECTION('',(-0.,0.,1.));
#77030=DIRECTION('',(1.,-1.22460635382238E-16,0.));
#77040=AXIS2_PLACEMENT_3D('',#77010,#77020,#77030);
#77050=PLANE('',#77040);
#77060=CARTESIAN_POINT('',(-83.4719819999983,4.25040600000002,
-7.88000000000001));
#77070=DIRECTION('',(-1.,1.22460635382238E-16,0.));
#77080=VECTOR('',#77070,1.);
#77090=LINE('',#77060,#77080);
#77100=EDGE_CURVE('',#37060,#46390,#77090,.T.);
#77110=ORIENTED_EDGE('',*,*,#77100,.F.);
#77120=ORIENTED_EDGE('',*,*,#46550,.T.);
#77130=ORIENTED_EDGE('',*,*,#31070,.T.);
#77140=ORIENTED_EDGE('',*,*,#37130,.T.);
#77150=EDGE_LOOP('',(#77140,#77130,#77120,#77110));
#77160=FACE_OUTER_BOUND('',#77150,.T.);
#77170=ADVANCED_FACE('',(#77160),#77050,.T.);
#77180=CARTESIAN_POINT('',(-24.7800999999944,8.98940600000001,
3.39999999999992));
#77190=DIRECTION('',(1.22460635382238E-16,1.,0.));
#77200=DIRECTION('',(1.,-1.22460635382238E-16,0.));
#77210=AXIS2_PLACEMENT_3D('',#77180,#77190,#77200);
#77220=CYLINDRICAL_SURFACE('',#77210,0.500000000000076);
#77230=CARTESIAN_POINT('',(-24.7800999999944,-5.69859399999999,
3.90000000000001));
#77240=DIRECTION('',(1.22460635382238E-16,1.,0.));
#77250=VECTOR('',#77240,1.);
#77260=LINE('',#77230,#77250);
#77270=EDGE_CURVE('',#34910,#47110,#77260,.T.);
#77280=ORIENTED_EDGE('',*,*,#77270,.F.);
#77290=ORIENTED_EDGE('',*,*,#47120,.T.);
#77300=ORIENTED_EDGE('',*,*,#29530,.T.);
#77310=ORIENTED_EDGE('',*,*,#56890,.F.);
#77320=ORIENTED_EDGE('',*,*,#42070,.F.);
#77330=ORIENTED_EDGE('',*,*,#50240,.F.);
#77340=ORIENTED_EDGE('',*,*,#43130,.T.);
#77350=ORIENTED_EDGE('',*,*,#35010,.F.);
#77360=EDGE_LOOP('',(#77350,#77340,#77330,#77320,#77310,#77300,#77290,
#77280));
#77370=FACE_OUTER_BOUND('',#77360,.T.);
#77380=ADVANCED_FACE('',(#77370),#77220,.T.);
#77390=CARTESIAN_POINT('',(-25.4410199358082,8.98940600000001,
3.90000625035856));
#77400=DIRECTION('',(-0.,0.,1.));
#77410=DIRECTION('',(1.,-1.22460635382238E-16,0.));
#77420=AXIS2_PLACEMENT_3D('',#77390,#77400,#77410);
#77430=PLANE('',#77420);
#77440=ORIENTED_EDGE('',*,*,#27420,.F.);
#77450=CARTESIAN_POINT('',(-24.7800999999943,-4.249594,3.90000625035856)
);
#77460=VERTEX_POINT('',#77450);
#77470=EDGE_CURVE('',#77460,#27350,#77260,.T.);
#77480=ORIENTED_EDGE('',*,*,#77470,.T.);
#77490=CARTESIAN_POINT('',(60.6617820000057,-4.24959400000001,
3.90000625035856));
#77500=DIRECTION('',(-1.,1.22460635382238E-16,0.));
#77510=VECTOR('',#77500,1.);
#77520=LINE('',#77490,#77510);
#77530=EDGE_CURVE('',#77460,#54890,#77520,.T.);
#77540=ORIENTED_EDGE('',*,*,#77530,.F.);
#77550=ORIENTED_EDGE('',*,*,#54900,.F.);
#77560=EDGE_LOOP('',(#77550,#77540,#77480,#77440));
#77570=FACE_OUTER_BOUND('',#77560,.T.);
#77580=ADVANCED_FACE('',(#77570),#77430,.T.);
#77590=CARTESIAN_POINT('',(-24.8549999999944,-1.849594,4.5436500000005))
;
#77600=DIRECTION('',(1.,7.35693658314513E-15,-0.));
#77610=DIRECTION('',(-7.35693658314513E-15,1.,0.));
#77620=AXIS2_PLACEMENT_3D('',#77590,#77600,#77610);
#77630=PLANE('',#77620);
#77640=ORIENTED_EDGE('',*,*,#45360,.F.);
#77650=ORIENTED_EDGE('',*,*,#43380,.F.);
#77660=ORIENTED_EDGE('',*,*,#27860,.F.);
#77670=ORIENTED_EDGE('',*,*,#35840,.T.);
#77680=ORIENTED_EDGE('',*,*,#27180,.F.);
#77690=ORIENTED_EDGE('',*,*,#50930,.F.);
#77700=EDGE_LOOP('',(#77690,#77680,#77670,#77660,#77650,#77640));
#77710=FACE_OUTER_BOUND('',#77700,.T.);
#77720=ADVANCED_FACE('',(#77710),#77630,.F.);
#77730=CARTESIAN_POINT('',(-22.8953999999943,0.000406000000002571,
10.26735));
#77740=DIRECTION('',(0.326131798853153,-3.99383073059092E-17,
-0.945324309312316));
#77750=DIRECTION('',(-0.945324309312316,1.15765015560661E-16,
-0.326131798853153));
#77760=AXIS2_PLACEMENT_3D('',#77730,#77740,#77750);
#77770=PLANE('',#77760);
#77780=ORIENTED_EDGE('',*,*,#17400,.T.);
#77790=ORIENTED_EDGE('',*,*,#44690,.T.);
#77800=ORIENTED_EDGE('',*,*,#49680,.T.);
#77810=ORIENTED_EDGE('',*,*,#32290,.T.);
#77820=EDGE_LOOP('',(#77810,#77800,#77790,#77780));
#77830=FACE_OUTER_BOUND('',#77820,.T.);
#77840=ADVANCED_FACE('',(#77830),#77770,.F.);
#77850=CARTESIAN_POINT('',(1.59231914933915,1.850406,9.956394628418));
#77860=DIRECTION('',(1.22460635382238E-16,1.,-0.));
#77870=DIRECTION('',(-1.,1.22460635382238E-16,0.));
#77880=AXIS2_PLACEMENT_3D('',#77850,#77860,#77870);
#77890=PLANE('',#77880);
#77900=ORIENTED_EDGE('',*,*,#17630,.T.);
#77910=ORIENTED_EDGE('',*,*,#13080,.F.);
#77920=ORIENTED_EDGE('',*,*,#75620,.F.);
#77930=ORIENTED_EDGE('',*,*,#74880,.F.);
#77940=EDGE_CURVE('',#74870,#38000,#37980,.T.);
#77950=ORIENTED_EDGE('',*,*,#77940,.F.);
#77960=ORIENTED_EDGE('',*,*,#38030,.F.);
#77970=ORIENTED_EDGE('',*,*,#56440,.T.);
#77980=EDGE_CURVE('',#56430,#6840,#6820,.T.);
#77990=ORIENTED_EDGE('',*,*,#77980,.F.);
#78000=ORIENTED_EDGE('',*,*,#6870,.F.);
#78010=CARTESIAN_POINT('',(21.2445475801388,1.850406,-135.259582));
#78020=DIRECTION('',(-0.121000523569082,1.48178009978532E-17,
0.992652443353669));
#78030=VECTOR('',#78020,1.);
#78040=LINE('',#78010,#78030);
#78050=CARTESIAN_POINT('',(3.22965000000167,1.850406,12.5293));
#78060=VERTEX_POINT('',#78050);
#78070=EDGE_CURVE('',#78060,#6860,#78040,.T.);
#78080=ORIENTED_EDGE('',*,*,#78070,.T.);
#78090=CARTESIAN_POINT('',(-83.5219819999983,1.85040600000001,
42.4270188862592));
#78100=DIRECTION('',(0.945428844850922,-1.15777817049139E-16,
-0.325828634904686));
#78110=VECTOR('',#78100,1.);
#78120=LINE('',#78090,#78110);
#78130=EDGE_CURVE('',#10670,#78060,#78120,.T.);
#78140=ORIENTED_EDGE('',*,*,#78130,.T.);
#78150=ORIENTED_EDGE('',*,*,#10680,.T.);
#78160=ORIENTED_EDGE('',*,*,#76060,.T.);
#78170=ORIENTED_EDGE('',*,*,#51320,.T.);
#78180=ORIENTED_EDGE('',*,*,#16930,.T.);
#78190=ORIENTED_EDGE('',*,*,#76490,.T.);
#78200=CARTESIAN_POINT('',(-83.5219819999983,1.85040600000001,
40.7760784779322));
#78210=DIRECTION('',(0.945324309312313,-1.15765015560661E-16,
-0.32613179885316));
#78220=VECTOR('',#78210,1.);
#78230=LINE('',#78200,#78220);
#78240=EDGE_CURVE('',#53600,#76480,#78230,.T.);
#78250=ORIENTED_EDGE('',*,*,#78240,.T.);
#78260=ORIENTED_EDGE('',*,*,#53610,.T.);
#78270=ORIENTED_EDGE('',*,*,#76250,.T.);
#78280=CARTESIAN_POINT('',(18.58860705587,1.850406,-135.259582));
#78290=DIRECTION('',(-0.121091057920519,1.48288878920541E-17,
0.99264140337369));
#78300=VECTOR('',#78290,1.);
#78310=LINE('',#78280,#78300);
#78320=EDGE_CURVE('',#43620,#76240,#78310,.T.);
#78330=ORIENTED_EDGE('',*,*,#78320,.T.);
#78340=ORIENTED_EDGE('',*,*,#43630,.T.);
#78350=ORIENTED_EDGE('',*,*,#74050,.T.);
#78360=CARTESIAN_POINT('',(-83.5219819999983,1.85040600000001,
39.0941108245408));
#78370=DIRECTION('',(0.945324309312316,-1.15765015560661E-16,
-0.326131798853153));
#78380=VECTOR('',#78370,1.);
#78390=LINE('',#78360,#78380);
#78400=EDGE_CURVE('',#29700,#74040,#78390,.T.);
#78410=ORIENTED_EDGE('',*,*,#78400,.T.);
#78420=ORIENTED_EDGE('',*,*,#29710,.T.);
#78430=ORIENTED_EDGE('',*,*,#74670,.T.);
#78440=ORIENTED_EDGE('',*,*,#58230,.T.);
#78450=ORIENTED_EDGE('',*,*,#75160,.F.);
#78460=ORIENTED_EDGE('',*,*,#16530,.T.);
#78470=ORIENTED_EDGE('',*,*,#48870,.F.);
#78480=ORIENTED_EDGE('',*,*,#57730,.F.);
#78490=ORIENTED_EDGE('',*,*,#59530,.T.);
#78500=ORIENTED_EDGE('',*,*,#18830,.T.);
#78510=ORIENTED_EDGE('',*,*,#31290,.T.);
#78520=CARTESIAN_POINT('',(1.39486804065662,1.850406,4.79371804597551));
#78530=DIRECTION('',(-1.22460635382238E-16,-1.,0.));
#78540=DIRECTION('',(1.,-1.22460635382238E-16,0.));
#78550=AXIS2_PLACEMENT_3D('',#78520,#78530,#78540);
#78560=CIRCLE('',#78550,0.599881962626699);
#78570=EDGE_CURVE('',#17620,#31280,#78560,.T.);
#78580=ORIENTED_EDGE('',*,*,#78570,.T.);
#78590=EDGE_LOOP('',(#78580,#78510,#78500,#78490,#78480,#78470,#78460,
#78450,#78440,#78430,#78420,#78410,#78350,#78340,#78330,#78270,#78260,
#78250,#78190,#78180,#78170,#78160,#78150,#78140,#78080,#78000,#77990,
#77970,#77960,#77950,#77930,#77920,#77910,#77900));
#78600=FACE_OUTER_BOUND('',#78590,.T.);
#78610=ADVANCED_FACE('',(#78600),#77890,.T.);
#78620=CARTESIAN_POINT('',(-21.1549999999944,1.850406,8.19999999999999))
;
#78630=DIRECTION('',(-1.22460635382238E-16,-1.,0.));
#78640=DIRECTION('',(-1.,1.22460635382238E-16,0.));
#78650=AXIS2_PLACEMENT_3D('',#78620,#78630,#78640);
#78660=CYLINDRICAL_SURFACE('',#78650,0.300000000000022);
#78670=ORIENTED_EDGE('',*,*,#54070,.F.);
#78680=ORIENTED_EDGE('',*,*,#44960,.T.);
#78690=ORIENTED_EDGE('',*,*,#13820,.T.);
#78700=ORIENTED_EDGE('',*,*,#32030,.F.);
#78710=EDGE_LOOP('',(#78700,#78690,#78680,#78670));
#78720=FACE_OUTER_BOUND('',#78710,.T.);
#78730=ADVANCED_FACE('',(#78720),#78660,.T.);
#78740=CARTESIAN_POINT('',(-21.5856499999943,0.000406000000002571,
9.52959999999999));
#78750=DIRECTION('',(-0.62882676321179,7.70065249682717E-17,
-0.777545433957774));
#78760=DIRECTION('',(-0.777545433957774,9.52187078810268E-17,
0.62882676321179));
#78770=AXIS2_PLACEMENT_3D('',#78740,#78750,#78760);
#78780=PLANE('',#78770);
#78790=ORIENTED_EDGE('',*,*,#46710,.F.);
#78800=ORIENTED_EDGE('',*,*,#44790,.T.);
#78810=ORIENTED_EDGE('',*,*,#10280,.F.);
#78820=ORIENTED_EDGE('',*,*,#32190,.T.);
#78830=EDGE_LOOP('',(#78820,#78810,#78800,#78790));
#78840=FACE_OUTER_BOUND('',#78830,.T.);
#78850=ADVANCED_FACE('',(#78840),#78780,.F.);
#78860=CARTESIAN_POINT('',(4.31990000000164,4.250406,-5.00000273636053))
;
#78870=DIRECTION('',(1.22460635382238E-16,1.,-0.));
#78880=DIRECTION('',(-1.,1.22460635382238E-16,0.));
#78890=AXIS2_PLACEMENT_3D('',#78860,#78870,#78880);
#78900=PLANE('',#78890);
#78910=ORIENTED_EDGE('',*,*,#1180,.T.);
#78920=ORIENTED_EDGE('',*,*,#71100,.T.);
#78930=ORIENTED_EDGE('',*,*,#25950,.F.);
#78940=CARTESIAN_POINT('',(6.61990000000158,4.250406,-13.4));
#78950=DIRECTION('',(1.22460635382238E-16,1.,0.));
#78960=DIRECTION('',(-1.,1.22460635382238E-16,0.));
#78970=AXIS2_PLACEMENT_3D('',#78940,#78950,#78960);
#78980=CIRCLE('',#78970,0.500000000000093);
#78990=EDGE_CURVE('',#12090,#25940,#78980,.T.);
#79000=ORIENTED_EDGE('',*,*,#78990,.T.);
#79010=ORIENTED_EDGE('',*,*,#12120,.F.);
#79020=ORIENTED_EDGE('',*,*,#76710,.F.);
#79030=ORIENTED_EDGE('',*,*,#8110,.T.);
#79040=ORIENTED_EDGE('',*,*,#76950,.F.);
#79050=ORIENTED_EDGE('',*,*,#25710,.T.);
#79060=CARTESIAN_POINT('',(-83.5219819999983,4.25040600000002,
3.40000000000001));
#79070=DIRECTION('',(1.,-1.22460635382238E-16,0.));
#79080=VECTOR('',#79070,1.);
#79090=LINE('',#79060,#79080);
#79100=EDGE_CURVE('',#25610,#46410,#79090,.T.);
#79110=ORIENTED_EDGE('',*,*,#79100,.F.);
#79120=ORIENTED_EDGE('',*,*,#46420,.T.);
#79130=ORIENTED_EDGE('',*,*,#77100,.T.);
#79140=ORIENTED_EDGE('',*,*,#37070,.F.);
#79150=EDGE_LOOP('',(#79140,#79130,#79120,#79110,#79050,#79040,#79030,
#79020,#79010,#79000,#78930,#78920,#78910));
#79160=FACE_OUTER_BOUND('',#79150,.T.);
#79170=ADVANCED_FACE('',(#79160),#78900,.T.);
#79180=CARTESIAN_POINT('',(-0.480100000000093,-3.199594,-11.1717));
#79190=DIRECTION('',(1.,-1.22460635382238E-16,0.));
#79200=DIRECTION('',(0.,-0.,-1.));
#79210=AXIS2_PLACEMENT_3D('',#79180,#79190,#79200);
#79220=PLANE('',#79210);
#79230=ORIENTED_EDGE('',*,*,#75910,.F.);
#79240=ORIENTED_EDGE('',*,*,#940,.F.);
#79250=CARTESIAN_POINT('',(-0.480100000000093,-4.249594,-135.257382));
#79260=DIRECTION('',(0.,-0.,-1.));
#79270=VECTOR('',#79260,1.);
#79280=LINE('',#79250,#79270);
#79290=EDGE_CURVE('',#52760,#850,#79280,.T.);
#79300=ORIENTED_EDGE('',*,*,#79290,.T.);
#79310=ORIENTED_EDGE('',*,*,#52920,.F.);
#79320=EDGE_LOOP('',(#79310,#79300,#79240,#79230));
#79330=FACE_OUTER_BOUND('',#79320,.T.);
#79340=ADVANCED_FACE('',(#79330),#79220,.T.);
#79350=CARTESIAN_POINT('',(1.39486804065662,2.800406,4.79371804597551));
#79360=DIRECTION('',(-1.22460635382238E-16,-1.,0.));
#79370=DIRECTION('',(1.,-1.22460635382238E-16,0.));
#79380=AXIS2_PLACEMENT_3D('',#79350,#79360,#79370);
#79390=CYLINDRICAL_SURFACE('',#79380,0.599881962626699);
#79400=ORIENTED_EDGE('',*,*,#78570,.F.);
#79410=ORIENTED_EDGE('',*,*,#31440,.T.);
#79420=ORIENTED_EDGE('',*,*,#55550,.T.);
#79430=ORIENTED_EDGE('',*,*,#17710,.F.);
#79440=EDGE_LOOP('',(#79430,#79420,#79410,#79400));
#79450=FACE_OUTER_BOUND('',#79440,.T.);
#79460=ADVANCED_FACE('',(#79450),#79390,.T.);
#79470=CARTESIAN_POINT('',(1.44489999999989,0.250406000000002,
3.40000000000001));
#79480=DIRECTION('',(-0.,0.,1.));
#79490=DIRECTION('',(1.,-1.22460635382238E-16,0.));
#79500=AXIS2_PLACEMENT_3D('',#79470,#79480,#79490);
#79510=PLANE('',#79500);
#79520=ORIENTED_EDGE('',*,*,#25620,.T.);
#79530=CARTESIAN_POINT('',(-83.5119819999983,1.40040600000001,
3.40000000000001));
#79540=DIRECTION('',(1.,-1.22460635382238E-16,0.));
#79550=VECTOR('',#79540,1.);
#79560=LINE('',#79530,#79550);
#79570=EDGE_CURVE('',#59760,#25530,#79560,.T.);
#79580=ORIENTED_EDGE('',*,*,#79570,.T.);
#79590=ORIENTED_EDGE('',*,*,#59770,.F.);
#79600=ORIENTED_EDGE('',*,*,#49220,.F.);
#79610=ORIENTED_EDGE('',*,*,#56210,.T.);
#79620=CARTESIAN_POINT('',(-83.5119819999983,-4.24959399999999,
3.40000000000001));
#79630=DIRECTION('',(1.,-1.22460635382238E-16,0.));
#79640=VECTOR('',#79630,1.);
#79650=LINE('',#79620,#79640);
#79660=EDGE_CURVE('',#15720,#56140,#79650,.T.);
#79670=ORIENTED_EDGE('',*,*,#79660,.T.);
#79680=ORIENTED_EDGE('',*,*,#15730,.F.);
#79690=ORIENTED_EDGE('',*,*,#39250,.F.);
#79700=ORIENTED_EDGE('',*,*,#37840,.F.);
#79710=CARTESIAN_POINT('',(-83.5119819999983,4.250406,3.40000000000001))
;
#79720=DIRECTION('',(1.,0.,0.));
#79730=VECTOR('',#79720,1.);
#79740=LINE('',#79710,#79730);
#79750=EDGE_CURVE('',#37810,#64720,#79740,.T.);
#79760=ORIENTED_EDGE('',*,*,#79750,.F.);
#79770=ORIENTED_EDGE('',*,*,#64730,.T.);
#79780=ORIENTED_EDGE('',*,*,#30680,.T.);
#79790=ORIENTED_EDGE('',*,*,#46480,.F.);
#79800=ORIENTED_EDGE('',*,*,#79100,.T.);
#79810=EDGE_LOOP('',(#79800,#79790,#79780,#79770,#79760,#79700,#79690,
#79680,#79670,#79610,#79600,#79590,#79580,#79520));
#79820=FACE_OUTER_BOUND('',#79810,.T.);
#79830=ADVANCED_FACE('',(#79820),#79510,.T.);
#79840=CARTESIAN_POINT('',(3.21075000000167,0.000406000000001683,
12.68435));
#79850=DIRECTION('',(-0.992652443353669,1.21560848926821E-16,
-0.121000523569082));
#79860=DIRECTION('',(-0.121000523569082,1.48178009978532E-17,
0.992652443353669));
#79870=AXIS2_PLACEMENT_3D('',#79840,#79850,#79860);
#79880=PLANE('',#79870);
#79890=ORIENTED_EDGE('',*,*,#78070,.F.);
#79900=ORIENTED_EDGE('',*,*,#7100,.F.);
#79910=ORIENTED_EDGE('',*,*,#41400,.F.);
#79920=CARTESIAN_POINT('',(3.22965000000167,-4.249594,12.5293));
#79930=DIRECTION('',(-1.22460635382238E-16,-1.,0.));
#79940=VECTOR('',#79930,1.);
#79950=LINE('',#79920,#79940);
#79960=EDGE_CURVE('',#78060,#41330,#79950,.T.);
#79970=ORIENTED_EDGE('',*,*,#79960,.T.);
#79980=EDGE_LOOP('',(#79970,#79910,#79900,#79890));
#79990=FACE_OUTER_BOUND('',#79980,.T.);
#80000=ADVANCED_FACE('',(#79990),#79880,.T.);
#80010=CARTESIAN_POINT('',(0.66975000000167,1.400406,3.54685000000001));
#80020=DIRECTION('',(-1.22460635382238E-16,-1.,0.));
#80030=DIRECTION('',(1.,-1.22460635382238E-16,0.));
#80040=AXIS2_PLACEMENT_3D('',#80010,#80020,#80030);
#80050=PLANE('',#80040);
#80060=CARTESIAN_POINT('',(1.39475000000166,1.400406,4.29370000000003));
#80070=DIRECTION('',(2.37067177079355E-15,-1.,0.));
#80080=DIRECTION('',(1.,2.37067177079355E-15,0.));
#80090=AXIS2_PLACEMENT_3D('',#80060,#80070,#80080);
#80100=CIRCLE('',#80090,0.600000000000022);
#80110=EDGE_CURVE('',#59050,#25440,#80100,.T.);
#80120=ORIENTED_EDGE('',*,*,#80110,.T.);
#80130=ORIENTED_EDGE('',*,*,#59080,.F.);
#80140=ORIENTED_EDGE('',*,*,#64960,.T.);
#80150=ORIENTED_EDGE('',*,*,#59850,.T.);
#80160=ORIENTED_EDGE('',*,*,#79570,.F.);
#80170=ORIENTED_EDGE('',*,*,#25540,.F.);
#80180=EDGE_LOOP('',(#80170,#80160,#80150,#80140,#80130,#80120));
#80190=FACE_OUTER_BOUND('',#80180,.T.);
#80200=ADVANCED_FACE('',(#80190),#80050,.F.);
#80210=CARTESIAN_POINT('',(1.99475000000169,-1.849594,4.5436500000005));
#80220=DIRECTION('',(1.,-7.60185785390961E-15,0.));
#80230=DIRECTION('',(7.60185785390961E-15,1.,0.));
#80240=AXIS2_PLACEMENT_3D('',#80210,#80220,#80230);
#80250=PLANE('',#80240);
#80260=ORIENTED_EDGE('',*,*,#19320,.T.);
#80270=ORIENTED_EDGE('',*,*,#57320,.T.);
#80280=CARTESIAN_POINT('',(1.99475000000169,2.800406,4.29370000000003));
#80290=DIRECTION('',(2.37067177079355E-15,-1.,0.));
#80300=VECTOR('',#80290,1.);
#80310=LINE('',#80280,#80300);
#80320=EDGE_CURVE('',#57250,#34310,#80310,.T.);
#80330=ORIENTED_EDGE('',*,*,#80320,.F.);
#80340=ORIENTED_EDGE('',*,*,#34320,.T.);
#80350=CARTESIAN_POINT('',(1.99475000328332,-1.349594,4.79371804597551))
;
#80360=DIRECTION('',(-1.22460635382238E-16,-1.,0.));
#80370=VECTOR('',#80360,1.);
#80380=LINE('',#80350,#80370);
#80390=EDGE_CURVE('',#39730,#34230,#80380,.T.);
#80400=ORIENTED_EDGE('',*,*,#80390,.T.);
#80410=ORIENTED_EDGE('',*,*,#39740,.T.);
#80420=EDGE_LOOP('',(#80410,#80400,#80340,#80330,#80270,#80260));
#80430=FACE_OUTER_BOUND('',#80420,.T.);
#80440=ADVANCED_FACE('',(#80430),#80250,.T.);
#80450=CARTESIAN_POINT('',(4.51990000000167,-3.199594,-11.4217));
#80460=DIRECTION('',(-1.,1.22460635382238E-16,0.));
#80470=DIRECTION('',(0.,0.,1.));
#80480=AXIS2_PLACEMENT_3D('',#80450,#80460,#80470);
#80490=PLANE('',#80480);
#80500=CARTESIAN_POINT('',(4.51990000000167,-4.249594,-135.257382));
#80510=DIRECTION('',(0.,0.,1.));
#80520=VECTOR('',#80510,1.);
#80530=LINE('',#80500,#80520);
#80540=EDGE_CURVE('',#26180,#18570,#80530,.T.);
#80550=ORIENTED_EDGE('',*,*,#80540,.T.);
#80560=ORIENTED_EDGE('',*,*,#26190,.T.);
#80570=ORIENTED_EDGE('',*,*,#75820,.F.);
#80580=ORIENTED_EDGE('',*,*,#18640,.F.);
#80590=EDGE_LOOP('',(#80580,#80570,#80560,#80550));
#80600=FACE_OUTER_BOUND('',#80590,.T.);
#80610=ADVANCED_FACE('',(#80600),#80490,.T.);
#80620=CARTESIAN_POINT('',(-23.8672999999943,0.000406000000002571,
11.05335));
#80630=DIRECTION('',(0.326131798853153,-3.99383073059092E-17,
-0.945324309312316));
#80640=DIRECTION('',(-0.945324309312316,1.15765015560661E-16,
-0.326131798853153));
#80650=AXIS2_PLACEMENT_3D('',#80620,#80630,#80640);
#80660=PLANE('',#80650);
#80670=ORIENTED_EDGE('',*,*,#60510,.T.);
#80680=ORIENTED_EDGE('',*,*,#44390,.T.);
#80690=ORIENTED_EDGE('',*,*,#12520,.T.);
#80700=ORIENTED_EDGE('',*,*,#32590,.T.);
#80710=EDGE_LOOP('',(#80700,#80690,#80680,#80670));
#80720=FACE_OUTER_BOUND('',#80710,.T.);
#80730=ADVANCED_FACE('',(#80720),#80660,.F.);
#80740=CARTESIAN_POINT('',(-25.3302000000001,-4.249594,-12.4));
#80750=DIRECTION('',(-1.22460635382238E-16,-1.,0.));
#80760=DIRECTION('',(0.,-0.,-1.));
#80770=AXIS2_PLACEMENT_3D('',#80740,#80750,#80760);
#80780=PLANE('',#80770);
#80790=EDGE_CURVE('',#48310,#48220,#48290,.T.);
#80800=ORIENTED_EDGE('',*,*,#80790,.T.);
#80810=ORIENTED_EDGE('',*,*,#48320,.T.);
#80820=EDGE_LOOP('',(#80810,#80800));
#80830=FACE_BOUND('',#80820,.T.);
#80840=EDGE_CURVE('',#26500,#26590,#26570,.T.);
#80850=ORIENTED_EDGE('',*,*,#80840,.F.);
#80860=ORIENTED_EDGE('',*,*,#26600,.F.);
#80870=EDGE_LOOP('',(#80860,#80850));
#80880=FACE_BOUND('',#80870,.T.);
#80890=ORIENTED_EDGE('',*,*,#71250,.F.);
#80900=ORIENTED_EDGE('',*,*,#67180,.T.);
#80910=ORIENTED_EDGE('',*,*,#68070,.F.);
#80920=ORIENTED_EDGE('',*,*,#50660,.F.);
#80930=ORIENTED_EDGE('',*,*,#15820,.F.);
#80940=ORIENTED_EDGE('',*,*,#79660,.F.);
#80950=ORIENTED_EDGE('',*,*,#56150,.F.);
#80960=ORIENTED_EDGE('',*,*,#30100,.F.);
#80970=ORIENTED_EDGE('',*,*,#8280,.F.);
#80980=ORIENTED_EDGE('',*,*,#76780,.F.);
#80990=ORIENTED_EDGE('',*,*,#12280,.F.);
#81000=CARTESIAN_POINT('',(6.61990000000158,-4.249594,-13.4));
#81010=DIRECTION('',(1.22460635382238E-16,1.,0.));
#81020=DIRECTION('',(-1.,1.22460635382238E-16,0.));
#81030=AXIS2_PLACEMENT_3D('',#81000,#81010,#81020);
#81040=CIRCLE('',#81030,0.500000000000093);
#81050=EDGE_CURVE('',#12190,#26260,#81040,.T.);
#81060=ORIENTED_EDGE('',*,*,#81050,.F.);
#81070=ORIENTED_EDGE('',*,*,#26270,.F.);
#81080=ORIENTED_EDGE('',*,*,#80540,.F.);
#81090=ORIENTED_EDGE('',*,*,#18580,.F.);
#81100=ORIENTED_EDGE('',*,*,#52770,.F.);
#81110=ORIENTED_EDGE('',*,*,#79290,.F.);
#81120=ORIENTED_EDGE('',*,*,#860,.F.);
#81130=ORIENTED_EDGE('',*,*,#42790,.T.);
#81140=ORIENTED_EDGE('',*,*,#46240,.T.);
#81150=ORIENTED_EDGE('',*,*,#7780,.T.);
#81160=ORIENTED_EDGE('',*,*,#48700,.T.);
#81170=ORIENTED_EDGE('',*,*,#60670,.T.);
#81180=ORIENTED_EDGE('',*,*,#9150,.T.);
#81190=ORIENTED_EDGE('',*,*,#11140,.T.);
#81200=ORIENTED_EDGE('',*,*,#38500,.T.);
#81210=ORIENTED_EDGE('',*,*,#54970,.T.);
#81220=ORIENTED_EDGE('',*,*,#77530,.T.);
#81230=CARTESIAN_POINT('',(-24.7800999999944,-4.249594,3.39999999999992)
);
#81240=DIRECTION('',(-1.22460635382238E-16,-1.,0.));
#81250=DIRECTION('',(1.,-1.22460635382238E-16,0.));
#81260=AXIS2_PLACEMENT_3D('',#81230,#81240,#81250);
#81270=CIRCLE('',#81260,0.500000000000076);
#81280=EDGE_CURVE('',#29140,#77460,#81270,.T.);
#81290=ORIENTED_EDGE('',*,*,#81280,.T.);
#81300=ORIENTED_EDGE('',*,*,#29150,.T.);
#81310=ORIENTED_EDGE('',*,*,#58590,.T.);
#81320=ORIENTED_EDGE('',*,*,#59350,.T.);
#81330=ORIENTED_EDGE('',*,*,#45610,.F.);
#81340=ORIENTED_EDGE('',*,*,#72970,.T.);
#81350=ORIENTED_EDGE('',*,*,#73670,.F.);
#81360=ORIENTED_EDGE('',*,*,#73220,.F.);
#81370=ORIENTED_EDGE('',*,*,#73060,.T.);
#81380=ORIENTED_EDGE('',*,*,#72490,.F.);
#81390=ORIENTED_EDGE('',*,*,#65330,.F.);
#81400=ORIENTED_EDGE('',*,*,#72170,.T.);
#81410=ORIENTED_EDGE('',*,*,#65990,.F.);
#81420=ORIENTED_EDGE('',*,*,#66360,.T.);
#81430=ORIENTED_EDGE('',*,*,#73850,.F.);
#81440=ORIENTED_EDGE('',*,*,#67820,.F.);
#81450=ORIENTED_EDGE('',*,*,#67590,.T.);
#81460=ORIENTED_EDGE('',*,*,#71970,.F.);
#81470=ORIENTED_EDGE('',*,*,#54320,.F.);
#81480=ORIENTED_EDGE('',*,*,#71710,.T.);
#81490=CARTESIAN_POINT('',(-88.5919819999983,-4.24959399999999,-12.4));
#81500=DIRECTION('',(-1.,1.22460635382238E-16,0.));
#81510=VECTOR('',#81500,1.);
#81520=LINE('',#81490,#81510);
#81530=EDGE_CURVE('',#15210,#71640,#81520,.T.);
#81540=ORIENTED_EDGE('',*,*,#81530,.T.);
#81550=ORIENTED_EDGE('',*,*,#15240,.F.);
#81560=ORIENTED_EDGE('',*,*,#54620,.T.);
#81570=EDGE_LOOP('',(#81560,#81550,#81540,#81480,#81470,#81460,#81450,
#81440,#81430,#81420,#81410,#81400,#81390,#81380,#81370,#81360,#81350,
#81340,#81330,#81320,#81310,#81300,#81290,#81220,#81210,#81200,#81190,
#81180,#81170,#81160,#81150,#81140,#81130,#81120,#81110,#81100,#81090,
#81080,#81070,#81060,#80990,#80980,#80970,#80960,#80950,#80940,#80930,
#80920,#80910,#80900,#80890));
#81580=FACE_OUTER_BOUND('',#81570,.T.);
#81590=ADVANCED_FACE('',(#80830,#80880,#81580),#80780,.T.);
#81600=CARTESIAN_POINT('',(1.39486804065662,-1.349594,4.79371804597551))
;
#81610=DIRECTION('',(-1.22460635382238E-16,-1.,0.));
#81620=DIRECTION('',(1.,-1.22460635382238E-16,0.));
#81630=AXIS2_PLACEMENT_3D('',#81600,#81610,#81620);
#81640=CYLINDRICAL_SURFACE('',#81630,0.599881962626699);
#81650=ORIENTED_EDGE('',*,*,#39830,.T.);
#81660=ORIENTED_EDGE('',*,*,#80390,.F.);
#81670=ORIENTED_EDGE('',*,*,#34240,.F.);
#81680=ORIENTED_EDGE('',*,*,#56670,.T.);
#81690=EDGE_LOOP('',(#81680,#81670,#81660,#81650));
#81700=FACE_OUTER_BOUND('',#81690,.T.);
#81710=ADVANCED_FACE('',(#81700),#81640,.T.);
#81720=ORIENTED_EDGE('',*,*,#55390,.T.);
#81730=ORIENTED_EDGE('',*,*,#59140,.F.);
#81740=ORIENTED_EDGE('',*,*,#80110,.F.);
#81750=ORIENTED_EDGE('',*,*,#25450,.F.);
#81760=EDGE_LOOP('',(#81750,#81740,#81730,#81720));
#81770=FACE_OUTER_BOUND('',#81760,.T.);
#81780=ADVANCED_FACE('',(#81770),#74220,.T.);
#81790=CARTESIAN_POINT('',(0.594750000001682,-1.349594,4.79369999999992)
);
#81800=DIRECTION('',(1.29449919762978E-14,-1.,-6.53372630584E-15));
#81810=DIRECTION('',(1.,1.29449919762978E-14,0.));
#81820=AXIS2_PLACEMENT_3D('',#81790,#81800,#81810);
#81830=CYLINDRICAL_SURFACE('',#81820,0.600000000000077);
#81840=ORIENTED_EDGE('',*,*,#40000,.T.);
#81850=ORIENTED_EDGE('',*,*,#56740,.F.);
#81860=ORIENTED_EDGE('',*,*,#34070,.F.);
#81870=ORIENTED_EDGE('',*,*,#59610,.T.);
#81880=EDGE_LOOP('',(#81870,#81860,#81850,#81840));
#81890=FACE_OUTER_BOUND('',#81880,.T.);
#81900=ADVANCED_FACE('',(#81890),#81830,.T.);
#81910=CARTESIAN_POINT('',(-19.030399999997,-3.649594,-12.4));
#81920=DIRECTION('',(-0.,0.,1.));
#81930=DIRECTION('',(1.,-1.22460635382238E-16,0.));
#81940=AXIS2_PLACEMENT_3D('',#81910,#81920,#81930);
#81950=PLANE('',#81940);
#81960=ORIENTED_EDGE('',*,*,#71650,.F.);
#81970=ORIENTED_EDGE('',*,*,#18100,.T.);
#81980=ORIENTED_EDGE('',*,*,#15320,.T.);
#81990=ORIENTED_EDGE('',*,*,#81530,.F.);
#82000=EDGE_LOOP('',(#81990,#81980,#81970,#81960));
#82010=FACE_OUTER_BOUND('',#82000,.T.);
#82020=ADVANCED_FACE('',(#82010),#81950,.T.);
#82030=ORIENTED_EDGE('',*,*,#34410,.F.);
#82040=ORIENTED_EDGE('',*,*,#80320,.T.);
#82050=ORIENTED_EDGE('',*,*,#57260,.T.);
#82060=ORIENTED_EDGE('',*,*,#55980,.T.);
#82070=EDGE_LOOP('',(#82060,#82050,#82040,#82030));
#82080=FACE_OUTER_BOUND('',#82070,.T.);
#82090=ADVANCED_FACE('',(#82080),#74220,.T.);
#82100=CARTESIAN_POINT('',(1.49305000000166,0.000406000000001683,
11.44635));
#82110=DIRECTION('',(0.32613179885316,-3.99383073059101E-17,
0.945324309312313));
#82120=DIRECTION('',(0.945324309312313,-1.15765015560661E-16,
-0.32613179885316));
#82130=AXIS2_PLACEMENT_3D('',#82100,#82110,#82120);
#82140=PLANE('',#82130);
#82150=ORIENTED_EDGE('',*,*,#78240,.F.);
#82160=ORIENTED_EDGE('',*,*,#76570,.F.);
#82170=ORIENTED_EDGE('',*,*,#41040,.F.);
#82180=ORIENTED_EDGE('',*,*,#53670,.F.);
#82190=EDGE_LOOP('',(#82180,#82170,#82160,#82150));
#82200=FACE_OUTER_BOUND('',#82190,.T.);
#82210=ADVANCED_FACE('',(#82200),#82140,.T.);
#82220=ORIENTED_EDGE('',*,*,#74420,.F.);
#82230=EDGE_CURVE('',#27590,#74410,#42020,.T.);
#82240=ORIENTED_EDGE('',*,*,#82230,.T.);
#82250=ORIENTED_EDGE('',*,*,#27600,.T.);
#82260=ORIENTED_EDGE('',*,*,#14930,.T.);
#82270=EDGE_LOOP('',(#82260,#82250,#82240,#82220));
#82280=FACE_OUTER_BOUND('',#82270,.T.);
#82290=ADVANCED_FACE('',(#82280),#35720,.T.);
#82300=CARTESIAN_POINT('',(6.61990000000158,-4.249594,-13.4));
#82310=DIRECTION('',(1.22460635382238E-16,1.,0.));
#82320=DIRECTION('',(-1.,1.22460635382238E-16,0.));
#82330=AXIS2_PLACEMENT_3D('',#82300,#82310,#82320);
#82340=CYLINDRICAL_SURFACE('',#82330,0.500000000000093);
#82350=ORIENTED_EDGE('',*,*,#78990,.F.);
#82360=ORIENTED_EDGE('',*,*,#26330,.T.);
#82370=ORIENTED_EDGE('',*,*,#81050,.T.);
#82380=ORIENTED_EDGE('',*,*,#12200,.F.);
#82390=EDGE_LOOP('',(#82380,#82370,#82360,#82350));
#82400=FACE_OUTER_BOUND('',#82390,.T.);
#82410=ADVANCED_FACE('',(#82400),#82340,.T.);
#82420=ORIENTED_EDGE('',*,*,#77270,.T.);
#82430=ORIENTED_EDGE('',*,*,#34920,.F.);
#82440=ORIENTED_EDGE('',*,*,#54780,.F.);
#82450=ORIENTED_EDGE('',*,*,#47200,.F.);
#82460=EDGE_LOOP('',(#82450,#82440,#82430,#82420));
#82470=FACE_OUTER_BOUND('',#82460,.T.);
#82480=ADVANCED_FACE('',(#82470),#77430,.T.);
#82490=ORIENTED_EDGE('',*,*,#74530,.T.);
#82500=ORIENTED_EDGE('',*,*,#29230,.T.);
#82510=ORIENTED_EDGE('',*,*,#81280,.F.);
#82520=ORIENTED_EDGE('',*,*,#77470,.F.);
#82530=ORIENTED_EDGE('',*,*,#27360,.T.);
#82540=ORIENTED_EDGE('',*,*,#35770,.T.);
#82550=ORIENTED_EDGE('',*,*,#27690,.T.);
#82560=ORIENTED_EDGE('',*,*,#82230,.F.);
#82570=EDGE_LOOP('',(#82560,#82550,#82540,#82530,#82520,#82510,#82500,
#82490));
#82580=FACE_OUTER_BOUND('',#82570,.T.);
#82590=ADVANCED_FACE('',(#82580),#77220,.T.);
#82600=CARTESIAN_POINT('',(0.0351500000016642,0.000406000000002571,
10.26735));
#82610=DIRECTION('',(0.326131798853153,-3.99383073059092E-17,
0.945324309312316));
#82620=DIRECTION('',(0.945324309312316,-1.15765015560661E-16,
-0.326131798853153));
#82630=AXIS2_PLACEMENT_3D('',#82600,#82610,#82620);
#82640=PLANE('',#82630);
#82650=ORIENTED_EDGE('',*,*,#78400,.F.);
#82660=ORIENTED_EDGE('',*,*,#74130,.F.);
#82670=ORIENTED_EDGE('',*,*,#40560,.F.);
#82680=ORIENTED_EDGE('',*,*,#29790,.F.);
#82690=EDGE_LOOP('',(#82680,#82670,#82660,#82650));
#82700=FACE_OUTER_BOUND('',#82690,.T.);
#82710=ADVANCED_FACE('',(#82700),#82640,.T.);
#82720=CARTESIAN_POINT('',(0.764050000001674,0.000406000000001683,
10.85685));
#82730=DIRECTION('',(-0.99264140337369,1.21559496963858E-16,
-0.121091057920519));
#82740=DIRECTION('',(-0.121091057920519,1.48288878920541E-17,
0.99264140337369));
#82750=AXIS2_PLACEMENT_3D('',#82720,#82730,#82740);
#82760=PLANE('',#82750);
#82770=ORIENTED_EDGE('',*,*,#78320,.F.);
#82780=ORIENTED_EDGE('',*,*,#76330,.T.);
#82790=ORIENTED_EDGE('',*,*,#40800,.F.);
#82800=ORIENTED_EDGE('',*,*,#43690,.T.);
#82810=EDGE_LOOP('',(#82800,#82790,#82780,#82770));
#82820=FACE_OUTER_BOUND('',#82810,.T.);
#82830=ADVANCED_FACE('',(#82820),#82760,.T.);
#82840=CARTESIAN_POINT('',(1.99475015308866,1.400406,-2.00430405751447))
;
#82850=DIRECTION('',(1.22460635382238E-16,1.,-0.));
#82860=DIRECTION('',(-1.,1.22460635382238E-16,0.));
#82870=AXIS2_PLACEMENT_3D('',#82840,#82850,#82860);
#82880=PLANE('',#82870);
#82890=ORIENTED_EDGE('',*,*,#75510,.T.);
#82900=ORIENTED_EDGE('',*,*,#12920,.F.);
#82910=ORIENTED_EDGE('',*,*,#17930,.F.);
#82920=CARTESIAN_POINT('',(1.39475000000166,1.400406,4.29370000000003));
#82930=DIRECTION('',(2.37067177079355E-15,-1.,0.));
#82940=DIRECTION('',(1.,2.37067177079355E-15,0.));
#82950=AXIS2_PLACEMENT_3D('',#82920,#82930,#82940);
#82960=CIRCLE('',#82950,0.600000000000022);
#82970=EDGE_CURVE('',#25170,#17860,#82960,.T.);
#82980=ORIENTED_EDGE('',*,*,#82970,.T.);
#82990=ORIENTED_EDGE('',*,*,#25200,.F.);
#83000=ORIENTED_EDGE('',*,*,#76880,.F.);
#83010=ORIENTED_EDGE('',*,*,#8620,.F.);
#83020=EDGE_LOOP('',(#83010,#83000,#82990,#82980,#82910,#82900,#82890));
#83030=FACE_OUTER_BOUND('',#83020,.T.);
#83040=ADVANCED_FACE('',(#83030),#82880,.T.);
#83050=ORIENTED_EDGE('',*,*,#25280,.T.);
#83060=ORIENTED_EDGE('',*,*,#82970,.F.);
#83070=ORIENTED_EDGE('',*,*,#17870,.T.);
#83080=ORIENTED_EDGE('',*,*,#55470,.T.);
#83090=EDGE_LOOP('',(#83080,#83070,#83060,#83050));
#83100=FACE_OUTER_BOUND('',#83090,.T.);
#83110=ADVANCED_FACE('',(#83100),#74220,.T.);
#83120=CARTESIAN_POINT('',(2.95095000000168,0.000406000000001683,
12.62535));
#83130=DIRECTION('',(0.325828634904686,-3.9901181656155E-17,
0.945428844850922));
#83140=DIRECTION('',(0.945428844850922,-1.15777817049139E-16,
-0.325828634904686));
#83150=AXIS2_PLACEMENT_3D('',#83120,#83130,#83140);
#83160=PLANE('',#83150);
#83170=ORIENTED_EDGE('',*,*,#78130,.F.);
#83180=ORIENTED_EDGE('',*,*,#79960,.F.);
#83190=ORIENTED_EDGE('',*,*,#41340,.F.);
#83200=ORIENTED_EDGE('',*,*,#10760,.F.);
#83210=EDGE_LOOP('',(#83200,#83190,#83180,#83170));
#83220=FACE_OUTER_BOUND('',#83210,.T.);
#83230=ADVANCED_FACE('',(#83220),#83160,.T.);
#83240=CARTESIAN_POINT('',(-8.64009999999668,-1.519594,-13.4));
#83250=DIRECTION('',(1.,-1.22460635382238E-16,0.));
#83260=DIRECTION('',(1.22460635382238E-16,1.,0.));
#83270=AXIS2_PLACEMENT_3D('',#83240,#83250,#83260);
#83280=PLANE('',#83270);
#83290=CARTESIAN_POINT('',(-8.64009999999668,-1.019594,-13.4));
#83300=DIRECTION('',(0.,-0.,-1.));
#83310=VECTOR('',#83300,1.);
#83320=LINE('',#83290,#83310);
#83330=CARTESIAN_POINT('',(-8.64009999999668,-1.01959399999906,
-16.6999999999999));
#83340=VERTEX_POINT('',#83330);
#83350=EDGE_CURVE('',#2030,#83340,#83320,.T.);
#83360=ORIENTED_EDGE('',*,*,#83350,.F.);
#83370=CARTESIAN_POINT('',(-8.64009999999668,-6.78918799999904,
-16.6999999999998));
#83380=DIRECTION('',(-1.22460635382238E-16,-1.,0.));
#83390=VECTOR('',#83380,1.);
#83400=LINE('',#83370,#83390);
#83410=CARTESIAN_POINT('',(-8.64009999999668,-1.51959399999918,
-16.6999999999996));
#83420=VERTEX_POINT('',#83410);
#83430=EDGE_CURVE('',#83340,#83420,#83400,.T.);
#83440=ORIENTED_EDGE('',*,*,#83430,.F.);
#83450=CARTESIAN_POINT('',(-8.64009999999668,-1.519594,-13.4));
#83460=DIRECTION('',(0.,-0.,-1.));
#83470=VECTOR('',#83460,1.);
#83480=LINE('',#83450,#83470);
#83490=EDGE_CURVE('',#2110,#83420,#83480,.T.);
#83500=ORIENTED_EDGE('',*,*,#83490,.T.);
#83510=ORIENTED_EDGE('',*,*,#2120,.T.);
#83520=EDGE_LOOP('',(#83510,#83500,#83440,#83360));
#83530=FACE_OUTER_BOUND('',#83520,.T.);
#83540=ADVANCED_FACE('',(#83530),#83280,.T.);
#83550=COLOUR_RGB('',1.,1.,0.);
#83560=FILL_AREA_STYLE_COLOUR('',#83550);
#83570=FILL_AREA_STYLE('',(#83560));
#83580=SURFACE_STYLE_FILL_AREA(#83570);
#83590=SURFACE_SIDE_STYLE('',(#83580));
#83600=SURFACE_STYLE_USAGE(.BOTH.,#83590);
#83610=PRESENTATION_STYLE_ASSIGNMENT((#83600));
#83620=CARTESIAN_POINT('',(-8.64009999999668,-1.019594,-13.4));
#83630=DIRECTION('',(1.22460635382238E-16,1.,-0.));
#83640=DIRECTION('',(-1.,1.22460635382238E-16,0.));
#83650=AXIS2_PLACEMENT_3D('',#83620,#83630,#83640);
#83660=PLANE('',#83650);
#83670=CARTESIAN_POINT('',(-9.14009999999668,-1.019594,-13.4));
#83680=DIRECTION('',(0.,-0.,-1.));
#83690=VECTOR('',#83680,1.);
#83700=LINE('',#83670,#83690);
#83710=CARTESIAN_POINT('',(-9.14009999999668,-1.019594,-16.7000000000018
));
#83720=VERTEX_POINT('',#83710);
#83730=EDGE_CURVE('',#2010,#83720,#83700,.T.);
#83740=ORIENTED_EDGE('',*,*,#83730,.F.);
#83750=CARTESIAN_POINT('',(-88.6119819999983,-1.01959399999999,
-16.7000000000062));
#83760=DIRECTION('',(1.,-1.22460635382238E-16,0.));
#83770=VECTOR('',#83760,1.);
#83780=LINE('',#83750,#83770);
#83790=EDGE_CURVE('',#83720,#83340,#83780,.T.);
#83800=ORIENTED_EDGE('',*,*,#83790,.F.);
#83810=ORIENTED_EDGE('',*,*,#83350,.T.);
#83820=ORIENTED_EDGE('',*,*,#2040,.T.);
#83830=EDGE_LOOP('',(#83820,#83810,#83800,#83740));
#83840=FACE_OUTER_BOUND('',#83830,.T.);
#83850=ADVANCED_FACE('',(#83840),#83660,.T.);
#83860=COLOUR_RGB('',1.,1.,0.);
#83870=FILL_AREA_STYLE_COLOUR('',#83860);
#83880=FILL_AREA_STYLE('',(#83870));
#83890=SURFACE_STYLE_FILL_AREA(#83880);
#83900=SURFACE_SIDE_STYLE('',(#83890));
#83910=SURFACE_STYLE_USAGE(.BOTH.,#83900);
#83920=PRESENTATION_STYLE_ASSIGNMENT((#83910));
#83930=CARTESIAN_POINT('',(-9.14009999999668,-1.519594,-13.4));
#83940=DIRECTION('',(-1.22460635382238E-16,-1.,0.));
#83950=DIRECTION('',(1.,-1.22460635382238E-16,0.));
#83960=AXIS2_PLACEMENT_3D('',#83930,#83940,#83950);
#83970=PLANE('',#83960);
#83980=ORIENTED_EDGE('',*,*,#83490,.F.);
#83990=CARTESIAN_POINT('',(-88.6119819999983,-1.51959399999999,
-16.6999999999942));
#84000=DIRECTION('',(-1.,1.22460635382238E-16,0.));
#84010=VECTOR('',#84000,1.);
#84020=LINE('',#83990,#84010);
#84030=CARTESIAN_POINT('',(-9.14009999999668,-1.519594,-16.7000000000018
));
#84040=VERTEX_POINT('',#84030);
#84050=EDGE_CURVE('',#83420,#84040,#84020,.T.);
#84060=ORIENTED_EDGE('',*,*,#84050,.F.);
#84070=CARTESIAN_POINT('',(-9.14009999999668,-1.519594,-13.4));
#84080=DIRECTION('',(0.,-0.,-1.));
#84090=VECTOR('',#84080,1.);
#84100=LINE('',#84070,#84090);
#84110=EDGE_CURVE('',#2190,#84040,#84100,.T.);
#84120=ORIENTED_EDGE('',*,*,#84110,.T.);
#84130=ORIENTED_EDGE('',*,*,#2200,.T.);
#84140=EDGE_LOOP('',(#84130,#84120,#84060,#83980));
#84150=FACE_OUTER_BOUND('',#84140,.T.);
#84160=ADVANCED_FACE('',(#84150),#83970,.T.);
#84170=COLOUR_RGB('',1.,1.,0.);
#84180=FILL_AREA_STYLE_COLOUR('',#84170);
#84190=FILL_AREA_STYLE('',(#84180));
#84200=SURFACE_STYLE_FILL_AREA(#84190);
#84210=SURFACE_SIDE_STYLE('',(#84200));
#84220=SURFACE_STYLE_USAGE(.BOTH.,#84210);
#84230=PRESENTATION_STYLE_ASSIGNMENT((#84220));
#84240=CARTESIAN_POINT('',(-9.14009999999668,-1.019594,-13.4));
#84250=DIRECTION('',(-1.,1.22460635382238E-16,0.));
#84260=DIRECTION('',(-1.22460635382238E-16,-1.,0.));
#84270=AXIS2_PLACEMENT_3D('',#84240,#84250,#84260);
#84280=PLANE('',#84270);
#84290=ORIENTED_EDGE('',*,*,#84110,.F.);
#84300=CARTESIAN_POINT('',(-9.14009999999668,-6.78918799999904,
-16.7000000000018));
#84310=DIRECTION('',(1.22460635382238E-16,1.,0.));
#84320=VECTOR('',#84310,1.);
#84330=LINE('',#84300,#84320);
#84340=EDGE_CURVE('',#84040,#83720,#84330,.T.);
#84350=ORIENTED_EDGE('',*,*,#84340,.F.);
#84360=ORIENTED_EDGE('',*,*,#83730,.T.);
#84370=ORIENTED_EDGE('',*,*,#2260,.T.);
#84380=EDGE_LOOP('',(#84370,#84360,#84350,#84290));
#84390=FACE_OUTER_BOUND('',#84380,.T.);
#84400=ADVANCED_FACE('',(#84390),#84280,.T.);
#84410=COLOUR_RGB('',1.,1.,0.);
#84420=FILL_AREA_STYLE_COLOUR('',#84410);
#84430=FILL_AREA_STYLE('',(#84420));
#84440=SURFACE_STYLE_FILL_AREA(#84430);
#84450=SURFACE_SIDE_STYLE('',(#84440));
#84460=SURFACE_STYLE_USAGE(.BOTH.,#84450);
#84470=PRESENTATION_STYLE_ASSIGNMENT((#84460));
#84480=CARTESIAN_POINT('',(-9.1150999999967,-7.88818799999904,-17.2));
#84490=DIRECTION('',(0.998752338877838,-1.22307846008476E-16,
0.0499376169440196));
#84500=DIRECTION('',(-0.0499376169440196,6.11539230043945E-18,
0.998752338877838));
#84510=AXIS2_PLACEMENT_3D('',#84480,#84490,#84500);
#84520=PLANE('',#84510);
#84530=CARTESIAN_POINT('',(-9.1150999999967,-6.78918799999904,-17.2));
#84540=DIRECTION('',(-1.22460635382238E-16,-1.,0.));
#84550=VECTOR('',#84540,1.);
#84560=LINE('',#84530,#84550);
#84570=CARTESIAN_POINT('',(-9.1150999999967,-1.09459399999904,-17.2));
#84580=VERTEX_POINT('',#84570);
#84590=CARTESIAN_POINT('',(-9.1150999999967,-1.44459399999904,-17.2));
#84600=VERTEX_POINT('',#84590);
#84610=EDGE_CURVE('',#84580,#84600,#84560,.T.);
#84620=ORIENTED_EDGE('',*,*,#84610,.T.);
#84630=CARTESIAN_POINT('',(-3.21223089998161,-18.8032012999917,
-135.257382));
#84640=DIRECTION('',(-0.0493864798326059,0.148159439497377,
0.987729596649592));
#84650=VECTOR('',#84640,1.);
#84660=LINE('',#84630,#84650);
#84670=EDGE_CURVE('',#84580,#83720,#84660,.T.);
#84680=ORIENTED_EDGE('',*,*,#84670,.F.);
#84690=ORIENTED_EDGE('',*,*,#84340,.T.);
#84700=CARTESIAN_POINT('',(-3.21223089998159,16.264013300024,-135.257382
));
#84710=DIRECTION('',(0.0493864798326041,0.148159439497626,
-0.987729596649555));
#84720=VECTOR('',#84710,1.);
#84730=LINE('',#84700,#84720);
#84740=EDGE_CURVE('',#84040,#84600,#84730,.T.);
#84750=ORIENTED_EDGE('',*,*,#84740,.F.);
#84760=EDGE_LOOP('',(#84750,#84690,#84680,#84620));
#84770=FACE_OUTER_BOUND('',#84760,.T.);
#84780=ADVANCED_FACE('',(#84770),#84520,.F.);
#84790=COLOUR_RGB('',1.,1.,0.);
#84800=FILL_AREA_STYLE_COLOUR('',#84790);
#84810=FILL_AREA_STYLE('',(#84800));
#84820=SURFACE_STYLE_FILL_AREA(#84810);
#84830=SURFACE_SIDE_STYLE('',(#84820));
#84840=SURFACE_STYLE_USAGE(.BOTH.,#84830);
#84850=PRESENTATION_STYLE_ASSIGNMENT((#84840));
#84860=CARTESIAN_POINT('',(-13.9700999999983,-2.98918799999904,-17.2));
#84870=DIRECTION('',(0.,-0.,-1.));
#84880=DIRECTION('',(1.,-1.22460635382238E-16,0.));
#84890=AXIS2_PLACEMENT_3D('',#84860,#84870,#84880);
#84900=PLANE('',#84890);
#84910=CARTESIAN_POINT('',(-88.6119819999983,-1.44459399999902,-17.2));
#84920=DIRECTION('',(1.,-1.22460635382238E-16,0.));
#84930=VECTOR('',#84920,1.);
#84940=LINE('',#84910,#84930);
#84950=CARTESIAN_POINT('',(-8.6650999999967,-1.44459399999904,-17.2));
#84960=VERTEX_POINT('',#84950);
#84970=EDGE_CURVE('',#84600,#84960,#84940,.T.);
#84980=ORIENTED_EDGE('',*,*,#84970,.F.);
#84990=CARTESIAN_POINT('',(-8.66509999999676,-6.78918799999904,-17.2));
#85000=DIRECTION('',(1.22460635382238E-16,1.,0.));
#85010=VECTOR('',#85000,1.);
#85020=LINE('',#84990,#85010);
#85030=CARTESIAN_POINT('',(-8.6650999999967,-1.09459399999904,-17.2));
#85040=VERTEX_POINT('',#85030);
#85050=EDGE_CURVE('',#84960,#85040,#85020,.T.);
#85060=ORIENTED_EDGE('',*,*,#85050,.F.);
#85070=CARTESIAN_POINT('',(-88.6119819999983,-1.09459399999903,-17.2));
#85080=DIRECTION('',(-1.,1.22460635382238E-16,0.));
#85090=VECTOR('',#85080,1.);
#85100=LINE('',#85070,#85090);
#85110=EDGE_CURVE('',#85040,#84580,#85100,.T.);
#85120=ORIENTED_EDGE('',*,*,#85110,.F.);
#85130=ORIENTED_EDGE('',*,*,#84610,.F.);
#85140=EDGE_LOOP('',(#85130,#85120,#85060,#84980));
#85150=FACE_OUTER_BOUND('',#85140,.T.);
#85160=ADVANCED_FACE('',(#85150),#84900,.T.);
#85170=COLOUR_RGB('',1.,1.,0.);
#85180=FILL_AREA_STYLE_COLOUR('',#85170);
#85190=FILL_AREA_STYLE('',(#85180));
#85200=SURFACE_STYLE_FILL_AREA(#85190);
#85210=SURFACE_SIDE_STYLE('',(#85200));
#85220=SURFACE_STYLE_USAGE(.BOTH.,#85210);
#85230=PRESENTATION_STYLE_ASSIGNMENT((#85220));
#85240=CARTESIAN_POINT('',(5.25390000000171,-1.01959399999904,
-16.6999999999998));
#85250=DIRECTION('',(-1.21105774124846E-16,-0.988936352868307,
0.148340452930185));
#85260=DIRECTION('',(-1.81658661187193E-17,-0.148340452930185,
-0.988936352868307));
#85270=AXIS2_PLACEMENT_3D('',#85240,#85250,#85260);
#85280=PLANE('',#85270);
#85290=ORIENTED_EDGE('',*,*,#85110,.T.);
#85300=CARTESIAN_POINT('',(-14.5679691000119,-18.8032012999917,
-135.257382));
#85310=DIRECTION('',(-0.049386479832606,-0.148159439497377,
-0.987729596649592));
#85320=VECTOR('',#85310,1.);
#85330=LINE('',#85300,#85320);
#85340=EDGE_CURVE('',#83340,#85040,#85330,.T.);
#85350=ORIENTED_EDGE('',*,*,#85340,.T.);
#85360=ORIENTED_EDGE('',*,*,#83790,.T.);
#85370=ORIENTED_EDGE('',*,*,#84670,.T.);
#85380=EDGE_LOOP('',(#85370,#85360,#85350,#85290));
#85390=FACE_OUTER_BOUND('',#85380,.T.);
#85400=ADVANCED_FACE('',(#85390),#85280,.F.);
#85410=COLOUR_RGB('',1.,1.,0.);
#85420=FILL_AREA_STYLE_COLOUR('',#85410);
#85430=FILL_AREA_STYLE('',(#85420));
#85440=SURFACE_STYLE_FILL_AREA(#85430);
#85450=SURFACE_SIDE_STYLE('',(#85440));
#85460=SURFACE_STYLE_USAGE(.BOTH.,#85450);
#85470=PRESENTATION_STYLE_ASSIGNMENT((#85460));
#85480=CARTESIAN_POINT('',(-8.64009999999668,-7.88818799999904,
-16.6999999999998));
#85490=DIRECTION('',(-0.998752338877838,1.22307846008476E-16,
0.0499376169440196));
#85500=DIRECTION('',(-0.0499376169440196,6.11539230043945E-18,
-0.998752338877838));
#85510=AXIS2_PLACEMENT_3D('',#85480,#85490,#85500);
#85520=PLANE('',#85510);
#85530=ORIENTED_EDGE('',*,*,#85050,.T.);
#85540=CARTESIAN_POINT('',(-14.5679691000119,16.264013300024,-135.257382
));
#85550=DIRECTION('',(0.0493864798326041,-0.148159439497626,
0.987729596649555));
#85560=VECTOR('',#85550,1.);
#85570=LINE('',#85540,#85560);
#85580=EDGE_CURVE('',#84960,#83420,#85570,.T.);
#85590=ORIENTED_EDGE('',*,*,#85580,.F.);
#85600=ORIENTED_EDGE('',*,*,#83430,.T.);
#85610=ORIENTED_EDGE('',*,*,#85340,.F.);
#85620=EDGE_LOOP('',(#85610,#85600,#85590,#85530));
#85630=FACE_OUTER_BOUND('',#85620,.T.);
#85640=ADVANCED_FACE('',(#85630),#85520,.F.);
#85650=COLOUR_RGB('',1.,1.,0.);
#85660=FILL_AREA_STYLE_COLOUR('',#85650);
#85670=FILL_AREA_STYLE('',(#85660));
#85680=SURFACE_STYLE_FILL_AREA(#85670);
#85690=SURFACE_SIDE_STYLE('',(#85680));
#85700=SURFACE_STYLE_USAGE(.BOTH.,#85690);
#85710=PRESENTATION_STYLE_ASSIGNMENT((#85700));
#85720=CARTESIAN_POINT('',(5.25390000000171,-1.44459399999904,-17.2));
#85730=DIRECTION('',(1.21105774124841E-16,0.988936352868269,
0.148340452930434));
#85740=DIRECTION('',(-1.81658661187498E-17,-0.148340452930434,
0.988936352868269));
#85750=AXIS2_PLACEMENT_3D('',#85720,#85730,#85740);
#85760=PLANE('',#85750);
#85770=ORIENTED_EDGE('',*,*,#84050,.T.);
#85780=ORIENTED_EDGE('',*,*,#85580,.T.);
#85790=ORIENTED_EDGE('',*,*,#84970,.T.);
#85800=ORIENTED_EDGE('',*,*,#84740,.T.);
#85810=EDGE_LOOP('',(#85800,#85790,#85780,#85770));
#85820=FACE_OUTER_BOUND('',#85810,.T.);
#85830=ADVANCED_FACE('',(#85820),#85760,.F.);
#85840=COLOUR_RGB('',1.,1.,0.);
#85850=FILL_AREA_STYLE_COLOUR('',#85840);
#85860=FILL_AREA_STYLE('',(#85850));
#85870=SURFACE_STYLE_FILL_AREA(#85860);
#85880=SURFACE_SIDE_STYLE('',(#85870));
#85890=SURFACE_STYLE_USAGE(.BOTH.,#85880);
#85900=PRESENTATION_STYLE_ASSIGNMENT((#85890));
#85910=CARTESIAN_POINT('',(-11.1800999999967,-1.519594,-13.4));
#85920=DIRECTION('',(1.,-1.22460635382238E-16,0.));
#85930=DIRECTION('',(1.22460635382238E-16,1.,0.));
#85940=AXIS2_PLACEMENT_3D('',#85910,#85920,#85930);
#85950=PLANE('',#85940);
#85960=CARTESIAN_POINT('',(-11.1800999999967,-1.019594,-13.4));
#85970=DIRECTION('',(0.,-0.,-1.));
#85980=VECTOR('',#85970,1.);
#85990=LINE('',#85960,#85980);
#86000=CARTESIAN_POINT('',(-11.1800999999967,-1.01959399999906,
-16.6999999999999));
#86010=VERTEX_POINT('',#86000);
#86020=EDGE_CURVE('',#2370,#86010,#85990,.T.);
#86030=ORIENTED_EDGE('',*,*,#86020,.F.);
#86040=CARTESIAN_POINT('',(-11.1800999999967,-6.78918799999904,
-16.6999999999998));
#86050=DIRECTION('',(-1.22460635382238E-16,-1.,0.));
#86060=VECTOR('',#86050,1.);
#86070=LINE('',#86040,#86060);
#86080=CARTESIAN_POINT('',(-11.1800999999967,-1.51959399999918,
-16.6999999999996));
#86090=VERTEX_POINT('',#86080);
#86100=EDGE_CURVE('',#86010,#86090,#86070,.T.);
#86110=ORIENTED_EDGE('',*,*,#86100,.F.);
#86120=CARTESIAN_POINT('',(-11.1800999999967,-1.519594,-13.4));
#86130=DIRECTION('',(0.,-0.,-1.));
#86140=VECTOR('',#86130,1.);
#86150=LINE('',#86120,#86140);
#86160=EDGE_CURVE('',#2450,#86090,#86150,.T.);
#86170=ORIENTED_EDGE('',*,*,#86160,.T.);
#86180=ORIENTED_EDGE('',*,*,#2460,.T.);
#86190=EDGE_LOOP('',(#86180,#86170,#86110,#86030));
#86200=FACE_OUTER_BOUND('',#86190,.T.);
#86210=ADVANCED_FACE('',(#86200),#85950,.T.);
#86220=COLOUR_RGB('',1.,1.,0.);
#86230=FILL_AREA_STYLE_COLOUR('',#86220);
#86240=FILL_AREA_STYLE('',(#86230));
#86250=SURFACE_STYLE_FILL_AREA(#86240);
#86260=SURFACE_SIDE_STYLE('',(#86250));
#86270=SURFACE_STYLE_USAGE(.BOTH.,#86260);
#86280=PRESENTATION_STYLE_ASSIGNMENT((#86270));
#86290=CARTESIAN_POINT('',(-11.1800999999967,-1.019594,-13.4));
#86300=DIRECTION('',(1.22460635382238E-16,1.,-0.));
#86310=DIRECTION('',(-1.,1.22460635382238E-16,0.));
#86320=AXIS2_PLACEMENT_3D('',#86290,#86300,#86310);
#86330=PLANE('',#86320);
#86340=CARTESIAN_POINT('',(-11.6800999999967,-1.019594,-13.4));
#86350=DIRECTION('',(0.,-0.,-1.));
#86360=VECTOR('',#86350,1.);
#86370=LINE('',#86340,#86360);
#86380=CARTESIAN_POINT('',(-11.6800999999967,-1.019594,-16.7000000000018
));
#86390=VERTEX_POINT('',#86380);
#86400=EDGE_CURVE('',#2350,#86390,#86370,.T.);
#86410=ORIENTED_EDGE('',*,*,#86400,.F.);
#86420=CARTESIAN_POINT('',(-91.1519819999983,-1.01959399999999,
-16.7000000000062));
#86430=DIRECTION('',(1.,-1.22460635382238E-16,0.));
#86440=VECTOR('',#86430,1.);
#86450=LINE('',#86420,#86440);
#86460=EDGE_CURVE('',#86390,#86010,#86450,.T.);
#86470=ORIENTED_EDGE('',*,*,#86460,.F.);
#86480=ORIENTED_EDGE('',*,*,#86020,.T.);
#86490=ORIENTED_EDGE('',*,*,#2380,.T.);
#86500=EDGE_LOOP('',(#86490,#86480,#86470,#86410));
#86510=FACE_OUTER_BOUND('',#86500,.T.);
#86520=ADVANCED_FACE('',(#86510),#86330,.T.);
#86530=COLOUR_RGB('',1.,1.,0.);
#86540=FILL_AREA_STYLE_COLOUR('',#86530);
#86550=FILL_AREA_STYLE('',(#86540));
#86560=SURFACE_STYLE_FILL_AREA(#86550);
#86570=SURFACE_SIDE_STYLE('',(#86560));
#86580=SURFACE_STYLE_USAGE(.BOTH.,#86570);
#86590=PRESENTATION_STYLE_ASSIGNMENT((#86580));
#86600=CARTESIAN_POINT('',(-11.6800999999967,-1.519594,-13.4));
#86610=DIRECTION('',(-1.22460635382238E-16,-1.,0.));
#86620=DIRECTION('',(1.,-1.22460635382238E-16,0.));
#86630=AXIS2_PLACEMENT_3D('',#86600,#86610,#86620);
#86640=PLANE('',#86630);
#86650=ORIENTED_EDGE('',*,*,#86160,.F.);
#86660=CARTESIAN_POINT('',(-91.1519819999983,-1.51959399999999,
-16.6999999999942));
#86670=DIRECTION('',(-1.,1.22460635382238E-16,0.));
#86680=VECTOR('',#86670,1.);
#86690=LINE('',#86660,#86680);
#86700=CARTESIAN_POINT('',(-11.6800999999967,-1.519594,-16.7000000000018
));
#86710=VERTEX_POINT('',#86700);
#86720=EDGE_CURVE('',#86090,#86710,#86690,.T.);
#86730=ORIENTED_EDGE('',*,*,#86720,.F.);
#86740=CARTESIAN_POINT('',(-11.6800999999967,-1.519594,-13.4));
#86750=DIRECTION('',(0.,-0.,-1.));
#86760=VECTOR('',#86750,1.);
#86770=LINE('',#86740,#86760);
#86780=EDGE_CURVE('',#2530,#86710,#86770,.T.);
#86790=ORIENTED_EDGE('',*,*,#86780,.T.);
#86800=ORIENTED_EDGE('',*,*,#2540,.T.);
#86810=EDGE_LOOP('',(#86800,#86790,#86730,#86650));
#86820=FACE_OUTER_BOUND('',#86810,.T.);
#86830=ADVANCED_FACE('',(#86820),#86640,.T.);
#86840=COLOUR_RGB('',1.,1.,0.);
#86850=FILL_AREA_STYLE_COLOUR('',#86840);
#86860=FILL_AREA_STYLE('',(#86850));
#86870=SURFACE_STYLE_FILL_AREA(#86860);
#86880=SURFACE_SIDE_STYLE('',(#86870));
#86890=SURFACE_STYLE_USAGE(.BOTH.,#86880);
#86900=PRESENTATION_STYLE_ASSIGNMENT((#86890));
#86910=CARTESIAN_POINT('',(-11.6800999999967,-1.019594,-13.4));
#86920=DIRECTION('',(-1.,1.22460635382238E-16,0.));
#86930=DIRECTION('',(-1.22460635382238E-16,-1.,0.));
#86940=AXIS2_PLACEMENT_3D('',#86910,#86920,#86930);
#86950=PLANE('',#86940);
#86960=ORIENTED_EDGE('',*,*,#86780,.F.);
#86970=CARTESIAN_POINT('',(-11.6800999999967,-6.78918799999904,
-16.7000000000018));
#86980=DIRECTION('',(1.22460635382238E-16,1.,0.));
#86990=VECTOR('',#86980,1.);
#87000=LINE('',#86970,#86990);
#87010=EDGE_CURVE('',#86710,#86390,#87000,.T.);
#87020=ORIENTED_EDGE('',*,*,#87010,.F.);
#87030=ORIENTED_EDGE('',*,*,#86400,.T.);
#87040=ORIENTED_EDGE('',*,*,#2600,.T.);
#87050=EDGE_LOOP('',(#87040,#87030,#87020,#86960));
#87060=FACE_OUTER_BOUND('',#87050,.T.);
#87070=ADVANCED_FACE('',(#87060),#86950,.T.);
#87080=COLOUR_RGB('',1.,1.,0.);
#87090=FILL_AREA_STYLE_COLOUR('',#87080);
#87100=FILL_AREA_STYLE('',(#87090));
#87110=SURFACE_STYLE_FILL_AREA(#87100);
#87120=SURFACE_SIDE_STYLE('',(#87110));
#87130=SURFACE_STYLE_USAGE(.BOTH.,#87120);
#87140=PRESENTATION_STYLE_ASSIGNMENT((#87130));
#87150=CARTESIAN_POINT('',(-11.6550999999967,-7.88818799999904,-17.2));
#87160=DIRECTION('',(0.998752338877838,-1.22307846008476E-16,
0.0499376169440196));
#87170=DIRECTION('',(-0.0499376169440196,6.11539230043945E-18,
0.998752338877838));
#87180=AXIS2_PLACEMENT_3D('',#87150,#87160,#87170);
#87190=PLANE('',#87180);
#87200=CARTESIAN_POINT('',(-11.6550999999967,-6.78918799999904,-17.2));
#87210=DIRECTION('',(-1.22460635382238E-16,-1.,0.));
#87220=VECTOR('',#87210,1.);
#87230=LINE('',#87200,#87220);
#87240=CARTESIAN_POINT('',(-11.6550999999967,-1.09459399999904,-17.2));
#87250=VERTEX_POINT('',#87240);
#87260=CARTESIAN_POINT('',(-11.6550999999967,-1.44459399999904,-17.2));
#87270=VERTEX_POINT('',#87260);
#87280=EDGE_CURVE('',#87250,#87270,#87230,.T.);
#87290=ORIENTED_EDGE('',*,*,#87280,.T.);
#87300=CARTESIAN_POINT('',(-5.75223089998161,-18.8032012999917,
-135.257382));
#87310=DIRECTION('',(-0.0493864798326059,0.148159439497377,
0.987729596649592));
#87320=VECTOR('',#87310,1.);
#87330=LINE('',#87300,#87320);
#87340=EDGE_CURVE('',#87250,#86390,#87330,.T.);
#87350=ORIENTED_EDGE('',*,*,#87340,.F.);
#87360=ORIENTED_EDGE('',*,*,#87010,.T.);
#87370=CARTESIAN_POINT('',(-5.7522308999816,16.264013300024,-135.257382)
);
#87380=DIRECTION('',(0.0493864798326041,0.148159439497626,
-0.987729596649555));
#87390=VECTOR('',#87380,1.);
#87400=LINE('',#87370,#87390);
#87410=EDGE_CURVE('',#86710,#87270,#87400,.T.);
#87420=ORIENTED_EDGE('',*,*,#87410,.F.);
#87430=EDGE_LOOP('',(#87420,#87360,#87350,#87290));
#87440=FACE_OUTER_BOUND('',#87430,.T.);
#87450=ADVANCED_FACE('',(#87440),#87190,.F.);
#87460=COLOUR_RGB('',1.,1.,0.);
#87470=FILL_AREA_STYLE_COLOUR('',#87460);
#87480=FILL_AREA_STYLE('',(#87470));
#87490=SURFACE_STYLE_FILL_AREA(#87480);
#87500=SURFACE_SIDE_STYLE('',(#87490));
#87510=SURFACE_STYLE_USAGE(.BOTH.,#87500);
#87520=PRESENTATION_STYLE_ASSIGNMENT((#87510));
#87530=CARTESIAN_POINT('',(-16.5100999999983,-2.98918799999904,-17.2));
#87540=DIRECTION('',(0.,-0.,-1.));
#87550=DIRECTION('',(1.,-1.22460635382238E-16,0.));
#87560=AXIS2_PLACEMENT_3D('',#87530,#87540,#87550);
#87570=PLANE('',#87560);
#87580=CARTESIAN_POINT('',(-91.1519819999983,-1.44459399999902,-17.2));
#87590=DIRECTION('',(1.,-1.22460635382238E-16,0.));
#87600=VECTOR('',#87590,1.);
#87610=LINE('',#87580,#87600);
#87620=CARTESIAN_POINT('',(-11.2050999999967,-1.44459399999904,-17.2));
#87630=VERTEX_POINT('',#87620);
#87640=EDGE_CURVE('',#87270,#87630,#87610,.T.);
#87650=ORIENTED_EDGE('',*,*,#87640,.F.);
#87660=CARTESIAN_POINT('',(-11.2050999999968,-6.78918799999904,-17.2));
#87670=DIRECTION('',(1.22460635382238E-16,1.,0.));
#87680=VECTOR('',#87670,1.);
#87690=LINE('',#87660,#87680);
#87700=CARTESIAN_POINT('',(-11.2050999999967,-1.09459399999904,-17.2));
#87710=VERTEX_POINT('',#87700);
#87720=EDGE_CURVE('',#87630,#87710,#87690,.T.);
#87730=ORIENTED_EDGE('',*,*,#87720,.F.);
#87740=CARTESIAN_POINT('',(-91.1519819999983,-1.09459399999903,-17.2));
#87750=DIRECTION('',(-1.,1.22460635382238E-16,0.));
#87760=VECTOR('',#87750,1.);
#87770=LINE('',#87740,#87760);
#87780=EDGE_CURVE('',#87710,#87250,#87770,.T.);
#87790=ORIENTED_EDGE('',*,*,#87780,.F.);
#87800=ORIENTED_EDGE('',*,*,#87280,.F.);
#87810=EDGE_LOOP('',(#87800,#87790,#87730,#87650));
#87820=FACE_OUTER_BOUND('',#87810,.T.);
#87830=ADVANCED_FACE('',(#87820),#87570,.T.);
#87840=COLOUR_RGB('',1.,1.,0.);
#87850=FILL_AREA_STYLE_COLOUR('',#87840);
#87860=FILL_AREA_STYLE('',(#87850));
#87870=SURFACE_STYLE_FILL_AREA(#87860);
#87880=SURFACE_SIDE_STYLE('',(#87870));
#87890=SURFACE_STYLE_USAGE(.BOTH.,#87880);
#87900=PRESENTATION_STYLE_ASSIGNMENT((#87890));
#87910=CARTESIAN_POINT('',(2.7139000000017,-1.01959399999904,
-16.6999999999998));
#87920=DIRECTION('',(-1.21105774124846E-16,-0.988936352868307,
0.148340452930185));
#87930=DIRECTION('',(-1.81658661187193E-17,-0.148340452930185,
-0.988936352868307));
#87940=AXIS2_PLACEMENT_3D('',#87910,#87920,#87930);
#87950=PLANE('',#87940);
#87960=ORIENTED_EDGE('',*,*,#87780,.T.);
#87970=CARTESIAN_POINT('',(-17.1079691000119,-18.8032012999917,
-135.257382));
#87980=DIRECTION('',(-0.049386479832606,-0.148159439497377,
-0.987729596649592));
#87990=VECTOR('',#87980,1.);
#88000=LINE('',#87970,#87990);
#88010=EDGE_CURVE('',#86010,#87710,#88000,.T.);
#88020=ORIENTED_EDGE('',*,*,#88010,.T.);
#88030=ORIENTED_EDGE('',*,*,#86460,.T.);
#88040=ORIENTED_EDGE('',*,*,#87340,.T.);
#88050=EDGE_LOOP('',(#88040,#88030,#88020,#87960));
#88060=FACE_OUTER_BOUND('',#88050,.T.);
#88070=ADVANCED_FACE('',(#88060),#87950,.F.);
#88080=COLOUR_RGB('',1.,1.,0.);
#88090=FILL_AREA_STYLE_COLOUR('',#88080);
#88100=FILL_AREA_STYLE('',(#88090));
#88110=SURFACE_STYLE_FILL_AREA(#88100);
#88120=SURFACE_SIDE_STYLE('',(#88110));
#88130=SURFACE_STYLE_USAGE(.BOTH.,#88120);
#88140=PRESENTATION_STYLE_ASSIGNMENT((#88130));
#88150=CARTESIAN_POINT('',(-11.1800999999967,-7.88818799999904,
-16.6999999999998));
#88160=DIRECTION('',(-0.998752338877838,1.22307846008476E-16,
0.0499376169440196));
#88170=DIRECTION('',(-0.0499376169440196,6.11539230043945E-18,
-0.998752338877838));
#88180=AXIS2_PLACEMENT_3D('',#88150,#88160,#88170);
#88190=PLANE('',#88180);
#88200=ORIENTED_EDGE('',*,*,#87720,.T.);
#88210=CARTESIAN_POINT('',(-17.1079691000119,16.264013300024,-135.257382
));
#88220=DIRECTION('',(0.0493864798326041,-0.148159439497626,
0.987729596649555));
#88230=VECTOR('',#88220,1.);
#88240=LINE('',#88210,#88230);
#88250=EDGE_CURVE('',#87630,#86090,#88240,.T.);
#88260=ORIENTED_EDGE('',*,*,#88250,.F.);
#88270=ORIENTED_EDGE('',*,*,#86100,.T.);
#88280=ORIENTED_EDGE('',*,*,#88010,.F.);
#88290=EDGE_LOOP('',(#88280,#88270,#88260,#88200));
#88300=FACE_OUTER_BOUND('',#88290,.T.);
#88310=ADVANCED_FACE('',(#88300),#88190,.F.);
#88320=COLOUR_RGB('',1.,1.,0.);
#88330=FILL_AREA_STYLE_COLOUR('',#88320);
#88340=FILL_AREA_STYLE('',(#88330));
#88350=SURFACE_STYLE_FILL_AREA(#88340);
#88360=SURFACE_SIDE_STYLE('',(#88350));
#88370=SURFACE_STYLE_USAGE(.BOTH.,#88360);
#88380=PRESENTATION_STYLE_ASSIGNMENT((#88370));
#88390=CARTESIAN_POINT('',(2.7139000000017,-1.44459399999904,-17.2));
#88400=DIRECTION('',(1.21105774124841E-16,0.988936352868269,
0.148340452930434));
#88410=DIRECTION('',(-1.81658661187498E-17,-0.148340452930434,
0.988936352868269));
#88420=AXIS2_PLACEMENT_3D('',#88390,#88400,#88410);
#88430=PLANE('',#88420);
#88440=ORIENTED_EDGE('',*,*,#86720,.T.);
#88450=ORIENTED_EDGE('',*,*,#88250,.T.);
#88460=ORIENTED_EDGE('',*,*,#87640,.T.);
#88470=ORIENTED_EDGE('',*,*,#87410,.T.);
#88480=EDGE_LOOP('',(#88470,#88460,#88450,#88440));
#88490=FACE_OUTER_BOUND('',#88480,.T.);
#88500=ADVANCED_FACE('',(#88490),#88430,.F.);
#88510=COLOUR_RGB('',1.,1.,0.);
#88520=FILL_AREA_STYLE_COLOUR('',#88510);
#88530=FILL_AREA_STYLE('',(#88520));
#88540=SURFACE_STYLE_FILL_AREA(#88530);
#88550=SURFACE_SIDE_STYLE('',(#88540));
#88560=SURFACE_STYLE_USAGE(.BOTH.,#88550);
#88570=PRESENTATION_STYLE_ASSIGNMENT((#88560));
#88580=CARTESIAN_POINT('',(-8.64009999999668,1.020406,-13.4));
#88590=DIRECTION('',(1.,-1.22460635382238E-16,0.));
#88600=DIRECTION('',(1.22460635382238E-16,1.,0.));
#88610=AXIS2_PLACEMENT_3D('',#88580,#88590,#88600);
#88620=PLANE('',#88610);
#88630=CARTESIAN_POINT('',(-8.64009999999668,1.520406,-13.4));
#88640=DIRECTION('',(0.,-0.,-1.));
#88650=VECTOR('',#88640,1.);
#88660=LINE('',#88630,#88650);
#88670=CARTESIAN_POINT('',(-8.64009999999668,1.52040600000094,
-16.6999999999999));
#88680=VERTEX_POINT('',#88670);
#88690=EDGE_CURVE('',#2710,#88680,#88660,.T.);
#88700=ORIENTED_EDGE('',*,*,#88690,.F.);
#88710=CARTESIAN_POINT('',(-8.64009999999668,-4.24918799999904,
-16.6999999999998));
#88720=DIRECTION('',(-1.22460635382238E-16,-1.,0.));
#88730=VECTOR('',#88720,1.);
#88740=LINE('',#88710,#88730);
#88750=CARTESIAN_POINT('',(-8.64009999999668,1.02040600000082,
-16.6999999999996));
#88760=VERTEX_POINT('',#88750);
#88770=EDGE_CURVE('',#88680,#88760,#88740,.T.);
#88780=ORIENTED_EDGE('',*,*,#88770,.F.);
#88790=CARTESIAN_POINT('',(-8.64009999999668,1.020406,-13.4));
#88800=DIRECTION('',(0.,-0.,-1.));
#88810=VECTOR('',#88800,1.);
#88820=LINE('',#88790,#88810);
#88830=EDGE_CURVE('',#2790,#88760,#88820,.T.);
#88840=ORIENTED_EDGE('',*,*,#88830,.T.);
#88850=ORIENTED_EDGE('',*,*,#2800,.T.);
#88860=EDGE_LOOP('',(#88850,#88840,#88780,#88700));
#88870=FACE_OUTER_BOUND('',#88860,.T.);
#88880=ADVANCED_FACE('',(#88870),#88620,.T.);
#88890=COLOUR_RGB('',1.,1.,0.);
#88900=FILL_AREA_STYLE_COLOUR('',#88890);
#88910=FILL_AREA_STYLE('',(#88900));
#88920=SURFACE_STYLE_FILL_AREA(#88910);
#88930=SURFACE_SIDE_STYLE('',(#88920));
#88940=SURFACE_STYLE_USAGE(.BOTH.,#88930);
#88950=PRESENTATION_STYLE_ASSIGNMENT((#88940));
#88960=CARTESIAN_POINT('',(-8.64009999999668,1.520406,-13.4));
#88970=DIRECTION('',(1.22460635382238E-16,1.,-0.));
#88980=DIRECTION('',(-1.,1.22460635382238E-16,0.));
#88990=AXIS2_PLACEMENT_3D('',#88960,#88970,#88980);
#89000=PLANE('',#88990);
#89010=CARTESIAN_POINT('',(-9.14009999999668,1.520406,-13.4));
#89020=DIRECTION('',(0.,-0.,-1.));
#89030=VECTOR('',#89020,1.);
#89040=LINE('',#89010,#89030);
#89050=CARTESIAN_POINT('',(-9.14009999999668,1.520406,-16.7000000000018)
);
#89060=VERTEX_POINT('',#89050);
#89070=EDGE_CURVE('',#2690,#89060,#89040,.T.);
#89080=ORIENTED_EDGE('',*,*,#89070,.F.);
#89090=CARTESIAN_POINT('',(-88.6119819999983,1.52040600000001,
-16.7000000000062));
#89100=DIRECTION('',(1.,-1.22460635382238E-16,0.));
#89110=VECTOR('',#89100,1.);
#89120=LINE('',#89090,#89110);
#89130=EDGE_CURVE('',#89060,#88680,#89120,.T.);
#89140=ORIENTED_EDGE('',*,*,#89130,.F.);
#89150=ORIENTED_EDGE('',*,*,#88690,.T.);
#89160=ORIENTED_EDGE('',*,*,#2720,.T.);
#89170=EDGE_LOOP('',(#89160,#89150,#89140,#89080));
#89180=FACE_OUTER_BOUND('',#89170,.T.);
#89190=ADVANCED_FACE('',(#89180),#89000,.T.);
#89200=COLOUR_RGB('',1.,1.,0.);
#89210=FILL_AREA_STYLE_COLOUR('',#89200);
#89220=FILL_AREA_STYLE('',(#89210));
#89230=SURFACE_STYLE_FILL_AREA(#89220);
#89240=SURFACE_SIDE_STYLE('',(#89230));
#89250=SURFACE_STYLE_USAGE(.BOTH.,#89240);
#89260=PRESENTATION_STYLE_ASSIGNMENT((#89250));
#89270=CARTESIAN_POINT('',(-9.14009999999668,1.020406,-13.4));
#89280=DIRECTION('',(-1.22460635382238E-16,-1.,0.));
#89290=DIRECTION('',(1.,-1.22460635382238E-16,0.));
#89300=AXIS2_PLACEMENT_3D('',#89270,#89280,#89290);
#89310=PLANE('',#89300);
#89320=ORIENTED_EDGE('',*,*,#88830,.F.);
#89330=CARTESIAN_POINT('',(-88.6119819999983,1.02040600000001,
-16.6999999999942));
#89340=DIRECTION('',(-1.,1.22460635382238E-16,0.));
#89350=VECTOR('',#89340,1.);
#89360=LINE('',#89330,#89350);
#89370=CARTESIAN_POINT('',(-9.14009999999668,1.020406,-16.7000000000018)
);
#89380=VERTEX_POINT('',#89370);
#89390=EDGE_CURVE('',#88760,#89380,#89360,.T.);
#89400=ORIENTED_EDGE('',*,*,#89390,.F.);
#89410=CARTESIAN_POINT('',(-9.14009999999668,1.020406,-13.4));
#89420=DIRECTION('',(0.,-0.,-1.));
#89430=VECTOR('',#89420,1.);
#89440=LINE('',#89410,#89430);
#89450=EDGE_CURVE('',#2870,#89380,#89440,.T.);
#89460=ORIENTED_EDGE('',*,*,#89450,.T.);
#89470=ORIENTED_EDGE('',*,*,#2880,.T.);
#89480=EDGE_LOOP('',(#89470,#89460,#89400,#89320));
#89490=FACE_OUTER_BOUND('',#89480,.T.);
#89500=ADVANCED_FACE('',(#89490),#89310,.T.);
#89510=COLOUR_RGB('',1.,1.,0.);
#89520=FILL_AREA_STYLE_COLOUR('',#89510);
#89530=FILL_AREA_STYLE('',(#89520));
#89540=SURFACE_STYLE_FILL_AREA(#89530);
#89550=SURFACE_SIDE_STYLE('',(#89540));
#89560=SURFACE_STYLE_USAGE(.BOTH.,#89550);
#89570=PRESENTATION_STYLE_ASSIGNMENT((#89560));
#89580=CARTESIAN_POINT('',(-9.14009999999668,1.520406,-13.4));
#89590=DIRECTION('',(-1.,1.22460635382238E-16,0.));
#89600=DIRECTION('',(-1.22460635382238E-16,-1.,0.));
#89610=AXIS2_PLACEMENT_3D('',#89580,#89590,#89600);
#89620=PLANE('',#89610);
#89630=ORIENTED_EDGE('',*,*,#89450,.F.);
#89640=CARTESIAN_POINT('',(-9.14009999999668,-4.24918799999904,
-16.7000000000018));
#89650=DIRECTION('',(1.22460635382238E-16,1.,0.));
#89660=VECTOR('',#89650,1.);
#89670=LINE('',#89640,#89660);
#89680=EDGE_CURVE('',#89380,#89060,#89670,.T.);
#89690=ORIENTED_EDGE('',*,*,#89680,.F.);
#89700=ORIENTED_EDGE('',*,*,#89070,.T.);
#89710=ORIENTED_EDGE('',*,*,#2940,.T.);
#89720=EDGE_LOOP('',(#89710,#89700,#89690,#89630));
#89730=FACE_OUTER_BOUND('',#89720,.T.);
#89740=ADVANCED_FACE('',(#89730),#89620,.T.);
#89750=COLOUR_RGB('',1.,1.,0.);
#89760=FILL_AREA_STYLE_COLOUR('',#89750);
#89770=FILL_AREA_STYLE('',(#89760));
#89780=SURFACE_STYLE_FILL_AREA(#89770);
#89790=SURFACE_SIDE_STYLE('',(#89780));
#89800=SURFACE_STYLE_USAGE(.BOTH.,#89790);
#89810=PRESENTATION_STYLE_ASSIGNMENT((#89800));
#89820=CARTESIAN_POINT('',(-9.1150999999967,-5.34818799999904,-17.2));
#89830=DIRECTION('',(0.998752338877838,-1.22307846008476E-16,
0.0499376169440196));
#89840=DIRECTION('',(-0.0499376169440196,6.11539230043945E-18,
0.998752338877838));
#89850=AXIS2_PLACEMENT_3D('',#89820,#89830,#89840);
#89860=PLANE('',#89850);
#89870=CARTESIAN_POINT('',(-9.1150999999967,-4.24918799999904,-17.2));
#89880=DIRECTION('',(-1.22460635382238E-16,-1.,0.));
#89890=VECTOR('',#89880,1.);
#89900=LINE('',#89870,#89890);
#89910=CARTESIAN_POINT('',(-9.1150999999967,1.44540600000096,-17.2));
#89920=VERTEX_POINT('',#89910);
#89930=CARTESIAN_POINT('',(-9.1150999999967,1.09540600000096,-17.2));
#89940=VERTEX_POINT('',#89930);
#89950=EDGE_CURVE('',#89920,#89940,#89900,.T.);
#89960=ORIENTED_EDGE('',*,*,#89950,.T.);
#89970=CARTESIAN_POINT('',(-3.21223089998161,-16.2632012999917,
-135.257382));
#89980=DIRECTION('',(-0.0493864798326059,0.148159439497377,
0.987729596649592));
#89990=VECTOR('',#89980,1.);
#90000=LINE('',#89970,#89990);
#90010=EDGE_CURVE('',#89920,#89060,#90000,.T.);
#90020=ORIENTED_EDGE('',*,*,#90010,.F.);
#90030=ORIENTED_EDGE('',*,*,#89680,.T.);
#90040=CARTESIAN_POINT('',(-3.21223089998159,18.804013300024,-135.257382
));
#90050=DIRECTION('',(0.0493864798326041,0.148159439497626,
-0.987729596649555));
#90060=VECTOR('',#90050,1.);
#90070=LINE('',#90040,#90060);
#90080=EDGE_CURVE('',#89380,#89940,#90070,.T.);
#90090=ORIENTED_EDGE('',*,*,#90080,.F.);
#90100=EDGE_LOOP('',(#90090,#90030,#90020,#89960));
#90110=FACE_OUTER_BOUND('',#90100,.T.);
#90120=ADVANCED_FACE('',(#90110),#89860,.F.);
#90130=COLOUR_RGB('',1.,1.,0.);
#90140=FILL_AREA_STYLE_COLOUR('',#90130);
#90150=FILL_AREA_STYLE('',(#90140));
#90160=SURFACE_STYLE_FILL_AREA(#90150);
#90170=SURFACE_SIDE_STYLE('',(#90160));
#90180=SURFACE_STYLE_USAGE(.BOTH.,#90170);
#90190=PRESENTATION_STYLE_ASSIGNMENT((#90180));
#90200=CARTESIAN_POINT('',(-13.9700999999983,-0.449187999999037,-17.2));
#90210=DIRECTION('',(0.,-0.,-1.));
#90220=DIRECTION('',(1.,-1.22460635382238E-16,0.));
#90230=AXIS2_PLACEMENT_3D('',#90200,#90210,#90220);
#90240=PLANE('',#90230);
#90250=CARTESIAN_POINT('',(-88.6119819999983,1.09540600000098,-17.2));
#90260=DIRECTION('',(1.,-1.22460635382238E-16,0.));
#90270=VECTOR('',#90260,1.);
#90280=LINE('',#90250,#90270);
#90290=CARTESIAN_POINT('',(-8.6650999999967,1.09540600000096,-17.2));
#90300=VERTEX_POINT('',#90290);
#90310=EDGE_CURVE('',#89940,#90300,#90280,.T.);
#90320=ORIENTED_EDGE('',*,*,#90310,.F.);
#90330=CARTESIAN_POINT('',(-8.66509999999676,-4.24918799999904,-17.2));
#90340=DIRECTION('',(1.22460635382238E-16,1.,0.));
#90350=VECTOR('',#90340,1.);
#90360=LINE('',#90330,#90350);
#90370=CARTESIAN_POINT('',(-8.6650999999967,1.44540600000096,-17.2));
#90380=VERTEX_POINT('',#90370);
#90390=EDGE_CURVE('',#90300,#90380,#90360,.T.);
#90400=ORIENTED_EDGE('',*,*,#90390,.F.);
#90410=CARTESIAN_POINT('',(-88.6119819999983,1.44540600000097,-17.2));
#90420=DIRECTION('',(-1.,1.22460635382238E-16,0.));
#90430=VECTOR('',#90420,1.);
#90440=LINE('',#90410,#90430);
#90450=EDGE_CURVE('',#90380,#89920,#90440,.T.);
#90460=ORIENTED_EDGE('',*,*,#90450,.F.);
#90470=ORIENTED_EDGE('',*,*,#89950,.F.);
#90480=EDGE_LOOP('',(#90470,#90460,#90400,#90320));
#90490=FACE_OUTER_BOUND('',#90480,.T.);
#90500=ADVANCED_FACE('',(#90490),#90240,.T.);
#90510=COLOUR_RGB('',1.,1.,0.);
#90520=FILL_AREA_STYLE_COLOUR('',#90510);
#90530=FILL_AREA_STYLE('',(#90520));
#90540=SURFACE_STYLE_FILL_AREA(#90530);
#90550=SURFACE_SIDE_STYLE('',(#90540));
#90560=SURFACE_STYLE_USAGE(.BOTH.,#90550);
#90570=PRESENTATION_STYLE_ASSIGNMENT((#90560));
#90580=CARTESIAN_POINT('',(5.25390000000171,1.52040600000096,
-16.6999999999998));
#90590=DIRECTION('',(-1.21105774124846E-16,-0.988936352868307,
0.148340452930185));
#90600=DIRECTION('',(-1.81658661187193E-17,-0.148340452930185,
-0.988936352868307));
#90610=AXIS2_PLACEMENT_3D('',#90580,#90590,#90600);
#90620=PLANE('',#90610);
#90630=ORIENTED_EDGE('',*,*,#90450,.T.);
#90640=CARTESIAN_POINT('',(-14.5679691000119,-16.2632012999917,
-135.257382));
#90650=DIRECTION('',(-0.049386479832606,-0.148159439497377,
-0.987729596649592));
#90660=VECTOR('',#90650,1.);
#90670=LINE('',#90640,#90660);
#90680=EDGE_CURVE('',#88680,#90380,#90670,.T.);
#90690=ORIENTED_EDGE('',*,*,#90680,.T.);
#90700=ORIENTED_EDGE('',*,*,#89130,.T.);
#90710=ORIENTED_EDGE('',*,*,#90010,.T.);
#90720=EDGE_LOOP('',(#90710,#90700,#90690,#90630));
#90730=FACE_OUTER_BOUND('',#90720,.T.);
#90740=ADVANCED_FACE('',(#90730),#90620,.F.);
#90750=COLOUR_RGB('',1.,1.,0.);
#90760=FILL_AREA_STYLE_COLOUR('',#90750);
#90770=FILL_AREA_STYLE('',(#90760));
#90780=SURFACE_STYLE_FILL_AREA(#90770);
#90790=SURFACE_SIDE_STYLE('',(#90780));
#90800=SURFACE_STYLE_USAGE(.BOTH.,#90790);
#90810=PRESENTATION_STYLE_ASSIGNMENT((#90800));
#90820=CARTESIAN_POINT('',(-8.64009999999668,-5.34818799999904,
-16.6999999999998));
#90830=DIRECTION('',(-0.998752338877838,1.22307846008476E-16,
0.0499376169440196));
#90840=DIRECTION('',(-0.0499376169440196,6.11539230043945E-18,
-0.998752338877838));
#90850=AXIS2_PLACEMENT_3D('',#90820,#90830,#90840);
#90860=PLANE('',#90850);
#90870=ORIENTED_EDGE('',*,*,#90390,.T.);
#90880=CARTESIAN_POINT('',(-14.5679691000119,18.804013300024,-135.257382
));
#90890=DIRECTION('',(0.0493864798326041,-0.148159439497626,
0.987729596649555));
#90900=VECTOR('',#90890,1.);
#90910=LINE('',#90880,#90900);
#90920=EDGE_CURVE('',#90300,#88760,#90910,.T.);
#90930=ORIENTED_EDGE('',*,*,#90920,.F.);
#90940=ORIENTED_EDGE('',*,*,#88770,.T.);
#90950=ORIENTED_EDGE('',*,*,#90680,.F.);
#90960=EDGE_LOOP('',(#90950,#90940,#90930,#90870));
#90970=FACE_OUTER_BOUND('',#90960,.T.);
#90980=ADVANCED_FACE('',(#90970),#90860,.F.);
#90990=COLOUR_RGB('',1.,1.,0.);
#91000=FILL_AREA_STYLE_COLOUR('',#90990);
#91010=FILL_AREA_STYLE('',(#91000));
#91020=SURFACE_STYLE_FILL_AREA(#91010);
#91030=SURFACE_SIDE_STYLE('',(#91020));
#91040=SURFACE_STYLE_USAGE(.BOTH.,#91030);
#91050=PRESENTATION_STYLE_ASSIGNMENT((#91040));
#91060=CARTESIAN_POINT('',(5.25390000000171,1.09540600000096,-17.2));
#91070=DIRECTION('',(1.21105774124841E-16,0.988936352868269,
0.148340452930434));
#91080=DIRECTION('',(-1.81658661187498E-17,-0.148340452930434,
0.988936352868269));
#91090=AXIS2_PLACEMENT_3D('',#91060,#91070,#91080);
#91100=PLANE('',#91090);
#91110=ORIENTED_EDGE('',*,*,#89390,.T.);
#91120=ORIENTED_EDGE('',*,*,#90920,.T.);
#91130=ORIENTED_EDGE('',*,*,#90310,.T.);
#91140=ORIENTED_EDGE('',*,*,#90080,.T.);
#91150=EDGE_LOOP('',(#91140,#91130,#91120,#91110));
#91160=FACE_OUTER_BOUND('',#91150,.T.);
#91170=ADVANCED_FACE('',(#91160),#91100,.F.);
#91180=COLOUR_RGB('',1.,1.,0.);
#91190=FILL_AREA_STYLE_COLOUR('',#91180);
#91200=FILL_AREA_STYLE('',(#91190));
#91210=SURFACE_STYLE_FILL_AREA(#91200);
#91220=SURFACE_SIDE_STYLE('',(#91210));
#91230=SURFACE_STYLE_USAGE(.BOTH.,#91220);
#91240=PRESENTATION_STYLE_ASSIGNMENT((#91230));
#91250=CARTESIAN_POINT('',(-11.6800999999967,1.020406,-13.4));
#91260=DIRECTION('',(-1.22460635382238E-16,-1.,0.));
#91270=DIRECTION('',(1.,-1.22460635382238E-16,0.));
#91280=AXIS2_PLACEMENT_3D('',#91250,#91260,#91270);
#91290=PLANE('',#91280);
#91300=CARTESIAN_POINT('',(-11.1800999999967,1.020406,-13.4));
#91310=DIRECTION('',(0.,-0.,-1.));
#91320=VECTOR('',#91310,1.);
#91330=LINE('',#91300,#91320);
#91340=CARTESIAN_POINT('',(-11.1800999999967,1.02040600000082,
-16.6999999999996));
#91350=VERTEX_POINT('',#91340);
#91360=EDGE_CURVE('',#3030,#91350,#91330,.T.);
#91370=ORIENTED_EDGE('',*,*,#91360,.F.);
#91380=CARTESIAN_POINT('',(-91.1519819999983,1.02040600000001,
-16.6999999999942));
#91390=DIRECTION('',(-1.,1.22460635382238E-16,0.));
#91400=VECTOR('',#91390,1.);
#91410=LINE('',#91380,#91400);
#91420=CARTESIAN_POINT('',(-11.6800999999967,1.020406,-16.7000000000018)
);
#91430=VERTEX_POINT('',#91420);
#91440=EDGE_CURVE('',#91350,#91430,#91410,.T.);
#91450=ORIENTED_EDGE('',*,*,#91440,.F.);
#91460=CARTESIAN_POINT('',(-11.6800999999967,1.020406,-13.4));
#91470=DIRECTION('',(0.,-0.,-1.));
#91480=VECTOR('',#91470,1.);
#91490=LINE('',#91460,#91480);
#91500=EDGE_CURVE('',#3050,#91430,#91490,.T.);
#91510=ORIENTED_EDGE('',*,*,#91500,.T.);
#91520=ORIENTED_EDGE('',*,*,#3060,.T.);
#91530=EDGE_LOOP('',(#91520,#91510,#91450,#91370));
#91540=FACE_OUTER_BOUND('',#91530,.T.);
#91550=ADVANCED_FACE('',(#91540),#91290,.T.);
#91560=COLOUR_RGB('',1.,1.,0.);
#91570=FILL_AREA_STYLE_COLOUR('',#91560);
#91580=FILL_AREA_STYLE('',(#91570));
#91590=SURFACE_STYLE_FILL_AREA(#91580);
#91600=SURFACE_SIDE_STYLE('',(#91590));
#91610=SURFACE_STYLE_USAGE(.BOTH.,#91600);
#91620=PRESENTATION_STYLE_ASSIGNMENT((#91610));
#91630=CARTESIAN_POINT('',(2.7139000000017,1.09540600000096,-17.2));
#91640=DIRECTION('',(1.21105774124841E-16,0.988936352868269,
0.148340452930434));
#91650=DIRECTION('',(-1.81658661187498E-17,-0.148340452930434,
0.988936352868269));
#91660=AXIS2_PLACEMENT_3D('',#91630,#91640,#91650);
#91670=PLANE('',#91660);
#91680=ORIENTED_EDGE('',*,*,#91440,.T.);
#91690=CARTESIAN_POINT('',(-17.1079691000119,18.804013300024,-135.257382
));
#91700=DIRECTION('',(0.0493864798326041,-0.148159439497626,
0.987729596649555));
#91710=VECTOR('',#91700,1.);
#91720=LINE('',#91690,#91710);
#91730=CARTESIAN_POINT('',(-11.2050999999967,1.09540600000096,-17.2));
#91740=VERTEX_POINT('',#91730);
#91750=EDGE_CURVE('',#91740,#91350,#91720,.T.);
#91760=ORIENTED_EDGE('',*,*,#91750,.T.);
#91770=CARTESIAN_POINT('',(-91.1519819999983,1.09540600000098,-17.2));
#91780=DIRECTION('',(1.,-1.22460635382238E-16,0.));
#91790=VECTOR('',#91780,1.);
#91800=LINE('',#91770,#91790);
#91810=CARTESIAN_POINT('',(-11.6550999999967,1.09540600000096,-17.2));
#91820=VERTEX_POINT('',#91810);
#91830=EDGE_CURVE('',#91820,#91740,#91800,.T.);
#91840=ORIENTED_EDGE('',*,*,#91830,.T.);
#91850=CARTESIAN_POINT('',(-5.7522308999816,18.804013300024,-135.257382)
);
#91860=DIRECTION('',(0.0493864798326041,0.148159439497626,
-0.987729596649555));
#91870=VECTOR('',#91860,1.);
#91880=LINE('',#91850,#91870);
#91890=EDGE_CURVE('',#91430,#91820,#91880,.T.);
#91900=ORIENTED_EDGE('',*,*,#91890,.T.);
#91910=EDGE_LOOP('',(#91900,#91840,#91760,#91680));
#91920=FACE_OUTER_BOUND('',#91910,.T.);
#91930=ADVANCED_FACE('',(#91920),#91670,.F.);
#91940=COLOUR_RGB('',1.,1.,0.);
#91950=FILL_AREA_STYLE_COLOUR('',#91940);
#91960=FILL_AREA_STYLE('',(#91950));
#91970=SURFACE_STYLE_FILL_AREA(#91960);
#91980=SURFACE_SIDE_STYLE('',(#91970));
#91990=SURFACE_STYLE_USAGE(.BOTH.,#91980);
#92000=PRESENTATION_STYLE_ASSIGNMENT((#91990));
#92010=CARTESIAN_POINT('',(-16.5100999999983,-0.449187999999036,-17.2));
#92020=DIRECTION('',(0.,-0.,-1.));
#92030=DIRECTION('',(1.,-1.22460635382238E-16,0.));
#92040=AXIS2_PLACEMENT_3D('',#92010,#92020,#92030);
#92050=PLANE('',#92040);
#92060=ORIENTED_EDGE('',*,*,#91830,.F.);
#92070=CARTESIAN_POINT('',(-11.2050999999968,-4.24918799999904,-17.2));
#92080=DIRECTION('',(1.22460635382238E-16,1.,0.));
#92090=VECTOR('',#92080,1.);
#92100=LINE('',#92070,#92090);
#92110=CARTESIAN_POINT('',(-11.2050999999967,1.44540600000096,-17.2));
#92120=VERTEX_POINT('',#92110);
#92130=EDGE_CURVE('',#91740,#92120,#92100,.T.);
#92140=ORIENTED_EDGE('',*,*,#92130,.F.);
#92150=CARTESIAN_POINT('',(-91.1519819999983,1.44540600000097,-17.2));
#92160=DIRECTION('',(-1.,1.22460635382238E-16,0.));
#92170=VECTOR('',#92160,1.);
#92180=LINE('',#92150,#92170);
#92190=CARTESIAN_POINT('',(-11.6550999999967,1.44540600000096,-17.2));
#92200=VERTEX_POINT('',#92190);
#92210=EDGE_CURVE('',#92120,#92200,#92180,.T.);
#92220=ORIENTED_EDGE('',*,*,#92210,.F.);
#92230=CARTESIAN_POINT('',(-11.6550999999967,-4.24918799999904,-17.2));
#92240=DIRECTION('',(-1.22460635382238E-16,-1.,0.));
#92250=VECTOR('',#92240,1.);
#92260=LINE('',#92230,#92250);
#92270=EDGE_CURVE('',#92200,#91820,#92260,.T.);
#92280=ORIENTED_EDGE('',*,*,#92270,.F.);
#92290=EDGE_LOOP('',(#92280,#92220,#92140,#92060));
#92300=FACE_OUTER_BOUND('',#92290,.T.);
#92310=ADVANCED_FACE('',(#92300),#92050,.T.);
#92320=COLOUR_RGB('',1.,1.,0.);
#92330=FILL_AREA_STYLE_COLOUR('',#92320);
#92340=FILL_AREA_STYLE('',(#92330));
#92350=SURFACE_STYLE_FILL_AREA(#92340);
#92360=SURFACE_SIDE_STYLE('',(#92350));
#92370=SURFACE_STYLE_USAGE(.BOTH.,#92360);
#92380=PRESENTATION_STYLE_ASSIGNMENT((#92370));
#92390=CARTESIAN_POINT('',(-11.6550999999967,-5.34818799999904,-17.2));
#92400=DIRECTION('',(0.998752338877838,-1.22307846008476E-16,
0.0499376169440196));
#92410=DIRECTION('',(-0.0499376169440196,6.11539230043945E-18,
0.998752338877838));
#92420=AXIS2_PLACEMENT_3D('',#92390,#92400,#92410);
#92430=PLANE('',#92420);
#92440=ORIENTED_EDGE('',*,*,#92270,.T.);
#92450=CARTESIAN_POINT('',(-5.75223089998161,-16.2632012999917,
-135.257382));
#92460=DIRECTION('',(-0.0493864798326059,0.148159439497377,
0.987729596649592));
#92470=VECTOR('',#92460,1.);
#92480=LINE('',#92450,#92470);
#92490=CARTESIAN_POINT('',(-11.6800999999967,1.520406,-16.7000000000018)
);
#92500=VERTEX_POINT('',#92490);
#92510=EDGE_CURVE('',#92200,#92500,#92480,.T.);
#92520=ORIENTED_EDGE('',*,*,#92510,.F.);
#92530=CARTESIAN_POINT('',(-11.6800999999967,-4.24918799999904,
-16.7000000000018));
#92540=DIRECTION('',(1.22460635382238E-16,1.,0.));
#92550=VECTOR('',#92540,1.);
#92560=LINE('',#92530,#92550);
#92570=EDGE_CURVE('',#91430,#92500,#92560,.T.);
#92580=ORIENTED_EDGE('',*,*,#92570,.T.);
#92590=ORIENTED_EDGE('',*,*,#91890,.F.);
#92600=EDGE_LOOP('',(#92590,#92580,#92520,#92440));
#92610=FACE_OUTER_BOUND('',#92600,.T.);
#92620=ADVANCED_FACE('',(#92610),#92430,.F.);
#92630=COLOUR_RGB('',1.,1.,0.);
#92640=FILL_AREA_STYLE_COLOUR('',#92630);
#92650=FILL_AREA_STYLE('',(#92640));
#92660=SURFACE_STYLE_FILL_AREA(#92650);
#92670=SURFACE_SIDE_STYLE('',(#92660));
#92680=SURFACE_STYLE_USAGE(.BOTH.,#92670);
#92690=PRESENTATION_STYLE_ASSIGNMENT((#92680));
#92700=CARTESIAN_POINT('',(2.7139000000017,1.52040600000096,
-16.6999999999998));
#92710=DIRECTION('',(-1.21105774124846E-16,-0.988936352868307,
0.148340452930185));
#92720=DIRECTION('',(-1.81658661187193E-17,-0.148340452930185,
-0.988936352868307));
#92730=AXIS2_PLACEMENT_3D('',#92700,#92710,#92720);
#92740=PLANE('',#92730);
#92750=ORIENTED_EDGE('',*,*,#92210,.T.);
#92760=CARTESIAN_POINT('',(-17.1079691000119,-16.2632012999917,
-135.257382));
#92770=DIRECTION('',(-0.049386479832606,-0.148159439497377,
-0.987729596649592));
#92780=VECTOR('',#92770,1.);
#92790=LINE('',#92760,#92780);
#92800=CARTESIAN_POINT('',(-11.1800999999967,1.52040600000094,
-16.6999999999999));
#92810=VERTEX_POINT('',#92800);
#92820=EDGE_CURVE('',#92810,#92120,#92790,.T.);
#92830=ORIENTED_EDGE('',*,*,#92820,.T.);
#92840=CARTESIAN_POINT('',(-91.1519819999983,1.52040600000001,
-16.7000000000062));
#92850=DIRECTION('',(1.,-1.22460635382238E-16,0.));
#92860=VECTOR('',#92850,1.);
#92870=LINE('',#92840,#92860);
#92880=EDGE_CURVE('',#92500,#92810,#92870,.T.);
#92890=ORIENTED_EDGE('',*,*,#92880,.T.);
#92900=ORIENTED_EDGE('',*,*,#92510,.T.);
#92910=EDGE_LOOP('',(#92900,#92890,#92830,#92750));
#92920=FACE_OUTER_BOUND('',#92910,.T.);
#92930=ADVANCED_FACE('',(#92920),#92740,.F.);
#92940=COLOUR_RGB('',1.,1.,0.);
#92950=FILL_AREA_STYLE_COLOUR('',#92940);
#92960=FILL_AREA_STYLE('',(#92950));
#92970=SURFACE_STYLE_FILL_AREA(#92960);
#92980=SURFACE_SIDE_STYLE('',(#92970));
#92990=SURFACE_STYLE_USAGE(.BOTH.,#92980);
#93000=PRESENTATION_STYLE_ASSIGNMENT((#92990));
#93010=CARTESIAN_POINT('',(-11.1800999999967,-5.34818799999904,
-16.6999999999998));
#93020=DIRECTION('',(-0.998752338877838,1.22307846008476E-16,
0.0499376169440196));
#93030=DIRECTION('',(-0.0499376169440196,6.11539230043945E-18,
-0.998752338877838));
#93040=AXIS2_PLACEMENT_3D('',#93010,#93020,#93030);
#93050=PLANE('',#93040);
#93060=ORIENTED_EDGE('',*,*,#92130,.T.);
#93070=ORIENTED_EDGE('',*,*,#91750,.F.);
#93080=CARTESIAN_POINT('',(-11.1800999999967,-4.24918799999904,
-16.6999999999998));
#93090=DIRECTION('',(-1.22460635382238E-16,-1.,0.));
#93100=VECTOR('',#93090,1.);
#93110=LINE('',#93080,#93100);
#93120=EDGE_CURVE('',#92810,#91350,#93110,.T.);
#93130=ORIENTED_EDGE('',*,*,#93120,.T.);
#93140=ORIENTED_EDGE('',*,*,#92820,.F.);
#93150=EDGE_LOOP('',(#93140,#93130,#93070,#93060));
#93160=FACE_OUTER_BOUND('',#93150,.T.);
#93170=ADVANCED_FACE('',(#93160),#93050,.F.);
#93180=COLOUR_RGB('',1.,1.,0.);
#93190=FILL_AREA_STYLE_COLOUR('',#93180);
#93200=FILL_AREA_STYLE('',(#93190));
#93210=SURFACE_STYLE_FILL_AREA(#93200);
#93220=SURFACE_SIDE_STYLE('',(#93210));
#93230=SURFACE_STYLE_USAGE(.BOTH.,#93220);
#93240=PRESENTATION_STYLE_ASSIGNMENT((#93230));
#93250=CARTESIAN_POINT('',(-11.6800999999967,1.520406,-13.4));
#93260=DIRECTION('',(-1.,1.22460635382238E-16,0.));
#93270=DIRECTION('',(-1.22460635382238E-16,-1.,0.));
#93280=AXIS2_PLACEMENT_3D('',#93250,#93260,#93270);
#93290=PLANE('',#93280);
#93300=ORIENTED_EDGE('',*,*,#91500,.F.);
#93310=ORIENTED_EDGE('',*,*,#92570,.F.);
#93320=CARTESIAN_POINT('',(-11.6800999999967,1.520406,-13.4));
#93330=DIRECTION('',(0.,-0.,-1.));
#93340=VECTOR('',#93330,1.);
#93350=LINE('',#93320,#93340);
#93360=EDGE_CURVE('',#3130,#92500,#93350,.T.);
#93370=ORIENTED_EDGE('',*,*,#93360,.T.);
#93380=ORIENTED_EDGE('',*,*,#3140,.T.);
#93390=EDGE_LOOP('',(#93380,#93370,#93310,#93300));
#93400=FACE_OUTER_BOUND('',#93390,.T.);
#93410=ADVANCED_FACE('',(#93400),#93290,.T.);
#93420=COLOUR_RGB('',1.,1.,0.);
#93430=FILL_AREA_STYLE_COLOUR('',#93420);
#93440=FILL_AREA_STYLE('',(#93430));
#93450=SURFACE_STYLE_FILL_AREA(#93440);
#93460=SURFACE_SIDE_STYLE('',(#93450));
#93470=SURFACE_STYLE_USAGE(.BOTH.,#93460);
#93480=PRESENTATION_STYLE_ASSIGNMENT((#93470));
#93490=CARTESIAN_POINT('',(-11.1800999999967,1.520406,-13.4));
#93500=DIRECTION('',(1.22460635382238E-16,1.,-0.));
#93510=DIRECTION('',(-1.,1.22460635382238E-16,0.));
#93520=AXIS2_PLACEMENT_3D('',#93490,#93500,#93510);
#93530=PLANE('',#93520);
#93540=ORIENTED_EDGE('',*,*,#93360,.F.);
#93550=ORIENTED_EDGE('',*,*,#92880,.F.);
#93560=CARTESIAN_POINT('',(-11.1800999999967,1.520406,-13.4));
#93570=DIRECTION('',(0.,-0.,-1.));
#93580=VECTOR('',#93570,1.);
#93590=LINE('',#93560,#93580);
#93600=EDGE_CURVE('',#3210,#92810,#93590,.T.);
#93610=ORIENTED_EDGE('',*,*,#93600,.T.);
#93620=ORIENTED_EDGE('',*,*,#3220,.T.);
#93630=EDGE_LOOP('',(#93620,#93610,#93550,#93540));
#93640=FACE_OUTER_BOUND('',#93630,.T.);
#93650=ADVANCED_FACE('',(#93640),#93530,.T.);
#93660=COLOUR_RGB('',1.,1.,0.);
#93670=FILL_AREA_STYLE_COLOUR('',#93660);
#93680=FILL_AREA_STYLE('',(#93670));
#93690=SURFACE_STYLE_FILL_AREA(#93680);
#93700=SURFACE_SIDE_STYLE('',(#93690));
#93710=SURFACE_STYLE_USAGE(.BOTH.,#93700);
#93720=PRESENTATION_STYLE_ASSIGNMENT((#93710));
#93730=CARTESIAN_POINT('',(-11.1800999999967,1.020406,-13.4));
#93740=DIRECTION('',(1.,-1.22460635382238E-16,0.));
#93750=DIRECTION('',(1.22460635382238E-16,1.,0.));
#93760=AXIS2_PLACEMENT_3D('',#93730,#93740,#93750);
#93770=PLANE('',#93760);
#93780=ORIENTED_EDGE('',*,*,#93600,.F.);
#93790=ORIENTED_EDGE('',*,*,#93120,.F.);
#93800=ORIENTED_EDGE('',*,*,#91360,.T.);
#93810=ORIENTED_EDGE('',*,*,#3280,.T.);
#93820=EDGE_LOOP('',(#93810,#93800,#93790,#93780));
#93830=FACE_OUTER_BOUND('',#93820,.T.);
#93840=ADVANCED_FACE('',(#93830),#93770,.T.);
#93850=COLOUR_RGB('',1.,1.,0.);
#93860=FILL_AREA_STYLE_COLOUR('',#93850);
#93870=FILL_AREA_STYLE('',(#93860));
#93880=SURFACE_STYLE_FILL_AREA(#93870);
#93890=SURFACE_SIDE_STYLE('',(#93880));
#93900=SURFACE_STYLE_USAGE(.BOTH.,#93890);
#93910=PRESENTATION_STYLE_ASSIGNMENT((#93900));
#93920=CARTESIAN_POINT('',(-14.2200999999967,1.020406,-13.4));
#93930=DIRECTION('',(-1.22460635382238E-16,-1.,0.));
#93940=DIRECTION('',(1.,-1.22460635382238E-16,0.));
#93950=AXIS2_PLACEMENT_3D('',#93920,#93930,#93940);
#93960=PLANE('',#93950);
#93970=CARTESIAN_POINT('',(-13.7200999999967,1.020406,-13.4));
#93980=DIRECTION('',(0.,-0.,-1.));
#93990=VECTOR('',#93980,1.);
#94000=LINE('',#93970,#93990);
#94010=CARTESIAN_POINT('',(-13.7200999999967,1.02040600000082,
-16.6999999999996));
#94020=VERTEX_POINT('',#94010);
#94030=EDGE_CURVE('',#3370,#94020,#94000,.T.);
#94040=ORIENTED_EDGE('',*,*,#94030,.F.);
#94050=CARTESIAN_POINT('',(-93.6919819999983,1.02040600000001,
-16.6999999999942));
#94060=DIRECTION('',(-1.,1.22460635382238E-16,0.));
#94070=VECTOR('',#94060,1.);
#94080=LINE('',#94050,#94070);
#94090=CARTESIAN_POINT('',(-14.2200999999967,1.020406,-16.7000000000018)
);
#94100=VERTEX_POINT('',#94090);
#94110=EDGE_CURVE('',#94020,#94100,#94080,.T.);
#94120=ORIENTED_EDGE('',*,*,#94110,.F.);
#94130=CARTESIAN_POINT('',(-14.2200999999967,1.020406,-13.4));
#94140=DIRECTION('',(0.,-0.,-1.));
#94150=VECTOR('',#94140,1.);
#94160=LINE('',#94130,#94150);
#94170=EDGE_CURVE('',#3390,#94100,#94160,.T.);
#94180=ORIENTED_EDGE('',*,*,#94170,.T.);
#94190=ORIENTED_EDGE('',*,*,#3400,.T.);
#94200=EDGE_LOOP('',(#94190,#94180,#94120,#94040));
#94210=FACE_OUTER_BOUND('',#94200,.T.);
#94220=ADVANCED_FACE('',(#94210),#93960,.T.);
#94230=COLOUR_RGB('',1.,1.,0.);
#94240=FILL_AREA_STYLE_COLOUR('',#94230);
#94250=FILL_AREA_STYLE('',(#94240));
#94260=SURFACE_STYLE_FILL_AREA(#94250);
#94270=SURFACE_SIDE_STYLE('',(#94260));
#94280=SURFACE_STYLE_USAGE(.BOTH.,#94270);
#94290=PRESENTATION_STYLE_ASSIGNMENT((#94280));
#94300=CARTESIAN_POINT('',(0.173900000001709,1.09540600000096,-17.2));
#94310=DIRECTION('',(1.21105774124841E-16,0.988936352868269,
0.148340452930434));
#94320=DIRECTION('',(-1.81658661187498E-17,-0.148340452930434,
0.988936352868269));
#94330=AXIS2_PLACEMENT_3D('',#94300,#94310,#94320);
#94340=PLANE('',#94330);
#94350=ORIENTED_EDGE('',*,*,#94110,.T.);
#94360=CARTESIAN_POINT('',(-19.6479691000118,18.804013300024,-135.257382
));
#94370=DIRECTION('',(0.0493864798326041,-0.148159439497626,
0.987729596649555));
#94380=VECTOR('',#94370,1.);
#94390=LINE('',#94360,#94380);
#94400=CARTESIAN_POINT('',(-13.7450999999967,1.09540600000096,-17.2));
#94410=VERTEX_POINT('',#94400);
#94420=EDGE_CURVE('',#94410,#94020,#94390,.T.);
#94430=ORIENTED_EDGE('',*,*,#94420,.T.);
#94440=CARTESIAN_POINT('',(-93.6919819999983,1.09540600000098,-17.2));
#94450=DIRECTION('',(1.,-1.22460635382238E-16,0.));
#94460=VECTOR('',#94450,1.);
#94470=LINE('',#94440,#94460);
#94480=CARTESIAN_POINT('',(-14.1950999999967,1.09540600000096,-17.2));
#94490=VERTEX_POINT('',#94480);
#94500=EDGE_CURVE('',#94490,#94410,#94470,.T.);
#94510=ORIENTED_EDGE('',*,*,#94500,.T.);
#94520=CARTESIAN_POINT('',(-8.29223089998159,18.804013300024,-135.257382
));
#94530=DIRECTION('',(0.0493864798326041,0.148159439497626,
-0.987729596649555));
#94540=VECTOR('',#94530,1.);
#94550=LINE('',#94520,#94540);
#94560=EDGE_CURVE('',#94100,#94490,#94550,.T.);
#94570=ORIENTED_EDGE('',*,*,#94560,.T.);
#94580=EDGE_LOOP('',(#94570,#94510,#94430,#94350));
#94590=FACE_OUTER_BOUND('',#94580,.T.);
#94600=ADVANCED_FACE('',(#94590),#94340,.F.);
#94610=COLOUR_RGB('',1.,1.,0.);
#94620=FILL_AREA_STYLE_COLOUR('',#94610);
#94630=FILL_AREA_STYLE('',(#94620));
#94640=SURFACE_STYLE_FILL_AREA(#94630);
#94650=SURFACE_SIDE_STYLE('',(#94640));
#94660=SURFACE_STYLE_USAGE(.BOTH.,#94650);
#94670=PRESENTATION_STYLE_ASSIGNMENT((#94660));
#94680=CARTESIAN_POINT('',(-19.0500999999983,-0.449187999999037,-17.2));
#94690=DIRECTION('',(0.,-0.,-1.));
#94700=DIRECTION('',(1.,-1.22460635382238E-16,0.));
#94710=AXIS2_PLACEMENT_3D('',#94680,#94690,#94700);
#94720=PLANE('',#94710);
#94730=ORIENTED_EDGE('',*,*,#94500,.F.);
#94740=CARTESIAN_POINT('',(-13.7450999999968,-4.24918799999904,-17.2));
#94750=DIRECTION('',(1.22460635382238E-16,1.,0.));
#94760=VECTOR('',#94750,1.);
#94770=LINE('',#94740,#94760);
#94780=CARTESIAN_POINT('',(-13.7450999999967,1.44540600000096,-17.2));
#94790=VERTEX_POINT('',#94780);
#94800=EDGE_CURVE('',#94410,#94790,#94770,.T.);
#94810=ORIENTED_EDGE('',*,*,#94800,.F.);
#94820=CARTESIAN_POINT('',(-93.6919819999983,1.44540600000097,-17.2));
#94830=DIRECTION('',(-1.,1.22460635382238E-16,0.));
#94840=VECTOR('',#94830,1.);
#94850=LINE('',#94820,#94840);
#94860=CARTESIAN_POINT('',(-14.1950999999967,1.44540600000096,-17.2));
#94870=VERTEX_POINT('',#94860);
#94880=EDGE_CURVE('',#94790,#94870,#94850,.T.);
#94890=ORIENTED_EDGE('',*,*,#94880,.F.);
#94900=CARTESIAN_POINT('',(-14.1950999999967,-4.24918799999904,-17.2));
#94910=DIRECTION('',(-1.22460635382238E-16,-1.,0.));
#94920=VECTOR('',#94910,1.);
#94930=LINE('',#94900,#94920);
#94940=EDGE_CURVE('',#94870,#94490,#94930,.T.);
#94950=ORIENTED_EDGE('',*,*,#94940,.F.);
#94960=EDGE_LOOP('',(#94950,#94890,#94810,#94730));
#94970=FACE_OUTER_BOUND('',#94960,.T.);
#94980=ADVANCED_FACE('',(#94970),#94720,.T.);
#94990=COLOUR_RGB('',1.,1.,0.);
#95000=FILL_AREA_STYLE_COLOUR('',#94990);
#95010=FILL_AREA_STYLE('',(#95000));
#95020=SURFACE_STYLE_FILL_AREA(#95010);
#95030=SURFACE_SIDE_STYLE('',(#95020));
#95040=SURFACE_STYLE_USAGE(.BOTH.,#95030);
#95050=PRESENTATION_STYLE_ASSIGNMENT((#95040));
#95060=CARTESIAN_POINT('',(-14.1950999999967,-5.34818799999904,-17.2));
#95070=DIRECTION('',(0.998752338877838,-1.22307846008476E-16,
0.0499376169440196));
#95080=DIRECTION('',(-0.0499376169440196,6.11539230043945E-18,
0.998752338877838));
#95090=AXIS2_PLACEMENT_3D('',#95060,#95070,#95080);
#95100=PLANE('',#95090);
#95110=ORIENTED_EDGE('',*,*,#94940,.T.);
#95120=CARTESIAN_POINT('',(-8.2922308999816,-16.2632012999917,
-135.257382));
#95130=DIRECTION('',(-0.0493864798326059,0.148159439497377,
0.987729596649592));
#95140=VECTOR('',#95130,1.);
#95150=LINE('',#95120,#95140);
#95160=CARTESIAN_POINT('',(-14.2200999999967,1.520406,-16.7000000000018)
);
#95170=VERTEX_POINT('',#95160);
#95180=EDGE_CURVE('',#94870,#95170,#95150,.T.);
#95190=ORIENTED_EDGE('',*,*,#95180,.F.);
#95200=CARTESIAN_POINT('',(-14.2200999999967,-4.24918799999904,
-16.7000000000018));
#95210=DIRECTION('',(1.22460635382238E-16,1.,0.));
#95220=VECTOR('',#95210,1.);
#95230=LINE('',#95200,#95220);
#95240=EDGE_CURVE('',#94100,#95170,#95230,.T.);
#95250=ORIENTED_EDGE('',*,*,#95240,.T.);
#95260=ORIENTED_EDGE('',*,*,#94560,.F.);
#95270=EDGE_LOOP('',(#95260,#95250,#95190,#95110));
#95280=FACE_OUTER_BOUND('',#95270,.T.);
#95290=ADVANCED_FACE('',(#95280),#95100,.F.);
#95300=COLOUR_RGB('',1.,1.,0.);
#95310=FILL_AREA_STYLE_COLOUR('',#95300);
#95320=FILL_AREA_STYLE('',(#95310));
#95330=SURFACE_STYLE_FILL_AREA(#95320);
#95340=SURFACE_SIDE_STYLE('',(#95330));
#95350=SURFACE_STYLE_USAGE(.BOTH.,#95340);
#95360=PRESENTATION_STYLE_ASSIGNMENT((#95350));
#95370=CARTESIAN_POINT('',(0.173900000001709,1.52040600000096,
-16.6999999999998));
#95380=DIRECTION('',(-1.21105774124846E-16,-0.988936352868307,
0.148340452930185));
#95390=DIRECTION('',(-1.81658661187193E-17,-0.148340452930185,
-0.988936352868307));
#95400=AXIS2_PLACEMENT_3D('',#95370,#95380,#95390);
#95410=PLANE('',#95400);
#95420=ORIENTED_EDGE('',*,*,#94880,.T.);
#95430=CARTESIAN_POINT('',(-19.6479691000118,-16.2632012999917,
-135.257382));
#95440=DIRECTION('',(-0.049386479832606,-0.148159439497377,
-0.987729596649592));
#95450=VECTOR('',#95440,1.);
#95460=LINE('',#95430,#95450);
#95470=CARTESIAN_POINT('',(-13.7200999999967,1.52040600000094,
-16.6999999999999));
#95480=VERTEX_POINT('',#95470);
#95490=EDGE_CURVE('',#95480,#94790,#95460,.T.);
#95500=ORIENTED_EDGE('',*,*,#95490,.T.);
#95510=CARTESIAN_POINT('',(-93.6919819999983,1.52040600000001,
-16.7000000000062));
#95520=DIRECTION('',(1.,-1.22460635382238E-16,0.));
#95530=VECTOR('',#95520,1.);
#95540=LINE('',#95510,#95530);
#95550=EDGE_CURVE('',#95170,#95480,#95540,.T.);
#95560=ORIENTED_EDGE('',*,*,#95550,.T.);
#95570=ORIENTED_EDGE('',*,*,#95180,.T.);
#95580=EDGE_LOOP('',(#95570,#95560,#95500,#95420));
#95590=FACE_OUTER_BOUND('',#95580,.T.);
#95600=ADVANCED_FACE('',(#95590),#95410,.F.);
#95610=COLOUR_RGB('',1.,1.,0.);
#95620=FILL_AREA_STYLE_COLOUR('',#95610);
#95630=FILL_AREA_STYLE('',(#95620));
#95640=SURFACE_STYLE_FILL_AREA(#95630);
#95650=SURFACE_SIDE_STYLE('',(#95640));
#95660=SURFACE_STYLE_USAGE(.BOTH.,#95650);
#95670=PRESENTATION_STYLE_ASSIGNMENT((#95660));
#95680=CARTESIAN_POINT('',(-13.7200999999967,-5.34818799999904,
-16.6999999999998));
#95690=DIRECTION('',(-0.998752338877838,1.22307846008476E-16,
0.0499376169440196));
#95700=DIRECTION('',(-0.0499376169440196,6.11539230043945E-18,
-0.998752338877838));
#95710=AXIS2_PLACEMENT_3D('',#95680,#95690,#95700);
#95720=PLANE('',#95710);
#95730=ORIENTED_EDGE('',*,*,#94800,.T.);
#95740=ORIENTED_EDGE('',*,*,#94420,.F.);
#95750=CARTESIAN_POINT('',(-13.7200999999967,-4.24918799999904,
-16.6999999999998));
#95760=DIRECTION('',(-1.22460635382238E-16,-1.,0.));
#95770=VECTOR('',#95760,1.);
#95780=LINE('',#95750,#95770);
#95790=EDGE_CURVE('',#95480,#94020,#95780,.T.);
#95800=ORIENTED_EDGE('',*,*,#95790,.T.);
#95810=ORIENTED_EDGE('',*,*,#95490,.F.);
#95820=EDGE_LOOP('',(#95810,#95800,#95740,#95730));
#95830=FACE_OUTER_BOUND('',#95820,.T.);
#95840=ADVANCED_FACE('',(#95830),#95720,.F.);
#95850=COLOUR_RGB('',1.,1.,0.);
#95860=FILL_AREA_STYLE_COLOUR('',#95850);
#95870=FILL_AREA_STYLE('',(#95860));
#95880=SURFACE_STYLE_FILL_AREA(#95870);
#95890=SURFACE_SIDE_STYLE('',(#95880));
#95900=SURFACE_STYLE_USAGE(.BOTH.,#95890);
#95910=PRESENTATION_STYLE_ASSIGNMENT((#95900));
#95920=CARTESIAN_POINT('',(-14.2200999999967,1.520406,-13.4));
#95930=DIRECTION('',(-1.,1.22460635382238E-16,0.));
#95940=DIRECTION('',(-1.22460635382238E-16,-1.,0.));
#95950=AXIS2_PLACEMENT_3D('',#95920,#95930,#95940);
#95960=PLANE('',#95950);
#95970=ORIENTED_EDGE('',*,*,#94170,.F.);
#95980=ORIENTED_EDGE('',*,*,#95240,.F.);
#95990=CARTESIAN_POINT('',(-14.2200999999967,1.520406,-13.4));
#96000=DIRECTION('',(0.,-0.,-1.));
#96010=VECTOR('',#96000,1.);
#96020=LINE('',#95990,#96010);
#96030=EDGE_CURVE('',#3470,#95170,#96020,.T.);
#96040=ORIENTED_EDGE('',*,*,#96030,.T.);
#96050=ORIENTED_EDGE('',*,*,#3480,.T.);
#96060=EDGE_LOOP('',(#96050,#96040,#95980,#95970));
#96070=FACE_OUTER_BOUND('',#96060,.T.);
#96080=ADVANCED_FACE('',(#96070),#95960,.T.);
#96090=COLOUR_RGB('',1.,1.,0.);
#96100=FILL_AREA_STYLE_COLOUR('',#96090);
#96110=FILL_AREA_STYLE('',(#96100));
#96120=SURFACE_STYLE_FILL_AREA(#96110);
#96130=SURFACE_SIDE_STYLE('',(#96120));
#96140=SURFACE_STYLE_USAGE(.BOTH.,#96130);
#96150=PRESENTATION_STYLE_ASSIGNMENT((#96140));
#96160=CARTESIAN_POINT('',(-13.7200999999967,1.520406,-13.4));
#96170=DIRECTION('',(1.22460635382238E-16,1.,-0.));
#96180=DIRECTION('',(-1.,1.22460635382238E-16,0.));
#96190=AXIS2_PLACEMENT_3D('',#96160,#96170,#96180);
#96200=PLANE('',#96190);
#96210=ORIENTED_EDGE('',*,*,#96030,.F.);
#96220=ORIENTED_EDGE('',*,*,#95550,.F.);
#96230=CARTESIAN_POINT('',(-13.7200999999967,1.520406,-13.4));
#96240=DIRECTION('',(0.,-0.,-1.));
#96250=VECTOR('',#96240,1.);
#96260=LINE('',#96230,#96250);
#96270=EDGE_CURVE('',#3550,#95480,#96260,.T.);
#96280=ORIENTED_EDGE('',*,*,#96270,.T.);
#96290=ORIENTED_EDGE('',*,*,#3560,.T.);
#96300=EDGE_LOOP('',(#96290,#96280,#96220,#96210));
#96310=FACE_OUTER_BOUND('',#96300,.T.);
#96320=ADVANCED_FACE('',(#96310),#96200,.T.);
#96330=COLOUR_RGB('',1.,1.,0.);
#96340=FILL_AREA_STYLE_COLOUR('',#96330);
#96350=FILL_AREA_STYLE('',(#96340));
#96360=SURFACE_STYLE_FILL_AREA(#96350);
#96370=SURFACE_SIDE_STYLE('',(#96360));
#96380=SURFACE_STYLE_USAGE(.BOTH.,#96370);
#96390=PRESENTATION_STYLE_ASSIGNMENT((#96380));
#96400=CARTESIAN_POINT('',(-13.7200999999967,1.020406,-13.4));
#96410=DIRECTION('',(1.,-1.22460635382238E-16,0.));
#96420=DIRECTION('',(1.22460635382238E-16,1.,0.));
#96430=AXIS2_PLACEMENT_3D('',#96400,#96410,#96420);
#96440=PLANE('',#96430);
#96450=ORIENTED_EDGE('',*,*,#96270,.F.);
#96460=ORIENTED_EDGE('',*,*,#95790,.F.);
#96470=ORIENTED_EDGE('',*,*,#94030,.T.);
#96480=ORIENTED_EDGE('',*,*,#3620,.T.);
#96490=EDGE_LOOP('',(#96480,#96470,#96460,#96450));
#96500=FACE_OUTER_BOUND('',#96490,.T.);
#96510=ADVANCED_FACE('',(#96500),#96440,.T.);
#96520=COLOUR_RGB('',1.,1.,0.);
#96530=FILL_AREA_STYLE_COLOUR('',#96520);
#96540=FILL_AREA_STYLE('',(#96530));
#96550=SURFACE_STYLE_FILL_AREA(#96540);
#96560=SURFACE_SIDE_STYLE('',(#96550));
#96570=SURFACE_STYLE_USAGE(.BOTH.,#96560);
#96580=PRESENTATION_STYLE_ASSIGNMENT((#96570));
#96590=CARTESIAN_POINT('',(-16.2600999999967,1.020406,-13.4));
#96600=DIRECTION('',(1.,-1.22460635382238E-16,0.));
#96610=DIRECTION('',(1.22460635382238E-16,1.,0.));
#96620=AXIS2_PLACEMENT_3D('',#96590,#96600,#96610);
#96630=PLANE('',#96620);
#96640=CARTESIAN_POINT('',(-16.2600999999967,1.520406,-13.4));
#96650=DIRECTION('',(0.,-0.,-1.));
#96660=VECTOR('',#96650,1.);
#96670=LINE('',#96640,#96660);
#96680=CARTESIAN_POINT('',(-16.2600999999967,1.52040600000094,
-16.6999999999999));
#96690=VERTEX_POINT('',#96680);
#96700=EDGE_CURVE('',#3730,#96690,#96670,.T.);
#96710=ORIENTED_EDGE('',*,*,#96700,.F.);
#96720=CARTESIAN_POINT('',(-16.2600999999967,-4.24918799999904,
-16.6999999999998));
#96730=DIRECTION('',(-1.22460635382238E-16,-1.,0.));
#96740=VECTOR('',#96730,1.);
#96750=LINE('',#96720,#96740);
#96760=CARTESIAN_POINT('',(-16.2600999999967,1.02040600000082,
-16.6999999999996));
#96770=VERTEX_POINT('',#96760);
#96780=EDGE_CURVE('',#96690,#96770,#96750,.T.);
#96790=ORIENTED_EDGE('',*,*,#96780,.F.);
#96800=CARTESIAN_POINT('',(-16.2600999999967,1.020406,-13.4));
#96810=DIRECTION('',(0.,-0.,-1.));
#96820=VECTOR('',#96810,1.);
#96830=LINE('',#96800,#96820);
#96840=EDGE_CURVE('',#3810,#96770,#96830,.T.);
#96850=ORIENTED_EDGE('',*,*,#96840,.T.);
#96860=ORIENTED_EDGE('',*,*,#3820,.T.);
#96870=EDGE_LOOP('',(#96860,#96850,#96790,#96710));
#96880=FACE_OUTER_BOUND('',#96870,.T.);
#96890=ADVANCED_FACE('',(#96880),#96630,.T.);
#96900=COLOUR_RGB('',1.,1.,0.);
#96910=FILL_AREA_STYLE_COLOUR('',#96900);
#96920=FILL_AREA_STYLE('',(#96910));
#96930=SURFACE_STYLE_FILL_AREA(#96920);
#96940=SURFACE_SIDE_STYLE('',(#96930));
#96950=SURFACE_STYLE_USAGE(.BOTH.,#96940);
#96960=PRESENTATION_STYLE_ASSIGNMENT((#96950));
#96970=CARTESIAN_POINT('',(-16.2600999999967,1.520406,-13.4));
#96980=DIRECTION('',(1.22460635382238E-16,1.,-0.));
#96990=DIRECTION('',(-1.,1.22460635382238E-16,0.));
#97000=AXIS2_PLACEMENT_3D('',#96970,#96980,#96990);
#97010=PLANE('',#97000);
#97020=CARTESIAN_POINT('',(-16.7600999999967,1.520406,-13.4));
#97030=DIRECTION('',(0.,-0.,-1.));
#97040=VECTOR('',#97030,1.);
#97050=LINE('',#97020,#97040);
#97060=CARTESIAN_POINT('',(-16.7600999999967,1.520406,-16.7000000000018)
);
#97070=VERTEX_POINT('',#97060);
#97080=EDGE_CURVE('',#3710,#97070,#97050,.T.);
#97090=ORIENTED_EDGE('',*,*,#97080,.F.);
#97100=CARTESIAN_POINT('',(-96.2319819999983,1.52040600000001,
-16.7000000000062));
#97110=DIRECTION('',(1.,-1.22460635382238E-16,0.));
#97120=VECTOR('',#97110,1.);
#97130=LINE('',#97100,#97120);
#97140=EDGE_CURVE('',#97070,#96690,#97130,.T.);
#97150=ORIENTED_EDGE('',*,*,#97140,.F.);
#97160=ORIENTED_EDGE('',*,*,#96700,.T.);
#97170=ORIENTED_EDGE('',*,*,#3740,.T.);
#97180=EDGE_LOOP('',(#97170,#97160,#97150,#97090));
#97190=FACE_OUTER_BOUND('',#97180,.T.);
#97200=ADVANCED_FACE('',(#97190),#97010,.T.);
#97210=COLOUR_RGB('',1.,1.,0.);
#97220=FILL_AREA_STYLE_COLOUR('',#97210);
#97230=FILL_AREA_STYLE('',(#97220));
#97240=SURFACE_STYLE_FILL_AREA(#97230);
#97250=SURFACE_SIDE_STYLE('',(#97240));
#97260=SURFACE_STYLE_USAGE(.BOTH.,#97250);
#97270=PRESENTATION_STYLE_ASSIGNMENT((#97260));
#97280=CARTESIAN_POINT('',(-16.7600999999967,1.020406,-13.4));
#97290=DIRECTION('',(-1.22460635382238E-16,-1.,0.));
#97300=DIRECTION('',(1.,-1.22460635382238E-16,0.));
#97310=AXIS2_PLACEMENT_3D('',#97280,#97290,#97300);
#97320=PLANE('',#97310);
#97330=ORIENTED_EDGE('',*,*,#96840,.F.);
#97340=CARTESIAN_POINT('',(-96.2319819999983,1.02040600000001,
-16.6999999999942));
#97350=DIRECTION('',(-1.,1.22460635382238E-16,0.));
#97360=VECTOR('',#97350,1.);
#97370=LINE('',#97340,#97360);
#97380=CARTESIAN_POINT('',(-16.7600999999967,1.020406,-16.7000000000018)
);
#97390=VERTEX_POINT('',#97380);
#97400=EDGE_CURVE('',#96770,#97390,#97370,.T.);
#97410=ORIENTED_EDGE('',*,*,#97400,.F.);
#97420=CARTESIAN_POINT('',(-16.7600999999967,1.020406,-13.4));
#97430=DIRECTION('',(0.,-0.,-1.));
#97440=VECTOR('',#97430,1.);
#97450=LINE('',#97420,#97440);
#97460=EDGE_CURVE('',#3890,#97390,#97450,.T.);
#97470=ORIENTED_EDGE('',*,*,#97460,.T.);
#97480=ORIENTED_EDGE('',*,*,#3900,.T.);
#97490=EDGE_LOOP('',(#97480,#97470,#97410,#97330));
#97500=FACE_OUTER_BOUND('',#97490,.T.);
#97510=ADVANCED_FACE('',(#97500),#97320,.T.);
#97520=COLOUR_RGB('',1.,1.,0.);
#97530=FILL_AREA_STYLE_COLOUR('',#97520);
#97540=FILL_AREA_STYLE('',(#97530));
#97550=SURFACE_STYLE_FILL_AREA(#97540);
#97560=SURFACE_SIDE_STYLE('',(#97550));
#97570=SURFACE_STYLE_USAGE(.BOTH.,#97560);
#97580=PRESENTATION_STYLE_ASSIGNMENT((#97570));
#97590=CARTESIAN_POINT('',(-16.7600999999967,1.520406,-13.4));
#97600=DIRECTION('',(-1.,1.22460635382238E-16,0.));
#97610=DIRECTION('',(-1.22460635382238E-16,-1.,0.));
#97620=AXIS2_PLACEMENT_3D('',#97590,#97600,#97610);
#97630=PLANE('',#97620);
#97640=ORIENTED_EDGE('',*,*,#97460,.F.);
#97650=CARTESIAN_POINT('',(-16.7600999999967,-4.24918799999904,
-16.7000000000018));
#97660=DIRECTION('',(1.22460635382238E-16,1.,0.));
#97670=VECTOR('',#97660,1.);
#97680=LINE('',#97650,#97670);
#97690=EDGE_CURVE('',#97390,#97070,#97680,.T.);
#97700=ORIENTED_EDGE('',*,*,#97690,.F.);
#97710=ORIENTED_EDGE('',*,*,#97080,.T.);
#97720=ORIENTED_EDGE('',*,*,#3960,.T.);
#97730=EDGE_LOOP('',(#97720,#97710,#97700,#97640));
#97740=FACE_OUTER_BOUND('',#97730,.T.);
#97750=ADVANCED_FACE('',(#97740),#97630,.T.);
#97760=COLOUR_RGB('',1.,1.,0.);
#97770=FILL_AREA_STYLE_COLOUR('',#97760);
#97780=FILL_AREA_STYLE('',(#97770));
#97790=SURFACE_STYLE_FILL_AREA(#97780);
#97800=SURFACE_SIDE_STYLE('',(#97790));
#97810=SURFACE_STYLE_USAGE(.BOTH.,#97800);
#97820=PRESENTATION_STYLE_ASSIGNMENT((#97810));
#97830=CARTESIAN_POINT('',(-16.7350999999967,-5.34818799999904,-17.2));
#97840=DIRECTION('',(0.998752338877838,-1.22307846008476E-16,
0.0499376169440196));
#97850=DIRECTION('',(-0.0499376169440196,6.11539230043945E-18,
0.998752338877838));
#97860=AXIS2_PLACEMENT_3D('',#97830,#97840,#97850);
#97870=PLANE('',#97860);
#97880=CARTESIAN_POINT('',(-16.7350999999967,-4.24918799999904,-17.2));
#97890=DIRECTION('',(-1.22460635382238E-16,-1.,0.));
#97900=VECTOR('',#97890,1.);
#97910=LINE('',#97880,#97900);
#97920=CARTESIAN_POINT('',(-16.7350999999967,1.44540600000096,-17.2));
#97930=VERTEX_POINT('',#97920);
#97940=CARTESIAN_POINT('',(-16.7350999999967,1.09540600000096,-17.2));
#97950=VERTEX_POINT('',#97940);
#97960=EDGE_CURVE('',#97930,#97950,#97910,.T.);
#97970=ORIENTED_EDGE('',*,*,#97960,.T.);
#97980=CARTESIAN_POINT('',(-10.8322308999816,-16.2632012999917,
-135.257382));
#97990=DIRECTION('',(-0.0493864798326059,0.148159439497377,
0.987729596649592));
#98000=VECTOR('',#97990,1.);
#98010=LINE('',#97980,#98000);
#98020=EDGE_CURVE('',#97930,#97070,#98010,.T.);
#98030=ORIENTED_EDGE('',*,*,#98020,.F.);
#98040=ORIENTED_EDGE('',*,*,#97690,.T.);
#98050=CARTESIAN_POINT('',(-10.8322308999816,18.804013300024,-135.257382
));
#98060=DIRECTION('',(0.0493864798326041,0.148159439497626,
-0.987729596649555));
#98070=VECTOR('',#98060,1.);
#98080=LINE('',#98050,#98070);
#98090=EDGE_CURVE('',#97390,#97950,#98080,.T.);
#98100=ORIENTED_EDGE('',*,*,#98090,.F.);
#98110=EDGE_LOOP('',(#98100,#98040,#98030,#97970));
#98120=FACE_OUTER_BOUND('',#98110,.T.);
#98130=ADVANCED_FACE('',(#98120),#97870,.F.);
#98140=COLOUR_RGB('',1.,1.,0.);
#98150=FILL_AREA_STYLE_COLOUR('',#98140);
#98160=FILL_AREA_STYLE('',(#98150));
#98170=SURFACE_STYLE_FILL_AREA(#98160);
#98180=SURFACE_SIDE_STYLE('',(#98170));
#98190=SURFACE_STYLE_USAGE(.BOTH.,#98180);
#98200=PRESENTATION_STYLE_ASSIGNMENT((#98190));
#98210=CARTESIAN_POINT('',(-21.5900999999983,-0.449187999999037,-17.2));
#98220=DIRECTION('',(0.,-0.,-1.));
#98230=DIRECTION('',(1.,-1.22460635382238E-16,0.));
#98240=AXIS2_PLACEMENT_3D('',#98210,#98220,#98230);
#98250=PLANE('',#98240);
#98260=CARTESIAN_POINT('',(-96.2319819999983,1.09540600000098,-17.2));
#98270=DIRECTION('',(1.,-1.22460635382238E-16,0.));
#98280=VECTOR('',#98270,1.);
#98290=LINE('',#98260,#98280);
#98300=CARTESIAN_POINT('',(-16.2850999999967,1.09540600000096,-17.2));
#98310=VERTEX_POINT('',#98300);
#98320=EDGE_CURVE('',#97950,#98310,#98290,.T.);
#98330=ORIENTED_EDGE('',*,*,#98320,.F.);
#98340=CARTESIAN_POINT('',(-16.2850999999968,-4.24918799999904,-17.2));
#98350=DIRECTION('',(1.22460635382238E-16,1.,0.));
#98360=VECTOR('',#98350,1.);
#98370=LINE('',#98340,#98360);
#98380=CARTESIAN_POINT('',(-16.2850999999967,1.44540600000096,-17.2));
#98390=VERTEX_POINT('',#98380);
#98400=EDGE_CURVE('',#98310,#98390,#98370,.T.);
#98410=ORIENTED_EDGE('',*,*,#98400,.F.);
#98420=CARTESIAN_POINT('',(-96.2319819999983,1.44540600000097,-17.2));
#98430=DIRECTION('',(-1.,1.22460635382238E-16,0.));
#98440=VECTOR('',#98430,1.);
#98450=LINE('',#98420,#98440);
#98460=EDGE_CURVE('',#98390,#97930,#98450,.T.);
#98470=ORIENTED_EDGE('',*,*,#98460,.F.);
#98480=ORIENTED_EDGE('',*,*,#97960,.F.);
#98490=EDGE_LOOP('',(#98480,#98470,#98410,#98330));
#98500=FACE_OUTER_BOUND('',#98490,.T.);
#98510=ADVANCED_FACE('',(#98500),#98250,.T.);
#98520=COLOUR_RGB('',1.,1.,0.);
#98530=FILL_AREA_STYLE_COLOUR('',#98520);
#98540=FILL_AREA_STYLE('',(#98530));
#98550=SURFACE_STYLE_FILL_AREA(#98540);
#98560=SURFACE_SIDE_STYLE('',(#98550));
#98570=SURFACE_STYLE_USAGE(.BOTH.,#98560);
#98580=PRESENTATION_STYLE_ASSIGNMENT((#98570));
#98590=CARTESIAN_POINT('',(-2.3660999999983,1.52040600000096,
-16.6999999999998));
#98600=DIRECTION('',(-1.21105774124846E-16,-0.988936352868307,
0.148340452930185));
#98610=DIRECTION('',(-1.81658661187193E-17,-0.148340452930185,
-0.988936352868307));
#98620=AXIS2_PLACEMENT_3D('',#98590,#98600,#98610);
#98630=PLANE('',#98620);
#98640=ORIENTED_EDGE('',*,*,#98460,.T.);
#98650=CARTESIAN_POINT('',(-22.1879691000119,-16.2632012999917,
-135.257382));
#98660=DIRECTION('',(-0.049386479832606,-0.148159439497377,
-0.987729596649592));
#98670=VECTOR('',#98660,1.);
#98680=LINE('',#98650,#98670);
#98690=EDGE_CURVE('',#96690,#98390,#98680,.T.);
#98700=ORIENTED_EDGE('',*,*,#98690,.T.);
#98710=ORIENTED_EDGE('',*,*,#97140,.T.);
#98720=ORIENTED_EDGE('',*,*,#98020,.T.);
#98730=EDGE_LOOP('',(#98720,#98710,#98700,#98640));
#98740=FACE_OUTER_BOUND('',#98730,.T.);
#98750=ADVANCED_FACE('',(#98740),#98630,.F.);
#98760=COLOUR_RGB('',1.,1.,0.);
#98770=FILL_AREA_STYLE_COLOUR('',#98760);
#98780=FILL_AREA_STYLE('',(#98770));
#98790=SURFACE_STYLE_FILL_AREA(#98780);
#98800=SURFACE_SIDE_STYLE('',(#98790));
#98810=SURFACE_STYLE_USAGE(.BOTH.,#98800);
#98820=PRESENTATION_STYLE_ASSIGNMENT((#98810));
#98830=CARTESIAN_POINT('',(-16.2600999999967,-5.34818799999904,
-16.6999999999998));
#98840=DIRECTION('',(-0.998752338877838,1.22307846008476E-16,
0.0499376169440196));
#98850=DIRECTION('',(-0.0499376169440196,6.11539230043945E-18,
-0.998752338877838));
#98860=AXIS2_PLACEMENT_3D('',#98830,#98840,#98850);
#98870=PLANE('',#98860);
#98880=ORIENTED_EDGE('',*,*,#98400,.T.);
#98890=CARTESIAN_POINT('',(-22.1879691000119,18.804013300024,-135.257382
));
#98900=DIRECTION('',(0.0493864798326041,-0.148159439497626,
0.987729596649555));
#98910=VECTOR('',#98900,1.);
#98920=LINE('',#98890,#98910);
#98930=EDGE_CURVE('',#98310,#96770,#98920,.T.);
#98940=ORIENTED_EDGE('',*,*,#98930,.F.);
#98950=ORIENTED_EDGE('',*,*,#96780,.T.);
#98960=ORIENTED_EDGE('',*,*,#98690,.F.);
#98970=EDGE_LOOP('',(#98960,#98950,#98940,#98880));
#98980=FACE_OUTER_BOUND('',#98970,.T.);
#98990=ADVANCED_FACE('',(#98980),#98870,.F.);
#99000=COLOUR_RGB('',1.,1.,0.);
#99010=FILL_AREA_STYLE_COLOUR('',#99000);
#99020=FILL_AREA_STYLE('',(#99010));
#99030=SURFACE_STYLE_FILL_AREA(#99020);
#99040=SURFACE_SIDE_STYLE('',(#99030));
#99050=SURFACE_STYLE_USAGE(.BOTH.,#99040);
#99060=PRESENTATION_STYLE_ASSIGNMENT((#99050));
#99070=CARTESIAN_POINT('',(-2.3660999999983,1.09540600000096,-17.2));
#99080=DIRECTION('',(1.21105774124841E-16,0.988936352868269,
0.148340452930434));
#99090=DIRECTION('',(-1.81658661187498E-17,-0.148340452930434,
0.988936352868269));
#99100=AXIS2_PLACEMENT_3D('',#99070,#99080,#99090);
#99110=PLANE('',#99100);
#99120=ORIENTED_EDGE('',*,*,#97400,.T.);
#99130=ORIENTED_EDGE('',*,*,#98930,.T.);
#99140=ORIENTED_EDGE('',*,*,#98320,.T.);
#99150=ORIENTED_EDGE('',*,*,#98090,.T.);
#99160=EDGE_LOOP('',(#99150,#99140,#99130,#99120));
#99170=FACE_OUTER_BOUND('',#99160,.T.);
#99180=ADVANCED_FACE('',(#99170),#99110,.F.);
#99190=COLOUR_RGB('',1.,1.,0.);
#99200=FILL_AREA_STYLE_COLOUR('',#99190);
#99210=FILL_AREA_STYLE('',(#99200));
#99220=SURFACE_STYLE_FILL_AREA(#99210);
#99230=SURFACE_SIDE_STYLE('',(#99220));
#99240=SURFACE_STYLE_USAGE(.BOTH.,#99230);
#99250=PRESENTATION_STYLE_ASSIGNMENT((#99240));
#99260=CARTESIAN_POINT('',(-6.60009999999669,-1.519594,-13.4));
#99270=DIRECTION('',(-1.22460635382238E-16,-1.,0.));
#99280=DIRECTION('',(1.,-1.22460635382238E-16,0.));
#99290=AXIS2_PLACEMENT_3D('',#99260,#99270,#99280);
#99300=PLANE('',#99290);
#99310=CARTESIAN_POINT('',(-6.10009999999669,-1.519594,-13.4));
#99320=DIRECTION('',(0.,-0.,-1.));
#99330=VECTOR('',#99320,1.);
#99340=LINE('',#99310,#99330);
#99350=CARTESIAN_POINT('',(-6.10009999999669,-1.51959399999918,
-16.6999999999996));
#99360=VERTEX_POINT('',#99350);
#99370=EDGE_CURVE('',#4050,#99360,#99340,.T.);
#99380=ORIENTED_EDGE('',*,*,#99370,.F.);
#99390=CARTESIAN_POINT('',(-86.0719819999983,-1.51959399999999,
-16.6999999999942));
#99400=DIRECTION('',(-1.,1.22460635382238E-16,0.));
#99410=VECTOR('',#99400,1.);
#99420=LINE('',#99390,#99410);
#99430=CARTESIAN_POINT('',(-6.60009999999669,-1.519594,-16.7000000000018
));
#99440=VERTEX_POINT('',#99430);
#99450=EDGE_CURVE('',#99360,#99440,#99420,.T.);
#99460=ORIENTED_EDGE('',*,*,#99450,.F.);
#99470=CARTESIAN_POINT('',(-6.60009999999669,-1.519594,-13.4));
#99480=DIRECTION('',(0.,-0.,-1.));
#99490=VECTOR('',#99480,1.);
#99500=LINE('',#99470,#99490);
#99510=EDGE_CURVE('',#4070,#99440,#99500,.T.);
#99520=ORIENTED_EDGE('',*,*,#99510,.T.);
#99530=ORIENTED_EDGE('',*,*,#4080,.T.);
#99540=EDGE_LOOP('',(#99530,#99520,#99460,#99380));
#99550=FACE_OUTER_BOUND('',#99540,.T.);
#99560=ADVANCED_FACE('',(#99550),#99300,.T.);
#99570=COLOUR_RGB('',1.,1.,0.);
#99580=FILL_AREA_STYLE_COLOUR('',#99570);
#99590=FILL_AREA_STYLE('',(#99580));
#99600=SURFACE_STYLE_FILL_AREA(#99590);
#99610=SURFACE_SIDE_STYLE('',(#99600));
#99620=SURFACE_STYLE_USAGE(.BOTH.,#99610);
#99630=PRESENTATION_STYLE_ASSIGNMENT((#99620));
#99640=CARTESIAN_POINT('',(7.7939000000017,-1.44459399999904,-17.2));
#99650=DIRECTION('',(1.21105774124841E-16,0.988936352868269,
0.148340452930434));
#99660=DIRECTION('',(-1.81658661187498E-17,-0.148340452930434,
0.988936352868269));
#99670=AXIS2_PLACEMENT_3D('',#99640,#99650,#99660);
#99680=PLANE('',#99670);
#99690=ORIENTED_EDGE('',*,*,#99450,.T.);
#99700=CARTESIAN_POINT('',(-12.0279691000119,16.264013300024,-135.257382
));
#99710=DIRECTION('',(0.0493864798326041,-0.148159439497626,
0.987729596649555));
#99720=VECTOR('',#99710,1.);
#99730=LINE('',#99700,#99720);
#99740=CARTESIAN_POINT('',(-6.12509999999671,-1.44459399999904,-17.2));
#99750=VERTEX_POINT('',#99740);
#99760=EDGE_CURVE('',#99750,#99360,#99730,.T.);
#99770=ORIENTED_EDGE('',*,*,#99760,.T.);
#99780=CARTESIAN_POINT('',(-86.0719819999983,-1.44459399999902,-17.2));
#99790=DIRECTION('',(1.,-1.22460635382238E-16,0.));
#99800=VECTOR('',#99790,1.);
#99810=LINE('',#99780,#99800);
#99820=CARTESIAN_POINT('',(-6.57509999999671,-1.44459399999904,-17.2));
#99830=VERTEX_POINT('',#99820);
#99840=EDGE_CURVE('',#99830,#99750,#99810,.T.);
#99850=ORIENTED_EDGE('',*,*,#99840,.T.);
#99860=CARTESIAN_POINT('',(-0.672230899981599,16.264013300024,
-135.257382));
#99870=DIRECTION('',(0.0493864798326041,0.148159439497626,
-0.987729596649555));
#99880=VECTOR('',#99870,1.);
#99890=LINE('',#99860,#99880);
#99900=EDGE_CURVE('',#99440,#99830,#99890,.T.);
#99910=ORIENTED_EDGE('',*,*,#99900,.T.);
#99920=EDGE_LOOP('',(#99910,#99850,#99770,#99690));
#99930=FACE_OUTER_BOUND('',#99920,.T.);
#99940=ADVANCED_FACE('',(#99930),#99680,.F.);
#99950=COLOUR_RGB('',1.,1.,0.);
#99960=FILL_AREA_STYLE_COLOUR('',#99950);
#99970=FILL_AREA_STYLE('',(#99960));
#99980=SURFACE_STYLE_FILL_AREA(#99970);
#99990=SURFACE_SIDE_STYLE('',(#99980));
#100000=SURFACE_STYLE_USAGE(.BOTH.,#99990);
#100010=PRESENTATION_STYLE_ASSIGNMENT((#100000));
#100020=CARTESIAN_POINT('',(-11.4300999999983,-2.98918799999904,-17.2));
#100030=DIRECTION('',(0.,-0.,-1.));
#100040=DIRECTION('',(1.,-1.22460635382238E-16,0.));
#100050=AXIS2_PLACEMENT_3D('',#100020,#100030,#100040);
#100060=PLANE('',#100050);
#100070=ORIENTED_EDGE('',*,*,#99840,.F.);
#100080=CARTESIAN_POINT('',(-6.12509999999676,-6.78918799999904,-17.2));
#100090=DIRECTION('',(1.22460635382238E-16,1.,0.));
#100100=VECTOR('',#100090,1.);
#100110=LINE('',#100080,#100100);
#100120=CARTESIAN_POINT('',(-6.12509999999671,-1.09459399999904,-17.2));
#100130=VERTEX_POINT('',#100120);
#100140=EDGE_CURVE('',#99750,#100130,#100110,.T.);
#100150=ORIENTED_EDGE('',*,*,#100140,.F.);
#100160=CARTESIAN_POINT('',(-86.0719819999983,-1.09459399999903,-17.2));
#100170=DIRECTION('',(-1.,1.22460635382238E-16,0.));
#100180=VECTOR('',#100170,1.);
#100190=LINE('',#100160,#100180);
#100200=CARTESIAN_POINT('',(-6.57509999999671,-1.09459399999904,-17.2));
#100210=VERTEX_POINT('',#100200);
#100220=EDGE_CURVE('',#100130,#100210,#100190,.T.);
#100230=ORIENTED_EDGE('',*,*,#100220,.F.);
#100240=CARTESIAN_POINT('',(-6.57509999999671,-6.78918799999904,-17.2));
#100250=DIRECTION('',(-1.22460635382238E-16,-1.,0.));
#100260=VECTOR('',#100250,1.);
#100270=LINE('',#100240,#100260);
#100280=EDGE_CURVE('',#100210,#99830,#100270,.T.);
#100290=ORIENTED_EDGE('',*,*,#100280,.F.);
#100300=EDGE_LOOP('',(#100290,#100230,#100150,#100070));
#100310=FACE_OUTER_BOUND('',#100300,.T.);
#100320=ADVANCED_FACE('',(#100310),#100060,.T.);
#100330=COLOUR_RGB('',1.,1.,0.);
#100340=FILL_AREA_STYLE_COLOUR('',#100330);
#100350=FILL_AREA_STYLE('',(#100340));
#100360=SURFACE_STYLE_FILL_AREA(#100350);
#100370=SURFACE_SIDE_STYLE('',(#100360));
#100380=SURFACE_STYLE_USAGE(.BOTH.,#100370);
#100390=PRESENTATION_STYLE_ASSIGNMENT((#100380));
#100400=CARTESIAN_POINT('',(-6.57509999999671,-7.88818799999904,-17.2));
#100410=DIRECTION('',(0.998752338877838,-1.22307846008476E-16,
0.0499376169440196));
#100420=DIRECTION('',(-0.0499376169440196,6.11539230043945E-18,
0.998752338877838));
#100430=AXIS2_PLACEMENT_3D('',#100400,#100410,#100420);
#100440=PLANE('',#100430);
#100450=ORIENTED_EDGE('',*,*,#100280,.T.);
#100460=CARTESIAN_POINT('',(-0.672230899981614,-18.8032012999917,
-135.257382));
#100470=DIRECTION('',(-0.0493864798326059,0.148159439497377,
0.987729596649592));
#100480=VECTOR('',#100470,1.);
#100490=LINE('',#100460,#100480);
#100500=CARTESIAN_POINT('',(-6.60009999999669,-1.019594,
-16.7000000000018));
#100510=VERTEX_POINT('',#100500);
#100520=EDGE_CURVE('',#100210,#100510,#100490,.T.);
#100530=ORIENTED_EDGE('',*,*,#100520,.F.);
#100540=CARTESIAN_POINT('',(-6.60009999999669,-6.78918799999904,
-16.7000000000018));
#100550=DIRECTION('',(1.22460635382238E-16,1.,0.));
#100560=VECTOR('',#100550,1.);
#100570=LINE('',#100540,#100560);
#100580=EDGE_CURVE('',#99440,#100510,#100570,.T.);
#100590=ORIENTED_EDGE('',*,*,#100580,.T.);
#100600=ORIENTED_EDGE('',*,*,#99900,.F.);
#100610=EDGE_LOOP('',(#100600,#100590,#100530,#100450));
#100620=FACE_OUTER_BOUND('',#100610,.T.);
#100630=ADVANCED_FACE('',(#100620),#100440,.F.);
#100640=COLOUR_RGB('',1.,1.,0.);
#100650=FILL_AREA_STYLE_COLOUR('',#100640);
#100660=FILL_AREA_STYLE('',(#100650));
#100670=SURFACE_STYLE_FILL_AREA(#100660);
#100680=SURFACE_SIDE_STYLE('',(#100670));
#100690=SURFACE_STYLE_USAGE(.BOTH.,#100680);
#100700=PRESENTATION_STYLE_ASSIGNMENT((#100690));
#100710=CARTESIAN_POINT('',(7.7939000000017,-1.01959399999904,
-16.6999999999998));
#100720=DIRECTION('',(-1.21105774124846E-16,-0.988936352868307,
0.148340452930185));
#100730=DIRECTION('',(-1.81658661187193E-17,-0.148340452930185,
-0.988936352868307));
#100740=AXIS2_PLACEMENT_3D('',#100710,#100720,#100730);
#100750=PLANE('',#100740);
#100760=ORIENTED_EDGE('',*,*,#100220,.T.);
#100770=CARTESIAN_POINT('',(-12.0279691000119,-18.8032012999917,
-135.257382));
#100780=DIRECTION('',(-0.049386479832606,-0.148159439497377,
-0.987729596649592));
#100790=VECTOR('',#100780,1.);
#100800=LINE('',#100770,#100790);
#100810=CARTESIAN_POINT('',(-6.10009999999669,-1.01959399999906,
-16.6999999999999));
#100820=VERTEX_POINT('',#100810);
#100830=EDGE_CURVE('',#100820,#100130,#100800,.T.);
#100840=ORIENTED_EDGE('',*,*,#100830,.T.);
#100850=CARTESIAN_POINT('',(-86.0719819999983,-1.01959399999999,
-16.7000000000062));
#100860=DIRECTION('',(1.,-1.22460635382238E-16,0.));
#100870=VECTOR('',#100860,1.);
#100880=LINE('',#100850,#100870);
#100890=EDGE_CURVE('',#100510,#100820,#100880,.T.);
#100900=ORIENTED_EDGE('',*,*,#100890,.T.);
#100910=ORIENTED_EDGE('',*,*,#100520,.T.);
#100920=EDGE_LOOP('',(#100910,#100900,#100840,#100760));
#100930=FACE_OUTER_BOUND('',#100920,.T.);
#100940=ADVANCED_FACE('',(#100930),#100750,.F.);
#100950=COLOUR_RGB('',1.,1.,0.);
#100960=FILL_AREA_STYLE_COLOUR('',#100950);
#100970=FILL_AREA_STYLE('',(#100960));
#100980=SURFACE_STYLE_FILL_AREA(#100970);
#100990=SURFACE_SIDE_STYLE('',(#100980));
#101000=SURFACE_STYLE_USAGE(.BOTH.,#100990);
#101010=PRESENTATION_STYLE_ASSIGNMENT((#101000));
#101020=CARTESIAN_POINT('',(-6.10009999999669,-7.88818799999904,
-16.6999999999998));
#101030=DIRECTION('',(-0.998752338877838,1.22307846008476E-16,
0.0499376169440196));
#101040=DIRECTION('',(-0.0499376169440196,6.11539230043945E-18,
-0.998752338877838));
#101050=AXIS2_PLACEMENT_3D('',#101020,#101030,#101040);
#101060=PLANE('',#101050);
#101070=ORIENTED_EDGE('',*,*,#100140,.T.);
#101080=ORIENTED_EDGE('',*,*,#99760,.F.);
#101090=CARTESIAN_POINT('',(-6.10009999999669,-6.78918799999904,
-16.6999999999998));
#101100=DIRECTION('',(-1.22460635382238E-16,-1.,0.));
#101110=VECTOR('',#101100,1.);
#101120=LINE('',#101090,#101110);
#101130=EDGE_CURVE('',#100820,#99360,#101120,.T.);
#101140=ORIENTED_EDGE('',*,*,#101130,.T.);
#101150=ORIENTED_EDGE('',*,*,#100830,.F.);
#101160=EDGE_LOOP('',(#101150,#101140,#101080,#101070));
#101170=FACE_OUTER_BOUND('',#101160,.T.);
#101180=ADVANCED_FACE('',(#101170),#101060,.F.);
#101190=COLOUR_RGB('',1.,1.,0.);
#101200=FILL_AREA_STYLE_COLOUR('',#101190);
#101210=FILL_AREA_STYLE('',(#101200));
#101220=SURFACE_STYLE_FILL_AREA(#101210);
#101230=SURFACE_SIDE_STYLE('',(#101220));
#101240=SURFACE_STYLE_USAGE(.BOTH.,#101230);
#101250=PRESENTATION_STYLE_ASSIGNMENT((#101240));
#101260=CARTESIAN_POINT('',(-6.60009999999669,-1.019594,-13.4));
#101270=DIRECTION('',(-1.,1.22460635382238E-16,0.));
#101280=DIRECTION('',(-1.22460635382238E-16,-1.,0.));
#101290=AXIS2_PLACEMENT_3D('',#101260,#101270,#101280);
#101300=PLANE('',#101290);
#101310=ORIENTED_EDGE('',*,*,#99510,.F.);
#101320=ORIENTED_EDGE('',*,*,#100580,.F.);
#101330=CARTESIAN_POINT('',(-6.60009999999669,-1.019594,-13.4));
#101340=DIRECTION('',(0.,-0.,-1.));
#101350=VECTOR('',#101340,1.);
#101360=LINE('',#101330,#101350);
#101370=EDGE_CURVE('',#4150,#100510,#101360,.T.);
#101380=ORIENTED_EDGE('',*,*,#101370,.T.);
#101390=ORIENTED_EDGE('',*,*,#4160,.T.);
#101400=EDGE_LOOP('',(#101390,#101380,#101320,#101310));
#101410=FACE_OUTER_BOUND('',#101400,.T.);
#101420=ADVANCED_FACE('',(#101410),#101300,.T.);
#101430=COLOUR_RGB('',1.,1.,0.);
#101440=FILL_AREA_STYLE_COLOUR('',#101430);
#101450=FILL_AREA_STYLE('',(#101440));
#101460=SURFACE_STYLE_FILL_AREA(#101450);
#101470=SURFACE_SIDE_STYLE('',(#101460));
#101480=SURFACE_STYLE_USAGE(.BOTH.,#101470);
#101490=PRESENTATION_STYLE_ASSIGNMENT((#101480));
#101500=CARTESIAN_POINT('',(-6.10009999999669,-1.019594,-13.4));
#101510=DIRECTION('',(1.22460635382238E-16,1.,-0.));
#101520=DIRECTION('',(-1.,1.22460635382238E-16,0.));
#101530=AXIS2_PLACEMENT_3D('',#101500,#101510,#101520);
#101540=PLANE('',#101530);
#101550=ORIENTED_EDGE('',*,*,#101370,.F.);
#101560=ORIENTED_EDGE('',*,*,#100890,.F.);
#101570=CARTESIAN_POINT('',(-6.10009999999669,-1.019594,-13.4));
#101580=DIRECTION('',(0.,-0.,-1.));
#101590=VECTOR('',#101580,1.);
#101600=LINE('',#101570,#101590);
#101610=EDGE_CURVE('',#4230,#100820,#101600,.T.);
#101620=ORIENTED_EDGE('',*,*,#101610,.T.);
#101630=ORIENTED_EDGE('',*,*,#4240,.T.);
#101640=EDGE_LOOP('',(#101630,#101620,#101560,#101550));
#101650=FACE_OUTER_BOUND('',#101640,.T.);
#101660=ADVANCED_FACE('',(#101650),#101540,.T.);
#101670=COLOUR_RGB('',1.,1.,0.);
#101680=FILL_AREA_STYLE_COLOUR('',#101670);
#101690=FILL_AREA_STYLE('',(#101680));
#101700=SURFACE_STYLE_FILL_AREA(#101690);
#101710=SURFACE_SIDE_STYLE('',(#101700));
#101720=SURFACE_STYLE_USAGE(.BOTH.,#101710);
#101730=PRESENTATION_STYLE_ASSIGNMENT((#101720));
#101740=CARTESIAN_POINT('',(-6.10009999999669,-1.519594,-13.4));
#101750=DIRECTION('',(1.,-1.22460635382238E-16,0.));
#101760=DIRECTION('',(1.22460635382238E-16,1.,0.));
#101770=AXIS2_PLACEMENT_3D('',#101740,#101750,#101760);
#101780=PLANE('',#101770);
#101790=ORIENTED_EDGE('',*,*,#101610,.F.);
#101800=ORIENTED_EDGE('',*,*,#101130,.F.);
#101810=ORIENTED_EDGE('',*,*,#99370,.T.);
#101820=ORIENTED_EDGE('',*,*,#4300,.T.);
#101830=EDGE_LOOP('',(#101820,#101810,#101800,#101790));
#101840=FACE_OUTER_BOUND('',#101830,.T.);
#101850=ADVANCED_FACE('',(#101840),#101780,.T.);
#101860=COLOUR_RGB('',1.,1.,0.);
#101870=FILL_AREA_STYLE_COLOUR('',#101860);
#101880=FILL_AREA_STYLE('',(#101870));
#101890=SURFACE_STYLE_FILL_AREA(#101880);
#101900=SURFACE_SIDE_STYLE('',(#101890));
#101910=SURFACE_STYLE_USAGE(.BOTH.,#101900);
#101920=PRESENTATION_STYLE_ASSIGNMENT((#101910));
#101930=CARTESIAN_POINT('',(-4.06009999999668,-1.519594,-13.4));
#101940=DIRECTION('',(-1.22460635382238E-16,-1.,0.));
#101950=DIRECTION('',(1.,-1.22460635382238E-16,0.));
#101960=AXIS2_PLACEMENT_3D('',#101930,#101940,#101950);
#101970=PLANE('',#101960);
#101980=CARTESIAN_POINT('',(-3.56009999999668,-1.519594,-13.4));
#101990=DIRECTION('',(0.,-0.,-1.));
#102000=VECTOR('',#101990,1.);
#102010=LINE('',#101980,#102000);
#102020=CARTESIAN_POINT('',(-3.56009999999668,-1.51959399999918,
-16.6999999999996));
#102030=VERTEX_POINT('',#102020);
#102040=EDGE_CURVE('',#4390,#102030,#102010,.T.);
#102050=ORIENTED_EDGE('',*,*,#102040,.F.);
#102060=CARTESIAN_POINT('',(-83.5319819999983,-1.51959399999999,
-16.6999999999942));
#102070=DIRECTION('',(-1.,1.22460635382238E-16,0.));
#102080=VECTOR('',#102070,1.);
#102090=LINE('',#102060,#102080);
#102100=CARTESIAN_POINT('',(-4.06009999999668,-1.519594,
-16.7000000000018));
#102110=VERTEX_POINT('',#102100);
#102120=EDGE_CURVE('',#102030,#102110,#102090,.T.);
#102130=ORIENTED_EDGE('',*,*,#102120,.F.);
#102140=CARTESIAN_POINT('',(-4.06009999999668,-1.519594,-13.4));
#102150=DIRECTION('',(0.,-0.,-1.));
#102160=VECTOR('',#102150,1.);
#102170=LINE('',#102140,#102160);
#102180=EDGE_CURVE('',#4410,#102110,#102170,.T.);
#102190=ORIENTED_EDGE('',*,*,#102180,.T.);
#102200=ORIENTED_EDGE('',*,*,#4420,.T.);
#102210=EDGE_LOOP('',(#102200,#102190,#102130,#102050));
#102220=FACE_OUTER_BOUND('',#102210,.T.);
#102230=ADVANCED_FACE('',(#102220),#101970,.T.);
#102240=COLOUR_RGB('',1.,1.,0.);
#102250=FILL_AREA_STYLE_COLOUR('',#102240);
#102260=FILL_AREA_STYLE('',(#102250));
#102270=SURFACE_STYLE_FILL_AREA(#102260);
#102280=SURFACE_SIDE_STYLE('',(#102270));
#102290=SURFACE_STYLE_USAGE(.BOTH.,#102280);
#102300=PRESENTATION_STYLE_ASSIGNMENT((#102290));
#102310=CARTESIAN_POINT('',(10.3339000000017,-1.44459399999904,-17.2));
#102320=DIRECTION('',(1.21105774124841E-16,0.988936352868269,
0.148340452930434));
#102330=DIRECTION('',(-1.81658661187498E-17,-0.148340452930434,
0.988936352868269));
#102340=AXIS2_PLACEMENT_3D('',#102310,#102320,#102330);
#102350=PLANE('',#102340);
#102360=ORIENTED_EDGE('',*,*,#102120,.T.);
#102370=CARTESIAN_POINT('',(-9.48796910001185,16.264013300024,
-135.257382));
#102380=DIRECTION('',(0.0493864798326041,-0.148159439497626,
0.987729596649555));
#102390=VECTOR('',#102380,1.);
#102400=LINE('',#102370,#102390);
#102410=CARTESIAN_POINT('',(-3.5850999999967,-1.44459399999904,-17.2));
#102420=VERTEX_POINT('',#102410);
#102430=EDGE_CURVE('',#102420,#102030,#102400,.T.);
#102440=ORIENTED_EDGE('',*,*,#102430,.T.);
#102450=CARTESIAN_POINT('',(-83.5319819999983,-1.44459399999902,-17.2));
#102460=DIRECTION('',(1.,-1.22460635382238E-16,0.));
#102470=VECTOR('',#102460,1.);
#102480=LINE('',#102450,#102470);
#102490=CARTESIAN_POINT('',(-4.0350999999967,-1.44459399999904,-17.2));
#102500=VERTEX_POINT('',#102490);
#102510=EDGE_CURVE('',#102500,#102420,#102480,.T.);
#102520=ORIENTED_EDGE('',*,*,#102510,.T.);
#102530=CARTESIAN_POINT('',(1.86776910001841,16.264013300024,-135.257382
));
#102540=DIRECTION('',(0.0493864798326041,0.148159439497626,
-0.987729596649555));
#102550=VECTOR('',#102540,1.);
#102560=LINE('',#102530,#102550);
#102570=EDGE_CURVE('',#102110,#102500,#102560,.T.);
#102580=ORIENTED_EDGE('',*,*,#102570,.T.);
#102590=EDGE_LOOP('',(#102580,#102520,#102440,#102360));
#102600=FACE_OUTER_BOUND('',#102590,.T.);
#102610=ADVANCED_FACE('',(#102600),#102350,.F.);
#102620=COLOUR_RGB('',1.,1.,0.);
#102630=FILL_AREA_STYLE_COLOUR('',#102620);
#102640=FILL_AREA_STYLE('',(#102630));
#102650=SURFACE_STYLE_FILL_AREA(#102640);
#102660=SURFACE_SIDE_STYLE('',(#102650));
#102670=SURFACE_STYLE_USAGE(.BOTH.,#102660);
#102680=PRESENTATION_STYLE_ASSIGNMENT((#102670));
#102690=CARTESIAN_POINT('',(-8.89009999999834,-2.98918799999904,-17.2));
#102700=DIRECTION('',(0.,-0.,-1.));
#102710=DIRECTION('',(1.,-1.22460635382238E-16,0.));
#102720=AXIS2_PLACEMENT_3D('',#102690,#102700,#102710);
#102730=PLANE('',#102720);
#102740=ORIENTED_EDGE('',*,*,#102510,.F.);
#102750=CARTESIAN_POINT('',(-3.58509999999676,-6.78918799999904,-17.2));
#102760=DIRECTION('',(1.22460635382238E-16,1.,0.));
#102770=VECTOR('',#102760,1.);
#102780=LINE('',#102750,#102770);
#102790=CARTESIAN_POINT('',(-3.5850999999967,-1.09459399999904,-17.2));
#102800=VERTEX_POINT('',#102790);
#102810=EDGE_CURVE('',#102420,#102800,#102780,.T.);
#102820=ORIENTED_EDGE('',*,*,#102810,.F.);
#102830=CARTESIAN_POINT('',(-83.5319819999983,-1.09459399999903,-17.2));
#102840=DIRECTION('',(-1.,1.22460635382238E-16,0.));
#102850=VECTOR('',#102840,1.);
#102860=LINE('',#102830,#102850);
#102870=CARTESIAN_POINT('',(-4.0350999999967,-1.09459399999904,-17.2));
#102880=VERTEX_POINT('',#102870);
#102890=EDGE_CURVE('',#102800,#102880,#102860,.T.);
#102900=ORIENTED_EDGE('',*,*,#102890,.F.);
#102910=CARTESIAN_POINT('',(-4.0350999999967,-6.78918799999904,-17.2));
#102920=DIRECTION('',(-1.22460635382238E-16,-1.,0.));
#102930=VECTOR('',#102920,1.);
#102940=LINE('',#102910,#102930);
#102950=EDGE_CURVE('',#102880,#102500,#102940,.T.);
#102960=ORIENTED_EDGE('',*,*,#102950,.F.);
#102970=EDGE_LOOP('',(#102960,#102900,#102820,#102740));
#102980=FACE_OUTER_BOUND('',#102970,.T.);
#102990=ADVANCED_FACE('',(#102980),#102730,.T.);
#103000=COLOUR_RGB('',1.,1.,0.);
#103010=FILL_AREA_STYLE_COLOUR('',#103000);
#103020=FILL_AREA_STYLE('',(#103010));
#103030=SURFACE_STYLE_FILL_AREA(#103020);
#103040=SURFACE_SIDE_STYLE('',(#103030));
#103050=SURFACE_STYLE_USAGE(.BOTH.,#103040);
#103060=PRESENTATION_STYLE_ASSIGNMENT((#103050));
#103070=CARTESIAN_POINT('',(-4.0350999999967,-7.88818799999904,-17.2));
#103080=DIRECTION('',(0.998752338877838,-1.22307846008476E-16,
0.0499376169440196));
#103090=DIRECTION('',(-0.0499376169440196,6.11539230043945E-18,
0.998752338877838));
#103100=AXIS2_PLACEMENT_3D('',#103070,#103080,#103090);
#103110=PLANE('',#103100);
#103120=ORIENTED_EDGE('',*,*,#102950,.T.);
#103130=CARTESIAN_POINT('',(1.86776910001839,-18.8032012999917,
-135.257382));
#103140=DIRECTION('',(-0.0493864798326059,0.148159439497377,
0.987729596649592));
#103150=VECTOR('',#103140,1.);
#103160=LINE('',#103130,#103150);
#103170=CARTESIAN_POINT('',(-4.06009999999668,-1.019594,
-16.7000000000018));
#103180=VERTEX_POINT('',#103170);
#103190=EDGE_CURVE('',#102880,#103180,#103160,.T.);
#103200=ORIENTED_EDGE('',*,*,#103190,.F.);
#103210=CARTESIAN_POINT('',(-4.06009999999668,-6.78918799999904,
-16.7000000000018));
#103220=DIRECTION('',(1.22460635382238E-16,1.,0.));
#103230=VECTOR('',#103220,1.);
#103240=LINE('',#103210,#103230);
#103250=EDGE_CURVE('',#102110,#103180,#103240,.T.);
#103260=ORIENTED_EDGE('',*,*,#103250,.T.);
#103270=ORIENTED_EDGE('',*,*,#102570,.F.);
#103280=EDGE_LOOP('',(#103270,#103260,#103200,#103120));
#103290=FACE_OUTER_BOUND('',#103280,.T.);
#103300=ADVANCED_FACE('',(#103290),#103110,.F.);
#103310=COLOUR_RGB('',1.,1.,0.);
#103320=FILL_AREA_STYLE_COLOUR('',#103310);
#103330=FILL_AREA_STYLE('',(#103320));
#103340=SURFACE_STYLE_FILL_AREA(#103330);
#103350=SURFACE_SIDE_STYLE('',(#103340));
#103360=SURFACE_STYLE_USAGE(.BOTH.,#103350);
#103370=PRESENTATION_STYLE_ASSIGNMENT((#103360));
#103380=CARTESIAN_POINT('',(10.3339000000017,-1.01959399999904,
-16.6999999999998));
#103390=DIRECTION('',(-1.21105774124846E-16,-0.988936352868307,
0.148340452930185));
#103400=DIRECTION('',(-1.81658661187193E-17,-0.148340452930185,
-0.988936352868307));
#103410=AXIS2_PLACEMENT_3D('',#103380,#103390,#103400);
#103420=PLANE('',#103410);
#103430=ORIENTED_EDGE('',*,*,#102890,.T.);
#103440=CARTESIAN_POINT('',(-9.48796910001185,-18.8032012999917,
-135.257382));
#103450=DIRECTION('',(-0.049386479832606,-0.148159439497377,
-0.987729596649592));
#103460=VECTOR('',#103450,1.);
#103470=LINE('',#103440,#103460);
#103480=CARTESIAN_POINT('',(-3.56009999999668,-1.01959399999906,
-16.6999999999999));
#103490=VERTEX_POINT('',#103480);
#103500=EDGE_CURVE('',#103490,#102800,#103470,.T.);
#103510=ORIENTED_EDGE('',*,*,#103500,.T.);
#103520=CARTESIAN_POINT('',(-83.5319819999983,-1.01959399999999,
-16.7000000000062));
#103530=DIRECTION('',(1.,-1.22460635382238E-16,0.));
#103540=VECTOR('',#103530,1.);
#103550=LINE('',#103520,#103540);
#103560=EDGE_CURVE('',#103180,#103490,#103550,.T.);
#103570=ORIENTED_EDGE('',*,*,#103560,.T.);
#103580=ORIENTED_EDGE('',*,*,#103190,.T.);
#103590=EDGE_LOOP('',(#103580,#103570,#103510,#103430));
#103600=FACE_OUTER_BOUND('',#103590,.T.);
#103610=ADVANCED_FACE('',(#103600),#103420,.F.);
#103620=COLOUR_RGB('',1.,1.,0.);
#103630=FILL_AREA_STYLE_COLOUR('',#103620);
#103640=FILL_AREA_STYLE('',(#103630));
#103650=SURFACE_STYLE_FILL_AREA(#103640);
#103660=SURFACE_SIDE_STYLE('',(#103650));
#103670=SURFACE_STYLE_USAGE(.BOTH.,#103660);
#103680=PRESENTATION_STYLE_ASSIGNMENT((#103670));
#103690=CARTESIAN_POINT('',(-3.56009999999668,-7.88818799999904,
-16.6999999999998));
#103700=DIRECTION('',(-0.998752338877838,1.22307846008476E-16,
0.0499376169440196));
#103710=DIRECTION('',(-0.0499376169440196,6.11539230043945E-18,
-0.998752338877838));
#103720=AXIS2_PLACEMENT_3D('',#103690,#103700,#103710);
#103730=PLANE('',#103720);
#103740=ORIENTED_EDGE('',*,*,#102810,.T.);
#103750=ORIENTED_EDGE('',*,*,#102430,.F.);
#103760=CARTESIAN_POINT('',(-3.56009999999668,-6.78918799999904,
-16.6999999999998));
#103770=DIRECTION('',(-1.22460635382238E-16,-1.,0.));
#103780=VECTOR('',#103770,1.);
#103790=LINE('',#103760,#103780);
#103800=EDGE_CURVE('',#103490,#102030,#103790,.T.);
#103810=ORIENTED_EDGE('',*,*,#103800,.T.);
#103820=ORIENTED_EDGE('',*,*,#103500,.F.);
#103830=EDGE_LOOP('',(#103820,#103810,#103750,#103740));
#103840=FACE_OUTER_BOUND('',#103830,.T.);
#103850=ADVANCED_FACE('',(#103840),#103730,.F.);
#103860=COLOUR_RGB('',1.,1.,0.);
#103870=FILL_AREA_STYLE_COLOUR('',#103860);
#103880=FILL_AREA_STYLE('',(#103870));
#103890=SURFACE_STYLE_FILL_AREA(#103880);
#103900=SURFACE_SIDE_STYLE('',(#103890));
#103910=SURFACE_STYLE_USAGE(.BOTH.,#103900);
#103920=PRESENTATION_STYLE_ASSIGNMENT((#103910));
#103930=CARTESIAN_POINT('',(-4.06009999999668,-1.019594,-13.4));
#103940=DIRECTION('',(-1.,1.22460635382238E-16,0.));
#103950=DIRECTION('',(-1.22460635382238E-16,-1.,0.));
#103960=AXIS2_PLACEMENT_3D('',#103930,#103940,#103950);
#103970=PLANE('',#103960);
#103980=ORIENTED_EDGE('',*,*,#102180,.F.);
#103990=ORIENTED_EDGE('',*,*,#103250,.F.);
#104000=CARTESIAN_POINT('',(-4.06009999999668,-1.019594,-13.4));
#104010=DIRECTION('',(0.,-0.,-1.));
#104020=VECTOR('',#104010,1.);
#104030=LINE('',#104000,#104020);
#104040=EDGE_CURVE('',#4490,#103180,#104030,.T.);
#104050=ORIENTED_EDGE('',*,*,#104040,.T.);
#104060=ORIENTED_EDGE('',*,*,#4500,.T.);
#104070=EDGE_LOOP('',(#104060,#104050,#103990,#103980));
#104080=FACE_OUTER_BOUND('',#104070,.T.);
#104090=ADVANCED_FACE('',(#104080),#103970,.T.);
#104100=COLOUR_RGB('',1.,1.,0.);
#104110=FILL_AREA_STYLE_COLOUR('',#104100);
#104120=FILL_AREA_STYLE('',(#104110));
#104130=SURFACE_STYLE_FILL_AREA(#104120);
#104140=SURFACE_SIDE_STYLE('',(#104130));
#104150=SURFACE_STYLE_USAGE(.BOTH.,#104140);
#104160=PRESENTATION_STYLE_ASSIGNMENT((#104150));
#104170=CARTESIAN_POINT('',(-3.56009999999668,-1.019594,-13.4));
#104180=DIRECTION('',(1.22460635382238E-16,1.,-0.));
#104190=DIRECTION('',(-1.,1.22460635382238E-16,0.));
#104200=AXIS2_PLACEMENT_3D('',#104170,#104180,#104190);
#104210=PLANE('',#104200);
#104220=ORIENTED_EDGE('',*,*,#104040,.F.);
#104230=ORIENTED_EDGE('',*,*,#103560,.F.);
#104240=CARTESIAN_POINT('',(-3.56009999999668,-1.019594,-13.4));
#104250=DIRECTION('',(0.,-0.,-1.));
#104260=VECTOR('',#104250,1.);
#104270=LINE('',#104240,#104260);
#104280=EDGE_CURVE('',#4570,#103490,#104270,.T.);
#104290=ORIENTED_EDGE('',*,*,#104280,.T.);
#104300=ORIENTED_EDGE('',*,*,#4580,.T.);
#104310=EDGE_LOOP('',(#104300,#104290,#104230,#104220));
#104320=FACE_OUTER_BOUND('',#104310,.T.);
#104330=ADVANCED_FACE('',(#104320),#104210,.T.);
#104340=COLOUR_RGB('',1.,1.,0.);
#104350=FILL_AREA_STYLE_COLOUR('',#104340);
#104360=FILL_AREA_STYLE('',(#104350));
#104370=SURFACE_STYLE_FILL_AREA(#104360);
#104380=SURFACE_SIDE_STYLE('',(#104370));
#104390=SURFACE_STYLE_USAGE(.BOTH.,#104380);
#104400=PRESENTATION_STYLE_ASSIGNMENT((#104390));
#104410=CARTESIAN_POINT('',(-3.56009999999668,-1.519594,-13.4));
#104420=DIRECTION('',(1.,-1.22460635382238E-16,0.));
#104430=DIRECTION('',(1.22460635382238E-16,1.,0.));
#104440=AXIS2_PLACEMENT_3D('',#104410,#104420,#104430);
#104450=PLANE('',#104440);
#104460=ORIENTED_EDGE('',*,*,#104280,.F.);
#104470=ORIENTED_EDGE('',*,*,#103800,.F.);
#104480=ORIENTED_EDGE('',*,*,#102040,.T.);
#104490=ORIENTED_EDGE('',*,*,#4640,.T.);
#104500=EDGE_LOOP('',(#104490,#104480,#104470,#104460));
#104510=FACE_OUTER_BOUND('',#104500,.T.);
#104520=ADVANCED_FACE('',(#104510),#104450,.T.);
#104530=COLOUR_RGB('',1.,1.,0.);
#104540=FILL_AREA_STYLE_COLOUR('',#104530);
#104550=FILL_AREA_STYLE('',(#104540));
#104560=SURFACE_STYLE_FILL_AREA(#104550);
#104570=SURFACE_SIDE_STYLE('',(#104560));
#104580=SURFACE_STYLE_USAGE(.BOTH.,#104570);
#104590=PRESENTATION_STYLE_ASSIGNMENT((#104580));
#104600=CARTESIAN_POINT('',(-14.2200999999967,-1.519594,-13.4));
#104610=DIRECTION('',(-1.22460635382238E-16,-1.,0.));
#104620=DIRECTION('',(1.,-1.22460635382238E-16,0.));
#104630=AXIS2_PLACEMENT_3D('',#104600,#104610,#104620);
#104640=PLANE('',#104630);
#104650=CARTESIAN_POINT('',(-13.7200999999967,-1.519594,-13.4));
#104660=DIRECTION('',(0.,-0.,-1.));
#104670=VECTOR('',#104660,1.);
#104680=LINE('',#104650,#104670);
#104690=CARTESIAN_POINT('',(-13.7200999999967,-1.51959399999918,
-16.6999999999996));
#104700=VERTEX_POINT('',#104690);
#104710=EDGE_CURVE('',#4730,#104700,#104680,.T.);
#104720=ORIENTED_EDGE('',*,*,#104710,.F.);
#104730=CARTESIAN_POINT('',(-93.6919819999983,-1.51959399999999,
-16.6999999999942));
#104740=DIRECTION('',(-1.,1.22460635382238E-16,0.));
#104750=VECTOR('',#104740,1.);
#104760=LINE('',#104730,#104750);
#104770=CARTESIAN_POINT('',(-14.2200999999967,-1.519594,
-16.7000000000018));
#104780=VERTEX_POINT('',#104770);
#104790=EDGE_CURVE('',#104700,#104780,#104760,.T.);
#104800=ORIENTED_EDGE('',*,*,#104790,.F.);
#104810=CARTESIAN_POINT('',(-14.2200999999967,-1.519594,-13.4));
#104820=DIRECTION('',(0.,-0.,-1.));
#104830=VECTOR('',#104820,1.);
#104840=LINE('',#104810,#104830);
#104850=EDGE_CURVE('',#4750,#104780,#104840,.T.);
#104860=ORIENTED_EDGE('',*,*,#104850,.T.);
#104870=ORIENTED_EDGE('',*,*,#4760,.T.);
#104880=EDGE_LOOP('',(#104870,#104860,#104800,#104720));
#104890=FACE_OUTER_BOUND('',#104880,.T.);
#104900=ADVANCED_FACE('',(#104890),#104640,.T.);
#104910=COLOUR_RGB('',1.,1.,0.);
#104920=FILL_AREA_STYLE_COLOUR('',#104910);
#104930=FILL_AREA_STYLE('',(#104920));
#104940=SURFACE_STYLE_FILL_AREA(#104930);
#104950=SURFACE_SIDE_STYLE('',(#104940));
#104960=SURFACE_STYLE_USAGE(.BOTH.,#104950);
#104970=PRESENTATION_STYLE_ASSIGNMENT((#104960));
#104980=CARTESIAN_POINT('',(0.173900000001709,-1.44459399999904,-17.2));
#104990=DIRECTION('',(1.21105774124841E-16,0.988936352868269,
0.148340452930434));
#105000=DIRECTION('',(-1.81658661187498E-17,-0.148340452930434,
0.988936352868269));
#105010=AXIS2_PLACEMENT_3D('',#104980,#104990,#105000);
#105020=PLANE('',#105010);
#105030=ORIENTED_EDGE('',*,*,#104790,.T.);
#105040=CARTESIAN_POINT('',(-19.6479691000118,16.264013300024,
-135.257382));
#105050=DIRECTION('',(0.0493864798326041,-0.148159439497626,
0.987729596649555));
#105060=VECTOR('',#105050,1.);
#105070=LINE('',#105040,#105060);
#105080=CARTESIAN_POINT('',(-13.7450999999967,-1.44459399999904,-17.2));
#105090=VERTEX_POINT('',#105080);
#105100=EDGE_CURVE('',#105090,#104700,#105070,.T.);
#105110=ORIENTED_EDGE('',*,*,#105100,.T.);
#105120=CARTESIAN_POINT('',(-93.6919819999983,-1.44459399999902,-17.2));
#105130=DIRECTION('',(1.,-1.22460635382238E-16,0.));
#105140=VECTOR('',#105130,1.);
#105150=LINE('',#105120,#105140);
#105160=CARTESIAN_POINT('',(-14.1950999999967,-1.44459399999904,-17.2));
#105170=VERTEX_POINT('',#105160);
#105180=EDGE_CURVE('',#105170,#105090,#105150,.T.);
#105190=ORIENTED_EDGE('',*,*,#105180,.T.);
#105200=CARTESIAN_POINT('',(-8.29223089998159,16.264013300024,
-135.257382));
#105210=DIRECTION('',(0.0493864798326041,0.148159439497626,
-0.987729596649555));
#105220=VECTOR('',#105210,1.);
#105230=LINE('',#105200,#105220);
#105240=EDGE_CURVE('',#104780,#105170,#105230,.T.);
#105250=ORIENTED_EDGE('',*,*,#105240,.T.);
#105260=EDGE_LOOP('',(#105250,#105190,#105110,#105030));
#105270=FACE_OUTER_BOUND('',#105260,.T.);
#105280=ADVANCED_FACE('',(#105270),#105020,.F.);
#105290=COLOUR_RGB('',1.,1.,0.);
#105300=FILL_AREA_STYLE_COLOUR('',#105290);
#105310=FILL_AREA_STYLE('',(#105300));
#105320=SURFACE_STYLE_FILL_AREA(#105310);
#105330=SURFACE_SIDE_STYLE('',(#105320));
#105340=SURFACE_STYLE_USAGE(.BOTH.,#105330);
#105350=PRESENTATION_STYLE_ASSIGNMENT((#105340));
#105360=CARTESIAN_POINT('',(-19.0500999999983,-2.98918799999904,-17.2));
#105370=DIRECTION('',(0.,-0.,-1.));
#105380=DIRECTION('',(1.,-1.22460635382238E-16,0.));
#105390=AXIS2_PLACEMENT_3D('',#105360,#105370,#105380);
#105400=PLANE('',#105390);
#105410=ORIENTED_EDGE('',*,*,#105180,.F.);
#105420=CARTESIAN_POINT('',(-13.7450999999968,-6.78918799999904,-17.2));
#105430=DIRECTION('',(1.22460635382238E-16,1.,0.));
#105440=VECTOR('',#105430,1.);
#105450=LINE('',#105420,#105440);
#105460=CARTESIAN_POINT('',(-13.7450999999967,-1.09459399999904,-17.2));
#105470=VERTEX_POINT('',#105460);
#105480=EDGE_CURVE('',#105090,#105470,#105450,.T.);
#105490=ORIENTED_EDGE('',*,*,#105480,.F.);
#105500=CARTESIAN_POINT('',(-93.6919819999983,-1.09459399999903,-17.2));
#105510=DIRECTION('',(-1.,1.22460635382238E-16,0.));
#105520=VECTOR('',#105510,1.);
#105530=LINE('',#105500,#105520);
#105540=CARTESIAN_POINT('',(-14.1950999999967,-1.09459399999904,-17.2));
#105550=VERTEX_POINT('',#105540);
#105560=EDGE_CURVE('',#105470,#105550,#105530,.T.);
#105570=ORIENTED_EDGE('',*,*,#105560,.F.);
#105580=CARTESIAN_POINT('',(-14.1950999999967,-6.78918799999904,-17.2));
#105590=DIRECTION('',(-1.22460635382238E-16,-1.,0.));
#105600=VECTOR('',#105590,1.);
#105610=LINE('',#105580,#105600);
#105620=EDGE_CURVE('',#105550,#105170,#105610,.T.);
#105630=ORIENTED_EDGE('',*,*,#105620,.F.);
#105640=EDGE_LOOP('',(#105630,#105570,#105490,#105410));
#105650=FACE_OUTER_BOUND('',#105640,.T.);
#105660=ADVANCED_FACE('',(#105650),#105400,.T.);
#105670=COLOUR_RGB('',1.,1.,0.);
#105680=FILL_AREA_STYLE_COLOUR('',#105670);
#105690=FILL_AREA_STYLE('',(#105680));
#105700=SURFACE_STYLE_FILL_AREA(#105690);
#105710=SURFACE_SIDE_STYLE('',(#105700));
#105720=SURFACE_STYLE_USAGE(.BOTH.,#105710);
#105730=PRESENTATION_STYLE_ASSIGNMENT((#105720));
#105740=CARTESIAN_POINT('',(-14.1950999999967,-7.88818799999904,-17.2));
#105750=DIRECTION('',(0.998752338877838,-1.22307846008476E-16,
0.0499376169440196));
#105760=DIRECTION('',(-0.0499376169440196,6.11539230043945E-18,
0.998752338877838));
#105770=AXIS2_PLACEMENT_3D('',#105740,#105750,#105760);
#105780=PLANE('',#105770);
#105790=ORIENTED_EDGE('',*,*,#105620,.T.);
#105800=CARTESIAN_POINT('',(-8.2922308999816,-18.8032012999917,
-135.257382));
#105810=DIRECTION('',(-0.0493864798326059,0.148159439497377,
0.987729596649592));
#105820=VECTOR('',#105810,1.);
#105830=LINE('',#105800,#105820);
#105840=CARTESIAN_POINT('',(-14.2200999999967,-1.019594,
-16.7000000000018));
#105850=VERTEX_POINT('',#105840);
#105860=EDGE_CURVE('',#105550,#105850,#105830,.T.);
#105870=ORIENTED_EDGE('',*,*,#105860,.F.);
#105880=CARTESIAN_POINT('',(-14.2200999999967,-6.78918799999904,
-16.7000000000018));
#105890=DIRECTION('',(1.22460635382238E-16,1.,0.));
#105900=VECTOR('',#105890,1.);
#105910=LINE('',#105880,#105900);
#105920=EDGE_CURVE('',#104780,#105850,#105910,.T.);
#105930=ORIENTED_EDGE('',*,*,#105920,.T.);
#105940=ORIENTED_EDGE('',*,*,#105240,.F.);
#105950=EDGE_LOOP('',(#105940,#105930,#105870,#105790));
#105960=FACE_OUTER_BOUND('',#105950,.T.);
#105970=ADVANCED_FACE('',(#105960),#105780,.F.);
#105980=COLOUR_RGB('',1.,1.,0.);
#105990=FILL_AREA_STYLE_COLOUR('',#105980);
#106000=FILL_AREA_STYLE('',(#105990));
#106010=SURFACE_STYLE_FILL_AREA(#106000);
#106020=SURFACE_SIDE_STYLE('',(#106010));
#106030=SURFACE_STYLE_USAGE(.BOTH.,#106020);
#106040=PRESENTATION_STYLE_ASSIGNMENT((#106030));
#106050=CARTESIAN_POINT('',(0.173900000001709,-1.01959399999904,
-16.6999999999998));
#106060=DIRECTION('',(-1.21105774124846E-16,-0.988936352868307,
0.148340452930185));
#106070=DIRECTION('',(-1.81658661187193E-17,-0.148340452930185,
-0.988936352868307));
#106080=AXIS2_PLACEMENT_3D('',#106050,#106060,#106070);
#106090=PLANE('',#106080);
#106100=ORIENTED_EDGE('',*,*,#105560,.T.);
#106110=CARTESIAN_POINT('',(-19.6479691000118,-18.8032012999917,
-135.257382));
#106120=DIRECTION('',(-0.049386479832606,-0.148159439497377,
-0.987729596649592));
#106130=VECTOR('',#106120,1.);
#106140=LINE('',#106110,#106130);
#106150=CARTESIAN_POINT('',(-13.7200999999967,-1.01959399999906,
-16.6999999999999));
#106160=VERTEX_POINT('',#106150);
#106170=EDGE_CURVE('',#106160,#105470,#106140,.T.);
#106180=ORIENTED_EDGE('',*,*,#106170,.T.);
#106190=CARTESIAN_POINT('',(-93.6919819999983,-1.01959399999999,
-16.7000000000062));
#106200=DIRECTION('',(1.,-1.22460635382238E-16,0.));
#106210=VECTOR('',#106200,1.);
#106220=LINE('',#106190,#106210);
#106230=EDGE_CURVE('',#105850,#106160,#106220,.T.);
#106240=ORIENTED_EDGE('',*,*,#106230,.T.);
#106250=ORIENTED_EDGE('',*,*,#105860,.T.);
#106260=EDGE_LOOP('',(#106250,#106240,#106180,#106100));
#106270=FACE_OUTER_BOUND('',#106260,.T.);
#106280=ADVANCED_FACE('',(#106270),#106090,.F.);
#106290=COLOUR_RGB('',1.,1.,0.);
#106300=FILL_AREA_STYLE_COLOUR('',#106290);
#106310=FILL_AREA_STYLE('',(#106300));
#106320=SURFACE_STYLE_FILL_AREA(#106310);
#106330=SURFACE_SIDE_STYLE('',(#106320));
#106340=SURFACE_STYLE_USAGE(.BOTH.,#106330);
#106350=PRESENTATION_STYLE_ASSIGNMENT((#106340));
#106360=CARTESIAN_POINT('',(-13.7200999999967,-7.88818799999904,
-16.6999999999998));
#106370=DIRECTION('',(-0.998752338877838,1.22307846008476E-16,
0.0499376169440196));
#106380=DIRECTION('',(-0.0499376169440196,6.11539230043945E-18,
-0.998752338877838));
#106390=AXIS2_PLACEMENT_3D('',#106360,#106370,#106380);
#106400=PLANE('',#106390);
#106410=ORIENTED_EDGE('',*,*,#105480,.T.);
#106420=ORIENTED_EDGE('',*,*,#105100,.F.);
#106430=CARTESIAN_POINT('',(-13.7200999999967,-6.78918799999904,
-16.6999999999998));
#106440=DIRECTION('',(-1.22460635382238E-16,-1.,0.));
#106450=VECTOR('',#106440,1.);
#106460=LINE('',#106430,#106450);
#106470=EDGE_CURVE('',#106160,#104700,#106460,.T.);
#106480=ORIENTED_EDGE('',*,*,#106470,.T.);
#106490=ORIENTED_EDGE('',*,*,#106170,.F.);
#106500=EDGE_LOOP('',(#106490,#106480,#106420,#106410));
#106510=FACE_OUTER_BOUND('',#106500,.T.);
#106520=ADVANCED_FACE('',(#106510),#106400,.F.);
#106530=COLOUR_RGB('',1.,1.,0.);
#106540=FILL_AREA_STYLE_COLOUR('',#106530);
#106550=FILL_AREA_STYLE('',(#106540));
#106560=SURFACE_STYLE_FILL_AREA(#106550);
#106570=SURFACE_SIDE_STYLE('',(#106560));
#106580=SURFACE_STYLE_USAGE(.BOTH.,#106570);
#106590=PRESENTATION_STYLE_ASSIGNMENT((#106580));
#106600=CARTESIAN_POINT('',(-14.2200999999967,-1.019594,-13.4));
#106610=DIRECTION('',(-1.,1.22460635382238E-16,0.));
#106620=DIRECTION('',(-1.22460635382238E-16,-1.,0.));
#106630=AXIS2_PLACEMENT_3D('',#106600,#106610,#106620);
#106640=PLANE('',#106630);
#106650=ORIENTED_EDGE('',*,*,#104850,.F.);
#106660=ORIENTED_EDGE('',*,*,#105920,.F.);
#106670=CARTESIAN_POINT('',(-14.2200999999967,-1.019594,-13.4));
#106680=DIRECTION('',(0.,-0.,-1.));
#106690=VECTOR('',#106680,1.);
#106700=LINE('',#106670,#106690);
#106710=EDGE_CURVE('',#4830,#105850,#106700,.T.);
#106720=ORIENTED_EDGE('',*,*,#106710,.T.);
#106730=ORIENTED_EDGE('',*,*,#4840,.T.);
#106740=EDGE_LOOP('',(#106730,#106720,#106660,#106650));
#106750=FACE_OUTER_BOUND('',#106740,.T.);
#106760=ADVANCED_FACE('',(#106750),#106640,.T.);
#106770=COLOUR_RGB('',1.,1.,0.);
#106780=FILL_AREA_STYLE_COLOUR('',#106770);
#106790=FILL_AREA_STYLE('',(#106780));
#106800=SURFACE_STYLE_FILL_AREA(#106790);
#106810=SURFACE_SIDE_STYLE('',(#106800));
#106820=SURFACE_STYLE_USAGE(.BOTH.,#106810);
#106830=PRESENTATION_STYLE_ASSIGNMENT((#106820));
#106840=CARTESIAN_POINT('',(-13.7200999999967,-1.019594,-13.4));
#106850=DIRECTION('',(1.22460635382238E-16,1.,-0.));
#106860=DIRECTION('',(-1.,1.22460635382238E-16,0.));
#106870=AXIS2_PLACEMENT_3D('',#106840,#106850,#106860);
#106880=PLANE('',#106870);
#106890=ORIENTED_EDGE('',*,*,#106710,.F.);
#106900=ORIENTED_EDGE('',*,*,#106230,.F.);
#106910=CARTESIAN_POINT('',(-13.7200999999967,-1.019594,-13.4));
#106920=DIRECTION('',(0.,-0.,-1.));
#106930=VECTOR('',#106920,1.);
#106940=LINE('',#106910,#106930);
#106950=EDGE_CURVE('',#4910,#106160,#106940,.T.);
#106960=ORIENTED_EDGE('',*,*,#106950,.T.);
#106970=ORIENTED_EDGE('',*,*,#4920,.T.);
#106980=EDGE_LOOP('',(#106970,#106960,#106900,#106890));
#106990=FACE_OUTER_BOUND('',#106980,.T.);
#107000=ADVANCED_FACE('',(#106990),#106880,.T.);
#107010=COLOUR_RGB('',1.,1.,0.);
#107020=FILL_AREA_STYLE_COLOUR('',#107010);
#107030=FILL_AREA_STYLE('',(#107020));
#107040=SURFACE_STYLE_FILL_AREA(#107030);
#107050=SURFACE_SIDE_STYLE('',(#107040));
#107060=SURFACE_STYLE_USAGE(.BOTH.,#107050);
#107070=PRESENTATION_STYLE_ASSIGNMENT((#107060));
#107080=CARTESIAN_POINT('',(-13.7200999999967,-1.519594,-13.4));
#107090=DIRECTION('',(1.,-1.22460635382238E-16,0.));
#107100=DIRECTION('',(1.22460635382238E-16,1.,0.));
#107110=AXIS2_PLACEMENT_3D('',#107080,#107090,#107100);
#107120=PLANE('',#107110);
#107130=ORIENTED_EDGE('',*,*,#106950,.F.);
#107140=ORIENTED_EDGE('',*,*,#106470,.F.);
#107150=ORIENTED_EDGE('',*,*,#104710,.T.);
#107160=ORIENTED_EDGE('',*,*,#4980,.T.);
#107170=EDGE_LOOP('',(#107160,#107150,#107140,#107130));
#107180=FACE_OUTER_BOUND('',#107170,.T.);
#107190=ADVANCED_FACE('',(#107180),#107120,.T.);
#107200=COLOUR_RGB('',1.,1.,0.);
#107210=FILL_AREA_STYLE_COLOUR('',#107200);
#107220=FILL_AREA_STYLE('',(#107210));
#107230=SURFACE_STYLE_FILL_AREA(#107220);
#107240=SURFACE_SIDE_STYLE('',(#107230));
#107250=SURFACE_STYLE_USAGE(.BOTH.,#107240);
#107260=PRESENTATION_STYLE_ASSIGNMENT((#107250));
#107270=CARTESIAN_POINT('',(-16.7600999999967,-1.519594,-13.4));
#107280=DIRECTION('',(-1.22460635382238E-16,-1.,0.));
#107290=DIRECTION('',(1.,-1.22460635382238E-16,0.));
#107300=AXIS2_PLACEMENT_3D('',#107270,#107280,#107290);
#107310=PLANE('',#107300);
#107320=CARTESIAN_POINT('',(-16.2600999999967,-1.519594,-13.4));
#107330=DIRECTION('',(0.,-0.,-1.));
#107340=VECTOR('',#107330,1.);
#107350=LINE('',#107320,#107340);
#107360=CARTESIAN_POINT('',(-16.2600999999967,-1.51959399999918,
-16.6999999999996));
#107370=VERTEX_POINT('',#107360);
#107380=EDGE_CURVE('',#5070,#107370,#107350,.T.);
#107390=ORIENTED_EDGE('',*,*,#107380,.F.);
#107400=CARTESIAN_POINT('',(-96.2319819999983,-1.51959399999999,
-16.6999999999942));
#107410=DIRECTION('',(-1.,1.22460635382238E-16,0.));
#107420=VECTOR('',#107410,1.);
#107430=LINE('',#107400,#107420);
#107440=CARTESIAN_POINT('',(-16.7600999999967,-1.519594,
-16.7000000000018));
#107450=VERTEX_POINT('',#107440);
#107460=EDGE_CURVE('',#107370,#107450,#107430,.T.);
#107470=ORIENTED_EDGE('',*,*,#107460,.F.);
#107480=CARTESIAN_POINT('',(-16.7600999999967,-1.519594,-13.4));
#107490=DIRECTION('',(0.,-0.,-1.));
#107500=VECTOR('',#107490,1.);
#107510=LINE('',#107480,#107500);
#107520=EDGE_CURVE('',#5090,#107450,#107510,.T.);
#107530=ORIENTED_EDGE('',*,*,#107520,.T.);
#107540=ORIENTED_EDGE('',*,*,#5100,.T.);
#107550=EDGE_LOOP('',(#107540,#107530,#107470,#107390));
#107560=FACE_OUTER_BOUND('',#107550,.T.);
#107570=ADVANCED_FACE('',(#107560),#107310,.T.);
#107580=COLOUR_RGB('',1.,1.,0.);
#107590=FILL_AREA_STYLE_COLOUR('',#107580);
#107600=FILL_AREA_STYLE('',(#107590));
#107610=SURFACE_STYLE_FILL_AREA(#107600);
#107620=SURFACE_SIDE_STYLE('',(#107610));
#107630=SURFACE_STYLE_USAGE(.BOTH.,#107620);
#107640=PRESENTATION_STYLE_ASSIGNMENT((#107630));
#107650=CARTESIAN_POINT('',(-2.3660999999983,-1.44459399999904,-17.2));
#107660=DIRECTION('',(1.21105774124841E-16,0.988936352868269,
0.148340452930434));
#107670=DIRECTION('',(-1.81658661187498E-17,-0.148340452930434,
0.988936352868269));
#107680=AXIS2_PLACEMENT_3D('',#107650,#107660,#107670);
#107690=PLANE('',#107680);
#107700=ORIENTED_EDGE('',*,*,#107460,.T.);
#107710=CARTESIAN_POINT('',(-22.1879691000119,16.264013300024,
-135.257382));
#107720=DIRECTION('',(0.0493864798326041,-0.148159439497626,
0.987729596649555));
#107730=VECTOR('',#107720,1.);
#107740=LINE('',#107710,#107730);
#107750=CARTESIAN_POINT('',(-16.2850999999967,-1.44459399999904,-17.2));
#107760=VERTEX_POINT('',#107750);
#107770=EDGE_CURVE('',#107760,#107370,#107740,.T.);
#107780=ORIENTED_EDGE('',*,*,#107770,.T.);
#107790=CARTESIAN_POINT('',(-96.2319819999983,-1.44459399999902,-17.2));
#107800=DIRECTION('',(1.,-1.22460635382238E-16,0.));
#107810=VECTOR('',#107800,1.);
#107820=LINE('',#107790,#107810);
#107830=CARTESIAN_POINT('',(-16.7350999999967,-1.44459399999904,-17.2));
#107840=VERTEX_POINT('',#107830);
#107850=EDGE_CURVE('',#107840,#107760,#107820,.T.);
#107860=ORIENTED_EDGE('',*,*,#107850,.T.);
#107870=CARTESIAN_POINT('',(-10.8322308999816,16.264013300024,
-135.257382));
#107880=DIRECTION('',(0.0493864798326041,0.148159439497626,
-0.987729596649555));
#107890=VECTOR('',#107880,1.);
#107900=LINE('',#107870,#107890);
#107910=EDGE_CURVE('',#107450,#107840,#107900,.T.);
#107920=ORIENTED_EDGE('',*,*,#107910,.T.);
#107930=EDGE_LOOP('',(#107920,#107860,#107780,#107700));
#107940=FACE_OUTER_BOUND('',#107930,.T.);
#107950=ADVANCED_FACE('',(#107940),#107690,.F.);
#107960=COLOUR_RGB('',1.,1.,0.);
#107970=FILL_AREA_STYLE_COLOUR('',#107960);
#107980=FILL_AREA_STYLE('',(#107970));
#107990=SURFACE_STYLE_FILL_AREA(#107980);
#108000=SURFACE_SIDE_STYLE('',(#107990));
#108010=SURFACE_STYLE_USAGE(.BOTH.,#108000);
#108020=PRESENTATION_STYLE_ASSIGNMENT((#108010));
#108030=CARTESIAN_POINT('',(-21.5900999999983,-2.98918799999904,-17.2));
#108040=DIRECTION('',(0.,-0.,-1.));
#108050=DIRECTION('',(1.,-1.22460635382238E-16,0.));
#108060=AXIS2_PLACEMENT_3D('',#108030,#108040,#108050);
#108070=PLANE('',#108060);
#108080=ORIENTED_EDGE('',*,*,#107850,.F.);
#108090=CARTESIAN_POINT('',(-16.2850999999968,-6.78918799999904,-17.2));
#108100=DIRECTION('',(1.22460635382238E-16,1.,0.));
#108110=VECTOR('',#108100,1.);
#108120=LINE('',#108090,#108110);
#108130=CARTESIAN_POINT('',(-16.2850999999967,-1.09459399999904,-17.2));
#108140=VERTEX_POINT('',#108130);
#108150=EDGE_CURVE('',#107760,#108140,#108120,.T.);
#108160=ORIENTED_EDGE('',*,*,#108150,.F.);
#108170=CARTESIAN_POINT('',(-96.2319819999983,-1.09459399999903,-17.2));
#108180=DIRECTION('',(-1.,1.22460635382238E-16,0.));
#108190=VECTOR('',#108180,1.);
#108200=LINE('',#108170,#108190);
#108210=CARTESIAN_POINT('',(-16.7350999999967,-1.09459399999904,-17.2));
#108220=VERTEX_POINT('',#108210);
#108230=EDGE_CURVE('',#108140,#108220,#108200,.T.);
#108240=ORIENTED_EDGE('',*,*,#108230,.F.);
#108250=CARTESIAN_POINT('',(-16.7350999999967,-6.78918799999904,-17.2));
#108260=DIRECTION('',(-1.22460635382238E-16,-1.,0.));
#108270=VECTOR('',#108260,1.);
#108280=LINE('',#108250,#108270);
#108290=EDGE_CURVE('',#108220,#107840,#108280,.T.);
#108300=ORIENTED_EDGE('',*,*,#108290,.F.);
#108310=EDGE_LOOP('',(#108300,#108240,#108160,#108080));
#108320=FACE_OUTER_BOUND('',#108310,.T.);
#108330=ADVANCED_FACE('',(#108320),#108070,.T.);
#108340=COLOUR_RGB('',1.,1.,0.);
#108350=FILL_AREA_STYLE_COLOUR('',#108340);
#108360=FILL_AREA_STYLE('',(#108350));
#108370=SURFACE_STYLE_FILL_AREA(#108360);
#108380=SURFACE_SIDE_STYLE('',(#108370));
#108390=SURFACE_STYLE_USAGE(.BOTH.,#108380);
#108400=PRESENTATION_STYLE_ASSIGNMENT((#108390));
#108410=CARTESIAN_POINT('',(-16.7350999999967,-7.88818799999904,-17.2));
#108420=DIRECTION('',(0.998752338877838,-1.22307846008476E-16,
0.0499376169440196));
#108430=DIRECTION('',(-0.0499376169440196,6.11539230043945E-18,
0.998752338877838));
#108440=AXIS2_PLACEMENT_3D('',#108410,#108420,#108430);
#108450=PLANE('',#108440);
#108460=ORIENTED_EDGE('',*,*,#108290,.T.);
#108470=CARTESIAN_POINT('',(-10.8322308999816,-18.8032012999917,
-135.257382));
#108480=DIRECTION('',(-0.0493864798326059,0.148159439497377,
0.987729596649592));
#108490=VECTOR('',#108480,1.);
#108500=LINE('',#108470,#108490);
#108510=CARTESIAN_POINT('',(-16.7600999999967,-1.019594,
-16.7000000000018));
#108520=VERTEX_POINT('',#108510);
#108530=EDGE_CURVE('',#108220,#108520,#108500,.T.);
#108540=ORIENTED_EDGE('',*,*,#108530,.F.);
#108550=CARTESIAN_POINT('',(-16.7600999999967,-6.78918799999904,
-16.7000000000018));
#108560=DIRECTION('',(1.22460635382238E-16,1.,0.));
#108570=VECTOR('',#108560,1.);
#108580=LINE('',#108550,#108570);
#108590=EDGE_CURVE('',#107450,#108520,#108580,.T.);
#108600=ORIENTED_EDGE('',*,*,#108590,.T.);
#108610=ORIENTED_EDGE('',*,*,#107910,.F.);
#108620=EDGE_LOOP('',(#108610,#108600,#108540,#108460));
#108630=FACE_OUTER_BOUND('',#108620,.T.);
#108640=ADVANCED_FACE('',(#108630),#108450,.F.);
#108650=COLOUR_RGB('',1.,1.,0.);
#108660=FILL_AREA_STYLE_COLOUR('',#108650);
#108670=FILL_AREA_STYLE('',(#108660));
#108680=SURFACE_STYLE_FILL_AREA(#108670);
#108690=SURFACE_SIDE_STYLE('',(#108680));
#108700=SURFACE_STYLE_USAGE(.BOTH.,#108690);
#108710=PRESENTATION_STYLE_ASSIGNMENT((#108700));
#108720=CARTESIAN_POINT('',(-2.3660999999983,-1.01959399999904,
-16.6999999999998));
#108730=DIRECTION('',(-1.21105774124846E-16,-0.988936352868307,
0.148340452930185));
#108740=DIRECTION('',(-1.81658661187193E-17,-0.148340452930185,
-0.988936352868307));
#108750=AXIS2_PLACEMENT_3D('',#108720,#108730,#108740);
#108760=PLANE('',#108750);
#108770=ORIENTED_EDGE('',*,*,#108230,.T.);
#108780=CARTESIAN_POINT('',(-22.1879691000119,-18.8032012999917,
-135.257382));
#108790=DIRECTION('',(-0.049386479832606,-0.148159439497377,
-0.987729596649592));
#108800=VECTOR('',#108790,1.);
#108810=LINE('',#108780,#108800);
#108820=CARTESIAN_POINT('',(-16.2600999999967,-1.01959399999906,
-16.6999999999999));
#108830=VERTEX_POINT('',#108820);
#108840=EDGE_CURVE('',#108830,#108140,#108810,.T.);
#108850=ORIENTED_EDGE('',*,*,#108840,.T.);
#108860=CARTESIAN_POINT('',(-96.2319819999983,-1.01959399999999,
-16.7000000000062));
#108870=DIRECTION('',(1.,-1.22460635382238E-16,0.));
#108880=VECTOR('',#108870,1.);
#108890=LINE('',#108860,#108880);
#108900=EDGE_CURVE('',#108520,#108830,#108890,.T.);
#108910=ORIENTED_EDGE('',*,*,#108900,.T.);
#108920=ORIENTED_EDGE('',*,*,#108530,.T.);
#108930=EDGE_LOOP('',(#108920,#108910,#108850,#108770));
#108940=FACE_OUTER_BOUND('',#108930,.T.);
#108950=ADVANCED_FACE('',(#108940),#108760,.F.);
#108960=COLOUR_RGB('',1.,1.,0.);
#108970=FILL_AREA_STYLE_COLOUR('',#108960);
#108980=FILL_AREA_STYLE('',(#108970));
#108990=SURFACE_STYLE_FILL_AREA(#108980);
#109000=SURFACE_SIDE_STYLE('',(#108990));
#109010=SURFACE_STYLE_USAGE(.BOTH.,#109000);
#109020=PRESENTATION_STYLE_ASSIGNMENT((#109010));
#109030=CARTESIAN_POINT('',(-16.2600999999967,-7.88818799999904,
-16.6999999999998));
#109040=DIRECTION('',(-0.998752338877838,1.22307846008476E-16,
0.0499376169440196));
#109050=DIRECTION('',(-0.0499376169440196,6.11539230043945E-18,
-0.998752338877838));
#109060=AXIS2_PLACEMENT_3D('',#109030,#109040,#109050);
#109070=PLANE('',#109060);
#109080=ORIENTED_EDGE('',*,*,#108150,.T.);
#109090=ORIENTED_EDGE('',*,*,#107770,.F.);
#109100=CARTESIAN_POINT('',(-16.2600999999967,-6.78918799999904,
-16.6999999999998));
#109110=DIRECTION('',(-1.22460635382238E-16,-1.,0.));
#109120=VECTOR('',#109110,1.);
#109130=LINE('',#109100,#109120);
#109140=EDGE_CURVE('',#108830,#107370,#109130,.T.);
#109150=ORIENTED_EDGE('',*,*,#109140,.T.);
#109160=ORIENTED_EDGE('',*,*,#108840,.F.);
#109170=EDGE_LOOP('',(#109160,#109150,#109090,#109080));
#109180=FACE_OUTER_BOUND('',#109170,.T.);
#109190=ADVANCED_FACE('',(#109180),#109070,.F.);
#109200=COLOUR_RGB('',1.,1.,0.);
#109210=FILL_AREA_STYLE_COLOUR('',#109200);
#109220=FILL_AREA_STYLE('',(#109210));
#109230=SURFACE_STYLE_FILL_AREA(#109220);
#109240=SURFACE_SIDE_STYLE('',(#109230));
#109250=SURFACE_STYLE_USAGE(.BOTH.,#109240);
#109260=PRESENTATION_STYLE_ASSIGNMENT((#109250));
#109270=CARTESIAN_POINT('',(-16.7600999999967,-1.019594,-13.4));
#109280=DIRECTION('',(-1.,1.22460635382238E-16,0.));
#109290=DIRECTION('',(-1.22460635382238E-16,-1.,0.));
#109300=AXIS2_PLACEMENT_3D('',#109270,#109280,#109290);
#109310=PLANE('',#109300);
#109320=ORIENTED_EDGE('',*,*,#107520,.F.);
#109330=ORIENTED_EDGE('',*,*,#108590,.F.);
#109340=CARTESIAN_POINT('',(-16.7600999999967,-1.019594,-13.4));
#109350=DIRECTION('',(0.,-0.,-1.));
#109360=VECTOR('',#109350,1.);
#109370=LINE('',#109340,#109360);
#109380=EDGE_CURVE('',#5170,#108520,#109370,.T.);
#109390=ORIENTED_EDGE('',*,*,#109380,.T.);
#109400=ORIENTED_EDGE('',*,*,#5180,.T.);
#109410=EDGE_LOOP('',(#109400,#109390,#109330,#109320));
#109420=FACE_OUTER_BOUND('',#109410,.T.);
#109430=ADVANCED_FACE('',(#109420),#109310,.T.);
#109440=COLOUR_RGB('',1.,1.,0.);
#109450=FILL_AREA_STYLE_COLOUR('',#109440);
#109460=FILL_AREA_STYLE('',(#109450));
#109470=SURFACE_STYLE_FILL_AREA(#109460);
#109480=SURFACE_SIDE_STYLE('',(#109470));
#109490=SURFACE_STYLE_USAGE(.BOTH.,#109480);
#109500=PRESENTATION_STYLE_ASSIGNMENT((#109490));
#109510=CARTESIAN_POINT('',(-16.2600999999967,-1.019594,-13.4));
#109520=DIRECTION('',(1.22460635382238E-16,1.,-0.));
#109530=DIRECTION('',(-1.,1.22460635382238E-16,0.));
#109540=AXIS2_PLACEMENT_3D('',#109510,#109520,#109530);
#109550=PLANE('',#109540);
#109560=ORIENTED_EDGE('',*,*,#109380,.F.);
#109570=ORIENTED_EDGE('',*,*,#108900,.F.);
#109580=CARTESIAN_POINT('',(-16.2600999999967,-1.019594,-13.4));
#109590=DIRECTION('',(0.,-0.,-1.));
#109600=VECTOR('',#109590,1.);
#109610=LINE('',#109580,#109600);
#109620=EDGE_CURVE('',#5250,#108830,#109610,.T.);
#109630=ORIENTED_EDGE('',*,*,#109620,.T.);
#109640=ORIENTED_EDGE('',*,*,#5260,.T.);
#109650=EDGE_LOOP('',(#109640,#109630,#109570,#109560));
#109660=FACE_OUTER_BOUND('',#109650,.T.);
#109670=ADVANCED_FACE('',(#109660),#109550,.T.);
#109680=COLOUR_RGB('',1.,1.,0.);
#109690=FILL_AREA_STYLE_COLOUR('',#109680);
#109700=FILL_AREA_STYLE('',(#109690));
#109710=SURFACE_STYLE_FILL_AREA(#109700);
#109720=SURFACE_SIDE_STYLE('',(#109710));
#109730=SURFACE_STYLE_USAGE(.BOTH.,#109720);
#109740=PRESENTATION_STYLE_ASSIGNMENT((#109730));
#109750=CARTESIAN_POINT('',(-16.2600999999967,-1.519594,-13.4));
#109760=DIRECTION('',(1.,-1.22460635382238E-16,0.));
#109770=DIRECTION('',(1.22460635382238E-16,1.,0.));
#109780=AXIS2_PLACEMENT_3D('',#109750,#109760,#109770);
#109790=PLANE('',#109780);
#109800=ORIENTED_EDGE('',*,*,#109620,.F.);
#109810=ORIENTED_EDGE('',*,*,#109140,.F.);
#109820=ORIENTED_EDGE('',*,*,#107380,.T.);
#109830=ORIENTED_EDGE('',*,*,#5320,.T.);
#109840=EDGE_LOOP('',(#109830,#109820,#109810,#109800));
#109850=FACE_OUTER_BOUND('',#109840,.T.);
#109860=ADVANCED_FACE('',(#109850),#109790,.T.);
#109870=COLOUR_RGB('',1.,1.,0.);
#109880=FILL_AREA_STYLE_COLOUR('',#109870);
#109890=FILL_AREA_STYLE('',(#109880));
#109900=SURFACE_STYLE_FILL_AREA(#109890);
#109910=SURFACE_SIDE_STYLE('',(#109900));
#109920=SURFACE_STYLE_USAGE(.BOTH.,#109910);
#109930=PRESENTATION_STYLE_ASSIGNMENT((#109920));
#109940=CARTESIAN_POINT('',(-18.8000999999967,-1.519594,-13.4));
#109950=DIRECTION('',(1.,-1.22460635382238E-16,0.));
#109960=DIRECTION('',(1.22460635382238E-16,1.,0.));
#109970=AXIS2_PLACEMENT_3D('',#109940,#109950,#109960);
#109980=PLANE('',#109970);
#109990=CARTESIAN_POINT('',(-18.8000999999967,-1.01959400000001,-13.4));
#110000=DIRECTION('',(0.,-0.,-1.));
#110010=VECTOR('',#110000,1.);
#110020=LINE('',#109990,#110010);
#110030=CARTESIAN_POINT('',(-18.8000999999967,-1.01959399999906,
-16.6999999999999));
#110040=VERTEX_POINT('',#110030);
#110050=EDGE_CURVE('',#5430,#110040,#110020,.T.);
#110060=ORIENTED_EDGE('',*,*,#110050,.F.);
#110070=CARTESIAN_POINT('',(-18.8000999999967,-6.78918799999904,
-16.6999999999998));
#110080=DIRECTION('',(-1.22460635382238E-16,-1.,0.));
#110090=VECTOR('',#110080,1.);
#110100=LINE('',#110070,#110090);
#110110=CARTESIAN_POINT('',(-18.8000999999967,-1.51959399999918,
-16.6999999999996));
#110120=VERTEX_POINT('',#110110);
#110130=EDGE_CURVE('',#110040,#110120,#110100,.T.);
#110140=ORIENTED_EDGE('',*,*,#110130,.F.);
#110150=CARTESIAN_POINT('',(-18.8000999999967,-1.519594,-13.4));
#110160=DIRECTION('',(0.,-0.,-1.));
#110170=VECTOR('',#110160,1.);
#110180=LINE('',#110150,#110170);
#110190=EDGE_CURVE('',#5510,#110120,#110180,.T.);
#110200=ORIENTED_EDGE('',*,*,#110190,.T.);
#110210=ORIENTED_EDGE('',*,*,#5520,.T.);
#110220=EDGE_LOOP('',(#110210,#110200,#110140,#110060));
#110230=FACE_OUTER_BOUND('',#110220,.T.);
#110240=ADVANCED_FACE('',(#110230),#109980,.T.);
#110250=COLOUR_RGB('',1.,1.,0.);
#110260=FILL_AREA_STYLE_COLOUR('',#110250);
#110270=FILL_AREA_STYLE('',(#110260));
#110280=SURFACE_STYLE_FILL_AREA(#110270);
#110290=SURFACE_SIDE_STYLE('',(#110280));
#110300=SURFACE_STYLE_USAGE(.BOTH.,#110290);
#110310=PRESENTATION_STYLE_ASSIGNMENT((#110300));
#110320=CARTESIAN_POINT('',(-18.8000999999967,-1.01959400000001,-13.4));
#110330=DIRECTION('',(1.22460635382238E-16,1.,-0.));
#110340=DIRECTION('',(-1.,1.22460635382238E-16,0.));
#110350=AXIS2_PLACEMENT_3D('',#110320,#110330,#110340);
#110360=PLANE('',#110350);
#110370=CARTESIAN_POINT('',(-19.3000999999967,-1.01959400000001,-13.4));
#110380=DIRECTION('',(0.,-0.,-1.));
#110390=VECTOR('',#110380,1.);
#110400=LINE('',#110370,#110390);
#110410=CARTESIAN_POINT('',(-19.3000999999967,-1.01959400000001,
-16.7000000000018));
#110420=VERTEX_POINT('',#110410);
#110430=EDGE_CURVE('',#5410,#110420,#110400,.T.);
#110440=ORIENTED_EDGE('',*,*,#110430,.F.);
#110450=CARTESIAN_POINT('',(-98.7719819999983,-1.019594,
-16.7000000000062));
#110460=DIRECTION('',(1.,-1.22460635382238E-16,0.));
#110470=VECTOR('',#110460,1.);
#110480=LINE('',#110450,#110470);
#110490=EDGE_CURVE('',#110420,#110040,#110480,.T.);
#110500=ORIENTED_EDGE('',*,*,#110490,.F.);
#110510=ORIENTED_EDGE('',*,*,#110050,.T.);
#110520=ORIENTED_EDGE('',*,*,#5440,.T.);
#110530=EDGE_LOOP('',(#110520,#110510,#110500,#110440));
#110540=FACE_OUTER_BOUND('',#110530,.T.);
#110550=ADVANCED_FACE('',(#110540),#110360,.T.);
#110560=COLOUR_RGB('',1.,1.,0.);
#110570=FILL_AREA_STYLE_COLOUR('',#110560);
#110580=FILL_AREA_STYLE('',(#110570));
#110590=SURFACE_STYLE_FILL_AREA(#110580);
#110600=SURFACE_SIDE_STYLE('',(#110590));
#110610=SURFACE_STYLE_USAGE(.BOTH.,#110600);
#110620=PRESENTATION_STYLE_ASSIGNMENT((#110610));
#110630=CARTESIAN_POINT('',(-19.3000999999967,-1.519594,-13.4));
#110640=DIRECTION('',(-1.22460635382238E-16,-1.,0.));
#110650=DIRECTION('',(1.,-1.22460635382238E-16,0.));
#110660=AXIS2_PLACEMENT_3D('',#110630,#110640,#110650);
#110670=PLANE('',#110660);
#110680=ORIENTED_EDGE('',*,*,#110190,.F.);
#110690=CARTESIAN_POINT('',(-98.7719819999983,-1.51959399999999,
-16.6999999999942));
#110700=DIRECTION('',(-1.,1.22460635382238E-16,0.));
#110710=VECTOR('',#110700,1.);
#110720=LINE('',#110690,#110710);
#110730=CARTESIAN_POINT('',(-19.3000999999967,-1.519594,
-16.7000000000018));
#110740=VERTEX_POINT('',#110730);
#110750=EDGE_CURVE('',#110120,#110740,#110720,.T.);
#110760=ORIENTED_EDGE('',*,*,#110750,.F.);
#110770=CARTESIAN_POINT('',(-19.3000999999967,-1.519594,-13.4));
#110780=DIRECTION('',(0.,-0.,-1.));
#110790=VECTOR('',#110780,1.);
#110800=LINE('',#110770,#110790);
#110810=EDGE_CURVE('',#5590,#110740,#110800,.T.);
#110820=ORIENTED_EDGE('',*,*,#110810,.T.);
#110830=ORIENTED_EDGE('',*,*,#5600,.T.);
#110840=EDGE_LOOP('',(#110830,#110820,#110760,#110680));
#110850=FACE_OUTER_BOUND('',#110840,.T.);
#110860=ADVANCED_FACE('',(#110850),#110670,.T.);
#110870=COLOUR_RGB('',1.,1.,0.);
#110880=FILL_AREA_STYLE_COLOUR('',#110870);
#110890=FILL_AREA_STYLE('',(#110880));
#110900=SURFACE_STYLE_FILL_AREA(#110890);
#110910=SURFACE_SIDE_STYLE('',(#110900));
#110920=SURFACE_STYLE_USAGE(.BOTH.,#110910);
#110930=PRESENTATION_STYLE_ASSIGNMENT((#110920));
#110940=CARTESIAN_POINT('',(-19.3000999999967,-1.01959400000001,-13.4));
#110950=DIRECTION('',(-1.,1.22460635382238E-16,0.));
#110960=DIRECTION('',(-1.22460635382238E-16,-1.,0.));
#110970=AXIS2_PLACEMENT_3D('',#110940,#110950,#110960);
#110980=PLANE('',#110970);
#110990=ORIENTED_EDGE('',*,*,#110810,.F.);
#111000=CARTESIAN_POINT('',(-19.3000999999967,-6.78918799999904,
-16.7000000000018));
#111010=DIRECTION('',(1.22460635382238E-16,1.,0.));
#111020=VECTOR('',#111010,1.);
#111030=LINE('',#111000,#111020);
#111040=EDGE_CURVE('',#110740,#110420,#111030,.T.);
#111050=ORIENTED_EDGE('',*,*,#111040,.F.);
#111060=ORIENTED_EDGE('',*,*,#110430,.T.);
#111070=ORIENTED_EDGE('',*,*,#5660,.T.);
#111080=EDGE_LOOP('',(#111070,#111060,#111050,#110990));
#111090=FACE_OUTER_BOUND('',#111080,.T.);
#111100=ADVANCED_FACE('',(#111090),#110980,.T.);
#111110=COLOUR_RGB('',1.,1.,0.);
#111120=FILL_AREA_STYLE_COLOUR('',#111110);
#111130=FILL_AREA_STYLE('',(#111120));
#111140=SURFACE_STYLE_FILL_AREA(#111130);
#111150=SURFACE_SIDE_STYLE('',(#111140));
#111160=SURFACE_STYLE_USAGE(.BOTH.,#111150);
#111170=PRESENTATION_STYLE_ASSIGNMENT((#111160));
#111180=CARTESIAN_POINT('',(-19.2750999999967,-7.88818799999904,-17.2));
#111190=DIRECTION('',(0.998752338877838,-1.22307846008476E-16,
0.0499376169440196));
#111200=DIRECTION('',(-0.0499376169440196,6.11539230043945E-18,
0.998752338877838));
#111210=AXIS2_PLACEMENT_3D('',#111180,#111190,#111200);
#111220=PLANE('',#111210);
#111230=CARTESIAN_POINT('',(-19.2750999999967,-6.78918799999904,-17.2));
#111240=DIRECTION('',(-1.22460635382238E-16,-1.,0.));
#111250=VECTOR('',#111240,1.);
#111260=LINE('',#111230,#111250);
#111270=CARTESIAN_POINT('',(-19.2750999999967,-1.09459399999904,-17.2));
#111280=VERTEX_POINT('',#111270);
#111290=CARTESIAN_POINT('',(-19.2750999999967,-1.44459399999904,-17.2));
#111300=VERTEX_POINT('',#111290);
#111310=EDGE_CURVE('',#111280,#111300,#111260,.T.);
#111320=ORIENTED_EDGE('',*,*,#111310,.T.);
#111330=CARTESIAN_POINT('',(-13.3722308999816,-18.8032012999917,
-135.257382));
#111340=DIRECTION('',(-0.0493864798326059,0.148159439497377,
0.987729596649592));
#111350=VECTOR('',#111340,1.);
#111360=LINE('',#111330,#111350);
#111370=EDGE_CURVE('',#111280,#110420,#111360,.T.);
#111380=ORIENTED_EDGE('',*,*,#111370,.F.);
#111390=ORIENTED_EDGE('',*,*,#111040,.T.);
#111400=CARTESIAN_POINT('',(-13.3722308999816,16.264013300024,
-135.257382));
#111410=DIRECTION('',(0.0493864798326041,0.148159439497626,
-0.987729596649555));
#111420=VECTOR('',#111410,1.);
#111430=LINE('',#111400,#111420);
#111440=EDGE_CURVE('',#110740,#111300,#111430,.T.);
#111450=ORIENTED_EDGE('',*,*,#111440,.F.);
#111460=EDGE_LOOP('',(#111450,#111390,#111380,#111320));
#111470=FACE_OUTER_BOUND('',#111460,.T.);
#111480=ADVANCED_FACE('',(#111470),#111220,.F.);
#111490=COLOUR_RGB('',1.,1.,0.);
#111500=FILL_AREA_STYLE_COLOUR('',#111490);
#111510=FILL_AREA_STYLE('',(#111500));
#111520=SURFACE_STYLE_FILL_AREA(#111510);
#111530=SURFACE_SIDE_STYLE('',(#111520));
#111540=SURFACE_STYLE_USAGE(.BOTH.,#111530);
#111550=PRESENTATION_STYLE_ASSIGNMENT((#111540));
#111560=CARTESIAN_POINT('',(-24.1300999999983,-2.98918799999904,-17.2));
#111570=DIRECTION('',(0.,-0.,-1.));
#111580=DIRECTION('',(1.,-1.22460635382238E-16,0.));
#111590=AXIS2_PLACEMENT_3D('',#111560,#111570,#111580);
#111600=PLANE('',#111590);
#111610=CARTESIAN_POINT('',(-98.7719819999983,-1.44459399999902,-17.2));
#111620=DIRECTION('',(1.,-1.22460635382238E-16,0.));
#111630=VECTOR('',#111620,1.);
#111640=LINE('',#111610,#111630);
#111650=CARTESIAN_POINT('',(-18.8250999999967,-1.44459399999904,-17.2));
#111660=VERTEX_POINT('',#111650);
#111670=EDGE_CURVE('',#111300,#111660,#111640,.T.);
#111680=ORIENTED_EDGE('',*,*,#111670,.F.);
#111690=CARTESIAN_POINT('',(-18.8250999999968,-6.78918799999904,-17.2));
#111700=DIRECTION('',(1.22460635382238E-16,1.,0.));
#111710=VECTOR('',#111700,1.);
#111720=LINE('',#111690,#111710);
#111730=CARTESIAN_POINT('',(-18.8250999999967,-1.09459399999904,-17.2));
#111740=VERTEX_POINT('',#111730);
#111750=EDGE_CURVE('',#111660,#111740,#111720,.T.);
#111760=ORIENTED_EDGE('',*,*,#111750,.F.);
#111770=CARTESIAN_POINT('',(-98.7719819999983,-1.09459399999903,-17.2));
#111780=DIRECTION('',(-1.,1.22460635382238E-16,0.));
#111790=VECTOR('',#111780,1.);
#111800=LINE('',#111770,#111790);
#111810=EDGE_CURVE('',#111740,#111280,#111800,.T.);
#111820=ORIENTED_EDGE('',*,*,#111810,.F.);
#111830=ORIENTED_EDGE('',*,*,#111310,.F.);
#111840=EDGE_LOOP('',(#111830,#111820,#111760,#111680));
#111850=FACE_OUTER_BOUND('',#111840,.T.);
#111860=ADVANCED_FACE('',(#111850),#111600,.T.);
#111870=COLOUR_RGB('',1.,1.,0.);
#111880=FILL_AREA_STYLE_COLOUR('',#111870);
#111890=FILL_AREA_STYLE('',(#111880));
#111900=SURFACE_STYLE_FILL_AREA(#111890);
#111910=SURFACE_SIDE_STYLE('',(#111900));
#111920=SURFACE_STYLE_USAGE(.BOTH.,#111910);
#111930=PRESENTATION_STYLE_ASSIGNMENT((#111920));
#111940=CARTESIAN_POINT('',(-4.90609999999829,-1.01959399999904,
-16.6999999999998));
#111950=DIRECTION('',(-1.21105774124846E-16,-0.988936352868307,
0.148340452930185));
#111960=DIRECTION('',(-1.81658661187193E-17,-0.148340452930185,
-0.988936352868307));
#111970=AXIS2_PLACEMENT_3D('',#111940,#111950,#111960);
#111980=PLANE('',#111970);
#111990=ORIENTED_EDGE('',*,*,#111810,.T.);
#112000=CARTESIAN_POINT('',(-24.7279691000118,-18.8032012999917,
-135.257382));
#112010=DIRECTION('',(-0.049386479832606,-0.148159439497377,
-0.987729596649592));
#112020=VECTOR('',#112010,1.);
#112030=LINE('',#112000,#112020);
#112040=EDGE_CURVE('',#110040,#111740,#112030,.T.);
#112050=ORIENTED_EDGE('',*,*,#112040,.T.);
#112060=ORIENTED_EDGE('',*,*,#110490,.T.);
#112070=ORIENTED_EDGE('',*,*,#111370,.T.);
#112080=EDGE_LOOP('',(#112070,#112060,#112050,#111990));
#112090=FACE_OUTER_BOUND('',#112080,.T.);
#112100=ADVANCED_FACE('',(#112090),#111980,.F.);
#112110=COLOUR_RGB('',1.,1.,0.);
#112120=FILL_AREA_STYLE_COLOUR('',#112110);
#112130=FILL_AREA_STYLE('',(#112120));
#112140=SURFACE_STYLE_FILL_AREA(#112130);
#112150=SURFACE_SIDE_STYLE('',(#112140));
#112160=SURFACE_STYLE_USAGE(.BOTH.,#112150);
#112170=PRESENTATION_STYLE_ASSIGNMENT((#112160));
#112180=CARTESIAN_POINT('',(-18.8000999999967,-7.88818799999904,
-16.6999999999998));
#112190=DIRECTION('',(-0.998752338877838,1.22307846008476E-16,
0.0499376169440196));
#112200=DIRECTION('',(-0.0499376169440196,6.11539230043945E-18,
-0.998752338877838));
#112210=AXIS2_PLACEMENT_3D('',#112180,#112190,#112200);
#112220=PLANE('',#112210);
#112230=ORIENTED_EDGE('',*,*,#111750,.T.);
#112240=CARTESIAN_POINT('',(-24.7279691000118,16.264013300024,
-135.257382));
#112250=DIRECTION('',(0.0493864798326041,-0.148159439497626,
0.987729596649555));
#112260=VECTOR('',#112250,1.);
#112270=LINE('',#112240,#112260);
#112280=EDGE_CURVE('',#111660,#110120,#112270,.T.);
#112290=ORIENTED_EDGE('',*,*,#112280,.F.);
#112300=ORIENTED_EDGE('',*,*,#110130,.T.);
#112310=ORIENTED_EDGE('',*,*,#112040,.F.);
#112320=EDGE_LOOP('',(#112310,#112300,#112290,#112230));
#112330=FACE_OUTER_BOUND('',#112320,.T.);
#112340=ADVANCED_FACE('',(#112330),#112220,.F.);
#112350=COLOUR_RGB('',1.,1.,0.);
#112360=FILL_AREA_STYLE_COLOUR('',#112350);
#112370=FILL_AREA_STYLE('',(#112360));
#112380=SURFACE_STYLE_FILL_AREA(#112370);
#112390=SURFACE_SIDE_STYLE('',(#112380));
#112400=SURFACE_STYLE_USAGE(.BOTH.,#112390);
#112410=PRESENTATION_STYLE_ASSIGNMENT((#112400));
#112420=CARTESIAN_POINT('',(-4.90609999999829,-1.44459399999904,-17.2));
#112430=DIRECTION('',(1.21105774124841E-16,0.988936352868269,
0.148340452930434));
#112440=DIRECTION('',(-1.81658661187498E-17,-0.148340452930434,
0.988936352868269));
#112450=AXIS2_PLACEMENT_3D('',#112420,#112430,#112440);
#112460=PLANE('',#112450);
#112470=ORIENTED_EDGE('',*,*,#110750,.T.);
#112480=ORIENTED_EDGE('',*,*,#112280,.T.);
#112490=ORIENTED_EDGE('',*,*,#111670,.T.);
#112500=ORIENTED_EDGE('',*,*,#111440,.T.);
#112510=EDGE_LOOP('',(#112500,#112490,#112480,#112470));
#112520=FACE_OUTER_BOUND('',#112510,.T.);
#112530=ADVANCED_FACE('',(#112520),#112460,.F.);
#112540=COLOUR_RGB('',1.,1.,0.);
#112550=FILL_AREA_STYLE_COLOUR('',#112540);
#112560=FILL_AREA_STYLE('',(#112550));
#112570=SURFACE_STYLE_FILL_AREA(#112560);
#112580=SURFACE_SIDE_STYLE('',(#112570));
#112590=SURFACE_STYLE_USAGE(.BOTH.,#112580);
#112600=PRESENTATION_STYLE_ASSIGNMENT((#112590));
#112610=CARTESIAN_POINT('',(-6.60009999999669,1.020406,-13.4));
#112620=DIRECTION('',(-1.22460635382238E-16,-1.,0.));
#112630=DIRECTION('',(1.,-1.22460635382238E-16,0.));
#112640=AXIS2_PLACEMENT_3D('',#112610,#112620,#112630);
#112650=PLANE('',#112640);
#112660=CARTESIAN_POINT('',(-6.10009999999669,1.020406,-13.4));
#112670=DIRECTION('',(0.,-0.,-1.));
#112680=VECTOR('',#112670,1.);
#112690=LINE('',#112660,#112680);
#112700=CARTESIAN_POINT('',(-6.10009999999669,1.02040600000082,
-16.6999999999996));
#112710=VERTEX_POINT('',#112700);
#112720=EDGE_CURVE('',#5750,#112710,#112690,.T.);
#112730=ORIENTED_EDGE('',*,*,#112720,.F.);
#112740=CARTESIAN_POINT('',(-86.0719819999983,1.02040600000001,
-16.6999999999942));
#112750=DIRECTION('',(-1.,1.22460635382238E-16,0.));
#112760=VECTOR('',#112750,1.);
#112770=LINE('',#112740,#112760);
#112780=CARTESIAN_POINT('',(-6.60009999999669,1.020406,-16.7000000000018
));
#112790=VERTEX_POINT('',#112780);
#112800=EDGE_CURVE('',#112710,#112790,#112770,.T.);
#112810=ORIENTED_EDGE('',*,*,#112800,.F.);
#112820=CARTESIAN_POINT('',(-6.60009999999669,1.020406,-13.4));
#112830=DIRECTION('',(0.,-0.,-1.));
#112840=VECTOR('',#112830,1.);
#112850=LINE('',#112820,#112840);
#112860=EDGE_CURVE('',#5770,#112790,#112850,.T.);
#112870=ORIENTED_EDGE('',*,*,#112860,.T.);
#112880=ORIENTED_EDGE('',*,*,#5780,.T.);
#112890=EDGE_LOOP('',(#112880,#112870,#112810,#112730));
#112900=FACE_OUTER_BOUND('',#112890,.T.);
#112910=ADVANCED_FACE('',(#112900),#112650,.T.);
#112920=COLOUR_RGB('',1.,1.,0.);
#112930=FILL_AREA_STYLE_COLOUR('',#112920);
#112940=FILL_AREA_STYLE('',(#112930));
#112950=SURFACE_STYLE_FILL_AREA(#112940);
#112960=SURFACE_SIDE_STYLE('',(#112950));
#112970=SURFACE_STYLE_USAGE(.BOTH.,#112960);
#112980=PRESENTATION_STYLE_ASSIGNMENT((#112970));
#112990=CARTESIAN_POINT('',(7.7939000000017,1.09540600000096,-17.2));
#113000=DIRECTION('',(1.21105774124841E-16,0.988936352868269,
0.148340452930434));
#113010=DIRECTION('',(-1.81658661187498E-17,-0.148340452930434,
0.988936352868269));
#113020=AXIS2_PLACEMENT_3D('',#112990,#113000,#113010);
#113030=PLANE('',#113020);
#113040=ORIENTED_EDGE('',*,*,#112800,.T.);
#113050=CARTESIAN_POINT('',(-12.0279691000119,18.804013300024,
-135.257382));
#113060=DIRECTION('',(0.0493864798326041,-0.148159439497626,
0.987729596649555));
#113070=VECTOR('',#113060,1.);
#113080=LINE('',#113050,#113070);
#113090=CARTESIAN_POINT('',(-6.12509999999671,1.09540600000096,-17.2));
#113100=VERTEX_POINT('',#113090);
#113110=EDGE_CURVE('',#113100,#112710,#113080,.T.);
#113120=ORIENTED_EDGE('',*,*,#113110,.T.);
#113130=CARTESIAN_POINT('',(-86.0719819999983,1.09540600000098,-17.2));
#113140=DIRECTION('',(1.,-1.22460635382238E-16,0.));
#113150=VECTOR('',#113140,1.);
#113160=LINE('',#113130,#113150);
#113170=CARTESIAN_POINT('',(-6.57509999999671,1.09540600000096,-17.2));
#113180=VERTEX_POINT('',#113170);
#113190=EDGE_CURVE('',#113180,#113100,#113160,.T.);
#113200=ORIENTED_EDGE('',*,*,#113190,.T.);
#113210=CARTESIAN_POINT('',(-0.672230899981599,18.804013300024,
-135.257382));
#113220=DIRECTION('',(0.0493864798326041,0.148159439497626,
-0.987729596649555));
#113230=VECTOR('',#113220,1.);
#113240=LINE('',#113210,#113230);
#113250=EDGE_CURVE('',#112790,#113180,#113240,.T.);
#113260=ORIENTED_EDGE('',*,*,#113250,.T.);
#113270=EDGE_LOOP('',(#113260,#113200,#113120,#113040));
#113280=FACE_OUTER_BOUND('',#113270,.T.);
#113290=ADVANCED_FACE('',(#113280),#113030,.F.);
#113300=COLOUR_RGB('',1.,1.,0.);
#113310=FILL_AREA_STYLE_COLOUR('',#113300);
#113320=FILL_AREA_STYLE('',(#113310));
#113330=SURFACE_STYLE_FILL_AREA(#113320);
#113340=SURFACE_SIDE_STYLE('',(#113330));
#113350=SURFACE_STYLE_USAGE(.BOTH.,#113340);
#113360=PRESENTATION_STYLE_ASSIGNMENT((#113350));
#113370=CARTESIAN_POINT('',(-11.4300999999983,-0.449187999999037,-17.2))
;
#113380=DIRECTION('',(0.,-0.,-1.));
#113390=DIRECTION('',(1.,-1.22460635382238E-16,0.));
#113400=AXIS2_PLACEMENT_3D('',#113370,#113380,#113390);
#113410=PLANE('',#113400);
#113420=ORIENTED_EDGE('',*,*,#113190,.F.);
#113430=CARTESIAN_POINT('',(-6.12509999999676,-4.24918799999904,-17.2));
#113440=DIRECTION('',(1.22460635382238E-16,1.,0.));
#113450=VECTOR('',#113440,1.);
#113460=LINE('',#113430,#113450);
#113470=CARTESIAN_POINT('',(-6.12509999999671,1.44540600000096,-17.2));
#113480=VERTEX_POINT('',#113470);
#113490=EDGE_CURVE('',#113100,#113480,#113460,.T.);
#113500=ORIENTED_EDGE('',*,*,#113490,.F.);
#113510=CARTESIAN_POINT('',(-86.0719819999983,1.44540600000097,-17.2));
#113520=DIRECTION('',(-1.,1.22460635382238E-16,0.));
#113530=VECTOR('',#113520,1.);
#113540=LINE('',#113510,#113530);
#113550=CARTESIAN_POINT('',(-6.57509999999671,1.44540600000096,-17.2));
#113560=VERTEX_POINT('',#113550);
#113570=EDGE_CURVE('',#113480,#113560,#113540,.T.);
#113580=ORIENTED_EDGE('',*,*,#113570,.F.);
#113590=CARTESIAN_POINT('',(-6.57509999999671,-4.24918799999904,-17.2));
#113600=DIRECTION('',(-1.22460635382238E-16,-1.,0.));
#113610=VECTOR('',#113600,1.);
#113620=LINE('',#113590,#113610);
#113630=EDGE_CURVE('',#113560,#113180,#113620,.T.);
#113640=ORIENTED_EDGE('',*,*,#113630,.F.);
#113650=EDGE_LOOP('',(#113640,#113580,#113500,#113420));
#113660=FACE_OUTER_BOUND('',#113650,.T.);
#113670=ADVANCED_FACE('',(#113660),#113410,.T.);
#113680=COLOUR_RGB('',1.,1.,0.);
#113690=FILL_AREA_STYLE_COLOUR('',#113680);
#113700=FILL_AREA_STYLE('',(#113690));
#113710=SURFACE_STYLE_FILL_AREA(#113700);
#113720=SURFACE_SIDE_STYLE('',(#113710));
#113730=SURFACE_STYLE_USAGE(.BOTH.,#113720);
#113740=PRESENTATION_STYLE_ASSIGNMENT((#113730));
#113750=CARTESIAN_POINT('',(-6.57509999999671,-5.34818799999904,-17.2));
#113760=DIRECTION('',(0.998752338877838,-1.22307846008476E-16,
0.0499376169440196));
#113770=DIRECTION('',(-0.0499376169440196,6.11539230043945E-18,
0.998752338877838));
#113780=AXIS2_PLACEMENT_3D('',#113750,#113760,#113770);
#113790=PLANE('',#113780);
#113800=ORIENTED_EDGE('',*,*,#113630,.T.);
#113810=CARTESIAN_POINT('',(-0.672230899981614,-16.2632012999917,
-135.257382));
#113820=DIRECTION('',(-0.0493864798326059,0.148159439497377,
0.987729596649592));
#113830=VECTOR('',#113820,1.);
#113840=LINE('',#113810,#113830);
#113850=CARTESIAN_POINT('',(-6.60009999999669,1.520406,-16.7000000000018
));
#113860=VERTEX_POINT('',#113850);
#113870=EDGE_CURVE('',#113560,#113860,#113840,.T.);
#113880=ORIENTED_EDGE('',*,*,#113870,.F.);
#113890=CARTESIAN_POINT('',(-6.60009999999669,-4.24918799999904,
-16.7000000000018));
#113900=DIRECTION('',(1.22460635382238E-16,1.,0.));
#113910=VECTOR('',#113900,1.);
#113920=LINE('',#113890,#113910);
#113930=EDGE_CURVE('',#112790,#113860,#113920,.T.);
#113940=ORIENTED_EDGE('',*,*,#113930,.T.);
#113950=ORIENTED_EDGE('',*,*,#113250,.F.);
#113960=EDGE_LOOP('',(#113950,#113940,#113880,#113800));
#113970=FACE_OUTER_BOUND('',#113960,.T.);
#113980=ADVANCED_FACE('',(#113970),#113790,.F.);
#113990=COLOUR_RGB('',1.,1.,0.);
#114000=FILL_AREA_STYLE_COLOUR('',#113990);
#114010=FILL_AREA_STYLE('',(#114000));
#114020=SURFACE_STYLE_FILL_AREA(#114010);
#114030=SURFACE_SIDE_STYLE('',(#114020));
#114040=SURFACE_STYLE_USAGE(.BOTH.,#114030);
#114050=PRESENTATION_STYLE_ASSIGNMENT((#114040));
#114060=CARTESIAN_POINT('',(7.7939000000017,1.52040600000096,
-16.6999999999998));
#114070=DIRECTION('',(-1.21105774124846E-16,-0.988936352868307,
0.148340452930185));
#114080=DIRECTION('',(-1.81658661187193E-17,-0.148340452930185,
-0.988936352868307));
#114090=AXIS2_PLACEMENT_3D('',#114060,#114070,#114080);
#114100=PLANE('',#114090);
#114110=ORIENTED_EDGE('',*,*,#113570,.T.);
#114120=CARTESIAN_POINT('',(-12.0279691000119,-16.2632012999917,
-135.257382));
#114130=DIRECTION('',(-0.049386479832606,-0.148159439497377,
-0.987729596649592));
#114140=VECTOR('',#114130,1.);
#114150=LINE('',#114120,#114140);
#114160=CARTESIAN_POINT('',(-6.10009999999669,1.52040600000094,
-16.6999999999999));
#114170=VERTEX_POINT('',#114160);
#114180=EDGE_CURVE('',#114170,#113480,#114150,.T.);
#114190=ORIENTED_EDGE('',*,*,#114180,.T.);
#114200=CARTESIAN_POINT('',(-86.0719819999983,1.520406,-16.7000000000062
));
#114210=DIRECTION('',(1.,-1.22460635382238E-16,0.));
#114220=VECTOR('',#114210,1.);
#114230=LINE('',#114200,#114220);
#114240=EDGE_CURVE('',#113860,#114170,#114230,.T.);
#114250=ORIENTED_EDGE('',*,*,#114240,.T.);
#114260=ORIENTED_EDGE('',*,*,#113870,.T.);
#114270=EDGE_LOOP('',(#114260,#114250,#114190,#114110));
#114280=FACE_OUTER_BOUND('',#114270,.T.);
#114290=ADVANCED_FACE('',(#114280),#114100,.F.);
#114300=COLOUR_RGB('',1.,1.,0.);
#114310=FILL_AREA_STYLE_COLOUR('',#114300);
#114320=FILL_AREA_STYLE('',(#114310));
#114330=SURFACE_STYLE_FILL_AREA(#114320);
#114340=SURFACE_SIDE_STYLE('',(#114330));
#114350=SURFACE_STYLE_USAGE(.BOTH.,#114340);
#114360=PRESENTATION_STYLE_ASSIGNMENT((#114350));
#114370=CARTESIAN_POINT('',(-6.10009999999669,-5.34818799999904,
-16.6999999999998));
#114380=DIRECTION('',(-0.998752338877838,1.22307846008476E-16,
0.0499376169440196));
#114390=DIRECTION('',(-0.0499376169440196,6.11539230043945E-18,
-0.998752338877838));
#114400=AXIS2_PLACEMENT_3D('',#114370,#114380,#114390);
#114410=PLANE('',#114400);
#114420=ORIENTED_EDGE('',*,*,#113490,.T.);
#114430=ORIENTED_EDGE('',*,*,#113110,.F.);
#114440=CARTESIAN_POINT('',(-6.10009999999669,-4.24918799999904,
-16.6999999999998));
#114450=DIRECTION('',(-1.22460635382238E-16,-1.,0.));
#114460=VECTOR('',#114450,1.);
#114470=LINE('',#114440,#114460);
#114480=EDGE_CURVE('',#114170,#112710,#114470,.T.);
#114490=ORIENTED_EDGE('',*,*,#114480,.T.);
#114500=ORIENTED_EDGE('',*,*,#114180,.F.);
#114510=EDGE_LOOP('',(#114500,#114490,#114430,#114420));
#114520=FACE_OUTER_BOUND('',#114510,.T.);
#114530=ADVANCED_FACE('',(#114520),#114410,.F.);
#114540=COLOUR_RGB('',1.,1.,0.);
#114550=FILL_AREA_STYLE_COLOUR('',#114540);
#114560=FILL_AREA_STYLE('',(#114550));
#114570=SURFACE_STYLE_FILL_AREA(#114560);
#114580=SURFACE_SIDE_STYLE('',(#114570));
#114590=SURFACE_STYLE_USAGE(.BOTH.,#114580);
#114600=PRESENTATION_STYLE_ASSIGNMENT((#114590));
#114610=CARTESIAN_POINT('',(-6.60009999999669,1.520406,-13.4));
#114620=DIRECTION('',(-1.,1.22460635382238E-16,0.));
#114630=DIRECTION('',(-1.22460635382238E-16,-1.,0.));
#114640=AXIS2_PLACEMENT_3D('',#114610,#114620,#114630);
#114650=PLANE('',#114640);
#114660=ORIENTED_EDGE('',*,*,#112860,.F.);
#114670=ORIENTED_EDGE('',*,*,#113930,.F.);
#114680=CARTESIAN_POINT('',(-6.60009999999669,1.520406,-13.4));
#114690=DIRECTION('',(0.,-0.,-1.));
#114700=VECTOR('',#114690,1.);
#114710=LINE('',#114680,#114700);
#114720=EDGE_CURVE('',#5850,#113860,#114710,.T.);
#114730=ORIENTED_EDGE('',*,*,#114720,.T.);
#114740=ORIENTED_EDGE('',*,*,#5860,.T.);
#114750=EDGE_LOOP('',(#114740,#114730,#114670,#114660));
#114760=FACE_OUTER_BOUND('',#114750,.T.);
#114770=ADVANCED_FACE('',(#114760),#114650,.T.);
#114780=COLOUR_RGB('',1.,1.,0.);
#114790=FILL_AREA_STYLE_COLOUR('',#114780);
#114800=FILL_AREA_STYLE('',(#114790));
#114810=SURFACE_STYLE_FILL_AREA(#114800);
#114820=SURFACE_SIDE_STYLE('',(#114810));
#114830=SURFACE_STYLE_USAGE(.BOTH.,#114820);
#114840=PRESENTATION_STYLE_ASSIGNMENT((#114830));
#114850=CARTESIAN_POINT('',(-6.10009999999669,1.520406,-13.4));
#114860=DIRECTION('',(1.22460635382238E-16,1.,-0.));
#114870=DIRECTION('',(-1.,1.22460635382238E-16,0.));
#114880=AXIS2_PLACEMENT_3D('',#114850,#114860,#114870);
#114890=PLANE('',#114880);
#114900=ORIENTED_EDGE('',*,*,#114720,.F.);
#114910=ORIENTED_EDGE('',*,*,#114240,.F.);
#114920=CARTESIAN_POINT('',(-6.10009999999669,1.520406,-13.4));
#114930=DIRECTION('',(0.,-0.,-1.));
#114940=VECTOR('',#114930,1.);
#114950=LINE('',#114920,#114940);
#114960=EDGE_CURVE('',#5930,#114170,#114950,.T.);
#114970=ORIENTED_EDGE('',*,*,#114960,.T.);
#114980=ORIENTED_EDGE('',*,*,#5940,.T.);
#114990=EDGE_LOOP('',(#114980,#114970,#114910,#114900));
#115000=FACE_OUTER_BOUND('',#114990,.T.);
#115010=ADVANCED_FACE('',(#115000),#114890,.T.);
#115020=COLOUR_RGB('',1.,1.,0.);
#115030=FILL_AREA_STYLE_COLOUR('',#115020);
#115040=FILL_AREA_STYLE('',(#115030));
#115050=SURFACE_STYLE_FILL_AREA(#115040);
#115060=SURFACE_SIDE_STYLE('',(#115050));
#115070=SURFACE_STYLE_USAGE(.BOTH.,#115060);
#115080=PRESENTATION_STYLE_ASSIGNMENT((#115070));
#115090=CARTESIAN_POINT('',(-6.10009999999669,1.020406,-13.4));
#115100=DIRECTION('',(1.,-1.22460635382238E-16,0.));
#115110=DIRECTION('',(1.22460635382238E-16,1.,0.));
#115120=AXIS2_PLACEMENT_3D('',#115090,#115100,#115110);
#115130=PLANE('',#115120);
#115140=ORIENTED_EDGE('',*,*,#114960,.F.);
#115150=ORIENTED_EDGE('',*,*,#114480,.F.);
#115160=ORIENTED_EDGE('',*,*,#112720,.T.);
#115170=ORIENTED_EDGE('',*,*,#6000,.T.);
#115180=EDGE_LOOP('',(#115170,#115160,#115150,#115140));
#115190=FACE_OUTER_BOUND('',#115180,.T.);
#115200=ADVANCED_FACE('',(#115190),#115130,.T.);
#115210=COLOUR_RGB('',1.,1.,0.);
#115220=FILL_AREA_STYLE_COLOUR('',#115210);
#115230=FILL_AREA_STYLE('',(#115220));
#115240=SURFACE_STYLE_FILL_AREA(#115230);
#115250=SURFACE_SIDE_STYLE('',(#115240));
#115260=SURFACE_STYLE_USAGE(.BOTH.,#115250);
#115270=PRESENTATION_STYLE_ASSIGNMENT((#115260));
#115280=CARTESIAN_POINT('',(-19.3000999999967,1.020406,-13.4));
#115290=DIRECTION('',(-1.22460635382238E-16,-1.,0.));
#115300=DIRECTION('',(1.,-1.22460635382238E-16,0.));
#115310=AXIS2_PLACEMENT_3D('',#115280,#115290,#115300);
#115320=PLANE('',#115310);
#115330=CARTESIAN_POINT('',(-18.8000999999967,1.020406,-13.4));
#115340=DIRECTION('',(0.,-0.,-1.));
#115350=VECTOR('',#115340,1.);
#115360=LINE('',#115330,#115350);
#115370=CARTESIAN_POINT('',(-18.8000999999967,1.02040600000082,
-16.6999999999996));
#115380=VERTEX_POINT('',#115370);
#115390=EDGE_CURVE('',#6090,#115380,#115360,.T.);
#115400=ORIENTED_EDGE('',*,*,#115390,.F.);
#115410=CARTESIAN_POINT('',(-98.7719819999983,1.02040600000001,
-16.6999999999942));
#115420=DIRECTION('',(-1.,1.22460635382238E-16,0.));
#115430=VECTOR('',#115420,1.);
#115440=LINE('',#115410,#115430);
#115450=CARTESIAN_POINT('',(-19.3000999999967,1.020406,-16.7000000000018
));
#115460=VERTEX_POINT('',#115450);
#115470=EDGE_CURVE('',#115380,#115460,#115440,.T.);
#115480=ORIENTED_EDGE('',*,*,#115470,.F.);
#115490=CARTESIAN_POINT('',(-19.3000999999967,1.020406,-13.4));
#115500=DIRECTION('',(0.,-0.,-1.));
#115510=VECTOR('',#115500,1.);
#115520=LINE('',#115490,#115510);
#115530=EDGE_CURVE('',#6110,#115460,#115520,.T.);
#115540=ORIENTED_EDGE('',*,*,#115530,.T.);
#115550=ORIENTED_EDGE('',*,*,#6120,.T.);
#115560=EDGE_LOOP('',(#115550,#115540,#115480,#115400));
#115570=FACE_OUTER_BOUND('',#115560,.T.);
#115580=ADVANCED_FACE('',(#115570),#115320,.T.);
#115590=COLOUR_RGB('',1.,1.,0.);
#115600=FILL_AREA_STYLE_COLOUR('',#115590);
#115610=FILL_AREA_STYLE('',(#115600));
#115620=SURFACE_STYLE_FILL_AREA(#115610);
#115630=SURFACE_SIDE_STYLE('',(#115620));
#115640=SURFACE_STYLE_USAGE(.BOTH.,#115630);
#115650=PRESENTATION_STYLE_ASSIGNMENT((#115640));
#115660=CARTESIAN_POINT('',(-4.90609999999829,1.09540600000096,-17.2));
#115670=DIRECTION('',(1.21105774124841E-16,0.988936352868269,
0.148340452930434));
#115680=DIRECTION('',(-1.81658661187498E-17,-0.148340452930434,
0.988936352868269));
#115690=AXIS2_PLACEMENT_3D('',#115660,#115670,#115680);
#115700=PLANE('',#115690);
#115710=ORIENTED_EDGE('',*,*,#115470,.T.);
#115720=CARTESIAN_POINT('',(-24.7279691000118,18.804013300024,
-135.257382));
#115730=DIRECTION('',(0.0493864798326041,-0.148159439497626,
0.987729596649555));
#115740=VECTOR('',#115730,1.);
#115750=LINE('',#115720,#115740);
#115760=CARTESIAN_POINT('',(-18.8250999999967,1.09540600000096,-17.2));
#115770=VERTEX_POINT('',#115760);
#115780=EDGE_CURVE('',#115770,#115380,#115750,.T.);
#115790=ORIENTED_EDGE('',*,*,#115780,.T.);
#115800=CARTESIAN_POINT('',(-98.7719819999983,1.09540600000098,-17.2));
#115810=DIRECTION('',(1.,-1.22460635382238E-16,0.));
#115820=VECTOR('',#115810,1.);
#115830=LINE('',#115800,#115820);
#115840=CARTESIAN_POINT('',(-19.2750999999967,1.09540600000096,-17.2));
#115850=VERTEX_POINT('',#115840);
#115860=EDGE_CURVE('',#115850,#115770,#115830,.T.);
#115870=ORIENTED_EDGE('',*,*,#115860,.T.);
#115880=CARTESIAN_POINT('',(-13.3722308999816,18.804013300024,
-135.257382));
#115890=DIRECTION('',(0.0493864798326041,0.148159439497626,
-0.987729596649555));
#115900=VECTOR('',#115890,1.);
#115910=LINE('',#115880,#115900);
#115920=EDGE_CURVE('',#115460,#115850,#115910,.T.);
#115930=ORIENTED_EDGE('',*,*,#115920,.T.);
#115940=EDGE_LOOP('',(#115930,#115870,#115790,#115710));
#115950=FACE_OUTER_BOUND('',#115940,.T.);
#115960=ADVANCED_FACE('',(#115950),#115700,.F.);
#115970=COLOUR_RGB('',1.,1.,0.);
#115980=FILL_AREA_STYLE_COLOUR('',#115970);
#115990=FILL_AREA_STYLE('',(#115980));
#116000=SURFACE_STYLE_FILL_AREA(#115990);
#116010=SURFACE_SIDE_STYLE('',(#116000));
#116020=SURFACE_STYLE_USAGE(.BOTH.,#116010);
#116030=PRESENTATION_STYLE_ASSIGNMENT((#116020));
#116040=CARTESIAN_POINT('',(-24.1300999999983,-0.449187999999037,-17.2))
;
#116050=DIRECTION('',(0.,-0.,-1.));
#116060=DIRECTION('',(1.,-1.22460635382238E-16,0.));
#116070=AXIS2_PLACEMENT_3D('',#116040,#116050,#116060);
#116080=PLANE('',#116070);
#116090=ORIENTED_EDGE('',*,*,#115860,.F.);
#116100=CARTESIAN_POINT('',(-18.8250999999968,-4.24918799999904,-17.2));
#116110=DIRECTION('',(1.22460635382238E-16,1.,0.));
#116120=VECTOR('',#116110,1.);
#116130=LINE('',#116100,#116120);
#116140=CARTESIAN_POINT('',(-18.8250999999967,1.44540600000096,-17.2));
#116150=VERTEX_POINT('',#116140);
#116160=EDGE_CURVE('',#115770,#116150,#116130,.T.);
#116170=ORIENTED_EDGE('',*,*,#116160,.F.);
#116180=CARTESIAN_POINT('',(-98.7719819999983,1.44540600000097,-17.2));
#116190=DIRECTION('',(-1.,1.22460635382238E-16,0.));
#116200=VECTOR('',#116190,1.);
#116210=LINE('',#116180,#116200);
#116220=CARTESIAN_POINT('',(-19.2750999999967,1.44540600000096,-17.2));
#116230=VERTEX_POINT('',#116220);
#116240=EDGE_CURVE('',#116150,#116230,#116210,.T.);
#116250=ORIENTED_EDGE('',*,*,#116240,.F.);
#116260=CARTESIAN_POINT('',(-19.2750999999967,-4.24918799999904,-17.2));
#116270=DIRECTION('',(-1.22460635382238E-16,-1.,0.));
#116280=VECTOR('',#116270,1.);
#116290=LINE('',#116260,#116280);
#116300=EDGE_CURVE('',#116230,#115850,#116290,.T.);
#116310=ORIENTED_EDGE('',*,*,#116300,.F.);
#116320=EDGE_LOOP('',(#116310,#116250,#116170,#116090));
#116330=FACE_OUTER_BOUND('',#116320,.T.);
#116340=ADVANCED_FACE('',(#116330),#116080,.T.);
#116350=COLOUR_RGB('',1.,1.,0.);
#116360=FILL_AREA_STYLE_COLOUR('',#116350);
#116370=FILL_AREA_STYLE('',(#116360));
#116380=SURFACE_STYLE_FILL_AREA(#116370);
#116390=SURFACE_SIDE_STYLE('',(#116380));
#116400=SURFACE_STYLE_USAGE(.BOTH.,#116390);
#116410=PRESENTATION_STYLE_ASSIGNMENT((#116400));
#116420=CARTESIAN_POINT('',(-19.2750999999967,-5.34818799999904,-17.2));
#116430=DIRECTION('',(0.998752338877838,-1.22307846008476E-16,
0.0499376169440196));
#116440=DIRECTION('',(-0.0499376169440196,6.11539230043945E-18,
0.998752338877838));
#116450=AXIS2_PLACEMENT_3D('',#116420,#116430,#116440);
#116460=PLANE('',#116450);
#116470=ORIENTED_EDGE('',*,*,#116300,.T.);
#116480=CARTESIAN_POINT('',(-13.3722308999816,-16.2632012999917,
-135.257382));
#116490=DIRECTION('',(-0.0493864798326059,0.148159439497377,
0.987729596649592));
#116500=VECTOR('',#116490,1.);
#116510=LINE('',#116480,#116500);
#116520=CARTESIAN_POINT('',(-19.3000999999967,1.520406,-16.7000000000018
));
#116530=VERTEX_POINT('',#116520);
#116540=EDGE_CURVE('',#116230,#116530,#116510,.T.);
#116550=ORIENTED_EDGE('',*,*,#116540,.F.);
#116560=CARTESIAN_POINT('',(-19.3000999999967,-4.24918799999904,
-16.7000000000018));
#116570=DIRECTION('',(1.22460635382238E-16,1.,0.));
#116580=VECTOR('',#116570,1.);
#116590=LINE('',#116560,#116580);
#116600=EDGE_CURVE('',#115460,#116530,#116590,.T.);
#116610=ORIENTED_EDGE('',*,*,#116600,.T.);
#116620=ORIENTED_EDGE('',*,*,#115920,.F.);
#116630=EDGE_LOOP('',(#116620,#116610,#116550,#116470));
#116640=FACE_OUTER_BOUND('',#116630,.T.);
#116650=ADVANCED_FACE('',(#116640),#116460,.F.);
#116660=COLOUR_RGB('',1.,1.,0.);
#116670=FILL_AREA_STYLE_COLOUR('',#116660);
#116680=FILL_AREA_STYLE('',(#116670));
#116690=SURFACE_STYLE_FILL_AREA(#116680);
#116700=SURFACE_SIDE_STYLE('',(#116690));
#116710=SURFACE_STYLE_USAGE(.BOTH.,#116700);
#116720=PRESENTATION_STYLE_ASSIGNMENT((#116710));
#116730=CARTESIAN_POINT('',(-4.90609999999829,1.52040600000096,
-16.6999999999998));
#116740=DIRECTION('',(-1.21105774124846E-16,-0.988936352868307,
0.148340452930185));
#116750=DIRECTION('',(-1.81658661187193E-17,-0.148340452930185,
-0.988936352868307));
#116760=AXIS2_PLACEMENT_3D('',#116730,#116740,#116750);
#116770=PLANE('',#116760);
#116780=ORIENTED_EDGE('',*,*,#116240,.T.);
#116790=CARTESIAN_POINT('',(-24.7279691000118,-16.2632012999917,
-135.257382));
#116800=DIRECTION('',(-0.049386479832606,-0.148159439497377,
-0.987729596649592));
#116810=VECTOR('',#116800,1.);
#116820=LINE('',#116790,#116810);
#116830=CARTESIAN_POINT('',(-18.8000999999967,1.52040600000094,
-16.6999999999999));
#116840=VERTEX_POINT('',#116830);
#116850=EDGE_CURVE('',#116840,#116150,#116820,.T.);
#116860=ORIENTED_EDGE('',*,*,#116850,.T.);
#116870=CARTESIAN_POINT('',(-98.7719819999983,1.520406,-16.7000000000062
));
#116880=DIRECTION('',(1.,-1.22460635382238E-16,0.));
#116890=VECTOR('',#116880,1.);
#116900=LINE('',#116870,#116890);
#116910=EDGE_CURVE('',#116530,#116840,#116900,.T.);
#116920=ORIENTED_EDGE('',*,*,#116910,.T.);
#116930=ORIENTED_EDGE('',*,*,#116540,.T.);
#116940=EDGE_LOOP('',(#116930,#116920,#116860,#116780));
#116950=FACE_OUTER_BOUND('',#116940,.T.);
#116960=ADVANCED_FACE('',(#116950),#116770,.F.);
#116970=COLOUR_RGB('',1.,1.,0.);
#116980=FILL_AREA_STYLE_COLOUR('',#116970);
#116990=FILL_AREA_STYLE('',(#116980));
#117000=SURFACE_STYLE_FILL_AREA(#116990);
#117010=SURFACE_SIDE_STYLE('',(#117000));
#117020=SURFACE_STYLE_USAGE(.BOTH.,#117010);
#117030=PRESENTATION_STYLE_ASSIGNMENT((#117020));
#117040=CARTESIAN_POINT('',(-18.8000999999967,-5.34818799999904,
-16.6999999999998));
#117050=DIRECTION('',(-0.998752338877838,1.22307846008476E-16,
0.0499376169440196));
#117060=DIRECTION('',(-0.0499376169440196,6.11539230043945E-18,
-0.998752338877838));
#117070=AXIS2_PLACEMENT_3D('',#117040,#117050,#117060);
#117080=PLANE('',#117070);
#117090=ORIENTED_EDGE('',*,*,#116160,.T.);
#117100=ORIENTED_EDGE('',*,*,#115780,.F.);
#117110=CARTESIAN_POINT('',(-18.8000999999967,-4.24918799999904,
-16.6999999999998));
#117120=DIRECTION('',(-1.22460635382238E-16,-1.,0.));
#117130=VECTOR('',#117120,1.);
#117140=LINE('',#117110,#117130);
#117150=EDGE_CURVE('',#116840,#115380,#117140,.T.);
#117160=ORIENTED_EDGE('',*,*,#117150,.T.);
#117170=ORIENTED_EDGE('',*,*,#116850,.F.);
#117180=EDGE_LOOP('',(#117170,#117160,#117100,#117090));
#117190=FACE_OUTER_BOUND('',#117180,.T.);
#117200=ADVANCED_FACE('',(#117190),#117080,.F.);
#117210=COLOUR_RGB('',1.,1.,0.);
#117220=FILL_AREA_STYLE_COLOUR('',#117210);
#117230=FILL_AREA_STYLE('',(#117220));
#117240=SURFACE_STYLE_FILL_AREA(#117230);
#117250=SURFACE_SIDE_STYLE('',(#117240));
#117260=SURFACE_STYLE_USAGE(.BOTH.,#117250);
#117270=PRESENTATION_STYLE_ASSIGNMENT((#117260));
#117280=CARTESIAN_POINT('',(-19.3000999999967,1.520406,-13.4));
#117290=DIRECTION('',(-1.,1.22460635382238E-16,0.));
#117300=DIRECTION('',(-1.22460635382238E-16,-1.,0.));
#117310=AXIS2_PLACEMENT_3D('',#117280,#117290,#117300);
#117320=PLANE('',#117310);
#117330=ORIENTED_EDGE('',*,*,#115530,.F.);
#117340=ORIENTED_EDGE('',*,*,#116600,.F.);
#117350=CARTESIAN_POINT('',(-19.3000999999967,1.520406,-13.4));
#117360=DIRECTION('',(0.,-0.,-1.));
#117370=VECTOR('',#117360,1.);
#117380=LINE('',#117350,#117370);
#117390=EDGE_CURVE('',#6190,#116530,#117380,.T.);
#117400=ORIENTED_EDGE('',*,*,#117390,.T.);
#117410=ORIENTED_EDGE('',*,*,#6200,.T.);
#117420=EDGE_LOOP('',(#117410,#117400,#117340,#117330));
#117430=FACE_OUTER_BOUND('',#117420,.T.);
#117440=ADVANCED_FACE('',(#117430),#117320,.T.);
#117450=COLOUR_RGB('',1.,1.,0.);
#117460=FILL_AREA_STYLE_COLOUR('',#117450);
#117470=FILL_AREA_STYLE('',(#117460));
#117480=SURFACE_STYLE_FILL_AREA(#117470);
#117490=SURFACE_SIDE_STYLE('',(#117480));
#117500=SURFACE_STYLE_USAGE(.BOTH.,#117490);
#117510=PRESENTATION_STYLE_ASSIGNMENT((#117500));
#117520=CARTESIAN_POINT('',(-18.8000999999967,1.520406,-13.4));
#117530=DIRECTION('',(1.22460635382238E-16,1.,-0.));
#117540=DIRECTION('',(-1.,1.22460635382238E-16,0.));
#117550=AXIS2_PLACEMENT_3D('',#117520,#117530,#117540);
#117560=PLANE('',#117550);
#117570=ORIENTED_EDGE('',*,*,#117390,.F.);
#117580=ORIENTED_EDGE('',*,*,#116910,.F.);
#117590=CARTESIAN_POINT('',(-18.8000999999967,1.520406,-13.4));
#117600=DIRECTION('',(0.,-0.,-1.));
#117610=VECTOR('',#117600,1.);
#117620=LINE('',#117590,#117610);
#117630=EDGE_CURVE('',#6270,#116840,#117620,.T.);
#117640=ORIENTED_EDGE('',*,*,#117630,.T.);
#117650=ORIENTED_EDGE('',*,*,#6280,.T.);
#117660=EDGE_LOOP('',(#117650,#117640,#117580,#117570));
#117670=FACE_OUTER_BOUND('',#117660,.T.);
#117680=ADVANCED_FACE('',(#117670),#117560,.T.);
#117690=COLOUR_RGB('',1.,1.,0.);
#117700=FILL_AREA_STYLE_COLOUR('',#117690);
#117710=FILL_AREA_STYLE('',(#117700));
#117720=SURFACE_STYLE_FILL_AREA(#117710);
#117730=SURFACE_SIDE_STYLE('',(#117720));
#117740=SURFACE_STYLE_USAGE(.BOTH.,#117730);
#117750=PRESENTATION_STYLE_ASSIGNMENT((#117740));
#117760=CARTESIAN_POINT('',(-18.8000999999967,1.020406,-13.4));
#117770=DIRECTION('',(1.,-1.22460635382238E-16,0.));
#117780=DIRECTION('',(1.22460635382238E-16,1.,0.));
#117790=AXIS2_PLACEMENT_3D('',#117760,#117770,#117780);
#117800=PLANE('',#117790);
#117810=ORIENTED_EDGE('',*,*,#117630,.F.);
#117820=ORIENTED_EDGE('',*,*,#117150,.F.);
#117830=ORIENTED_EDGE('',*,*,#115390,.T.);
#117840=ORIENTED_EDGE('',*,*,#6340,.T.);
#117850=EDGE_LOOP('',(#117840,#117830,#117820,#117810));
#117860=FACE_OUTER_BOUND('',#117850,.T.);
#117870=ADVANCED_FACE('',(#117860),#117800,.T.);
#117880=COLOUR_RGB('',1.,1.,0.);
#117890=FILL_AREA_STYLE_COLOUR('',#117880);
#117900=FILL_AREA_STYLE('',(#117890));
#117910=SURFACE_STYLE_FILL_AREA(#117900);
#117920=SURFACE_SIDE_STYLE('',(#117910));
#117930=SURFACE_STYLE_USAGE(.BOTH.,#117920);
#117940=PRESENTATION_STYLE_ASSIGNMENT((#117930));
#117950=CARTESIAN_POINT('',(-4.06009999999668,1.020406,-13.4));
#117960=DIRECTION('',(-1.22460635382238E-16,-1.,0.));
#117970=DIRECTION('',(1.,-1.22460635382238E-16,0.));
#117980=AXIS2_PLACEMENT_3D('',#117950,#117960,#117970);
#117990=PLANE('',#117980);
#118000=CARTESIAN_POINT('',(-3.56009999999668,1.020406,-13.4));
#118010=DIRECTION('',(0.,-0.,-1.));
#118020=VECTOR('',#118010,1.);
#118030=LINE('',#118000,#118020);
#118040=CARTESIAN_POINT('',(-3.56009999999668,1.02040600000082,
-16.6999999999996));
#118050=VERTEX_POINT('',#118040);
#118060=EDGE_CURVE('',#6430,#118050,#118030,.T.);
#118070=ORIENTED_EDGE('',*,*,#118060,.F.);
#118080=CARTESIAN_POINT('',(-83.5319819999983,1.02040600000001,
-16.6999999999942));
#118090=DIRECTION('',(-1.,1.22460635382238E-16,0.));
#118100=VECTOR('',#118090,1.);
#118110=LINE('',#118080,#118100);
#118120=CARTESIAN_POINT('',(-4.06009999999668,1.020406,-16.7000000000018
));
#118130=VERTEX_POINT('',#118120);
#118140=EDGE_CURVE('',#118050,#118130,#118110,.T.);
#118150=ORIENTED_EDGE('',*,*,#118140,.F.);
#118160=CARTESIAN_POINT('',(-4.06009999999668,1.020406,-13.4));
#118170=DIRECTION('',(0.,-0.,-1.));
#118180=VECTOR('',#118170,1.);
#118190=LINE('',#118160,#118180);
#118200=EDGE_CURVE('',#6450,#118130,#118190,.T.);
#118210=ORIENTED_EDGE('',*,*,#118200,.T.);
#118220=ORIENTED_EDGE('',*,*,#6460,.T.);
#118230=EDGE_LOOP('',(#118220,#118210,#118150,#118070));
#118240=FACE_OUTER_BOUND('',#118230,.T.);
#118250=ADVANCED_FACE('',(#118240),#117990,.T.);
#118260=COLOUR_RGB('',1.,1.,0.);
#118270=FILL_AREA_STYLE_COLOUR('',#118260);
#118280=FILL_AREA_STYLE('',(#118270));
#118290=SURFACE_STYLE_FILL_AREA(#118280);
#118300=SURFACE_SIDE_STYLE('',(#118290));
#118310=SURFACE_STYLE_USAGE(.BOTH.,#118300);
#118320=PRESENTATION_STYLE_ASSIGNMENT((#118310));
#118330=CARTESIAN_POINT('',(10.3339000000017,1.09540600000096,-17.2));
#118340=DIRECTION('',(1.21105774124841E-16,0.988936352868269,
0.148340452930434));
#118350=DIRECTION('',(-1.81658661187498E-17,-0.148340452930434,
0.988936352868269));
#118360=AXIS2_PLACEMENT_3D('',#118330,#118340,#118350);
#118370=PLANE('',#118360);
#118380=ORIENTED_EDGE('',*,*,#118140,.T.);
#118390=CARTESIAN_POINT('',(-9.48796910001185,18.804013300024,
-135.257382));
#118400=DIRECTION('',(0.0493864798326041,-0.148159439497626,
0.987729596649555));
#118410=VECTOR('',#118400,1.);
#118420=LINE('',#118390,#118410);
#118430=CARTESIAN_POINT('',(-3.5850999999967,1.09540600000096,-17.2));
#118440=VERTEX_POINT('',#118430);
#118450=EDGE_CURVE('',#118440,#118050,#118420,.T.);
#118460=ORIENTED_EDGE('',*,*,#118450,.T.);
#118470=CARTESIAN_POINT('',(-83.5319819999983,1.09540600000098,-17.2));
#118480=DIRECTION('',(1.,-1.22460635382238E-16,0.));
#118490=VECTOR('',#118480,1.);
#118500=LINE('',#118470,#118490);
#118510=CARTESIAN_POINT('',(-4.0350999999967,1.09540600000096,-17.2));
#118520=VERTEX_POINT('',#118510);
#118530=EDGE_CURVE('',#118520,#118440,#118500,.T.);
#118540=ORIENTED_EDGE('',*,*,#118530,.T.);
#118550=CARTESIAN_POINT('',(1.86776910001841,18.804013300024,-135.257382
));
#118560=DIRECTION('',(0.0493864798326041,0.148159439497626,
-0.987729596649555));
#118570=VECTOR('',#118560,1.);
#118580=LINE('',#118550,#118570);
#118590=EDGE_CURVE('',#118130,#118520,#118580,.T.);
#118600=ORIENTED_EDGE('',*,*,#118590,.T.);
#118610=EDGE_LOOP('',(#118600,#118540,#118460,#118380));
#118620=FACE_OUTER_BOUND('',#118610,.T.);
#118630=ADVANCED_FACE('',(#118620),#118370,.F.);
#118640=COLOUR_RGB('',1.,1.,0.);
#118650=FILL_AREA_STYLE_COLOUR('',#118640);
#118660=FILL_AREA_STYLE('',(#118650));
#118670=SURFACE_STYLE_FILL_AREA(#118660);
#118680=SURFACE_SIDE_STYLE('',(#118670));
#118690=SURFACE_STYLE_USAGE(.BOTH.,#118680);
#118700=PRESENTATION_STYLE_ASSIGNMENT((#118690));
#118710=CARTESIAN_POINT('',(-8.89009999999834,-0.449187999999036,-17.2))
;
#118720=DIRECTION('',(0.,-0.,-1.));
#118730=DIRECTION('',(1.,-1.22460635382238E-16,0.));
#118740=AXIS2_PLACEMENT_3D('',#118710,#118720,#118730);
#118750=PLANE('',#118740);
#118760=ORIENTED_EDGE('',*,*,#118530,.F.);
#118770=CARTESIAN_POINT('',(-3.58509999999676,-4.24918799999904,-17.2));
#118780=DIRECTION('',(1.22460635382238E-16,1.,0.));
#118790=VECTOR('',#118780,1.);
#118800=LINE('',#118770,#118790);
#118810=CARTESIAN_POINT('',(-3.5850999999967,1.44540600000096,-17.2));
#118820=VERTEX_POINT('',#118810);
#118830=EDGE_CURVE('',#118440,#118820,#118800,.T.);
#118840=ORIENTED_EDGE('',*,*,#118830,.F.);
#118850=CARTESIAN_POINT('',(-83.5319819999983,1.44540600000097,-17.2));
#118860=DIRECTION('',(-1.,1.22460635382238E-16,0.));
#118870=VECTOR('',#118860,1.);
#118880=LINE('',#118850,#118870);
#118890=CARTESIAN_POINT('',(-4.0350999999967,1.44540600000096,-17.2));
#118900=VERTEX_POINT('',#118890);
#118910=EDGE_CURVE('',#118820,#118900,#118880,.T.);
#118920=ORIENTED_EDGE('',*,*,#118910,.F.);
#118930=CARTESIAN_POINT('',(-4.0350999999967,-4.24918799999904,-17.2));
#118940=DIRECTION('',(-1.22460635382238E-16,-1.,0.));
#118950=VECTOR('',#118940,1.);
#118960=LINE('',#118930,#118950);
#118970=EDGE_CURVE('',#118900,#118520,#118960,.T.);
#118980=ORIENTED_EDGE('',*,*,#118970,.F.);
#118990=EDGE_LOOP('',(#118980,#118920,#118840,#118760));
#119000=FACE_OUTER_BOUND('',#118990,.T.);
#119010=ADVANCED_FACE('',(#119000),#118750,.T.);
#119020=COLOUR_RGB('',1.,1.,0.);
#119030=FILL_AREA_STYLE_COLOUR('',#119020);
#119040=FILL_AREA_STYLE('',(#119030));
#119050=SURFACE_STYLE_FILL_AREA(#119040);
#119060=SURFACE_SIDE_STYLE('',(#119050));
#119070=SURFACE_STYLE_USAGE(.BOTH.,#119060);
#119080=PRESENTATION_STYLE_ASSIGNMENT((#119070));
#119090=CARTESIAN_POINT('',(-4.0350999999967,-5.34818799999904,-17.2));
#119100=DIRECTION('',(0.998752338877838,-1.22307846008476E-16,
0.0499376169440196));
#119110=DIRECTION('',(-0.0499376169440196,6.11539230043945E-18,
0.998752338877838));
#119120=AXIS2_PLACEMENT_3D('',#119090,#119100,#119110);
#119130=PLANE('',#119120);
#119140=ORIENTED_EDGE('',*,*,#118970,.T.);
#119150=CARTESIAN_POINT('',(1.86776910001839,-16.2632012999917,
-135.257382));
#119160=DIRECTION('',(-0.0493864798326059,0.148159439497377,
0.987729596649592));
#119170=VECTOR('',#119160,1.);
#119180=LINE('',#119150,#119170);
#119190=CARTESIAN_POINT('',(-4.06009999999668,1.520406,-16.7000000000018
));
#119200=VERTEX_POINT('',#119190);
#119210=EDGE_CURVE('',#118900,#119200,#119180,.T.);
#119220=ORIENTED_EDGE('',*,*,#119210,.F.);
#119230=CARTESIAN_POINT('',(-4.06009999999668,-4.24918799999904,
-16.7000000000018));
#119240=DIRECTION('',(1.22460635382238E-16,1.,0.));
#119250=VECTOR('',#119240,1.);
#119260=LINE('',#119230,#119250);
#119270=EDGE_CURVE('',#118130,#119200,#119260,.T.);
#119280=ORIENTED_EDGE('',*,*,#119270,.T.);
#119290=ORIENTED_EDGE('',*,*,#118590,.F.);
#119300=EDGE_LOOP('',(#119290,#119280,#119220,#119140));
#119310=FACE_OUTER_BOUND('',#119300,.T.);
#119320=ADVANCED_FACE('',(#119310),#119130,.F.);
#119330=COLOUR_RGB('',1.,1.,0.);
#119340=FILL_AREA_STYLE_COLOUR('',#119330);
#119350=FILL_AREA_STYLE('',(#119340));
#119360=SURFACE_STYLE_FILL_AREA(#119350);
#119370=SURFACE_SIDE_STYLE('',(#119360));
#119380=SURFACE_STYLE_USAGE(.BOTH.,#119370);
#119390=PRESENTATION_STYLE_ASSIGNMENT((#119380));
#119400=CARTESIAN_POINT('',(10.3339000000017,1.52040600000096,
-16.6999999999998));
#119410=DIRECTION('',(-1.21105774124846E-16,-0.988936352868307,
0.148340452930185));
#119420=DIRECTION('',(-1.81658661187193E-17,-0.148340452930185,
-0.988936352868307));
#119430=AXIS2_PLACEMENT_3D('',#119400,#119410,#119420);
#119440=PLANE('',#119430);
#119450=ORIENTED_EDGE('',*,*,#118910,.T.);
#119460=CARTESIAN_POINT('',(-9.48796910001185,-16.2632012999917,
-135.257382));
#119470=DIRECTION('',(-0.049386479832606,-0.148159439497377,
-0.987729596649592));
#119480=VECTOR('',#119470,1.);
#119490=LINE('',#119460,#119480);
#119500=CARTESIAN_POINT('',(-3.56009999999668,1.52040600000094,
-16.6999999999999));
#119510=VERTEX_POINT('',#119500);
#119520=EDGE_CURVE('',#119510,#118820,#119490,.T.);
#119530=ORIENTED_EDGE('',*,*,#119520,.T.);
#119540=CARTESIAN_POINT('',(-83.5319819999983,1.52040600000001,
-16.7000000000062));
#119550=DIRECTION('',(1.,-1.22460635382238E-16,0.));
#119560=VECTOR('',#119550,1.);
#119570=LINE('',#119540,#119560);
#119580=EDGE_CURVE('',#119200,#119510,#119570,.T.);
#119590=ORIENTED_EDGE('',*,*,#119580,.T.);
#119600=ORIENTED_EDGE('',*,*,#119210,.T.);
#119610=EDGE_LOOP('',(#119600,#119590,#119530,#119450));
#119620=FACE_OUTER_BOUND('',#119610,.T.);
#119630=ADVANCED_FACE('',(#119620),#119440,.F.);
#119640=COLOUR_RGB('',1.,1.,0.);
#119650=FILL_AREA_STYLE_COLOUR('',#119640);
#119660=FILL_AREA_STYLE('',(#119650));
#119670=SURFACE_STYLE_FILL_AREA(#119660);
#119680=SURFACE_SIDE_STYLE('',(#119670));
#119690=SURFACE_STYLE_USAGE(.BOTH.,#119680);
#119700=PRESENTATION_STYLE_ASSIGNMENT((#119690));
#119710=CARTESIAN_POINT('',(-3.56009999999668,-5.34818799999904,
-16.6999999999998));
#119720=DIRECTION('',(-0.998752338877838,1.22307846008476E-16,
0.0499376169440196));
#119730=DIRECTION('',(-0.0499376169440196,6.11539230043945E-18,
-0.998752338877838));
#119740=AXIS2_PLACEMENT_3D('',#119710,#119720,#119730);
#119750=PLANE('',#119740);
#119760=ORIENTED_EDGE('',*,*,#118830,.T.);
#119770=ORIENTED_EDGE('',*,*,#118450,.F.);
#119780=CARTESIAN_POINT('',(-3.56009999999668,-4.24918799999904,
-16.6999999999998));
#119790=DIRECTION('',(-1.22460635382238E-16,-1.,0.));
#119800=VECTOR('',#119790,1.);
#119810=LINE('',#119780,#119800);
#119820=EDGE_CURVE('',#119510,#118050,#119810,.T.);
#119830=ORIENTED_EDGE('',*,*,#119820,.T.);
#119840=ORIENTED_EDGE('',*,*,#119520,.F.);
#119850=EDGE_LOOP('',(#119840,#119830,#119770,#119760));
#119860=FACE_OUTER_BOUND('',#119850,.T.);
#119870=ADVANCED_FACE('',(#119860),#119750,.F.);
#119880=COLOUR_RGB('',1.,1.,0.);
#119890=FILL_AREA_STYLE_COLOUR('',#119880);
#119900=FILL_AREA_STYLE('',(#119890));
#119910=SURFACE_STYLE_FILL_AREA(#119900);
#119920=SURFACE_SIDE_STYLE('',(#119910));
#119930=SURFACE_STYLE_USAGE(.BOTH.,#119920);
#119940=PRESENTATION_STYLE_ASSIGNMENT((#119930));
#119950=CARTESIAN_POINT('',(-4.06009999999668,1.520406,-13.4));
#119960=DIRECTION('',(-1.,1.22460635382238E-16,0.));
#119970=DIRECTION('',(-1.22460635382238E-16,-1.,0.));
#119980=AXIS2_PLACEMENT_3D('',#119950,#119960,#119970);
#119990=PLANE('',#119980);
#120000=ORIENTED_EDGE('',*,*,#118200,.F.);
#120010=ORIENTED_EDGE('',*,*,#119270,.F.);
#120020=CARTESIAN_POINT('',(-4.06009999999668,1.520406,-13.4));
#120030=DIRECTION('',(0.,-0.,-1.));
#120040=VECTOR('',#120030,1.);
#120050=LINE('',#120020,#120040);
#120060=EDGE_CURVE('',#6530,#119200,#120050,.T.);
#120070=ORIENTED_EDGE('',*,*,#120060,.T.);
#120080=ORIENTED_EDGE('',*,*,#6540,.T.);
#120090=EDGE_LOOP('',(#120080,#120070,#120010,#120000));
#120100=FACE_OUTER_BOUND('',#120090,.T.);
#120110=ADVANCED_FACE('',(#120100),#119990,.T.);
#120120=COLOUR_RGB('',1.,1.,0.);
#120130=FILL_AREA_STYLE_COLOUR('',#120120);
#120140=FILL_AREA_STYLE('',(#120130));
#120150=SURFACE_STYLE_FILL_AREA(#120140);
#120160=SURFACE_SIDE_STYLE('',(#120150));
#120170=SURFACE_STYLE_USAGE(.BOTH.,#120160);
#120180=PRESENTATION_STYLE_ASSIGNMENT((#120170));
#120190=CARTESIAN_POINT('',(-3.56009999999668,1.520406,-13.4));
#120200=DIRECTION('',(1.22460635382238E-16,1.,-0.));
#120210=DIRECTION('',(-1.,1.22460635382238E-16,0.));
#120220=AXIS2_PLACEMENT_3D('',#120190,#120200,#120210);
#120230=PLANE('',#120220);
#120240=ORIENTED_EDGE('',*,*,#120060,.F.);
#120250=ORIENTED_EDGE('',*,*,#119580,.F.);
#120260=CARTESIAN_POINT('',(-3.56009999999668,1.520406,-13.4));
#120270=DIRECTION('',(0.,-0.,-1.));
#120280=VECTOR('',#120270,1.);
#120290=LINE('',#120260,#120280);
#120300=EDGE_CURVE('',#6610,#119510,#120290,.T.);
#120310=ORIENTED_EDGE('',*,*,#120300,.T.);
#120320=ORIENTED_EDGE('',*,*,#6620,.T.);
#120330=EDGE_LOOP('',(#120320,#120310,#120250,#120240));
#120340=FACE_OUTER_BOUND('',#120330,.T.);
#120350=ADVANCED_FACE('',(#120340),#120230,.T.);
#120360=COLOUR_RGB('',1.,1.,0.);
#120370=FILL_AREA_STYLE_COLOUR('',#120360);
#120380=FILL_AREA_STYLE('',(#120370));
#120390=SURFACE_STYLE_FILL_AREA(#120380);
#120400=SURFACE_SIDE_STYLE('',(#120390));
#120410=SURFACE_STYLE_USAGE(.BOTH.,#120400);
#120420=PRESENTATION_STYLE_ASSIGNMENT((#120410));
#120430=CARTESIAN_POINT('',(-3.56009999999668,1.020406,-13.4));
#120440=DIRECTION('',(1.,-1.22460635382238E-16,0.));
#120450=DIRECTION('',(1.22460635382238E-16,1.,0.));
#120460=AXIS2_PLACEMENT_3D('',#120430,#120440,#120450);
#120470=PLANE('',#120460);
#120480=ORIENTED_EDGE('',*,*,#120300,.F.);
#120490=ORIENTED_EDGE('',*,*,#119820,.F.);
#120500=ORIENTED_EDGE('',*,*,#118060,.T.);
#120510=ORIENTED_EDGE('',*,*,#6680,.T.);
#120520=EDGE_LOOP('',(#120510,#120500,#120490,#120480));
#120530=FACE_OUTER_BOUND('',#120520,.T.);
#120540=ADVANCED_FACE('',(#120530),#120470,.T.);
#120550=COLOUR_RGB('',1.,1.,0.);
#120560=FILL_AREA_STYLE_COLOUR('',#120550);
#120570=FILL_AREA_STYLE('',(#120560));
#120580=SURFACE_STYLE_FILL_AREA(#120570);
#120590=SURFACE_SIDE_STYLE('',(#120580));
#120600=SURFACE_STYLE_USAGE(.BOTH.,#120590);
#120610=PRESENTATION_STYLE_ASSIGNMENT((#120600));
#120620=CARTESIAN_POINT('',(-16.1901000000001,-0.949593999999998,-13.2))
;
#120630=DIRECTION('',(1.,-1.22460635382238E-16,0.));
#120640=DIRECTION('',(-1.22460635382238E-16,-1.,0.));
#120650=AXIS2_PLACEMENT_3D('',#120620,#120630,#120640);
#120660=PLANE('',#120650);
#120670=CARTESIAN_POINT('',(-16.1901000000001,-1.589594,-135.257382));
#120680=DIRECTION('',(0.,-0.,-1.));
#120690=VECTOR('',#120680,1.);
#120700=LINE('',#120670,#120690);
#120710=CARTESIAN_POINT('',(-16.1901000000001,-1.589594,
-1.00000000000006));
#120720=VERTEX_POINT('',#120710);
#120730=EDGE_CURVE('',#120720,#20520,#120700,.T.);
#120740=ORIENTED_EDGE('',*,*,#120730,.T.);
#120750=CARTESIAN_POINT('',(-16.1901000000001,-6.789188,
-1.00000000000003));
#120760=DIRECTION('',(-1.22460635382238E-16,-1.,0.));
#120770=VECTOR('',#120760,1.);
#120780=LINE('',#120750,#120770);
#120790=CARTESIAN_POINT('',(-16.1901000000001,-0.949593999999998,
-0.999999999999972));
#120800=VERTEX_POINT('',#120790);
#120810=EDGE_CURVE('',#120800,#120720,#120780,.T.);
#120820=ORIENTED_EDGE('',*,*,#120810,.T.);
#120830=CARTESIAN_POINT('',(-16.1901000000001,-0.949593999999998,
-135.257382));
#120840=DIRECTION('',(0.,-0.,-1.));
#120850=VECTOR('',#120840,1.);
#120860=LINE('',#120830,#120850);
#120870=EDGE_CURVE('',#120800,#20340,#120860,.T.);
#120880=ORIENTED_EDGE('',*,*,#120870,.F.);
#120890=ORIENTED_EDGE('',*,*,#20590,.T.);
#120900=EDGE_LOOP('',(#120890,#120880,#120820,#120740));
#120910=FACE_OUTER_BOUND('',#120900,.T.);
#120920=ADVANCED_FACE('',(#120910),#120660,.T.);
#120930=COLOUR_RGB('',1.,1.,0.);
#120940=FILL_AREA_STYLE_COLOUR('',#120930);
#120950=FILL_AREA_STYLE('',(#120940));
#120960=SURFACE_STYLE_FILL_AREA(#120950);
#120970=SURFACE_SIDE_STYLE('',(#120960));
#120980=SURFACE_STYLE_USAGE(.BOTH.,#120970);
#120990=PRESENTATION_STYLE_ASSIGNMENT((#120980));
#121000=CARTESIAN_POINT('',(-16.1901000000001,-1.589594,-13.2));
#121010=DIRECTION('',(-1.22460635382238E-16,-1.,0.));
#121020=DIRECTION('',(-1.,1.22460635382238E-16,0.));
#121030=AXIS2_PLACEMENT_3D('',#121000,#121010,#121020);
#121040=PLANE('',#121030);
#121050=CARTESIAN_POINT('',(-16.8301000000001,-1.589594,-135.257382));
#121060=DIRECTION('',(0.,0.,1.));
#121070=VECTOR('',#121060,1.);
#121080=LINE('',#121050,#121070);
#121090=CARTESIAN_POINT('',(-16.8301000000001,-1.589594,
-1.00000000000006));
#121100=VERTEX_POINT('',#121090);
#121110=EDGE_CURVE('',#20440,#121100,#121080,.T.);
#121120=ORIENTED_EDGE('',*,*,#121110,.F.);
#121130=CARTESIAN_POINT('',(-96.2319819999983,-1.58959399999999,
-1.00000000000006));
#121140=DIRECTION('',(-1.,1.22460635382238E-16,0.));
#121150=VECTOR('',#121140,1.);
#121160=LINE('',#121130,#121150);
#121170=EDGE_CURVE('',#120720,#121100,#121160,.T.);
#121180=ORIENTED_EDGE('',*,*,#121170,.T.);
#121190=ORIENTED_EDGE('',*,*,#120730,.F.);
#121200=ORIENTED_EDGE('',*,*,#20530,.T.);
#121210=EDGE_LOOP('',(#121200,#121190,#121180,#121120));
#121220=FACE_OUTER_BOUND('',#121210,.T.);
#121230=ADVANCED_FACE('',(#121220),#121040,.T.);
#121240=COLOUR_RGB('',1.,1.,0.);
#121250=FILL_AREA_STYLE_COLOUR('',#121240);
#121260=FILL_AREA_STYLE('',(#121250));
#121270=SURFACE_STYLE_FILL_AREA(#121260);
#121280=SURFACE_SIDE_STYLE('',(#121270));
#121290=SURFACE_STYLE_USAGE(.BOTH.,#121280);
#121300=PRESENTATION_STYLE_ASSIGNMENT((#121290));
#121310=CARTESIAN_POINT('',(-16.8301000000001,-1.589594,-13.2));
#121320=DIRECTION('',(-1.,1.22460635382238E-16,-0.));
#121330=DIRECTION('',(1.22460635382238E-16,1.,0.));
#121340=AXIS2_PLACEMENT_3D('',#121310,#121320,#121330);
#121350=PLANE('',#121340);
#121360=CARTESIAN_POINT('',(-16.8301000000001,-0.949593999999998,
-135.257382));
#121370=DIRECTION('',(0.,-0.,-1.));
#121380=VECTOR('',#121370,1.);
#121390=LINE('',#121360,#121380);
#121400=CARTESIAN_POINT('',(-16.8301,-0.949593999999998,
-0.999999999999915));
#121410=VERTEX_POINT('',#121400);
#121420=EDGE_CURVE('',#121410,#20360,#121390,.T.);
#121430=ORIENTED_EDGE('',*,*,#121420,.T.);
#121440=CARTESIAN_POINT('',(-16.8301000000001,-6.789188,-1.));
#121450=DIRECTION('',(-1.22460635382238E-16,-1.,0.));
#121460=VECTOR('',#121450,1.);
#121470=LINE('',#121440,#121460);
#121480=EDGE_CURVE('',#121410,#121100,#121470,.T.);
#121490=ORIENTED_EDGE('',*,*,#121480,.F.);
#121500=ORIENTED_EDGE('',*,*,#121110,.T.);
#121510=ORIENTED_EDGE('',*,*,#20450,.T.);
#121520=EDGE_LOOP('',(#121510,#121500,#121490,#121430));
#121530=FACE_OUTER_BOUND('',#121520,.T.);
#121540=ADVANCED_FACE('',(#121530),#121350,.T.);
#121550=COLOUR_RGB('',1.,1.,0.);
#121560=FILL_AREA_STYLE_COLOUR('',#121550);
#121570=FILL_AREA_STYLE('',(#121560));
#121580=SURFACE_STYLE_FILL_AREA(#121570);
#121590=SURFACE_SIDE_STYLE('',(#121580));
#121600=SURFACE_STYLE_USAGE(.BOTH.,#121590);
#121610=PRESENTATION_STYLE_ASSIGNMENT((#121600));
#121620=CARTESIAN_POINT('',(-16.6601000000001,-0.949593999999998,
-0.500000000000028));
#121630=DIRECTION('',(0.946772744819713,-1.15942391893207E-16,
-0.321902733238702));
#121640=DIRECTION('',(0.321902733238702,-3.94204132436905E-17,
0.946772744819713));
#121650=AXIS2_PLACEMENT_3D('',#121620,#121630,#121640);
#121660=PLANE('',#121650);
#121670=ORIENTED_EDGE('',*,*,#121480,.T.);
#121680=CARTESIAN_POINT('',(-62.4776098800001,44.6979158799974,
-135.257382));
#121690=DIRECTION('',(0.306418239913664,-0.306418239913647,
0.90123011739313));
#121700=VECTOR('',#121690,1.);
#121710=LINE('',#121680,#121700);
#121720=CARTESIAN_POINT('',(-16.6601000000001,-1.119594,
-0.500000000000028));
#121730=VERTEX_POINT('',#121720);
#121740=EDGE_CURVE('',#121410,#121730,#121710,.T.);
#121750=ORIENTED_EDGE('',*,*,#121740,.F.);
#121760=CARTESIAN_POINT('',(-16.6601000000001,-6.789188,
-0.500000000000028));
#121770=DIRECTION('',(1.22460635382238E-16,1.,0.));
#121780=VECTOR('',#121770,1.);
#121790=LINE('',#121760,#121780);
#121800=CARTESIAN_POINT('',(-16.6601000000001,-1.41959400000001,
-0.500000000000057));
#121810=VERTEX_POINT('',#121800);
#121820=EDGE_CURVE('',#121810,#121730,#121790,.T.);
#121830=ORIENTED_EDGE('',*,*,#121820,.T.);
#121840=CARTESIAN_POINT('',(-62.4776098800001,-47.2371038799974,
-135.257382));
#121850=DIRECTION('',(-0.306418239913664,-0.306418239913647,
-0.90123011739313));
#121860=VECTOR('',#121850,1.);
#121870=LINE('',#121840,#121860);
#121880=EDGE_CURVE('',#121810,#121100,#121870,.T.);
#121890=ORIENTED_EDGE('',*,*,#121880,.F.);
#121900=EDGE_LOOP('',(#121890,#121830,#121750,#121670));
#121910=FACE_OUTER_BOUND('',#121900,.T.);
#121920=ADVANCED_FACE('',(#121910),#121660,.F.);
#121930=COLOUR_RGB('',1.,1.,0.);
#121940=FILL_AREA_STYLE_COLOUR('',#121930);
#121950=FILL_AREA_STYLE('',(#121940));
#121960=SURFACE_STYLE_FILL_AREA(#121950);
#121970=SURFACE_SIDE_STYLE('',(#121960));
#121980=SURFACE_STYLE_USAGE(.BOTH.,#121970);
#121990=PRESENTATION_STYLE_ASSIGNMENT((#121980));
#122000=CARTESIAN_POINT('',(-16.8301000000001,-1.419594,-0.5));
#122010=DIRECTION('',(1.15942391893208E-16,0.946772744819718,
-0.321902733238686));
#122020=DIRECTION('',(3.94204132436885E-17,0.321902733238686,
0.946772744819718));
#122030=AXIS2_PLACEMENT_3D('',#122000,#122010,#122020);
#122040=PLANE('',#122030);
#122050=ORIENTED_EDGE('',*,*,#121170,.F.);
#122060=ORIENTED_EDGE('',*,*,#121880,.T.);
#122070=CARTESIAN_POINT('',(-96.2319819999983,-1.419594,
-0.500000000000028));
#122080=DIRECTION('',(-1.,1.22460635382238E-16,0.));
#122090=VECTOR('',#122080,1.);
#122100=LINE('',#122070,#122090);
#122110=CARTESIAN_POINT('',(-16.3601,-1.41959400000002,
-0.500000000000085));
#122120=VERTEX_POINT('',#122110);
#122130=EDGE_CURVE('',#122120,#121810,#122100,.T.);
#122140=ORIENTED_EDGE('',*,*,#122130,.T.);
#122150=CARTESIAN_POINT('',(29.4574098799999,-47.2371038799974,
-135.257382));
#122160=DIRECTION('',(0.306418239913664,-0.306418239913647,
-0.90123011739313));
#122170=VECTOR('',#122160,1.);
#122180=LINE('',#122150,#122170);
#122190=EDGE_CURVE('',#122120,#120720,#122180,.T.);
#122200=ORIENTED_EDGE('',*,*,#122190,.F.);
#122210=EDGE_LOOP('',(#122200,#122140,#122060,#122050));
#122220=FACE_OUTER_BOUND('',#122210,.T.);
#122230=ADVANCED_FACE('',(#122220),#122040,.F.);
#122240=COLOUR_RGB('',1.,1.,0.);
#122250=FILL_AREA_STYLE_COLOUR('',#122240);
#122260=FILL_AREA_STYLE('',(#122250));
#122270=SURFACE_STYLE_FILL_AREA(#122260);
#122280=SURFACE_SIDE_STYLE('',(#122270));
#122290=SURFACE_STYLE_USAGE(.BOTH.,#122280);
#122300=PRESENTATION_STYLE_ASSIGNMENT((#122290));
#122310=CARTESIAN_POINT('',(-16.6603410598737,-1.27446166094131,
-0.500000000000028));
#122320=DIRECTION('',(0.,0.,1.));
#122330=DIRECTION('',(-1.,1.22460635382238E-16,0.));
#122340=AXIS2_PLACEMENT_3D('',#122310,#122320,#122330);
#122350=PLANE('',#122340);
#122360=ORIENTED_EDGE('',*,*,#121820,.F.);
#122370=CARTESIAN_POINT('',(-96.2319819999983,-1.11959399999998,
-0.500000000000028));
#122380=DIRECTION('',(-1.,1.22460635382238E-16,0.));
#122390=VECTOR('',#122380,1.);
#122400=LINE('',#122370,#122390);
#122410=CARTESIAN_POINT('',(-16.3601,-1.119594,-0.500000000000028));
#122420=VERTEX_POINT('',#122410);
#122430=EDGE_CURVE('',#122420,#121730,#122400,.T.);
#122440=ORIENTED_EDGE('',*,*,#122430,.T.);
#122450=CARTESIAN_POINT('',(-16.3601,-6.789188,-0.500000000000028));
#122460=DIRECTION('',(-1.22460635382238E-16,-1.,0.));
#122470=VECTOR('',#122460,1.);
#122480=LINE('',#122450,#122470);
#122490=EDGE_CURVE('',#122420,#122120,#122480,.T.);
#122500=ORIENTED_EDGE('',*,*,#122490,.F.);
#122510=ORIENTED_EDGE('',*,*,#122130,.F.);
#122520=EDGE_LOOP('',(#122510,#122500,#122440,#122360));
#122530=FACE_OUTER_BOUND('',#122520,.T.);
#122540=ADVANCED_FACE('',(#122530),#122350,.T.);
#122550=COLOUR_RGB('',1.,1.,0.);
#122560=FILL_AREA_STYLE_COLOUR('',#122550);
#122570=FILL_AREA_STYLE('',(#122560));
#122580=SURFACE_STYLE_FILL_AREA(#122570);
#122590=SURFACE_SIDE_STYLE('',(#122580));
#122600=SURFACE_STYLE_USAGE(.BOTH.,#122590);
#122610=PRESENTATION_STYLE_ASSIGNMENT((#122600));
#122620=CARTESIAN_POINT('',(-16.8301000000001,-0.949593999999998,
-1.00000000000003));
#122630=DIRECTION('',(-1.15942391893208E-16,-0.946772744819718,
-0.321902733238686));
#122640=DIRECTION('',(3.94204132436885E-17,0.321902733238686,
-0.946772744819718));
#122650=AXIS2_PLACEMENT_3D('',#122620,#122630,#122640);
#122660=PLANE('',#122650);
#122670=ORIENTED_EDGE('',*,*,#122430,.F.);
#122680=ORIENTED_EDGE('',*,*,#121740,.T.);
#122690=CARTESIAN_POINT('',(-96.2319819999983,-0.94959399999999,
-1.00000000000006));
#122700=DIRECTION('',(-1.,1.22460635382238E-16,0.));
#122710=VECTOR('',#122700,1.);
#122720=LINE('',#122690,#122710);
#122730=EDGE_CURVE('',#120800,#121410,#122720,.T.);
#122740=ORIENTED_EDGE('',*,*,#122730,.T.);
#122750=CARTESIAN_POINT('',(29.4574098799999,44.6979158799974,
-135.257382));
#122760=DIRECTION('',(0.306418239913664,0.306418239913647,
-0.90123011739313));
#122770=VECTOR('',#122760,1.);
#122780=LINE('',#122750,#122770);
#122790=EDGE_CURVE('',#122420,#120800,#122780,.T.);
#122800=ORIENTED_EDGE('',*,*,#122790,.T.);
#122810=EDGE_LOOP('',(#122800,#122740,#122680,#122670));
#122820=FACE_OUTER_BOUND('',#122810,.T.);
#122830=ADVANCED_FACE('',(#122820),#122660,.F.);
#122840=COLOUR_RGB('',1.,1.,0.);
#122850=FILL_AREA_STYLE_COLOUR('',#122840);
#122860=FILL_AREA_STYLE('',(#122850));
#122870=SURFACE_STYLE_FILL_AREA(#122860);
#122880=SURFACE_SIDE_STYLE('',(#122870));
#122890=SURFACE_STYLE_USAGE(.BOTH.,#122880);
#122900=PRESENTATION_STYLE_ASSIGNMENT((#122890));
#122910=CARTESIAN_POINT('',(-16.8301000000001,-0.949593999999998,-13.2))
;
#122920=DIRECTION('',(1.22460635382238E-16,1.,0.));
#122930=DIRECTION('',(1.,-1.22460635382238E-16,0.));
#122940=AXIS2_PLACEMENT_3D('',#122910,#122920,#122930);
#122950=PLANE('',#122940);
#122960=ORIENTED_EDGE('',*,*,#120870,.T.);
#122970=ORIENTED_EDGE('',*,*,#122730,.F.);
#122980=ORIENTED_EDGE('',*,*,#121420,.F.);
#122990=ORIENTED_EDGE('',*,*,#20370,.T.);
#123000=EDGE_LOOP('',(#122990,#122980,#122970,#122960));
#123010=FACE_OUTER_BOUND('',#123000,.T.);
#123020=ADVANCED_FACE('',(#123010),#122950,.T.);
#123030=COLOUR_RGB('',1.,1.,0.);
#123040=FILL_AREA_STYLE_COLOUR('',#123030);
#123050=FILL_AREA_STYLE('',(#123040));
#123060=SURFACE_STYLE_FILL_AREA(#123050);
#123070=SURFACE_SIDE_STYLE('',(#123060));
#123080=SURFACE_STYLE_USAGE(.BOTH.,#123070);
#123090=PRESENTATION_STYLE_ASSIGNMENT((#123080));
#123100=CARTESIAN_POINT('',(-16.1901000000001,-0.949593999999998,
-1.00000000000003));
#123110=DIRECTION('',(-0.946772744819713,1.15942391893207E-16,
-0.321902733238702));
#123120=DIRECTION('',(0.321902733238702,-3.94204132436905E-17,
-0.946772744819713));
#123130=AXIS2_PLACEMENT_3D('',#123100,#123110,#123120);
#123140=PLANE('',#123130);
#123150=ORIENTED_EDGE('',*,*,#120810,.F.);
#123160=ORIENTED_EDGE('',*,*,#122190,.T.);
#123170=ORIENTED_EDGE('',*,*,#122490,.T.);
#123180=ORIENTED_EDGE('',*,*,#122790,.F.);
#123190=EDGE_LOOP('',(#123180,#123170,#123160,#123150));
#123200=FACE_OUTER_BOUND('',#123190,.T.);
#123210=ADVANCED_FACE('',(#123200),#123140,.F.);
#123220=COLOUR_RGB('',1.,1.,0.);
#123230=FILL_AREA_STYLE_COLOUR('',#123220);
#123240=FILL_AREA_STYLE('',(#123230));
#123250=SURFACE_STYLE_FILL_AREA(#123240);
#123260=SURFACE_SIDE_STYLE('',(#123250));
#123270=SURFACE_STYLE_USAGE(.BOTH.,#123260);
#123280=PRESENTATION_STYLE_ASSIGNMENT((#123270));
#123290=CARTESIAN_POINT('',(-18.7301000000001,-0.949593999999999,-13.2))
;
#123300=DIRECTION('',(1.,-1.22460635382238E-16,0.));
#123310=DIRECTION('',(-1.22460635382238E-16,-1.,0.));
#123320=AXIS2_PLACEMENT_3D('',#123290,#123300,#123310);
#123330=PLANE('',#123320);
#123340=CARTESIAN_POINT('',(-18.7301000000001,-1.589594,-135.257382));
#123350=DIRECTION('',(0.,-0.,-1.));
#123360=VECTOR('',#123350,1.);
#123370=LINE('',#123340,#123360);
#123380=CARTESIAN_POINT('',(-18.7301000000001,-1.589594,
-1.00000000000006));
#123390=VERTEX_POINT('',#123380);
#123400=EDGE_CURVE('',#123390,#20860,#123370,.T.);
#123410=ORIENTED_EDGE('',*,*,#123400,.T.);
#123420=CARTESIAN_POINT('',(-18.7301000000001,-6.789188,
-1.00000000000003));
#123430=DIRECTION('',(-1.22460635382238E-16,-1.,0.));
#123440=VECTOR('',#123430,1.);
#123450=LINE('',#123420,#123440);
#123460=CARTESIAN_POINT('',(-18.7301000000001,-0.949593999999999,
-0.999999999999972));
#123470=VERTEX_POINT('',#123460);
#123480=EDGE_CURVE('',#123470,#123390,#123450,.T.);
#123490=ORIENTED_EDGE('',*,*,#123480,.T.);
#123500=CARTESIAN_POINT('',(-18.7301000000001,-0.949593999999999,
-135.257382));
#123510=DIRECTION('',(0.,-0.,-1.));
#123520=VECTOR('',#123510,1.);
#123530=LINE('',#123500,#123520);
#123540=EDGE_CURVE('',#123470,#20680,#123530,.T.);
#123550=ORIENTED_EDGE('',*,*,#123540,.F.);
#123560=ORIENTED_EDGE('',*,*,#20930,.T.);
#123570=EDGE_LOOP('',(#123560,#123550,#123490,#123410));
#123580=FACE_OUTER_BOUND('',#123570,.T.);
#123590=ADVANCED_FACE('',(#123580),#123330,.T.);
#123600=COLOUR_RGB('',1.,1.,0.);
#123610=FILL_AREA_STYLE_COLOUR('',#123600);
#123620=FILL_AREA_STYLE('',(#123610));
#123630=SURFACE_STYLE_FILL_AREA(#123620);
#123640=SURFACE_SIDE_STYLE('',(#123630));
#123650=SURFACE_STYLE_USAGE(.BOTH.,#123640);
#123660=PRESENTATION_STYLE_ASSIGNMENT((#123650));
#123670=CARTESIAN_POINT('',(-18.7301000000001,-1.589594,-13.2));
#123680=DIRECTION('',(-1.22460635382238E-16,-1.,0.));
#123690=DIRECTION('',(-1.,1.22460635382238E-16,0.));
#123700=AXIS2_PLACEMENT_3D('',#123670,#123680,#123690);
#123710=PLANE('',#123700);
#123720=CARTESIAN_POINT('',(-19.3701000000001,-1.589594,-135.257382));
#123730=DIRECTION('',(0.,0.,1.));
#123740=VECTOR('',#123730,1.);
#123750=LINE('',#123720,#123740);
#123760=CARTESIAN_POINT('',(-19.3701000000001,-1.589594,
-1.00000000000006));
#123770=VERTEX_POINT('',#123760);
#123780=EDGE_CURVE('',#20780,#123770,#123750,.T.);
#123790=ORIENTED_EDGE('',*,*,#123780,.F.);
#123800=CARTESIAN_POINT('',(-98.7719819999983,-1.58959399999999,
-1.00000000000006));
#123810=DIRECTION('',(-1.,1.22460635382238E-16,0.));
#123820=VECTOR('',#123810,1.);
#123830=LINE('',#123800,#123820);
#123840=EDGE_CURVE('',#123390,#123770,#123830,.T.);
#123850=ORIENTED_EDGE('',*,*,#123840,.T.);
#123860=ORIENTED_EDGE('',*,*,#123400,.F.);
#123870=ORIENTED_EDGE('',*,*,#20870,.T.);
#123880=EDGE_LOOP('',(#123870,#123860,#123850,#123790));
#123890=FACE_OUTER_BOUND('',#123880,.T.);
#123900=ADVANCED_FACE('',(#123890),#123710,.T.);
#123910=COLOUR_RGB('',1.,1.,0.);
#123920=FILL_AREA_STYLE_COLOUR('',#123910);
#123930=FILL_AREA_STYLE('',(#123920));
#123940=SURFACE_STYLE_FILL_AREA(#123930);
#123950=SURFACE_SIDE_STYLE('',(#123940));
#123960=SURFACE_STYLE_USAGE(.BOTH.,#123950);
#123970=PRESENTATION_STYLE_ASSIGNMENT((#123960));
#123980=CARTESIAN_POINT('',(-19.3701000000001,-1.589594,-13.2));
#123990=DIRECTION('',(-1.,1.22460635382238E-16,-0.));
#124000=DIRECTION('',(1.22460635382238E-16,1.,0.));
#124010=AXIS2_PLACEMENT_3D('',#123980,#123990,#124000);
#124020=PLANE('',#124010);
#124030=CARTESIAN_POINT('',(-19.3701000000001,-0.949593999999999,
-135.257382));
#124040=DIRECTION('',(0.,-0.,-1.));
#124050=VECTOR('',#124040,1.);
#124060=LINE('',#124030,#124050);
#124070=CARTESIAN_POINT('',(-19.3701,-0.949593999999999,
-0.999999999999915));
#124080=VERTEX_POINT('',#124070);
#124090=EDGE_CURVE('',#124080,#20700,#124060,.T.);
#124100=ORIENTED_EDGE('',*,*,#124090,.T.);
#124110=CARTESIAN_POINT('',(-19.3701000000001,-6.789188,-1.));
#124120=DIRECTION('',(-1.22460635382238E-16,-1.,0.));
#124130=VECTOR('',#124120,1.);
#124140=LINE('',#124110,#124130);
#124150=EDGE_CURVE('',#124080,#123770,#124140,.T.);
#124160=ORIENTED_EDGE('',*,*,#124150,.F.);
#124170=ORIENTED_EDGE('',*,*,#123780,.T.);
#124180=ORIENTED_EDGE('',*,*,#20790,.T.);
#124190=EDGE_LOOP('',(#124180,#124170,#124160,#124100));
#124200=FACE_OUTER_BOUND('',#124190,.T.);
#124210=ADVANCED_FACE('',(#124200),#124020,.T.);
#124220=COLOUR_RGB('',1.,1.,0.);
#124230=FILL_AREA_STYLE_COLOUR('',#124220);
#124240=FILL_AREA_STYLE('',(#124230));
#124250=SURFACE_STYLE_FILL_AREA(#124240);
#124260=SURFACE_SIDE_STYLE('',(#124250));
#124270=SURFACE_STYLE_USAGE(.BOTH.,#124260);
#124280=PRESENTATION_STYLE_ASSIGNMENT((#124270));
#124290=CARTESIAN_POINT('',(-19.2001000000001,-0.949593999999999,
-0.500000000000028));
#124300=DIRECTION('',(0.946772744819713,-1.15942391893207E-16,
-0.321902733238702));
#124310=DIRECTION('',(0.321902733238702,-3.94204132436905E-17,
0.946772744819713));
#124320=AXIS2_PLACEMENT_3D('',#124290,#124300,#124310);
#124330=PLANE('',#124320);
#124340=ORIENTED_EDGE('',*,*,#124150,.T.);
#124350=CARTESIAN_POINT('',(-65.0176098800001,44.6979158799974,
-135.257382));
#124360=DIRECTION('',(0.306418239913664,-0.306418239913647,
0.90123011739313));
#124370=VECTOR('',#124360,1.);
#124380=LINE('',#124350,#124370);
#124390=CARTESIAN_POINT('',(-19.2001000000001,-1.119594,
-0.500000000000028));
#124400=VERTEX_POINT('',#124390);
#124410=EDGE_CURVE('',#124080,#124400,#124380,.T.);
#124420=ORIENTED_EDGE('',*,*,#124410,.F.);
#124430=CARTESIAN_POINT('',(-19.2001000000001,-6.789188,
-0.500000000000028));
#124440=DIRECTION('',(1.22460635382238E-16,1.,0.));
#124450=VECTOR('',#124440,1.);
#124460=LINE('',#124430,#124450);
#124470=CARTESIAN_POINT('',(-19.2001000000001,-1.41959400000002,
-0.500000000000057));
#124480=VERTEX_POINT('',#124470);
#124490=EDGE_CURVE('',#124480,#124400,#124460,.T.);
#124500=ORIENTED_EDGE('',*,*,#124490,.T.);
#124510=CARTESIAN_POINT('',(-65.0176098800001,-47.2371038799974,
-135.257382));
#124520=DIRECTION('',(-0.306418239913664,-0.306418239913647,
-0.90123011739313));
#124530=VECTOR('',#124520,1.);
#124540=LINE('',#124510,#124530);
#124550=EDGE_CURVE('',#124480,#123770,#124540,.T.);
#124560=ORIENTED_EDGE('',*,*,#124550,.F.);
#124570=EDGE_LOOP('',(#124560,#124500,#124420,#124340));
#124580=FACE_OUTER_BOUND('',#124570,.T.);
#124590=ADVANCED_FACE('',(#124580),#124330,.F.);
#124600=COLOUR_RGB('',1.,1.,0.);
#124610=FILL_AREA_STYLE_COLOUR('',#124600);
#124620=FILL_AREA_STYLE('',(#124610));
#124630=SURFACE_STYLE_FILL_AREA(#124620);
#124640=SURFACE_SIDE_STYLE('',(#124630));
#124650=SURFACE_STYLE_USAGE(.BOTH.,#124640);
#124660=PRESENTATION_STYLE_ASSIGNMENT((#124650));
#124670=CARTESIAN_POINT('',(-19.3701000000001,-1.419594,-0.5));
#124680=DIRECTION('',(1.15942391893208E-16,0.946772744819718,
-0.321902733238686));
#124690=DIRECTION('',(3.94204132436885E-17,0.321902733238686,
0.946772744819718));
#124700=AXIS2_PLACEMENT_3D('',#124670,#124680,#124690);
#124710=PLANE('',#124700);
#124720=ORIENTED_EDGE('',*,*,#123840,.F.);
#124730=ORIENTED_EDGE('',*,*,#124550,.T.);
#124740=CARTESIAN_POINT('',(-98.7719819999983,-1.419594,
-0.500000000000028));
#124750=DIRECTION('',(-1.,1.22460635382238E-16,0.));
#124760=VECTOR('',#124750,1.);
#124770=LINE('',#124740,#124760);
#124780=CARTESIAN_POINT('',(-18.9001,-1.41959400000002,
-0.500000000000085));
#124790=VERTEX_POINT('',#124780);
#124800=EDGE_CURVE('',#124790,#124480,#124770,.T.);
#124810=ORIENTED_EDGE('',*,*,#124800,.T.);
#124820=CARTESIAN_POINT('',(26.91740988,-47.2371038799974,-135.257382));
#124830=DIRECTION('',(0.306418239913664,-0.306418239913647,
-0.90123011739313));
#124840=VECTOR('',#124830,1.);
#124850=LINE('',#124820,#124840);
#124860=EDGE_CURVE('',#124790,#123390,#124850,.T.);
#124870=ORIENTED_EDGE('',*,*,#124860,.F.);
#124880=EDGE_LOOP('',(#124870,#124810,#124730,#124720));
#124890=FACE_OUTER_BOUND('',#124880,.T.);
#124900=ADVANCED_FACE('',(#124890),#124710,.F.);
#124910=COLOUR_RGB('',1.,1.,0.);
#124920=FILL_AREA_STYLE_COLOUR('',#124910);
#124930=FILL_AREA_STYLE('',(#124920));
#124940=SURFACE_STYLE_FILL_AREA(#124930);
#124950=SURFACE_SIDE_STYLE('',(#124940));
#124960=SURFACE_STYLE_USAGE(.BOTH.,#124950);
#124970=PRESENTATION_STYLE_ASSIGNMENT((#124960));
#124980=CARTESIAN_POINT('',(-19.2003410598737,-1.27446166094131,
-0.500000000000028));
#124990=DIRECTION('',(0.,0.,1.));
#125000=DIRECTION('',(-1.,1.22460635382238E-16,0.));
#125010=AXIS2_PLACEMENT_3D('',#124980,#124990,#125000);
#125020=PLANE('',#125010);
#125030=ORIENTED_EDGE('',*,*,#124490,.F.);
#125040=CARTESIAN_POINT('',(-98.7719819999983,-1.11959399999998,
-0.500000000000028));
#125050=DIRECTION('',(-1.,1.22460635382238E-16,0.));
#125060=VECTOR('',#125050,1.);
#125070=LINE('',#125040,#125060);
#125080=CARTESIAN_POINT('',(-18.9001,-1.119594,-0.500000000000028));
#125090=VERTEX_POINT('',#125080);
#125100=EDGE_CURVE('',#125090,#124400,#125070,.T.);
#125110=ORIENTED_EDGE('',*,*,#125100,.T.);
#125120=CARTESIAN_POINT('',(-18.9001,-6.789188,-0.500000000000028));
#125130=DIRECTION('',(-1.22460635382238E-16,-1.,0.));
#125140=VECTOR('',#125130,1.);
#125150=LINE('',#125120,#125140);
#125160=EDGE_CURVE('',#125090,#124790,#125150,.T.);
#125170=ORIENTED_EDGE('',*,*,#125160,.F.);
#125180=ORIENTED_EDGE('',*,*,#124800,.F.);
#125190=EDGE_LOOP('',(#125180,#125170,#125110,#125030));
#125200=FACE_OUTER_BOUND('',#125190,.T.);
#125210=ADVANCED_FACE('',(#125200),#125020,.T.);
#125220=COLOUR_RGB('',1.,1.,0.);
#125230=FILL_AREA_STYLE_COLOUR('',#125220);
#125240=FILL_AREA_STYLE('',(#125230));
#125250=SURFACE_STYLE_FILL_AREA(#125240);
#125260=SURFACE_SIDE_STYLE('',(#125250));
#125270=SURFACE_STYLE_USAGE(.BOTH.,#125260);
#125280=PRESENTATION_STYLE_ASSIGNMENT((#125270));
#125290=CARTESIAN_POINT('',(-19.3701000000001,-0.949593999999999,
-1.00000000000003));
#125300=DIRECTION('',(-1.15942391893208E-16,-0.946772744819718,
-0.321902733238686));
#125310=DIRECTION('',(3.94204132436885E-17,0.321902733238686,
-0.946772744819718));
#125320=AXIS2_PLACEMENT_3D('',#125290,#125300,#125310);
#125330=PLANE('',#125320);
#125340=ORIENTED_EDGE('',*,*,#125100,.F.);
#125350=ORIENTED_EDGE('',*,*,#124410,.T.);
#125360=CARTESIAN_POINT('',(-98.7719819999983,-0.949593999999991,
-1.00000000000006));
#125370=DIRECTION('',(-1.,1.22460635382238E-16,0.));
#125380=VECTOR('',#125370,1.);
#125390=LINE('',#125360,#125380);
#125400=EDGE_CURVE('',#123470,#124080,#125390,.T.);
#125410=ORIENTED_EDGE('',*,*,#125400,.T.);
#125420=CARTESIAN_POINT('',(26.91740988,44.6979158799974,-135.257382));
#125430=DIRECTION('',(0.306418239913664,0.306418239913647,
-0.90123011739313));
#125440=VECTOR('',#125430,1.);
#125450=LINE('',#125420,#125440);
#125460=EDGE_CURVE('',#125090,#123470,#125450,.T.);
#125470=ORIENTED_EDGE('',*,*,#125460,.T.);
#125480=EDGE_LOOP('',(#125470,#125410,#125350,#125340));
#125490=FACE_OUTER_BOUND('',#125480,.T.);
#125500=ADVANCED_FACE('',(#125490),#125330,.F.);
#125510=COLOUR_RGB('',1.,1.,0.);
#125520=FILL_AREA_STYLE_COLOUR('',#125510);
#125530=FILL_AREA_STYLE('',(#125520));
#125540=SURFACE_STYLE_FILL_AREA(#125530);
#125550=SURFACE_SIDE_STYLE('',(#125540));
#125560=SURFACE_STYLE_USAGE(.BOTH.,#125550);
#125570=PRESENTATION_STYLE_ASSIGNMENT((#125560));
#125580=CARTESIAN_POINT('',(-19.3701000000001,-0.949593999999999,-13.2))
;
#125590=DIRECTION('',(1.22460635382238E-16,1.,0.));
#125600=DIRECTION('',(1.,-1.22460635382238E-16,0.));
#125610=AXIS2_PLACEMENT_3D('',#125580,#125590,#125600);
#125620=PLANE('',#125610);
#125630=ORIENTED_EDGE('',*,*,#123540,.T.);
#125640=ORIENTED_EDGE('',*,*,#125400,.F.);
#125650=ORIENTED_EDGE('',*,*,#124090,.F.);
#125660=ORIENTED_EDGE('',*,*,#20710,.T.);
#125670=EDGE_LOOP('',(#125660,#125650,#125640,#125630));
#125680=FACE_OUTER_BOUND('',#125670,.T.);
#125690=ADVANCED_FACE('',(#125680),#125620,.T.);
#125700=COLOUR_RGB('',1.,1.,0.);
#125710=FILL_AREA_STYLE_COLOUR('',#125700);
#125720=FILL_AREA_STYLE('',(#125710));
#125730=SURFACE_STYLE_FILL_AREA(#125720);
#125740=SURFACE_SIDE_STYLE('',(#125730));
#125750=SURFACE_STYLE_USAGE(.BOTH.,#125740);
#125760=PRESENTATION_STYLE_ASSIGNMENT((#125750));
#125770=CARTESIAN_POINT('',(-18.7301000000001,-0.949593999999999,
-1.00000000000003));
#125780=DIRECTION('',(-0.946772744819713,1.15942391893207E-16,
-0.321902733238702));
#125790=DIRECTION('',(0.321902733238702,-3.94204132436905E-17,
-0.946772744819713));
#125800=AXIS2_PLACEMENT_3D('',#125770,#125780,#125790);
#125810=PLANE('',#125800);
#125820=ORIENTED_EDGE('',*,*,#123480,.F.);
#125830=ORIENTED_EDGE('',*,*,#124860,.T.);
#125840=ORIENTED_EDGE('',*,*,#125160,.T.);
#125850=ORIENTED_EDGE('',*,*,#125460,.F.);
#125860=EDGE_LOOP('',(#125850,#125840,#125830,#125820));
#125870=FACE_OUTER_BOUND('',#125860,.T.);
#125880=ADVANCED_FACE('',(#125870),#125810,.F.);
#125890=COLOUR_RGB('',1.,1.,0.);
#125900=FILL_AREA_STYLE_COLOUR('',#125890);
#125910=FILL_AREA_STYLE('',(#125900));
#125920=SURFACE_STYLE_FILL_AREA(#125910);
#125930=SURFACE_SIDE_STYLE('',(#125920));
#125940=SURFACE_STYLE_USAGE(.BOTH.,#125930);
#125950=PRESENTATION_STYLE_ASSIGNMENT((#125940));
#125960=CARTESIAN_POINT('',(-13.6501000000001,1.590406,-13.2));
#125970=DIRECTION('',(1.,-1.22460635382238E-16,0.));
#125980=DIRECTION('',(-1.22460635382238E-16,-1.,0.));
#125990=AXIS2_PLACEMENT_3D('',#125960,#125970,#125980);
#126000=PLANE('',#125990);
#126010=CARTESIAN_POINT('',(-13.6501000000001,0.950406,-135.257382));
#126020=DIRECTION('',(0.,-0.,-1.));
#126030=VECTOR('',#126020,1.);
#126040=LINE('',#126010,#126030);
#126050=CARTESIAN_POINT('',(-13.6501000000001,0.950405999999999,
-1.00000000000006));
#126060=VERTEX_POINT('',#126050);
#126070=EDGE_CURVE('',#126060,#21200,#126040,.T.);
#126080=ORIENTED_EDGE('',*,*,#126070,.T.);
#126090=CARTESIAN_POINT('',(-13.6501000000001,-4.249188,
-1.00000000000003));
#126100=DIRECTION('',(-1.22460635382238E-16,-1.,0.));
#126110=VECTOR('',#126100,1.);
#126120=LINE('',#126090,#126110);
#126130=CARTESIAN_POINT('',(-13.6501000000001,1.590406,
-0.999999999999972));
#126140=VERTEX_POINT('',#126130);
#126150=EDGE_CURVE('',#126140,#126060,#126120,.T.);
#126160=ORIENTED_EDGE('',*,*,#126150,.T.);
#126170=CARTESIAN_POINT('',(-13.6501000000001,1.590406,-135.257382));
#126180=DIRECTION('',(0.,-0.,-1.));
#126190=VECTOR('',#126180,1.);
#126200=LINE('',#126170,#126190);
#126210=EDGE_CURVE('',#126140,#21020,#126200,.T.);
#126220=ORIENTED_EDGE('',*,*,#126210,.F.);
#126230=ORIENTED_EDGE('',*,*,#21270,.T.);
#126240=EDGE_LOOP('',(#126230,#126220,#126160,#126080));
#126250=FACE_OUTER_BOUND('',#126240,.T.);
#126260=ADVANCED_FACE('',(#126250),#126000,.T.);
#126270=COLOUR_RGB('',1.,1.,0.);
#126280=FILL_AREA_STYLE_COLOUR('',#126270);
#126290=FILL_AREA_STYLE('',(#126280));
#126300=SURFACE_STYLE_FILL_AREA(#126290);
#126310=SURFACE_SIDE_STYLE('',(#126300));
#126320=SURFACE_STYLE_USAGE(.BOTH.,#126310);
#126330=PRESENTATION_STYLE_ASSIGNMENT((#126320));
#126340=CARTESIAN_POINT('',(-13.6501000000001,0.950406,-13.2));
#126350=DIRECTION('',(-1.22460635382238E-16,-1.,0.));
#126360=DIRECTION('',(-1.,1.22460635382238E-16,0.));
#126370=AXIS2_PLACEMENT_3D('',#126340,#126350,#126360);
#126380=PLANE('',#126370);
#126390=CARTESIAN_POINT('',(-14.2901000000001,0.950406000000001,
-135.257382));
#126400=DIRECTION('',(0.,0.,1.));
#126410=VECTOR('',#126400,1.);
#126420=LINE('',#126390,#126410);
#126430=CARTESIAN_POINT('',(-14.2901000000001,0.950406,-1.00000000000006
));
#126440=VERTEX_POINT('',#126430);
#126450=EDGE_CURVE('',#21120,#126440,#126420,.T.);
#126460=ORIENTED_EDGE('',*,*,#126450,.F.);
#126470=CARTESIAN_POINT('',(-93.6919819999983,0.95040600000001,
-1.00000000000006));
#126480=DIRECTION('',(-1.,1.22460635382238E-16,0.));
#126490=VECTOR('',#126480,1.);
#126500=LINE('',#126470,#126490);
#126510=EDGE_CURVE('',#126060,#126440,#126500,.T.);
#126520=ORIENTED_EDGE('',*,*,#126510,.T.);
#126530=ORIENTED_EDGE('',*,*,#126070,.F.);
#126540=ORIENTED_EDGE('',*,*,#21210,.T.);
#126550=EDGE_LOOP('',(#126540,#126530,#126520,#126460));
#126560=FACE_OUTER_BOUND('',#126550,.T.);
#126570=ADVANCED_FACE('',(#126560),#126380,.T.);
#126580=COLOUR_RGB('',1.,1.,0.);
#126590=FILL_AREA_STYLE_COLOUR('',#126580);
#126600=FILL_AREA_STYLE('',(#126590));
#126610=SURFACE_STYLE_FILL_AREA(#126600);
#126620=SURFACE_SIDE_STYLE('',(#126610));
#126630=SURFACE_STYLE_USAGE(.BOTH.,#126620);
#126640=PRESENTATION_STYLE_ASSIGNMENT((#126630));
#126650=CARTESIAN_POINT('',(-14.2901000000001,0.950406000000001,-13.2));
#126660=DIRECTION('',(-1.,1.22460635382238E-16,-0.));
#126670=DIRECTION('',(1.22460635382238E-16,1.,0.));
#126680=AXIS2_PLACEMENT_3D('',#126650,#126660,#126670);
#126690=PLANE('',#126680);
#126700=CARTESIAN_POINT('',(-14.2901000000001,1.590406,-135.257382));
#126710=DIRECTION('',(0.,-0.,-1.));
#126720=VECTOR('',#126710,1.);
#126730=LINE('',#126700,#126720);
#126740=CARTESIAN_POINT('',(-14.2901,1.590406,-0.999999999999915));
#126750=VERTEX_POINT('',#126740);
#126760=EDGE_CURVE('',#126750,#21040,#126730,.T.);
#126770=ORIENTED_EDGE('',*,*,#126760,.T.);
#126780=CARTESIAN_POINT('',(-14.2901000000001,-4.249188,-1.));
#126790=DIRECTION('',(-1.22460635382238E-16,-1.,0.));
#126800=VECTOR('',#126790,1.);
#126810=LINE('',#126780,#126800);
#126820=EDGE_CURVE('',#126750,#126440,#126810,.T.);
#126830=ORIENTED_EDGE('',*,*,#126820,.F.);
#126840=ORIENTED_EDGE('',*,*,#126450,.T.);
#126850=ORIENTED_EDGE('',*,*,#21130,.T.);
#126860=EDGE_LOOP('',(#126850,#126840,#126830,#126770));
#126870=FACE_OUTER_BOUND('',#126860,.T.);
#126880=ADVANCED_FACE('',(#126870),#126690,.T.);
#126890=COLOUR_RGB('',1.,1.,0.);
#126900=FILL_AREA_STYLE_COLOUR('',#126890);
#126910=FILL_AREA_STYLE('',(#126900));
#126920=SURFACE_STYLE_FILL_AREA(#126910);
#126930=SURFACE_SIDE_STYLE('',(#126920));
#126940=SURFACE_STYLE_USAGE(.BOTH.,#126930);
#126950=PRESENTATION_STYLE_ASSIGNMENT((#126940));
#126960=CARTESIAN_POINT('',(-14.1201000000001,1.590406,
-0.500000000000028));
#126970=DIRECTION('',(0.946772744819713,-1.15942391893207E-16,
-0.321902733238702));
#126980=DIRECTION('',(0.321902733238702,-3.94204132436905E-17,
0.946772744819713));
#126990=AXIS2_PLACEMENT_3D('',#126960,#126970,#126980);
#127000=PLANE('',#126990);
#127010=ORIENTED_EDGE('',*,*,#126820,.T.);
#127020=CARTESIAN_POINT('',(-59.9376098800001,47.2379158799974,
-135.257382));
#127030=DIRECTION('',(0.306418239913664,-0.306418239913647,
0.90123011739313));
#127040=VECTOR('',#127030,1.);
#127050=LINE('',#127020,#127040);
#127060=CARTESIAN_POINT('',(-14.1201000000001,1.420406,
-0.500000000000028));
#127070=VERTEX_POINT('',#127060);
#127080=EDGE_CURVE('',#126750,#127070,#127050,.T.);
#127090=ORIENTED_EDGE('',*,*,#127080,.F.);
#127100=CARTESIAN_POINT('',(-14.1201000000001,-4.249188,
-0.500000000000028));
#127110=DIRECTION('',(1.22460635382238E-16,1.,0.));
#127120=VECTOR('',#127110,1.);
#127130=LINE('',#127100,#127120);
#127140=CARTESIAN_POINT('',(-14.1201000000001,1.12040599999998,
-0.500000000000057));
#127150=VERTEX_POINT('',#127140);
#127160=EDGE_CURVE('',#127150,#127070,#127130,.T.);
#127170=ORIENTED_EDGE('',*,*,#127160,.T.);
#127180=CARTESIAN_POINT('',(-59.9376098800001,-44.6971038799974,
-135.257382));
#127190=DIRECTION('',(-0.306418239913664,-0.306418239913647,
-0.90123011739313));
#127200=VECTOR('',#127190,1.);
#127210=LINE('',#127180,#127200);
#127220=EDGE_CURVE('',#127150,#126440,#127210,.T.);
#127230=ORIENTED_EDGE('',*,*,#127220,.F.);
#127240=EDGE_LOOP('',(#127230,#127170,#127090,#127010));
#127250=FACE_OUTER_BOUND('',#127240,.T.);
#127260=ADVANCED_FACE('',(#127250),#127000,.F.);
#127270=COLOUR_RGB('',1.,1.,0.);
#127280=FILL_AREA_STYLE_COLOUR('',#127270);
#127290=FILL_AREA_STYLE('',(#127280));
#127300=SURFACE_STYLE_FILL_AREA(#127290);
#127310=SURFACE_SIDE_STYLE('',(#127300));
#127320=SURFACE_STYLE_USAGE(.BOTH.,#127310);
#127330=PRESENTATION_STYLE_ASSIGNMENT((#127320));
#127340=CARTESIAN_POINT('',(-14.2901000000001,1.120406,-0.5));
#127350=DIRECTION('',(1.15942391893208E-16,0.946772744819718,
-0.321902733238686));
#127360=DIRECTION('',(3.94204132436885E-17,0.321902733238686,
0.946772744819718));
#127370=AXIS2_PLACEMENT_3D('',#127340,#127350,#127360);
#127380=PLANE('',#127370);
#127390=ORIENTED_EDGE('',*,*,#126510,.F.);
#127400=ORIENTED_EDGE('',*,*,#127220,.T.);
#127410=CARTESIAN_POINT('',(-93.6919819999983,1.120406,
-0.500000000000028));
#127420=DIRECTION('',(-1.,1.22460635382238E-16,0.));
#127430=VECTOR('',#127420,1.);
#127440=LINE('',#127410,#127430);
#127450=CARTESIAN_POINT('',(-13.8201,1.12040599999998,-0.500000000000085
));
#127460=VERTEX_POINT('',#127450);
#127470=EDGE_CURVE('',#127460,#127150,#127440,.T.);
#127480=ORIENTED_EDGE('',*,*,#127470,.T.);
#127490=CARTESIAN_POINT('',(31.99740988,-44.6971038799974,-135.257382));
#127500=DIRECTION('',(0.306418239913664,-0.306418239913647,
-0.90123011739313));
#127510=VECTOR('',#127500,1.);
#127520=LINE('',#127490,#127510);
#127530=EDGE_CURVE('',#127460,#126060,#127520,.T.);
#127540=ORIENTED_EDGE('',*,*,#127530,.F.);
#127550=EDGE_LOOP('',(#127540,#127480,#127400,#127390));
#127560=FACE_OUTER_BOUND('',#127550,.T.);
#127570=ADVANCED_FACE('',(#127560),#127380,.F.);
#127580=COLOUR_RGB('',1.,1.,0.);
#127590=FILL_AREA_STYLE_COLOUR('',#127580);
#127600=FILL_AREA_STYLE('',(#127590));
#127610=SURFACE_STYLE_FILL_AREA(#127600);
#127620=SURFACE_SIDE_STYLE('',(#127610));
#127630=SURFACE_STYLE_USAGE(.BOTH.,#127620);
#127640=PRESENTATION_STYLE_ASSIGNMENT((#127630));
#127650=CARTESIAN_POINT('',(-14.1203410598737,1.26553833905869,
-0.500000000000028));
#127660=DIRECTION('',(0.,0.,1.));
#127670=DIRECTION('',(-1.,1.22460635382238E-16,0.));
#127680=AXIS2_PLACEMENT_3D('',#127650,#127660,#127670);
#127690=PLANE('',#127680);
#127700=ORIENTED_EDGE('',*,*,#127160,.F.);
#127710=CARTESIAN_POINT('',(-93.6919819999983,1.42040600000002,
-0.500000000000028));
#127720=DIRECTION('',(-1.,1.22460635382238E-16,0.));
#127730=VECTOR('',#127720,1.);
#127740=LINE('',#127710,#127730);
#127750=CARTESIAN_POINT('',(-13.8201,1.420406,-0.500000000000028));
#127760=VERTEX_POINT('',#127750);
#127770=EDGE_CURVE('',#127760,#127070,#127740,.T.);
#127780=ORIENTED_EDGE('',*,*,#127770,.T.);
#127790=CARTESIAN_POINT('',(-13.8201,-4.249188,-0.500000000000028));
#127800=DIRECTION('',(-1.22460635382238E-16,-1.,0.));
#127810=VECTOR('',#127800,1.);
#127820=LINE('',#127790,#127810);
#127830=EDGE_CURVE('',#127760,#127460,#127820,.T.);
#127840=ORIENTED_EDGE('',*,*,#127830,.F.);
#127850=ORIENTED_EDGE('',*,*,#127470,.F.);
#127860=EDGE_LOOP('',(#127850,#127840,#127780,#127700));
#127870=FACE_OUTER_BOUND('',#127860,.T.);
#127880=ADVANCED_FACE('',(#127870),#127690,.T.);
#127890=COLOUR_RGB('',1.,1.,0.);
#127900=FILL_AREA_STYLE_COLOUR('',#127890);
#127910=FILL_AREA_STYLE('',(#127900));
#127920=SURFACE_STYLE_FILL_AREA(#127910);
#127930=SURFACE_SIDE_STYLE('',(#127920));
#127940=SURFACE_STYLE_USAGE(.BOTH.,#127930);
#127950=PRESENTATION_STYLE_ASSIGNMENT((#127940));
#127960=CARTESIAN_POINT('',(-14.2901000000001,1.590406,-1.00000000000003
));
#127970=DIRECTION('',(-1.15942391893208E-16,-0.946772744819718,
-0.321902733238686));
#127980=DIRECTION('',(3.94204132436885E-17,0.321902733238686,
-0.946772744819718));
#127990=AXIS2_PLACEMENT_3D('',#127960,#127970,#127980);
#128000=PLANE('',#127990);
#128010=ORIENTED_EDGE('',*,*,#127770,.F.);
#128020=ORIENTED_EDGE('',*,*,#127080,.T.);
#128030=CARTESIAN_POINT('',(-93.6919819999983,1.59040600000001,
-1.00000000000006));
#128040=DIRECTION('',(-1.,1.22460635382238E-16,0.));
#128050=VECTOR('',#128040,1.);
#128060=LINE('',#128030,#128050);
#128070=EDGE_CURVE('',#126140,#126750,#128060,.T.);
#128080=ORIENTED_EDGE('',*,*,#128070,.T.);
#128090=CARTESIAN_POINT('',(31.99740988,47.2379158799974,-135.257382));
#128100=DIRECTION('',(0.306418239913664,0.306418239913647,
-0.90123011739313));
#128110=VECTOR('',#128100,1.);
#128120=LINE('',#128090,#128110);
#128130=EDGE_CURVE('',#127760,#126140,#128120,.T.);
#128140=ORIENTED_EDGE('',*,*,#128130,.T.);
#128150=EDGE_LOOP('',(#128140,#128080,#128020,#128010));
#128160=FACE_OUTER_BOUND('',#128150,.T.);
#128170=ADVANCED_FACE('',(#128160),#128000,.F.);
#128180=COLOUR_RGB('',1.,1.,0.);
#128190=FILL_AREA_STYLE_COLOUR('',#128180);
#128200=FILL_AREA_STYLE('',(#128190));
#128210=SURFACE_STYLE_FILL_AREA(#128200);
#128220=SURFACE_SIDE_STYLE('',(#128210));
#128230=SURFACE_STYLE_USAGE(.BOTH.,#128220);
#128240=PRESENTATION_STYLE_ASSIGNMENT((#128230));
#128250=CARTESIAN_POINT('',(-14.2901000000001,1.590406,-13.2));
#128260=DIRECTION('',(1.22460635382238E-16,1.,0.));
#128270=DIRECTION('',(1.,-1.22460635382238E-16,0.));
#128280=AXIS2_PLACEMENT_3D('',#128250,#128260,#128270);
#128290=PLANE('',#128280);
#128300=ORIENTED_EDGE('',*,*,#126210,.T.);
#128310=ORIENTED_EDGE('',*,*,#128070,.F.);
#128320=ORIENTED_EDGE('',*,*,#126760,.F.);
#128330=ORIENTED_EDGE('',*,*,#21050,.T.);
#128340=EDGE_LOOP('',(#128330,#128320,#128310,#128300));
#128350=FACE_OUTER_BOUND('',#128340,.T.);
#128360=ADVANCED_FACE('',(#128350),#128290,.T.);
#128370=COLOUR_RGB('',1.,1.,0.);
#128380=FILL_AREA_STYLE_COLOUR('',#128370);
#128390=FILL_AREA_STYLE('',(#128380));
#128400=SURFACE_STYLE_FILL_AREA(#128390);
#128410=SURFACE_SIDE_STYLE('',(#128400));
#128420=SURFACE_STYLE_USAGE(.BOTH.,#128410);
#128430=PRESENTATION_STYLE_ASSIGNMENT((#128420));
#128440=CARTESIAN_POINT('',(-13.6501000000001,1.590406,-1.00000000000003
));
#128450=DIRECTION('',(-0.946772744819713,1.15942391893207E-16,
-0.321902733238702));
#128460=DIRECTION('',(0.321902733238702,-3.94204132436905E-17,
-0.946772744819713));
#128470=AXIS2_PLACEMENT_3D('',#128440,#128450,#128460);
#128480=PLANE('',#128470);
#128490=ORIENTED_EDGE('',*,*,#126150,.F.);
#128500=ORIENTED_EDGE('',*,*,#127530,.T.);
#128510=ORIENTED_EDGE('',*,*,#127830,.T.);
#128520=ORIENTED_EDGE('',*,*,#128130,.F.);
#128530=EDGE_LOOP('',(#128520,#128510,#128500,#128490));
#128540=FACE_OUTER_BOUND('',#128530,.T.);
#128550=ADVANCED_FACE('',(#128540),#128480,.F.);
#128560=COLOUR_RGB('',1.,1.,0.);
#128570=FILL_AREA_STYLE_COLOUR('',#128560);
#128580=FILL_AREA_STYLE('',(#128570));
#128590=SURFACE_STYLE_FILL_AREA(#128580);
#128600=SURFACE_SIDE_STYLE('',(#128590));
#128610=SURFACE_STYLE_USAGE(.BOTH.,#128600);
#128620=PRESENTATION_STYLE_ASSIGNMENT((#128610));
#128630=CARTESIAN_POINT('',(-16.1901000000001,0.950406000000002,-13.2));
#128640=DIRECTION('',(-1.22460635382238E-16,-1.,0.));
#128650=DIRECTION('',(-1.,1.22460635382238E-16,0.));
#128660=AXIS2_PLACEMENT_3D('',#128630,#128640,#128650);
#128670=PLANE('',#128660);
#128680=CARTESIAN_POINT('',(-16.8301000000001,0.950406000000002,
-135.257382));
#128690=DIRECTION('',(0.,0.,1.));
#128700=VECTOR('',#128690,1.);
#128710=LINE('',#128680,#128700);
#128720=CARTESIAN_POINT('',(-16.8301000000001,0.950406000000001,
-1.00000000000006));
#128730=VERTEX_POINT('',#128720);
#128740=EDGE_CURVE('',#21540,#128730,#128710,.T.);
#128750=ORIENTED_EDGE('',*,*,#128740,.F.);
#128760=CARTESIAN_POINT('',(-96.2319819999983,0.950406000000011,
-1.00000000000006));
#128770=DIRECTION('',(-1.,1.22460635382238E-16,0.));
#128780=VECTOR('',#128770,1.);
#128790=LINE('',#128760,#128780);
#128800=CARTESIAN_POINT('',(-16.1901000000001,0.950406000000001,
-1.00000000000006));
#128810=VERTEX_POINT('',#128800);
#128820=EDGE_CURVE('',#128810,#128730,#128790,.T.);
#128830=ORIENTED_EDGE('',*,*,#128820,.T.);
#128840=CARTESIAN_POINT('',(-16.1901000000001,0.950406000000002,
-135.257382));
#128850=DIRECTION('',(0.,-0.,-1.));
#128860=VECTOR('',#128850,1.);
#128870=LINE('',#128840,#128860);
#128880=EDGE_CURVE('',#128810,#21360,#128870,.T.);
#128890=ORIENTED_EDGE('',*,*,#128880,.F.);
#128900=ORIENTED_EDGE('',*,*,#21610,.T.);
#128910=EDGE_LOOP('',(#128900,#128890,#128830,#128750));
#128920=FACE_OUTER_BOUND('',#128910,.T.);
#128930=ADVANCED_FACE('',(#128920),#128670,.T.);
#128940=COLOUR_RGB('',1.,1.,0.);
#128950=FILL_AREA_STYLE_COLOUR('',#128940);
#128960=FILL_AREA_STYLE('',(#128950));
#128970=SURFACE_STYLE_FILL_AREA(#128960);
#128980=SURFACE_SIDE_STYLE('',(#128970));
#128990=SURFACE_STYLE_USAGE(.BOTH.,#128980);
#129000=PRESENTATION_STYLE_ASSIGNMENT((#128990));
#129010=CARTESIAN_POINT('',(-16.8301000000001,0.950406000000002,-13.2));
#129020=DIRECTION('',(-1.,1.22460635382238E-16,-0.));
#129030=DIRECTION('',(1.22460635382238E-16,1.,0.));
#129040=AXIS2_PLACEMENT_3D('',#129010,#129020,#129030);
#129050=PLANE('',#129040);
#129060=CARTESIAN_POINT('',(-16.8301000000001,1.590406,-135.257382));
#129070=DIRECTION('',(0.,-0.,-1.));
#129080=VECTOR('',#129070,1.);
#129090=LINE('',#129060,#129080);
#129100=CARTESIAN_POINT('',(-16.8301,1.590406,-0.999999999999915));
#129110=VERTEX_POINT('',#129100);
#129120=EDGE_CURVE('',#129110,#21460,#129090,.T.);
#129130=ORIENTED_EDGE('',*,*,#129120,.T.);
#129140=CARTESIAN_POINT('',(-16.8301000000001,-4.249188,-1.));
#129150=DIRECTION('',(-1.22460635382238E-16,-1.,0.));
#129160=VECTOR('',#129150,1.);
#129170=LINE('',#129140,#129160);
#129180=EDGE_CURVE('',#129110,#128730,#129170,.T.);
#129190=ORIENTED_EDGE('',*,*,#129180,.F.);
#129200=ORIENTED_EDGE('',*,*,#128740,.T.);
#129210=ORIENTED_EDGE('',*,*,#21550,.T.);
#129220=EDGE_LOOP('',(#129210,#129200,#129190,#129130));
#129230=FACE_OUTER_BOUND('',#129220,.T.);
#129240=ADVANCED_FACE('',(#129230),#129050,.T.);
#129250=COLOUR_RGB('',1.,1.,0.);
#129260=FILL_AREA_STYLE_COLOUR('',#129250);
#129270=FILL_AREA_STYLE('',(#129260));
#129280=SURFACE_STYLE_FILL_AREA(#129270);
#129290=SURFACE_SIDE_STYLE('',(#129280));
#129300=SURFACE_STYLE_USAGE(.BOTH.,#129290);
#129310=PRESENTATION_STYLE_ASSIGNMENT((#129300));
#129320=CARTESIAN_POINT('',(-16.6601000000001,1.590406,
-0.500000000000028));
#129330=DIRECTION('',(0.946772744819713,-1.15942391893207E-16,
-0.321902733238702));
#129340=DIRECTION('',(0.321902733238702,-3.94204132436905E-17,
0.946772744819713));
#129350=AXIS2_PLACEMENT_3D('',#129320,#129330,#129340);
#129360=PLANE('',#129350);
#129370=ORIENTED_EDGE('',*,*,#129180,.T.);
#129380=CARTESIAN_POINT('',(-62.4776098800001,47.2379158799974,
-135.257382));
#129390=DIRECTION('',(0.306418239913664,-0.306418239913647,
0.90123011739313));
#129400=VECTOR('',#129390,1.);
#129410=LINE('',#129380,#129400);
#129420=CARTESIAN_POINT('',(-16.6601000000001,1.420406,
-0.500000000000028));
#129430=VERTEX_POINT('',#129420);
#129440=EDGE_CURVE('',#129110,#129430,#129410,.T.);
#129450=ORIENTED_EDGE('',*,*,#129440,.F.);
#129460=CARTESIAN_POINT('',(-16.6601000000001,-4.249188,
-0.500000000000028));
#129470=DIRECTION('',(1.22460635382238E-16,1.,0.));
#129480=VECTOR('',#129470,1.);
#129490=LINE('',#129460,#129480);
#129500=CARTESIAN_POINT('',(-16.6601000000001,1.12040599999999,
-0.500000000000057));
#129510=VERTEX_POINT('',#129500);
#129520=EDGE_CURVE('',#129510,#129430,#129490,.T.);
#129530=ORIENTED_EDGE('',*,*,#129520,.T.);
#129540=CARTESIAN_POINT('',(-62.4776098800001,-44.6971038799974,
-135.257382));
#129550=DIRECTION('',(-0.306418239913664,-0.306418239913647,
-0.90123011739313));
#129560=VECTOR('',#129550,1.);
#129570=LINE('',#129540,#129560);
#129580=EDGE_CURVE('',#129510,#128730,#129570,.T.);
#129590=ORIENTED_EDGE('',*,*,#129580,.F.);
#129600=EDGE_LOOP('',(#129590,#129530,#129450,#129370));
#129610=FACE_OUTER_BOUND('',#129600,.T.);
#129620=ADVANCED_FACE('',(#129610),#129360,.F.);
#129630=COLOUR_RGB('',1.,1.,0.);
#129640=FILL_AREA_STYLE_COLOUR('',#129630);
#129650=FILL_AREA_STYLE('',(#129640));
#129660=SURFACE_STYLE_FILL_AREA(#129650);
#129670=SURFACE_SIDE_STYLE('',(#129660));
#129680=SURFACE_STYLE_USAGE(.BOTH.,#129670);
#129690=PRESENTATION_STYLE_ASSIGNMENT((#129680));
#129700=CARTESIAN_POINT('',(-16.8301000000001,1.120406,-0.5));
#129710=DIRECTION('',(1.15942391893208E-16,0.946772744819718,
-0.321902733238686));
#129720=DIRECTION('',(3.94204132436885E-17,0.321902733238686,
0.946772744819718));
#129730=AXIS2_PLACEMENT_3D('',#129700,#129710,#129720);
#129740=PLANE('',#129730);
#129750=ORIENTED_EDGE('',*,*,#128820,.F.);
#129760=ORIENTED_EDGE('',*,*,#129580,.T.);
#129770=CARTESIAN_POINT('',(-96.2319819999983,1.120406,
-0.500000000000028));
#129780=DIRECTION('',(-1.,1.22460635382238E-16,0.));
#129790=VECTOR('',#129780,1.);
#129800=LINE('',#129770,#129790);
#129810=CARTESIAN_POINT('',(-16.3601,1.12040599999998,-0.500000000000085
));
#129820=VERTEX_POINT('',#129810);
#129830=EDGE_CURVE('',#129820,#129510,#129800,.T.);
#129840=ORIENTED_EDGE('',*,*,#129830,.T.);
#129850=CARTESIAN_POINT('',(29.4574098799999,-44.6971038799974,
-135.257382));
#129860=DIRECTION('',(0.306418239913664,-0.306418239913647,
-0.90123011739313));
#129870=VECTOR('',#129860,1.);
#129880=LINE('',#129850,#129870);
#129890=EDGE_CURVE('',#129820,#128810,#129880,.T.);
#129900=ORIENTED_EDGE('',*,*,#129890,.F.);
#129910=EDGE_LOOP('',(#129900,#129840,#129760,#129750));
#129920=FACE_OUTER_BOUND('',#129910,.T.);
#129930=ADVANCED_FACE('',(#129920),#129740,.F.);
#129940=COLOUR_RGB('',1.,1.,0.);
#129950=FILL_AREA_STYLE_COLOUR('',#129940);
#129960=FILL_AREA_STYLE('',(#129950));
#129970=SURFACE_STYLE_FILL_AREA(#129960);
#129980=SURFACE_SIDE_STYLE('',(#129970));
#129990=SURFACE_STYLE_USAGE(.BOTH.,#129980);
#130000=PRESENTATION_STYLE_ASSIGNMENT((#129990));
#130010=CARTESIAN_POINT('',(-16.6603410598737,1.26553833905869,
-0.500000000000028));
#130020=DIRECTION('',(0.,0.,1.));
#130030=DIRECTION('',(-1.,1.22460635382238E-16,0.));
#130040=AXIS2_PLACEMENT_3D('',#130010,#130020,#130030);
#130050=PLANE('',#130040);
#130060=ORIENTED_EDGE('',*,*,#129520,.F.);
#130070=CARTESIAN_POINT('',(-96.2319819999983,1.42040600000002,
-0.500000000000028));
#130080=DIRECTION('',(-1.,1.22460635382238E-16,0.));
#130090=VECTOR('',#130080,1.);
#130100=LINE('',#130070,#130090);
#130110=CARTESIAN_POINT('',(-16.3601,1.420406,-0.500000000000028));
#130120=VERTEX_POINT('',#130110);
#130130=EDGE_CURVE('',#130120,#129430,#130100,.T.);
#130140=ORIENTED_EDGE('',*,*,#130130,.T.);
#130150=CARTESIAN_POINT('',(-16.3601,-4.249188,-0.500000000000028));
#130160=DIRECTION('',(-1.22460635382238E-16,-1.,0.));
#130170=VECTOR('',#130160,1.);
#130180=LINE('',#130150,#130170);
#130190=EDGE_CURVE('',#130120,#129820,#130180,.T.);
#130200=ORIENTED_EDGE('',*,*,#130190,.F.);
#130210=ORIENTED_EDGE('',*,*,#129830,.F.);
#130220=EDGE_LOOP('',(#130210,#130200,#130140,#130060));
#130230=FACE_OUTER_BOUND('',#130220,.T.);
#130240=ADVANCED_FACE('',(#130230),#130050,.T.);
#130250=COLOUR_RGB('',1.,1.,0.);
#130260=FILL_AREA_STYLE_COLOUR('',#130250);
#130270=FILL_AREA_STYLE('',(#130260));
#130280=SURFACE_STYLE_FILL_AREA(#130270);
#130290=SURFACE_SIDE_STYLE('',(#130280));
#130300=SURFACE_STYLE_USAGE(.BOTH.,#130290);
#130310=PRESENTATION_STYLE_ASSIGNMENT((#130300));
#130320=CARTESIAN_POINT('',(-16.1901000000001,1.590406,-1.00000000000003
));
#130330=DIRECTION('',(-0.946772744819713,1.15942391893207E-16,
-0.321902733238702));
#130340=DIRECTION('',(0.321902733238702,-3.94204132436905E-17,
-0.946772744819713));
#130350=AXIS2_PLACEMENT_3D('',#130320,#130330,#130340);
#130360=PLANE('',#130350);
#130370=CARTESIAN_POINT('',(-16.1901000000001,-4.249188,
-1.00000000000003));
#130380=DIRECTION('',(-1.22460635382238E-16,-1.,0.));
#130390=VECTOR('',#130380,1.);
#130400=LINE('',#130370,#130390);
#130410=CARTESIAN_POINT('',(-16.1901000000001,1.590406,
-0.999999999999972));
#130420=VERTEX_POINT('',#130410);
#130430=EDGE_CURVE('',#130420,#128810,#130400,.T.);
#130440=ORIENTED_EDGE('',*,*,#130430,.F.);
#130450=ORIENTED_EDGE('',*,*,#129890,.T.);
#130460=ORIENTED_EDGE('',*,*,#130190,.T.);
#130470=CARTESIAN_POINT('',(29.4574098799999,47.2379158799974,
-135.257382));
#130480=DIRECTION('',(0.306418239913664,0.306418239913647,
-0.90123011739313));
#130490=VECTOR('',#130480,1.);
#130500=LINE('',#130470,#130490);
#130510=EDGE_CURVE('',#130120,#130420,#130500,.T.);
#130520=ORIENTED_EDGE('',*,*,#130510,.F.);
#130530=EDGE_LOOP('',(#130520,#130460,#130450,#130440));
#130540=FACE_OUTER_BOUND('',#130530,.T.);
#130550=ADVANCED_FACE('',(#130540),#130360,.F.);
#130560=COLOUR_RGB('',1.,1.,0.);
#130570=FILL_AREA_STYLE_COLOUR('',#130560);
#130580=FILL_AREA_STYLE('',(#130570));
#130590=SURFACE_STYLE_FILL_AREA(#130580);
#130600=SURFACE_SIDE_STYLE('',(#130590));
#130610=SURFACE_STYLE_USAGE(.BOTH.,#130600);
#130620=PRESENTATION_STYLE_ASSIGNMENT((#130610));
#130630=CARTESIAN_POINT('',(-16.1901000000001,1.590406,-13.2));
#130640=DIRECTION('',(1.,-1.22460635382238E-16,0.));
#130650=DIRECTION('',(-1.22460635382238E-16,-1.,0.));
#130660=AXIS2_PLACEMENT_3D('',#130630,#130640,#130650);
#130670=PLANE('',#130660);
#130680=ORIENTED_EDGE('',*,*,#128880,.T.);
#130690=ORIENTED_EDGE('',*,*,#130430,.T.);
#130700=CARTESIAN_POINT('',(-16.1901000000001,1.590406,-135.257382));
#130710=DIRECTION('',(0.,-0.,-1.));
#130720=VECTOR('',#130710,1.);
#130730=LINE('',#130700,#130720);
#130740=EDGE_CURVE('',#130420,#21380,#130730,.T.);
#130750=ORIENTED_EDGE('',*,*,#130740,.F.);
#130760=ORIENTED_EDGE('',*,*,#21390,.T.);
#130770=EDGE_LOOP('',(#130760,#130750,#130690,#130680));
#130780=FACE_OUTER_BOUND('',#130770,.T.);
#130790=ADVANCED_FACE('',(#130780),#130670,.T.);
#130800=COLOUR_RGB('',1.,1.,0.);
#130810=FILL_AREA_STYLE_COLOUR('',#130800);
#130820=FILL_AREA_STYLE('',(#130810));
#130830=SURFACE_STYLE_FILL_AREA(#130820);
#130840=SURFACE_SIDE_STYLE('',(#130830));
#130850=SURFACE_STYLE_USAGE(.BOTH.,#130840);
#130860=PRESENTATION_STYLE_ASSIGNMENT((#130850));
#130870=CARTESIAN_POINT('',(-16.8301000000001,1.590406,-13.2));
#130880=DIRECTION('',(1.22460635382238E-16,1.,0.));
#130890=DIRECTION('',(1.,-1.22460635382238E-16,0.));
#130900=AXIS2_PLACEMENT_3D('',#130870,#130880,#130890);
#130910=PLANE('',#130900);
#130920=ORIENTED_EDGE('',*,*,#130740,.T.);
#130930=CARTESIAN_POINT('',(-96.2319819999983,1.59040600000001,
-1.00000000000006));
#130940=DIRECTION('',(-1.,1.22460635382238E-16,0.));
#130950=VECTOR('',#130940,1.);
#130960=LINE('',#130930,#130950);
#130970=EDGE_CURVE('',#130420,#129110,#130960,.T.);
#130980=ORIENTED_EDGE('',*,*,#130970,.F.);
#130990=ORIENTED_EDGE('',*,*,#129120,.F.);
#131000=ORIENTED_EDGE('',*,*,#21470,.T.);
#131010=EDGE_LOOP('',(#131000,#130990,#130980,#130920));
#131020=FACE_OUTER_BOUND('',#131010,.T.);
#131030=ADVANCED_FACE('',(#131020),#130910,.T.);
#131040=COLOUR_RGB('',1.,1.,0.);
#131050=FILL_AREA_STYLE_COLOUR('',#131040);
#131060=FILL_AREA_STYLE('',(#131050));
#131070=SURFACE_STYLE_FILL_AREA(#131060);
#131080=SURFACE_SIDE_STYLE('',(#131070));
#131090=SURFACE_STYLE_USAGE(.BOTH.,#131080);
#131100=PRESENTATION_STYLE_ASSIGNMENT((#131090));
#131110=CARTESIAN_POINT('',(-16.8301000000001,1.590406,-1.00000000000003
));
#131120=DIRECTION('',(-1.15942391893208E-16,-0.946772744819718,
-0.321902733238686));
#131130=DIRECTION('',(3.94204132436885E-17,0.321902733238686,
-0.946772744819718));
#131140=AXIS2_PLACEMENT_3D('',#131110,#131120,#131130);
#131150=PLANE('',#131140);
#131160=ORIENTED_EDGE('',*,*,#130130,.F.);
#131170=ORIENTED_EDGE('',*,*,#129440,.T.);
#131180=ORIENTED_EDGE('',*,*,#130970,.T.);
#131190=ORIENTED_EDGE('',*,*,#130510,.T.);
#131200=EDGE_LOOP('',(#131190,#131180,#131170,#131160));
#131210=FACE_OUTER_BOUND('',#131200,.T.);
#131220=ADVANCED_FACE('',(#131210),#131150,.F.);
#131230=COLOUR_RGB('',1.,1.,0.);
#131240=FILL_AREA_STYLE_COLOUR('',#131230);
#131250=FILL_AREA_STYLE('',(#131240));
#131260=SURFACE_STYLE_FILL_AREA(#131250);
#131270=SURFACE_SIDE_STYLE('',(#131260));
#131280=SURFACE_STYLE_USAGE(.BOTH.,#131270);
#131290=PRESENTATION_STYLE_ASSIGNMENT((#131280));
#131300=CARTESIAN_POINT('',(-18.7301000000001,0.950406000000001,-13.2));
#131310=DIRECTION('',(-1.22460635382238E-16,-1.,0.));
#131320=DIRECTION('',(-1.,1.22460635382238E-16,0.));
#131330=AXIS2_PLACEMENT_3D('',#131300,#131310,#131320);
#131340=PLANE('',#131330);
#131350=CARTESIAN_POINT('',(-19.3701000000001,0.950406000000001,
-135.257382));
#131360=DIRECTION('',(0.,0.,1.));
#131370=VECTOR('',#131360,1.);
#131380=LINE('',#131350,#131370);
#131390=CARTESIAN_POINT('',(-19.3701000000001,0.950406,-1.00000000000006
));
#131400=VERTEX_POINT('',#131390);
#131410=EDGE_CURVE('',#21880,#131400,#131380,.T.);
#131420=ORIENTED_EDGE('',*,*,#131410,.F.);
#131430=CARTESIAN_POINT('',(-98.7719819999983,0.95040600000001,
-1.00000000000006));
#131440=DIRECTION('',(-1.,1.22460635382238E-16,0.));
#131450=VECTOR('',#131440,1.);
#131460=LINE('',#131430,#131450);
#131470=CARTESIAN_POINT('',(-18.7301000000001,0.950406,-1.00000000000006
));
#131480=VERTEX_POINT('',#131470);
#131490=EDGE_CURVE('',#131480,#131400,#131460,.T.);
#131500=ORIENTED_EDGE('',*,*,#131490,.T.);
#131510=CARTESIAN_POINT('',(-18.7301000000001,0.950406000000001,
-135.257382));
#131520=DIRECTION('',(0.,-0.,-1.));
#131530=VECTOR('',#131520,1.);
#131540=LINE('',#131510,#131530);
#131550=EDGE_CURVE('',#131480,#21700,#131540,.T.);
#131560=ORIENTED_EDGE('',*,*,#131550,.F.);
#131570=ORIENTED_EDGE('',*,*,#21950,.T.);
#131580=EDGE_LOOP('',(#131570,#131560,#131500,#131420));
#131590=FACE_OUTER_BOUND('',#131580,.T.);
#131600=ADVANCED_FACE('',(#131590),#131340,.T.);
#131610=COLOUR_RGB('',1.,1.,0.);
#131620=FILL_AREA_STYLE_COLOUR('',#131610);
#131630=FILL_AREA_STYLE('',(#131620));
#131640=SURFACE_STYLE_FILL_AREA(#131630);
#131650=SURFACE_SIDE_STYLE('',(#131640));
#131660=SURFACE_STYLE_USAGE(.BOTH.,#131650);
#131670=PRESENTATION_STYLE_ASSIGNMENT((#131660));
#131680=CARTESIAN_POINT('',(-19.3701000000001,0.950406000000001,-13.2));
#131690=DIRECTION('',(-1.,1.22460635382238E-16,-0.));
#131700=DIRECTION('',(1.22460635382238E-16,1.,0.));
#131710=AXIS2_PLACEMENT_3D('',#131680,#131690,#131700);
#131720=PLANE('',#131710);
#131730=CARTESIAN_POINT('',(-19.3701000000001,1.590406,-135.257382));
#131740=DIRECTION('',(0.,-0.,-1.));
#131750=VECTOR('',#131740,1.);
#131760=LINE('',#131730,#131750);
#131770=CARTESIAN_POINT('',(-19.3701,1.590406,-0.999999999999915));
#131780=VERTEX_POINT('',#131770);
#131790=EDGE_CURVE('',#131780,#21800,#131760,.T.);
#131800=ORIENTED_EDGE('',*,*,#131790,.T.);
#131810=CARTESIAN_POINT('',(-19.3701000000001,-4.249188,-1.));
#131820=DIRECTION('',(-1.22460635382238E-16,-1.,0.));
#131830=VECTOR('',#131820,1.);
#131840=LINE('',#131810,#131830);
#131850=EDGE_CURVE('',#131780,#131400,#131840,.T.);
#131860=ORIENTED_EDGE('',*,*,#131850,.F.);
#131870=ORIENTED_EDGE('',*,*,#131410,.T.);
#131880=ORIENTED_EDGE('',*,*,#21890,.T.);
#131890=EDGE_LOOP('',(#131880,#131870,#131860,#131800));
#131900=FACE_OUTER_BOUND('',#131890,.T.);
#131910=ADVANCED_FACE('',(#131900),#131720,.T.);
#131920=COLOUR_RGB('',1.,1.,0.);
#131930=FILL_AREA_STYLE_COLOUR('',#131920);
#131940=FILL_AREA_STYLE('',(#131930));
#131950=SURFACE_STYLE_FILL_AREA(#131940);
#131960=SURFACE_SIDE_STYLE('',(#131950));
#131970=SURFACE_STYLE_USAGE(.BOTH.,#131960);
#131980=PRESENTATION_STYLE_ASSIGNMENT((#131970));
#131990=CARTESIAN_POINT('',(-19.2001000000001,1.590406,
-0.500000000000028));
#132000=DIRECTION('',(0.946772744819713,-1.15942391893207E-16,
-0.321902733238702));
#132010=DIRECTION('',(0.321902733238702,-3.94204132436905E-17,
0.946772744819713));
#132020=AXIS2_PLACEMENT_3D('',#131990,#132000,#132010);
#132030=PLANE('',#132020);
#132040=ORIENTED_EDGE('',*,*,#131850,.T.);
#132050=CARTESIAN_POINT('',(-65.0176098800001,47.2379158799974,
-135.257382));
#132060=DIRECTION('',(0.306418239913664,-0.306418239913647,
0.90123011739313));
#132070=VECTOR('',#132060,1.);
#132080=LINE('',#132050,#132070);
#132090=CARTESIAN_POINT('',(-19.2001000000001,1.420406,
-0.500000000000028));
#132100=VERTEX_POINT('',#132090);
#132110=EDGE_CURVE('',#131780,#132100,#132080,.T.);
#132120=ORIENTED_EDGE('',*,*,#132110,.F.);
#132130=CARTESIAN_POINT('',(-19.2001000000001,-4.249188,
-0.500000000000028));
#132140=DIRECTION('',(1.22460635382238E-16,1.,0.));
#132150=VECTOR('',#132140,1.);
#132160=LINE('',#132130,#132150);
#132170=CARTESIAN_POINT('',(-19.2001000000001,1.12040599999998,
-0.500000000000057));
#132180=VERTEX_POINT('',#132170);
#132190=EDGE_CURVE('',#132180,#132100,#132160,.T.);
#132200=ORIENTED_EDGE('',*,*,#132190,.T.);
#132210=CARTESIAN_POINT('',(-65.0176098800001,-44.6971038799974,
-135.257382));
#132220=DIRECTION('',(-0.306418239913664,-0.306418239913647,
-0.90123011739313));
#132230=VECTOR('',#132220,1.);
#132240=LINE('',#132210,#132230);
#132250=EDGE_CURVE('',#132180,#131400,#132240,.T.);
#132260=ORIENTED_EDGE('',*,*,#132250,.F.);
#132270=EDGE_LOOP('',(#132260,#132200,#132120,#132040));
#132280=FACE_OUTER_BOUND('',#132270,.T.);
#132290=ADVANCED_FACE('',(#132280),#132030,.F.);
#132300=COLOUR_RGB('',1.,1.,0.);
#132310=FILL_AREA_STYLE_COLOUR('',#132300);
#132320=FILL_AREA_STYLE('',(#132310));
#132330=SURFACE_STYLE_FILL_AREA(#132320);
#132340=SURFACE_SIDE_STYLE('',(#132330));
#132350=SURFACE_STYLE_USAGE(.BOTH.,#132340);
#132360=PRESENTATION_STYLE_ASSIGNMENT((#132350));
#132370=CARTESIAN_POINT('',(-19.3701000000001,1.120406,-0.5));
#132380=DIRECTION('',(1.15942391893208E-16,0.946772744819718,
-0.321902733238686));
#132390=DIRECTION('',(3.94204132436885E-17,0.321902733238686,
0.946772744819718));
#132400=AXIS2_PLACEMENT_3D('',#132370,#132380,#132390);
#132410=PLANE('',#132400);
#132420=ORIENTED_EDGE('',*,*,#131490,.F.);
#132430=ORIENTED_EDGE('',*,*,#132250,.T.);
#132440=CARTESIAN_POINT('',(-98.7719819999983,1.120406,
-0.500000000000028));
#132450=DIRECTION('',(-1.,1.22460635382238E-16,0.));
#132460=VECTOR('',#132450,1.);
#132470=LINE('',#132440,#132460);
#132480=CARTESIAN_POINT('',(-18.9001,1.12040599999998,-0.500000000000085
));
#132490=VERTEX_POINT('',#132480);
#132500=EDGE_CURVE('',#132490,#132180,#132470,.T.);
#132510=ORIENTED_EDGE('',*,*,#132500,.T.);
#132520=CARTESIAN_POINT('',(26.91740988,-44.6971038799974,-135.257382));
#132530=DIRECTION('',(0.306418239913664,-0.306418239913647,
-0.90123011739313));
#132540=VECTOR('',#132530,1.);
#132550=LINE('',#132520,#132540);
#132560=EDGE_CURVE('',#132490,#131480,#132550,.T.);
#132570=ORIENTED_EDGE('',*,*,#132560,.F.);
#132580=EDGE_LOOP('',(#132570,#132510,#132430,#132420));
#132590=FACE_OUTER_BOUND('',#132580,.T.);
#132600=ADVANCED_FACE('',(#132590),#132410,.F.);
#132610=COLOUR_RGB('',1.,1.,0.);
#132620=FILL_AREA_STYLE_COLOUR('',#132610);
#132630=FILL_AREA_STYLE('',(#132620));
#132640=SURFACE_STYLE_FILL_AREA(#132630);
#132650=SURFACE_SIDE_STYLE('',(#132640));
#132660=SURFACE_STYLE_USAGE(.BOTH.,#132650);
#132670=PRESENTATION_STYLE_ASSIGNMENT((#132660));
#132680=CARTESIAN_POINT('',(-19.2003410598737,1.26553833905869,
-0.500000000000028));
#132690=DIRECTION('',(0.,0.,1.));
#132700=DIRECTION('',(-1.,1.22460635382238E-16,0.));
#132710=AXIS2_PLACEMENT_3D('',#132680,#132690,#132700);
#132720=PLANE('',#132710);
#132730=ORIENTED_EDGE('',*,*,#132190,.F.);
#132740=CARTESIAN_POINT('',(-98.7719819999983,1.42040600000002,
-0.500000000000028));
#132750=DIRECTION('',(-1.,1.22460635382238E-16,0.));
#132760=VECTOR('',#132750,1.);
#132770=LINE('',#132740,#132760);
#132780=CARTESIAN_POINT('',(-18.9001,1.420406,-0.500000000000028));
#132790=VERTEX_POINT('',#132780);
#132800=EDGE_CURVE('',#132790,#132100,#132770,.T.);
#132810=ORIENTED_EDGE('',*,*,#132800,.T.);
#132820=CARTESIAN_POINT('',(-18.9001,-4.249188,-0.500000000000028));
#132830=DIRECTION('',(-1.22460635382238E-16,-1.,0.));
#132840=VECTOR('',#132830,1.);
#132850=LINE('',#132820,#132840);
#132860=EDGE_CURVE('',#132790,#132490,#132850,.T.);
#132870=ORIENTED_EDGE('',*,*,#132860,.F.);
#132880=ORIENTED_EDGE('',*,*,#132500,.F.);
#132890=EDGE_LOOP('',(#132880,#132870,#132810,#132730));
#132900=FACE_OUTER_BOUND('',#132890,.T.);
#132910=ADVANCED_FACE('',(#132900),#132720,.T.);
#132920=COLOUR_RGB('',1.,1.,0.);
#132930=FILL_AREA_STYLE_COLOUR('',#132920);
#132940=FILL_AREA_STYLE('',(#132930));
#132950=SURFACE_STYLE_FILL_AREA(#132940);
#132960=SURFACE_SIDE_STYLE('',(#132950));
#132970=SURFACE_STYLE_USAGE(.BOTH.,#132960);
#132980=PRESENTATION_STYLE_ASSIGNMENT((#132970));
#132990=CARTESIAN_POINT('',(-18.7301000000001,1.590406,-1.00000000000003
));
#133000=DIRECTION('',(-0.946772744819713,1.15942391893207E-16,
-0.321902733238702));
#133010=DIRECTION('',(0.321902733238702,-3.94204132436905E-17,
-0.946772744819713));
#133020=AXIS2_PLACEMENT_3D('',#132990,#133000,#133010);
#133030=PLANE('',#133020);
#133040=CARTESIAN_POINT('',(-18.7301000000001,-4.249188,
-1.00000000000003));
#133050=DIRECTION('',(-1.22460635382238E-16,-1.,0.));
#133060=VECTOR('',#133050,1.);
#133070=LINE('',#133040,#133060);
#133080=CARTESIAN_POINT('',(-18.7301000000001,1.590406,
-0.999999999999972));
#133090=VERTEX_POINT('',#133080);
#133100=EDGE_CURVE('',#133090,#131480,#133070,.T.);
#133110=ORIENTED_EDGE('',*,*,#133100,.F.);
#133120=ORIENTED_EDGE('',*,*,#132560,.T.);
#133130=ORIENTED_EDGE('',*,*,#132860,.T.);
#133140=CARTESIAN_POINT('',(26.91740988,47.2379158799974,-135.257382));
#133150=DIRECTION('',(0.306418239913664,0.306418239913647,
-0.90123011739313));
#133160=VECTOR('',#133150,1.);
#133170=LINE('',#133140,#133160);
#133180=EDGE_CURVE('',#132790,#133090,#133170,.T.);
#133190=ORIENTED_EDGE('',*,*,#133180,.F.);
#133200=EDGE_LOOP('',(#133190,#133130,#133120,#133110));
#133210=FACE_OUTER_BOUND('',#133200,.T.);
#133220=ADVANCED_FACE('',(#133210),#133030,.F.);
#133230=COLOUR_RGB('',1.,1.,0.);
#133240=FILL_AREA_STYLE_COLOUR('',#133230);
#133250=FILL_AREA_STYLE('',(#133240));
#133260=SURFACE_STYLE_FILL_AREA(#133250);
#133270=SURFACE_SIDE_STYLE('',(#133260));
#133280=SURFACE_STYLE_USAGE(.BOTH.,#133270);
#133290=PRESENTATION_STYLE_ASSIGNMENT((#133280));
#133300=CARTESIAN_POINT('',(-18.7301000000001,1.590406,-13.2));
#133310=DIRECTION('',(1.,-1.22460635382238E-16,0.));
#133320=DIRECTION('',(-1.22460635382238E-16,-1.,0.));
#133330=AXIS2_PLACEMENT_3D('',#133300,#133310,#133320);
#133340=PLANE('',#133330);
#133350=ORIENTED_EDGE('',*,*,#131550,.T.);
#133360=ORIENTED_EDGE('',*,*,#133100,.T.);
#133370=CARTESIAN_POINT('',(-18.7301000000001,1.590406,-135.257382));
#133380=DIRECTION('',(0.,-0.,-1.));
#133390=VECTOR('',#133380,1.);
#133400=LINE('',#133370,#133390);
#133410=EDGE_CURVE('',#133090,#21720,#133400,.T.);
#133420=ORIENTED_EDGE('',*,*,#133410,.F.);
#133430=ORIENTED_EDGE('',*,*,#21730,.T.);
#133440=EDGE_LOOP('',(#133430,#133420,#133360,#133350));
#133450=FACE_OUTER_BOUND('',#133440,.T.);
#133460=ADVANCED_FACE('',(#133450),#133340,.T.);
#133470=COLOUR_RGB('',1.,1.,0.);
#133480=FILL_AREA_STYLE_COLOUR('',#133470);
#133490=FILL_AREA_STYLE('',(#133480));
#133500=SURFACE_STYLE_FILL_AREA(#133490);
#133510=SURFACE_SIDE_STYLE('',(#133500));
#133520=SURFACE_STYLE_USAGE(.BOTH.,#133510);
#133530=PRESENTATION_STYLE_ASSIGNMENT((#133520));
#133540=CARTESIAN_POINT('',(-19.3701000000001,1.590406,-13.2));
#133550=DIRECTION('',(1.22460635382238E-16,1.,0.));
#133560=DIRECTION('',(1.,-1.22460635382238E-16,0.));
#133570=AXIS2_PLACEMENT_3D('',#133540,#133550,#133560);
#133580=PLANE('',#133570);
#133590=ORIENTED_EDGE('',*,*,#133410,.T.);
#133600=CARTESIAN_POINT('',(-98.7719819999983,1.59040600000001,
-1.00000000000006));
#133610=DIRECTION('',(-1.,1.22460635382238E-16,0.));
#133620=VECTOR('',#133610,1.);
#133630=LINE('',#133600,#133620);
#133640=EDGE_CURVE('',#133090,#131780,#133630,.T.);
#133650=ORIENTED_EDGE('',*,*,#133640,.F.);
#133660=ORIENTED_EDGE('',*,*,#131790,.F.);
#133670=ORIENTED_EDGE('',*,*,#21810,.T.);
#133680=EDGE_LOOP('',(#133670,#133660,#133650,#133590));
#133690=FACE_OUTER_BOUND('',#133680,.T.);
#133700=ADVANCED_FACE('',(#133690),#133580,.T.);
#133710=COLOUR_RGB('',1.,1.,0.);
#133720=FILL_AREA_STYLE_COLOUR('',#133710);
#133730=FILL_AREA_STYLE('',(#133720));
#133740=SURFACE_STYLE_FILL_AREA(#133730);
#133750=SURFACE_SIDE_STYLE('',(#133740));
#133760=SURFACE_STYLE_USAGE(.BOTH.,#133750);
#133770=PRESENTATION_STYLE_ASSIGNMENT((#133760));
#133780=CARTESIAN_POINT('',(-19.3701000000001,1.590406,-1.00000000000003
));
#133790=DIRECTION('',(-1.15942391893208E-16,-0.946772744819718,
-0.321902733238686));
#133800=DIRECTION('',(3.94204132436885E-17,0.321902733238686,
-0.946772744819718));
#133810=AXIS2_PLACEMENT_3D('',#133780,#133790,#133800);
#133820=PLANE('',#133810);
#133830=ORIENTED_EDGE('',*,*,#132800,.F.);
#133840=ORIENTED_EDGE('',*,*,#132110,.T.);
#133850=ORIENTED_EDGE('',*,*,#133640,.T.);
#133860=ORIENTED_EDGE('',*,*,#133180,.T.);
#133870=EDGE_LOOP('',(#133860,#133850,#133840,#133830));
#133880=FACE_OUTER_BOUND('',#133870,.T.);
#133890=ADVANCED_FACE('',(#133880),#133820,.F.);
#133900=COLOUR_RGB('',1.,1.,0.);
#133910=FILL_AREA_STYLE_COLOUR('',#133900);
#133920=FILL_AREA_STYLE('',(#133910));
#133930=SURFACE_STYLE_FILL_AREA(#133920);
#133940=SURFACE_SIDE_STYLE('',(#133930));
#133950=SURFACE_STYLE_USAGE(.BOTH.,#133940);
#133960=PRESENTATION_STYLE_ASSIGNMENT((#133950));
#133970=CARTESIAN_POINT('',(-6.03010000000008,-1.589594,-13.2));
#133980=DIRECTION('',(-1.22460635382238E-16,-1.,0.));
#133990=DIRECTION('',(-1.,1.22460635382238E-16,0.));
#134000=AXIS2_PLACEMENT_3D('',#133970,#133980,#133990);
#134010=PLANE('',#134000);
#134020=CARTESIAN_POINT('',(-6.67010000000008,-1.589594,-135.257382));
#134030=DIRECTION('',(0.,0.,1.));
#134040=VECTOR('',#134030,1.);
#134050=LINE('',#134020,#134040);
#134060=CARTESIAN_POINT('',(-6.67010000000008,-1.589594,
-1.00000000000006));
#134070=VERTEX_POINT('',#134060);
#134080=EDGE_CURVE('',#22220,#134070,#134050,.T.);
#134090=ORIENTED_EDGE('',*,*,#134080,.F.);
#134100=CARTESIAN_POINT('',(-86.0719819999983,-1.58959399999999,
-1.00000000000006));
#134110=DIRECTION('',(-1.,1.22460635382238E-16,0.));
#134120=VECTOR('',#134110,1.);
#134130=LINE('',#134100,#134120);
#134140=CARTESIAN_POINT('',(-6.03010000000006,-1.589594,
-1.00000000000006));
#134150=VERTEX_POINT('',#134140);
#134160=EDGE_CURVE('',#134150,#134070,#134130,.T.);
#134170=ORIENTED_EDGE('',*,*,#134160,.T.);
#134180=CARTESIAN_POINT('',(-6.03010000000006,-1.589594,-135.257382));
#134190=DIRECTION('',(0.,-0.,-1.));
#134200=VECTOR('',#134190,1.);
#134210=LINE('',#134180,#134200);
#134220=EDGE_CURVE('',#134150,#22040,#134210,.T.);
#134230=ORIENTED_EDGE('',*,*,#134220,.F.);
#134240=ORIENTED_EDGE('',*,*,#22290,.T.);
#134250=EDGE_LOOP('',(#134240,#134230,#134170,#134090));
#134260=FACE_OUTER_BOUND('',#134250,.T.);
#134270=ADVANCED_FACE('',(#134260),#134010,.T.);
#134280=COLOUR_RGB('',1.,1.,0.);
#134290=FILL_AREA_STYLE_COLOUR('',#134280);
#134300=FILL_AREA_STYLE('',(#134290));
#134310=SURFACE_STYLE_FILL_AREA(#134300);
#134320=SURFACE_SIDE_STYLE('',(#134310));
#134330=SURFACE_STYLE_USAGE(.BOTH.,#134320);
#134340=PRESENTATION_STYLE_ASSIGNMENT((#134330));
#134350=CARTESIAN_POINT('',(-6.67010000000008,-1.589594,-13.2));
#134360=DIRECTION('',(-1.,1.22460635382238E-16,-0.));
#134370=DIRECTION('',(1.22460635382238E-16,1.,0.));
#134380=AXIS2_PLACEMENT_3D('',#134350,#134360,#134370);
#134390=PLANE('',#134380);
#134400=CARTESIAN_POINT('',(-6.67010000000008,-0.949594000000001,
-135.257382));
#134410=DIRECTION('',(0.,-0.,-1.));
#134420=VECTOR('',#134410,1.);
#134430=LINE('',#134400,#134420);
#134440=CARTESIAN_POINT('',(-6.67010000000003,-0.949594000000001,
-0.999999999999915));
#134450=VERTEX_POINT('',#134440);
#134460=EDGE_CURVE('',#134450,#22140,#134430,.T.);
#134470=ORIENTED_EDGE('',*,*,#134460,.T.);
#134480=CARTESIAN_POINT('',(-6.67010000000008,-6.789188,-1.));
#134490=DIRECTION('',(-1.22460635382238E-16,-1.,0.));
#134500=VECTOR('',#134490,1.);
#134510=LINE('',#134480,#134500);
#134520=EDGE_CURVE('',#134450,#134070,#134510,.T.);
#134530=ORIENTED_EDGE('',*,*,#134520,.F.);
#134540=ORIENTED_EDGE('',*,*,#134080,.T.);
#134550=ORIENTED_EDGE('',*,*,#22230,.T.);
#134560=EDGE_LOOP('',(#134550,#134540,#134530,#134470));
#134570=FACE_OUTER_BOUND('',#134560,.T.);
#134580=ADVANCED_FACE('',(#134570),#134390,.T.);
#134590=COLOUR_RGB('',1.,1.,0.);
#134600=FILL_AREA_STYLE_COLOUR('',#134590);
#134610=FILL_AREA_STYLE('',(#134600));
#134620=SURFACE_STYLE_FILL_AREA(#134610);
#134630=SURFACE_SIDE_STYLE('',(#134620));
#134640=SURFACE_STYLE_USAGE(.BOTH.,#134630);
#134650=PRESENTATION_STYLE_ASSIGNMENT((#134640));
#134660=CARTESIAN_POINT('',(-6.50010000000007,-0.949594000000001,
-0.500000000000028));
#134670=DIRECTION('',(0.946772744819713,-1.15942391893207E-16,
-0.321902733238702));
#134680=DIRECTION('',(0.321902733238702,-3.94204132436905E-17,
0.946772744819713));
#134690=AXIS2_PLACEMENT_3D('',#134660,#134670,#134680);
#134700=PLANE('',#134690);
#134710=ORIENTED_EDGE('',*,*,#134520,.T.);
#134720=CARTESIAN_POINT('',(-52.3176098800001,44.6979158799974,
-135.257382));
#134730=DIRECTION('',(0.306418239913664,-0.306418239913647,
0.90123011739313));
#134740=VECTOR('',#134730,1.);
#134750=LINE('',#134720,#134740);
#134760=CARTESIAN_POINT('',(-6.50010000000007,-1.119594,
-0.500000000000028));
#134770=VERTEX_POINT('',#134760);
#134780=EDGE_CURVE('',#134450,#134770,#134750,.T.);
#134790=ORIENTED_EDGE('',*,*,#134780,.F.);
#134800=CARTESIAN_POINT('',(-6.50010000000007,-6.789188,
-0.500000000000028));
#134810=DIRECTION('',(1.22460635382238E-16,1.,0.));
#134820=VECTOR('',#134810,1.);
#134830=LINE('',#134800,#134820);
#134840=CARTESIAN_POINT('',(-6.50010000000009,-1.41959400000002,
-0.500000000000057));
#134850=VERTEX_POINT('',#134840);
#134860=EDGE_CURVE('',#134850,#134770,#134830,.T.);
#134870=ORIENTED_EDGE('',*,*,#134860,.T.);
#134880=CARTESIAN_POINT('',(-52.3176098800001,-47.2371038799974,
-135.257382));
#134890=DIRECTION('',(-0.306418239913664,-0.306418239913647,
-0.90123011739313));
#134900=VECTOR('',#134890,1.);
#134910=LINE('',#134880,#134900);
#134920=EDGE_CURVE('',#134850,#134070,#134910,.T.);
#134930=ORIENTED_EDGE('',*,*,#134920,.F.);
#134940=EDGE_LOOP('',(#134930,#134870,#134790,#134710));
#134950=FACE_OUTER_BOUND('',#134940,.T.);
#134960=ADVANCED_FACE('',(#134950),#134700,.F.);
#134970=COLOUR_RGB('',1.,1.,0.);
#134980=FILL_AREA_STYLE_COLOUR('',#134970);
#134990=FILL_AREA_STYLE('',(#134980));
#135000=SURFACE_STYLE_FILL_AREA(#134990);
#135010=SURFACE_SIDE_STYLE('',(#135000));
#135020=SURFACE_STYLE_USAGE(.BOTH.,#135010);
#135030=PRESENTATION_STYLE_ASSIGNMENT((#135020));
#135040=CARTESIAN_POINT('',(-6.67010000000008,-1.419594,-0.5));
#135050=DIRECTION('',(1.15942391893208E-16,0.946772744819718,
-0.321902733238686));
#135060=DIRECTION('',(3.94204132436885E-17,0.321902733238686,
0.946772744819718));
#135070=AXIS2_PLACEMENT_3D('',#135040,#135050,#135060);
#135080=PLANE('',#135070);
#135090=ORIENTED_EDGE('',*,*,#134160,.F.);
#135100=ORIENTED_EDGE('',*,*,#134920,.T.);
#135110=CARTESIAN_POINT('',(-86.0719819999983,-1.419594,
-0.500000000000028));
#135120=DIRECTION('',(-1.,1.22460635382238E-16,0.));
#135130=VECTOR('',#135120,1.);
#135140=LINE('',#135110,#135130);
#135150=CARTESIAN_POINT('',(-6.20010000000003,-1.41959400000002,
-0.500000000000085));
#135160=VERTEX_POINT('',#135150);
#135170=EDGE_CURVE('',#135160,#134850,#135140,.T.);
#135180=ORIENTED_EDGE('',*,*,#135170,.T.);
#135190=CARTESIAN_POINT('',(39.6174098799999,-47.2371038799974,
-135.257382));
#135200=DIRECTION('',(0.306418239913664,-0.306418239913647,
-0.90123011739313));
#135210=VECTOR('',#135200,1.);
#135220=LINE('',#135190,#135210);
#135230=EDGE_CURVE('',#135160,#134150,#135220,.T.);
#135240=ORIENTED_EDGE('',*,*,#135230,.F.);
#135250=EDGE_LOOP('',(#135240,#135180,#135100,#135090));
#135260=FACE_OUTER_BOUND('',#135250,.T.);
#135270=ADVANCED_FACE('',(#135260),#135080,.F.);
#135280=COLOUR_RGB('',1.,1.,0.);
#135290=FILL_AREA_STYLE_COLOUR('',#135280);
#135300=FILL_AREA_STYLE('',(#135290));
#135310=SURFACE_STYLE_FILL_AREA(#135300);
#135320=SURFACE_SIDE_STYLE('',(#135310));
#135330=SURFACE_STYLE_USAGE(.BOTH.,#135320);
#135340=PRESENTATION_STYLE_ASSIGNMENT((#135330));
#135350=CARTESIAN_POINT('',(-6.50034105987375,-1.27446166094131,
-0.500000000000028));
#135360=DIRECTION('',(0.,0.,1.));
#135370=DIRECTION('',(-1.,1.22460635382238E-16,0.));
#135380=AXIS2_PLACEMENT_3D('',#135350,#135360,#135370);
#135390=PLANE('',#135380);
#135400=ORIENTED_EDGE('',*,*,#134860,.F.);
#135410=CARTESIAN_POINT('',(-86.0719819999983,-1.11959399999998,
-0.500000000000028));
#135420=DIRECTION('',(-1.,1.22460635382238E-16,0.));
#135430=VECTOR('',#135420,1.);
#135440=LINE('',#135410,#135430);
#135450=CARTESIAN_POINT('',(-6.20010000000003,-1.119594,
-0.500000000000028));
#135460=VERTEX_POINT('',#135450);
#135470=EDGE_CURVE('',#135460,#134770,#135440,.T.);
#135480=ORIENTED_EDGE('',*,*,#135470,.T.);
#135490=CARTESIAN_POINT('',(-6.20010000000003,-6.789188,
-0.500000000000028));
#135500=DIRECTION('',(-1.22460635382238E-16,-1.,0.));
#135510=VECTOR('',#135500,1.);
#135520=LINE('',#135490,#135510);
#135530=EDGE_CURVE('',#135460,#135160,#135520,.T.);
#135540=ORIENTED_EDGE('',*,*,#135530,.F.);
#135550=ORIENTED_EDGE('',*,*,#135170,.F.);
#135560=EDGE_LOOP('',(#135550,#135540,#135480,#135400));
#135570=FACE_OUTER_BOUND('',#135560,.T.);
#135580=ADVANCED_FACE('',(#135570),#135390,.T.);
#135590=COLOUR_RGB('',1.,1.,0.);
#135600=FILL_AREA_STYLE_COLOUR('',#135590);
#135610=FILL_AREA_STYLE('',(#135600));
#135620=SURFACE_STYLE_FILL_AREA(#135610);
#135630=SURFACE_SIDE_STYLE('',(#135620));
#135640=SURFACE_STYLE_USAGE(.BOTH.,#135630);
#135650=PRESENTATION_STYLE_ASSIGNMENT((#135640));
#135660=CARTESIAN_POINT('',(-6.03010000000006,-0.949594000000001,
-1.00000000000003));
#135670=DIRECTION('',(-0.946772744819713,1.15942391893207E-16,
-0.321902733238702));
#135680=DIRECTION('',(0.321902733238702,-3.94204132436905E-17,
-0.946772744819713));
#135690=AXIS2_PLACEMENT_3D('',#135660,#135670,#135680);
#135700=PLANE('',#135690);
#135710=CARTESIAN_POINT('',(-6.03010000000006,-6.789188,
-1.00000000000003));
#135720=DIRECTION('',(-1.22460635382238E-16,-1.,0.));
#135730=VECTOR('',#135720,1.);
#135740=LINE('',#135710,#135730);
#135750=CARTESIAN_POINT('',(-6.03010000000009,-0.949594000000001,
-0.999999999999972));
#135760=VERTEX_POINT('',#135750);
#135770=EDGE_CURVE('',#135760,#134150,#135740,.T.);
#135780=ORIENTED_EDGE('',*,*,#135770,.F.);
#135790=ORIENTED_EDGE('',*,*,#135230,.T.);
#135800=ORIENTED_EDGE('',*,*,#135530,.T.);
#135810=CARTESIAN_POINT('',(39.6174098799999,44.6979158799974,
-135.257382));
#135820=DIRECTION('',(0.306418239913664,0.306418239913647,
-0.90123011739313));
#135830=VECTOR('',#135820,1.);
#135840=LINE('',#135810,#135830);
#135850=EDGE_CURVE('',#135460,#135760,#135840,.T.);
#135860=ORIENTED_EDGE('',*,*,#135850,.F.);
#135870=EDGE_LOOP('',(#135860,#135800,#135790,#135780));
#135880=FACE_OUTER_BOUND('',#135870,.T.);
#135890=ADVANCED_FACE('',(#135880),#135700,.F.);
#135900=COLOUR_RGB('',1.,1.,0.);
#135910=FILL_AREA_STYLE_COLOUR('',#135900);
#135920=FILL_AREA_STYLE('',(#135910));
#135930=SURFACE_STYLE_FILL_AREA(#135920);
#135940=SURFACE_SIDE_STYLE('',(#135930));
#135950=SURFACE_STYLE_USAGE(.BOTH.,#135940);
#135960=PRESENTATION_STYLE_ASSIGNMENT((#135950));
#135970=CARTESIAN_POINT('',(-6.03010000000006,-0.949594000000001,-13.2))
;
#135980=DIRECTION('',(1.,-1.22460635382238E-16,0.));
#135990=DIRECTION('',(-1.22460635382238E-16,-1.,0.));
#136000=AXIS2_PLACEMENT_3D('',#135970,#135980,#135990);
#136010=PLANE('',#136000);
#136020=ORIENTED_EDGE('',*,*,#134220,.T.);
#136030=ORIENTED_EDGE('',*,*,#135770,.T.);
#136040=CARTESIAN_POINT('',(-6.03010000000006,-0.949594000000001,
-135.257382));
#136050=DIRECTION('',(0.,-0.,-1.));
#136060=VECTOR('',#136050,1.);
#136070=LINE('',#136040,#136060);
#136080=EDGE_CURVE('',#135760,#22060,#136070,.T.);
#136090=ORIENTED_EDGE('',*,*,#136080,.F.);
#136100=ORIENTED_EDGE('',*,*,#22070,.T.);
#136110=EDGE_LOOP('',(#136100,#136090,#136030,#136020));
#136120=FACE_OUTER_BOUND('',#136110,.T.);
#136130=ADVANCED_FACE('',(#136120),#136010,.T.);
#136140=COLOUR_RGB('',1.,1.,0.);
#136150=FILL_AREA_STYLE_COLOUR('',#136140);
#136160=FILL_AREA_STYLE('',(#136150));
#136170=SURFACE_STYLE_FILL_AREA(#136160);
#136180=SURFACE_SIDE_STYLE('',(#136170));
#136190=SURFACE_STYLE_USAGE(.BOTH.,#136180);
#136200=PRESENTATION_STYLE_ASSIGNMENT((#136190));
#136210=CARTESIAN_POINT('',(-6.67010000000008,-0.949594000000001,-13.2))
;
#136220=DIRECTION('',(1.22460635382238E-16,1.,0.));
#136230=DIRECTION('',(1.,-1.22460635382238E-16,0.));
#136240=AXIS2_PLACEMENT_3D('',#136210,#136220,#136230);
#136250=PLANE('',#136240);
#136260=ORIENTED_EDGE('',*,*,#136080,.T.);
#136270=CARTESIAN_POINT('',(-86.0719819999983,-0.949593999999992,
-1.00000000000006));
#136280=DIRECTION('',(-1.,1.22460635382238E-16,0.));
#136290=VECTOR('',#136280,1.);
#136300=LINE('',#136270,#136290);
#136310=EDGE_CURVE('',#135760,#134450,#136300,.T.);
#136320=ORIENTED_EDGE('',*,*,#136310,.F.);
#136330=ORIENTED_EDGE('',*,*,#134460,.F.);
#136340=ORIENTED_EDGE('',*,*,#22150,.T.);
#136350=EDGE_LOOP('',(#136340,#136330,#136320,#136260));
#136360=FACE_OUTER_BOUND('',#136350,.T.);
#136370=ADVANCED_FACE('',(#136360),#136250,.T.);
#136380=COLOUR_RGB('',1.,1.,0.);
#136390=FILL_AREA_STYLE_COLOUR('',#136380);
#136400=FILL_AREA_STYLE('',(#136390));
#136410=SURFACE_STYLE_FILL_AREA(#136400);
#136420=SURFACE_SIDE_STYLE('',(#136410));
#136430=SURFACE_STYLE_USAGE(.BOTH.,#136420);
#136440=PRESENTATION_STYLE_ASSIGNMENT((#136430));
#136450=CARTESIAN_POINT('',(-6.67010000000008,-0.949594000000001,
-1.00000000000003));
#136460=DIRECTION('',(-1.15942391893208E-16,-0.946772744819718,
-0.321902733238686));
#136470=DIRECTION('',(3.94204132436885E-17,0.321902733238686,
-0.946772744819718));
#136480=AXIS2_PLACEMENT_3D('',#136450,#136460,#136470);
#136490=PLANE('',#136480);
#136500=ORIENTED_EDGE('',*,*,#135470,.F.);
#136510=ORIENTED_EDGE('',*,*,#134780,.T.);
#136520=ORIENTED_EDGE('',*,*,#136310,.T.);
#136530=ORIENTED_EDGE('',*,*,#135850,.T.);
#136540=EDGE_LOOP('',(#136530,#136520,#136510,#136500));
#136550=FACE_OUTER_BOUND('',#136540,.T.);
#136560=ADVANCED_FACE('',(#136550),#136490,.F.);
#136570=COLOUR_RGB('',1.,1.,0.);
#136580=FILL_AREA_STYLE_COLOUR('',#136570);
#136590=FILL_AREA_STYLE('',(#136580));
#136600=SURFACE_STYLE_FILL_AREA(#136590);
#136610=SURFACE_SIDE_STYLE('',(#136600));
#136620=SURFACE_STYLE_USAGE(.BOTH.,#136610);
#136630=PRESENTATION_STYLE_ASSIGNMENT((#136620));
#136640=CARTESIAN_POINT('',(-8.57010000000005,-0.949593999999999,-13.2))
;
#136650=DIRECTION('',(1.,-1.22460635382238E-16,0.));
#136660=DIRECTION('',(-1.22460635382238E-16,-1.,0.));
#136670=AXIS2_PLACEMENT_3D('',#136640,#136650,#136660);
#136680=PLANE('',#136670);
#136690=CARTESIAN_POINT('',(-8.57010000000005,-1.589594,-135.257382));
#136700=DIRECTION('',(0.,-0.,-1.));
#136710=VECTOR('',#136700,1.);
#136720=LINE('',#136690,#136710);
#136730=CARTESIAN_POINT('',(-8.57010000000005,-1.589594,
-1.00000000000006));
#136740=VERTEX_POINT('',#136730);
#136750=EDGE_CURVE('',#136740,#22400,#136720,.T.);
#136760=ORIENTED_EDGE('',*,*,#136750,.T.);
#136770=CARTESIAN_POINT('',(-8.57010000000005,-6.789188,
-1.00000000000003));
#136780=DIRECTION('',(-1.22460635382238E-16,-1.,0.));
#136790=VECTOR('',#136780,1.);
#136800=LINE('',#136770,#136790);
#136810=CARTESIAN_POINT('',(-8.57010000000008,-0.949593999999999,
-0.999999999999972));
#136820=VERTEX_POINT('',#136810);
#136830=EDGE_CURVE('',#136820,#136740,#136800,.T.);
#136840=ORIENTED_EDGE('',*,*,#136830,.T.);
#136850=CARTESIAN_POINT('',(-8.57010000000005,-0.949593999999999,
-135.257382));
#136860=DIRECTION('',(0.,-0.,-1.));
#136870=VECTOR('',#136860,1.);
#136880=LINE('',#136850,#136870);
#136890=EDGE_CURVE('',#136820,#22480,#136880,.T.);
#136900=ORIENTED_EDGE('',*,*,#136890,.F.);
#136910=ORIENTED_EDGE('',*,*,#22490,.T.);
#136920=EDGE_LOOP('',(#136910,#136900,#136840,#136760));
#136930=FACE_OUTER_BOUND('',#136920,.T.);
#136940=ADVANCED_FACE('',(#136930),#136680,.T.);
#136950=COLOUR_RGB('',1.,1.,0.);
#136960=FILL_AREA_STYLE_COLOUR('',#136950);
#136970=FILL_AREA_STYLE('',(#136960));
#136980=SURFACE_STYLE_FILL_AREA(#136970);
#136990=SURFACE_SIDE_STYLE('',(#136980));
#137000=SURFACE_STYLE_USAGE(.BOTH.,#136990);
#137010=PRESENTATION_STYLE_ASSIGNMENT((#137000));
#137020=CARTESIAN_POINT('',(-8.57010000000005,-0.949593999999999,
-1.00000000000003));
#137030=DIRECTION('',(-0.946772744819713,1.15942391893207E-16,
-0.321902733238702));
#137040=DIRECTION('',(0.321902733238702,-3.94204132436905E-17,
-0.946772744819713));
#137050=AXIS2_PLACEMENT_3D('',#137020,#137030,#137040);
#137060=PLANE('',#137050);
#137070=ORIENTED_EDGE('',*,*,#136830,.F.);
#137080=CARTESIAN_POINT('',(37.0774098799999,-47.2371038799974,
-135.257382));
#137090=DIRECTION('',(0.306418239913664,-0.306418239913647,
-0.90123011739313));
#137100=VECTOR('',#137090,1.);
#137110=LINE('',#137080,#137100);
#137120=CARTESIAN_POINT('',(-8.74010000000003,-1.41959400000002,
-0.500000000000085));
#137130=VERTEX_POINT('',#137120);
#137140=EDGE_CURVE('',#137130,#136740,#137110,.T.);
#137150=ORIENTED_EDGE('',*,*,#137140,.T.);
#137160=CARTESIAN_POINT('',(-8.74010000000003,-6.789188,
-0.500000000000028));
#137170=DIRECTION('',(-1.22460635382238E-16,-1.,0.));
#137180=VECTOR('',#137170,1.);
#137190=LINE('',#137160,#137180);
#137200=CARTESIAN_POINT('',(-8.74010000000003,-1.119594,
-0.500000000000028));
#137210=VERTEX_POINT('',#137200);
#137220=EDGE_CURVE('',#137210,#137130,#137190,.T.);
#137230=ORIENTED_EDGE('',*,*,#137220,.T.);
#137240=CARTESIAN_POINT('',(37.0774098799999,44.6979158799974,
-135.257382));
#137250=DIRECTION('',(0.306418239913664,0.306418239913647,
-0.90123011739313));
#137260=VECTOR('',#137250,1.);
#137270=LINE('',#137240,#137260);
#137280=EDGE_CURVE('',#137210,#136820,#137270,.T.);
#137290=ORIENTED_EDGE('',*,*,#137280,.F.);
#137300=EDGE_LOOP('',(#137290,#137230,#137150,#137070));
#137310=FACE_OUTER_BOUND('',#137300,.T.);
#137320=ADVANCED_FACE('',(#137310),#137060,.F.);
#137330=COLOUR_RGB('',1.,1.,0.);
#137340=FILL_AREA_STYLE_COLOUR('',#137330);
#137350=FILL_AREA_STYLE('',(#137340));
#137360=SURFACE_STYLE_FILL_AREA(#137350);
#137370=SURFACE_SIDE_STYLE('',(#137360));
#137380=SURFACE_STYLE_USAGE(.BOTH.,#137370);
#137390=PRESENTATION_STYLE_ASSIGNMENT((#137380));
#137400=CARTESIAN_POINT('',(-9.21010000000007,-1.419594,-0.5));
#137410=DIRECTION('',(1.15942391893208E-16,0.946772744819718,
-0.321902733238686));
#137420=DIRECTION('',(3.94204132436885E-17,0.321902733238686,
0.946772744819718));
#137430=AXIS2_PLACEMENT_3D('',#137400,#137410,#137420);
#137440=PLANE('',#137430);
#137450=CARTESIAN_POINT('',(-88.6119819999983,-1.58959399999999,
-1.00000000000006));
#137460=DIRECTION('',(-1.,1.22460635382238E-16,0.));
#137470=VECTOR('',#137460,1.);
#137480=LINE('',#137450,#137470);
#137490=CARTESIAN_POINT('',(-9.21010000000007,-1.589594,
-1.00000000000006));
#137500=VERTEX_POINT('',#137490);
#137510=EDGE_CURVE('',#136740,#137500,#137480,.T.);
#137520=ORIENTED_EDGE('',*,*,#137510,.F.);
#137530=CARTESIAN_POINT('',(-54.8576098800001,-47.2371038799974,
-135.257382));
#137540=DIRECTION('',(-0.306418239913664,-0.306418239913647,
-0.90123011739313));
#137550=VECTOR('',#137540,1.);
#137560=LINE('',#137530,#137550);
#137570=CARTESIAN_POINT('',(-9.04010000000008,-1.41959400000002,
-0.500000000000057));
#137580=VERTEX_POINT('',#137570);
#137590=EDGE_CURVE('',#137580,#137500,#137560,.T.);
#137600=ORIENTED_EDGE('',*,*,#137590,.T.);
#137610=CARTESIAN_POINT('',(-88.6119819999983,-1.419594,
-0.500000000000028));
#137620=DIRECTION('',(-1.,1.22460635382238E-16,0.));
#137630=VECTOR('',#137620,1.);
#137640=LINE('',#137610,#137630);
#137650=EDGE_CURVE('',#137130,#137580,#137640,.T.);
#137660=ORIENTED_EDGE('',*,*,#137650,.T.);
#137670=ORIENTED_EDGE('',*,*,#137140,.F.);
#137680=EDGE_LOOP('',(#137670,#137660,#137600,#137520));
#137690=FACE_OUTER_BOUND('',#137680,.T.);
#137700=ADVANCED_FACE('',(#137690),#137440,.F.);
#137710=COLOUR_RGB('',1.,1.,0.);
#137720=FILL_AREA_STYLE_COLOUR('',#137710);
#137730=FILL_AREA_STYLE('',(#137720));
#137740=SURFACE_STYLE_FILL_AREA(#137730);
#137750=SURFACE_SIDE_STYLE('',(#137740));
#137760=SURFACE_STYLE_USAGE(.BOTH.,#137750);
#137770=PRESENTATION_STYLE_ASSIGNMENT((#137760));
#137780=CARTESIAN_POINT('',(-9.04010000000007,-0.949593999999999,
-0.500000000000028));
#137790=DIRECTION('',(0.946772744819713,-1.15942391893207E-16,
-0.321902733238702));
#137800=DIRECTION('',(0.321902733238702,-3.94204132436905E-17,
0.946772744819713));
#137810=AXIS2_PLACEMENT_3D('',#137780,#137790,#137800);
#137820=PLANE('',#137810);
#137830=CARTESIAN_POINT('',(-9.21010000000007,-6.789188,-1.));
#137840=DIRECTION('',(-1.22460635382238E-16,-1.,0.));
#137850=VECTOR('',#137840,1.);
#137860=LINE('',#137830,#137850);
#137870=CARTESIAN_POINT('',(-9.21010000000003,-0.949593999999999,
-0.999999999999915));
#137880=VERTEX_POINT('',#137870);
#137890=EDGE_CURVE('',#137880,#137500,#137860,.T.);
#137900=ORIENTED_EDGE('',*,*,#137890,.T.);
#137910=CARTESIAN_POINT('',(-54.8576098800001,44.6979158799974,
-135.257382));
#137920=DIRECTION('',(0.306418239913664,-0.306418239913647,
0.90123011739313));
#137930=VECTOR('',#137920,1.);
#137940=LINE('',#137910,#137930);
#137950=CARTESIAN_POINT('',(-9.04010000000007,-1.119594,
-0.500000000000028));
#137960=VERTEX_POINT('',#137950);
#137970=EDGE_CURVE('',#137880,#137960,#137940,.T.);
#137980=ORIENTED_EDGE('',*,*,#137970,.F.);
#137990=CARTESIAN_POINT('',(-9.04010000000007,-6.789188,
-0.500000000000028));
#138000=DIRECTION('',(1.22460635382238E-16,1.,0.));
#138010=VECTOR('',#138000,1.);
#138020=LINE('',#137990,#138010);
#138030=EDGE_CURVE('',#137580,#137960,#138020,.T.);
#138040=ORIENTED_EDGE('',*,*,#138030,.T.);
#138050=ORIENTED_EDGE('',*,*,#137590,.F.);
#138060=EDGE_LOOP('',(#138050,#138040,#137980,#137900));
#138070=FACE_OUTER_BOUND('',#138060,.T.);
#138080=ADVANCED_FACE('',(#138070),#137820,.F.);
#138090=COLOUR_RGB('',1.,1.,0.);
#138100=FILL_AREA_STYLE_COLOUR('',#138090);
#138110=FILL_AREA_STYLE('',(#138100));
#138120=SURFACE_STYLE_FILL_AREA(#138110);
#138130=SURFACE_SIDE_STYLE('',(#138120));
#138140=SURFACE_STYLE_USAGE(.BOTH.,#138130);
#138150=PRESENTATION_STYLE_ASSIGNMENT((#138140));
#138160=CARTESIAN_POINT('',(-9.21010000000007,-1.589594,-13.2));
#138170=DIRECTION('',(-1.,1.22460635382238E-16,-0.));
#138180=DIRECTION('',(1.22460635382238E-16,1.,0.));
#138190=AXIS2_PLACEMENT_3D('',#138160,#138170,#138180);
#138200=PLANE('',#138190);
#138210=CARTESIAN_POINT('',(-9.21010000000007,-0.949593999999999,
-135.257382));
#138220=DIRECTION('',(0.,-0.,-1.));
#138230=VECTOR('',#138220,1.);
#138240=LINE('',#138210,#138230);
#138250=EDGE_CURVE('',#137880,#22560,#138240,.T.);
#138260=ORIENTED_EDGE('',*,*,#138250,.T.);
#138270=ORIENTED_EDGE('',*,*,#137890,.F.);
#138280=CARTESIAN_POINT('',(-9.21010000000007,-1.589594,-135.257382));
#138290=DIRECTION('',(0.,0.,1.));
#138300=VECTOR('',#138290,1.);
#138310=LINE('',#138280,#138300);
#138320=EDGE_CURVE('',#22380,#137500,#138310,.T.);
#138330=ORIENTED_EDGE('',*,*,#138320,.T.);
#138340=ORIENTED_EDGE('',*,*,#22630,.T.);
#138350=EDGE_LOOP('',(#138340,#138330,#138270,#138260));
#138360=FACE_OUTER_BOUND('',#138350,.T.);
#138370=ADVANCED_FACE('',(#138360),#138200,.T.);
#138380=COLOUR_RGB('',1.,1.,0.);
#138390=FILL_AREA_STYLE_COLOUR('',#138380);
#138400=FILL_AREA_STYLE('',(#138390));
#138410=SURFACE_STYLE_FILL_AREA(#138400);
#138420=SURFACE_SIDE_STYLE('',(#138410));
#138430=SURFACE_STYLE_USAGE(.BOTH.,#138420);
#138440=PRESENTATION_STYLE_ASSIGNMENT((#138430));
#138450=CARTESIAN_POINT('',(-9.21010000000007,-0.949593999999999,-13.2))
;
#138460=DIRECTION('',(1.22460635382238E-16,1.,0.));
#138470=DIRECTION('',(1.,-1.22460635382238E-16,0.));
#138480=AXIS2_PLACEMENT_3D('',#138450,#138460,#138470);
#138490=PLANE('',#138480);
#138500=ORIENTED_EDGE('',*,*,#136890,.T.);
#138510=CARTESIAN_POINT('',(-88.6119819999983,-0.949593999999991,
-1.00000000000006));
#138520=DIRECTION('',(-1.,1.22460635382238E-16,0.));
#138530=VECTOR('',#138520,1.);
#138540=LINE('',#138510,#138530);
#138550=EDGE_CURVE('',#136820,#137880,#138540,.T.);
#138560=ORIENTED_EDGE('',*,*,#138550,.F.);
#138570=ORIENTED_EDGE('',*,*,#138250,.F.);
#138580=ORIENTED_EDGE('',*,*,#22570,.T.);
#138590=EDGE_LOOP('',(#138580,#138570,#138560,#138500));
#138600=FACE_OUTER_BOUND('',#138590,.T.);
#138610=ADVANCED_FACE('',(#138600),#138490,.T.);
#138620=COLOUR_RGB('',1.,1.,0.);
#138630=FILL_AREA_STYLE_COLOUR('',#138620);
#138640=FILL_AREA_STYLE('',(#138630));
#138650=SURFACE_STYLE_FILL_AREA(#138640);
#138660=SURFACE_SIDE_STYLE('',(#138650));
#138670=SURFACE_STYLE_USAGE(.BOTH.,#138660);
#138680=PRESENTATION_STYLE_ASSIGNMENT((#138670));
#138690=CARTESIAN_POINT('',(-9.21010000000007,-0.949593999999999,
-1.00000000000003));
#138700=DIRECTION('',(-1.15942391893208E-16,-0.946772744819718,
-0.321902733238686));
#138710=DIRECTION('',(3.94204132436885E-17,0.321902733238686,
-0.946772744819718));
#138720=AXIS2_PLACEMENT_3D('',#138690,#138700,#138710);
#138730=PLANE('',#138720);
#138740=CARTESIAN_POINT('',(-88.6119819999983,-1.11959399999998,
-0.500000000000028));
#138750=DIRECTION('',(-1.,1.22460635382238E-16,0.));
#138760=VECTOR('',#138750,1.);
#138770=LINE('',#138740,#138760);
#138780=EDGE_CURVE('',#137210,#137960,#138770,.T.);
#138790=ORIENTED_EDGE('',*,*,#138780,.F.);
#138800=ORIENTED_EDGE('',*,*,#137970,.T.);
#138810=ORIENTED_EDGE('',*,*,#138550,.T.);
#138820=ORIENTED_EDGE('',*,*,#137280,.T.);
#138830=EDGE_LOOP('',(#138820,#138810,#138800,#138790));
#138840=FACE_OUTER_BOUND('',#138830,.T.);
#138850=ADVANCED_FACE('',(#138840),#138730,.F.);
#138860=COLOUR_RGB('',1.,1.,0.);
#138870=FILL_AREA_STYLE_COLOUR('',#138860);
#138880=FILL_AREA_STYLE('',(#138870));
#138890=SURFACE_STYLE_FILL_AREA(#138880);
#138900=SURFACE_SIDE_STYLE('',(#138890));
#138910=SURFACE_STYLE_USAGE(.BOTH.,#138900);
#138920=PRESENTATION_STYLE_ASSIGNMENT((#138910));
#138930=CARTESIAN_POINT('',(-9.04034105987374,-1.27446166094131,
-0.500000000000028));
#138940=DIRECTION('',(0.,0.,1.));
#138950=DIRECTION('',(-1.,1.22460635382238E-16,0.));
#138960=AXIS2_PLACEMENT_3D('',#138930,#138940,#138950);
#138970=PLANE('',#138960);
#138980=ORIENTED_EDGE('',*,*,#138030,.F.);
#138990=ORIENTED_EDGE('',*,*,#138780,.T.);
#139000=ORIENTED_EDGE('',*,*,#137220,.F.);
#139010=ORIENTED_EDGE('',*,*,#137650,.F.);
#139020=EDGE_LOOP('',(#139010,#139000,#138990,#138980));
#139030=FACE_OUTER_BOUND('',#139020,.T.);
#139040=ADVANCED_FACE('',(#139030),#138970,.T.);
#139050=COLOUR_RGB('',1.,1.,0.);
#139060=FILL_AREA_STYLE_COLOUR('',#139050);
#139070=FILL_AREA_STYLE('',(#139060));
#139080=SURFACE_STYLE_FILL_AREA(#139070);
#139090=SURFACE_SIDE_STYLE('',(#139080));
#139100=SURFACE_STYLE_USAGE(.BOTH.,#139090);
#139110=PRESENTATION_STYLE_ASSIGNMENT((#139100));
#139120=CARTESIAN_POINT('',(-8.57010000000007,-1.589594,-13.2));
#139130=DIRECTION('',(-1.22460635382238E-16,-1.,0.));
#139140=DIRECTION('',(-1.,1.22460635382238E-16,0.));
#139150=AXIS2_PLACEMENT_3D('',#139120,#139130,#139140);
#139160=PLANE('',#139150);
#139170=ORIENTED_EDGE('',*,*,#138320,.F.);
#139180=ORIENTED_EDGE('',*,*,#137510,.T.);
#139190=ORIENTED_EDGE('',*,*,#136750,.F.);
#139200=ORIENTED_EDGE('',*,*,#22410,.T.);
#139210=EDGE_LOOP('',(#139200,#139190,#139180,#139170));
#139220=FACE_OUTER_BOUND('',#139210,.T.);
#139230=ADVANCED_FACE('',(#139220),#139160,.T.);
#139240=COLOUR_RGB('',1.,1.,0.);
#139250=FILL_AREA_STYLE_COLOUR('',#139240);
#139260=FILL_AREA_STYLE('',(#139250));
#139270=SURFACE_STYLE_FILL_AREA(#139260);
#139280=SURFACE_SIDE_STYLE('',(#139270));
#139290=SURFACE_STYLE_USAGE(.BOTH.,#139280);
#139300=PRESENTATION_STYLE_ASSIGNMENT((#139290));
#139310=CARTESIAN_POINT('',(-11.1101000000001,-0.949593999999999,-13.2))
;
#139320=DIRECTION('',(1.,-1.22460635382238E-16,0.));
#139330=DIRECTION('',(-1.22460635382238E-16,-1.,0.));
#139340=AXIS2_PLACEMENT_3D('',#139310,#139320,#139330);
#139350=PLANE('',#139340);
#139360=CARTESIAN_POINT('',(-11.1101000000001,-1.589594,-135.257382));
#139370=DIRECTION('',(0.,-0.,-1.));
#139380=VECTOR('',#139370,1.);
#139390=LINE('',#139360,#139380);
#139400=CARTESIAN_POINT('',(-11.1101000000001,-1.589594,
-1.00000000000006));
#139410=VERTEX_POINT('',#139400);
#139420=EDGE_CURVE('',#139410,#22900,#139390,.T.);
#139430=ORIENTED_EDGE('',*,*,#139420,.T.);
#139440=CARTESIAN_POINT('',(-11.1101000000001,-6.789188,
-1.00000000000003));
#139450=DIRECTION('',(-1.22460635382238E-16,-1.,0.));
#139460=VECTOR('',#139450,1.);
#139470=LINE('',#139440,#139460);
#139480=CARTESIAN_POINT('',(-11.1101000000001,-0.949593999999999,
-0.999999999999972));
#139490=VERTEX_POINT('',#139480);
#139500=EDGE_CURVE('',#139490,#139410,#139470,.T.);
#139510=ORIENTED_EDGE('',*,*,#139500,.T.);
#139520=CARTESIAN_POINT('',(-11.1101000000001,-0.949593999999999,
-135.257382));
#139530=DIRECTION('',(0.,-0.,-1.));
#139540=VECTOR('',#139530,1.);
#139550=LINE('',#139520,#139540);
#139560=EDGE_CURVE('',#139490,#22720,#139550,.T.);
#139570=ORIENTED_EDGE('',*,*,#139560,.F.);
#139580=ORIENTED_EDGE('',*,*,#22970,.T.);
#139590=EDGE_LOOP('',(#139580,#139570,#139510,#139430));
#139600=FACE_OUTER_BOUND('',#139590,.T.);
#139610=ADVANCED_FACE('',(#139600),#139350,.T.);
#139620=COLOUR_RGB('',1.,1.,0.);
#139630=FILL_AREA_STYLE_COLOUR('',#139620);
#139640=FILL_AREA_STYLE('',(#139630));
#139650=SURFACE_STYLE_FILL_AREA(#139640);
#139660=SURFACE_SIDE_STYLE('',(#139650));
#139670=SURFACE_STYLE_USAGE(.BOTH.,#139660);
#139680=PRESENTATION_STYLE_ASSIGNMENT((#139670));
#139690=CARTESIAN_POINT('',(-11.1101000000001,-1.589594,-13.2));
#139700=DIRECTION('',(-1.22460635382238E-16,-1.,0.));
#139710=DIRECTION('',(-1.,1.22460635382238E-16,0.));
#139720=AXIS2_PLACEMENT_3D('',#139690,#139700,#139710);
#139730=PLANE('',#139720);
#139740=CARTESIAN_POINT('',(-11.7501000000001,-1.589594,-135.257382));
#139750=DIRECTION('',(0.,0.,1.));
#139760=VECTOR('',#139750,1.);
#139770=LINE('',#139740,#139760);
#139780=CARTESIAN_POINT('',(-11.7501000000001,-1.589594,
-1.00000000000006));
#139790=VERTEX_POINT('',#139780);
#139800=EDGE_CURVE('',#22820,#139790,#139770,.T.);
#139810=ORIENTED_EDGE('',*,*,#139800,.F.);
#139820=CARTESIAN_POINT('',(-91.1519819999983,-1.58959399999999,
-1.00000000000006));
#139830=DIRECTION('',(-1.,1.22460635382238E-16,0.));
#139840=VECTOR('',#139830,1.);
#139850=LINE('',#139820,#139840);
#139860=EDGE_CURVE('',#139410,#139790,#139850,.T.);
#139870=ORIENTED_EDGE('',*,*,#139860,.T.);
#139880=ORIENTED_EDGE('',*,*,#139420,.F.);
#139890=ORIENTED_EDGE('',*,*,#22910,.T.);
#139900=EDGE_LOOP('',(#139890,#139880,#139870,#139810));
#139910=FACE_OUTER_BOUND('',#139900,.T.);
#139920=ADVANCED_FACE('',(#139910),#139730,.T.);
#139930=COLOUR_RGB('',1.,1.,0.);
#139940=FILL_AREA_STYLE_COLOUR('',#139930);
#139950=FILL_AREA_STYLE('',(#139940));
#139960=SURFACE_STYLE_FILL_AREA(#139950);
#139970=SURFACE_SIDE_STYLE('',(#139960));
#139980=SURFACE_STYLE_USAGE(.BOTH.,#139970);
#139990=PRESENTATION_STYLE_ASSIGNMENT((#139980));
#140000=CARTESIAN_POINT('',(-11.7501000000001,-1.589594,-13.2));
#140010=DIRECTION('',(-1.,1.22460635382238E-16,-0.));
#140020=DIRECTION('',(1.22460635382238E-16,1.,0.));
#140030=AXIS2_PLACEMENT_3D('',#140000,#140010,#140020);
#140040=PLANE('',#140030);
#140050=CARTESIAN_POINT('',(-11.7501000000001,-0.949593999999999,
-135.257382));
#140060=DIRECTION('',(0.,-0.,-1.));
#140070=VECTOR('',#140060,1.);
#140080=LINE('',#140050,#140070);
#140090=CARTESIAN_POINT('',(-11.7501,-0.949593999999999,
-0.999999999999915));
#140100=VERTEX_POINT('',#140090);
#140110=EDGE_CURVE('',#140100,#22740,#140080,.T.);
#140120=ORIENTED_EDGE('',*,*,#140110,.T.);
#140130=CARTESIAN_POINT('',(-11.7501000000001,-6.789188,-1.));
#140140=DIRECTION('',(-1.22460635382238E-16,-1.,0.));
#140150=VECTOR('',#140140,1.);
#140160=LINE('',#140130,#140150);
#140170=EDGE_CURVE('',#140100,#139790,#140160,.T.);
#140180=ORIENTED_EDGE('',*,*,#140170,.F.);
#140190=ORIENTED_EDGE('',*,*,#139800,.T.);
#140200=ORIENTED_EDGE('',*,*,#22830,.T.);
#140210=EDGE_LOOP('',(#140200,#140190,#140180,#140120));
#140220=FACE_OUTER_BOUND('',#140210,.T.);
#140230=ADVANCED_FACE('',(#140220),#140040,.T.);
#140240=COLOUR_RGB('',1.,1.,0.);
#140250=FILL_AREA_STYLE_COLOUR('',#140240);
#140260=FILL_AREA_STYLE('',(#140250));
#140270=SURFACE_STYLE_FILL_AREA(#140260);
#140280=SURFACE_SIDE_STYLE('',(#140270));
#140290=SURFACE_STYLE_USAGE(.BOTH.,#140280);
#140300=PRESENTATION_STYLE_ASSIGNMENT((#140290));
#140310=CARTESIAN_POINT('',(-11.5801000000001,-0.949593999999999,
-0.500000000000028));
#140320=DIRECTION('',(0.946772744819713,-1.15942391893207E-16,
-0.321902733238702));
#140330=DIRECTION('',(0.321902733238702,-3.94204132436905E-17,
0.946772744819713));
#140340=AXIS2_PLACEMENT_3D('',#140310,#140320,#140330);
#140350=PLANE('',#140340);
#140360=ORIENTED_EDGE('',*,*,#140170,.T.);
#140370=CARTESIAN_POINT('',(-57.3976098800001,44.6979158799974,
-135.257382));
#140380=DIRECTION('',(0.306418239913664,-0.306418239913647,
0.90123011739313));
#140390=VECTOR('',#140380,1.);
#140400=LINE('',#140370,#140390);
#140410=CARTESIAN_POINT('',(-11.5801000000001,-1.119594,
-0.500000000000028));
#140420=VERTEX_POINT('',#140410);
#140430=EDGE_CURVE('',#140100,#140420,#140400,.T.);
#140440=ORIENTED_EDGE('',*,*,#140430,.F.);
#140450=CARTESIAN_POINT('',(-11.5801000000001,-6.789188,
-0.500000000000028));
#140460=DIRECTION('',(1.22460635382238E-16,1.,0.));
#140470=VECTOR('',#140460,1.);
#140480=LINE('',#140450,#140470);
#140490=CARTESIAN_POINT('',(-11.5801000000001,-1.41959400000002,
-0.500000000000057));
#140500=VERTEX_POINT('',#140490);
#140510=EDGE_CURVE('',#140500,#140420,#140480,.T.);
#140520=ORIENTED_EDGE('',*,*,#140510,.T.);
#140530=CARTESIAN_POINT('',(-57.3976098800001,-47.2371038799974,
-135.257382));
#140540=DIRECTION('',(-0.306418239913664,-0.306418239913647,
-0.90123011739313));
#140550=VECTOR('',#140540,1.);
#140560=LINE('',#140530,#140550);
#140570=EDGE_CURVE('',#140500,#139790,#140560,.T.);
#140580=ORIENTED_EDGE('',*,*,#140570,.F.);
#140590=EDGE_LOOP('',(#140580,#140520,#140440,#140360));
#140600=FACE_OUTER_BOUND('',#140590,.T.);
#140610=ADVANCED_FACE('',(#140600),#140350,.F.);
#140620=COLOUR_RGB('',1.,1.,0.);
#140630=FILL_AREA_STYLE_COLOUR('',#140620);
#140640=FILL_AREA_STYLE('',(#140630));
#140650=SURFACE_STYLE_FILL_AREA(#140640);
#140660=SURFACE_SIDE_STYLE('',(#140650));
#140670=SURFACE_STYLE_USAGE(.BOTH.,#140660);
#140680=PRESENTATION_STYLE_ASSIGNMENT((#140670));
#140690=CARTESIAN_POINT('',(-11.7501000000001,-1.419594,-0.5));
#140700=DIRECTION('',(1.15942391893208E-16,0.946772744819718,
-0.321902733238686));
#140710=DIRECTION('',(3.94204132436885E-17,0.321902733238686,
0.946772744819718));
#140720=AXIS2_PLACEMENT_3D('',#140690,#140700,#140710);
#140730=PLANE('',#140720);
#140740=ORIENTED_EDGE('',*,*,#139860,.F.);
#140750=ORIENTED_EDGE('',*,*,#140570,.T.);
#140760=CARTESIAN_POINT('',(-91.1519819999983,-1.419594,
-0.500000000000028));
#140770=DIRECTION('',(-1.,1.22460635382238E-16,0.));
#140780=VECTOR('',#140770,1.);
#140790=LINE('',#140760,#140780);
#140800=CARTESIAN_POINT('',(-11.2801,-1.41959400000002,
-0.500000000000085));
#140810=VERTEX_POINT('',#140800);
#140820=EDGE_CURVE('',#140810,#140500,#140790,.T.);
#140830=ORIENTED_EDGE('',*,*,#140820,.T.);
#140840=CARTESIAN_POINT('',(34.5374098799999,-47.2371038799974,
-135.257382));
#140850=DIRECTION('',(0.306418239913664,-0.306418239913647,
-0.90123011739313));
#140860=VECTOR('',#140850,1.);
#140870=LINE('',#140840,#140860);
#140880=EDGE_CURVE('',#140810,#139410,#140870,.T.);
#140890=ORIENTED_EDGE('',*,*,#140880,.F.);
#140900=EDGE_LOOP('',(#140890,#140830,#140750,#140740));
#140910=FACE_OUTER_BOUND('',#140900,.T.);
#140920=ADVANCED_FACE('',(#140910),#140730,.F.);
#140930=COLOUR_RGB('',1.,1.,0.);
#140940=FILL_AREA_STYLE_COLOUR('',#140930);
#140950=FILL_AREA_STYLE('',(#140940));
#140960=SURFACE_STYLE_FILL_AREA(#140950);
#140970=SURFACE_SIDE_STYLE('',(#140960));
#140980=SURFACE_STYLE_USAGE(.BOTH.,#140970);
#140990=PRESENTATION_STYLE_ASSIGNMENT((#140980));
#141000=CARTESIAN_POINT('',(-11.5803410598737,-1.27446166094131,
-0.500000000000028));
#141010=DIRECTION('',(0.,0.,1.));
#141020=DIRECTION('',(-1.,1.22460635382238E-16,0.));
#141030=AXIS2_PLACEMENT_3D('',#141000,#141010,#141020);
#141040=PLANE('',#141030);
#141050=ORIENTED_EDGE('',*,*,#140510,.F.);
#141060=CARTESIAN_POINT('',(-91.1519819999983,-1.11959399999998,
-0.500000000000028));
#141070=DIRECTION('',(-1.,1.22460635382238E-16,0.));
#141080=VECTOR('',#141070,1.);
#141090=LINE('',#141060,#141080);
#141100=CARTESIAN_POINT('',(-11.2801,-1.119594,-0.500000000000028));
#141110=VERTEX_POINT('',#141100);
#141120=EDGE_CURVE('',#141110,#140420,#141090,.T.);
#141130=ORIENTED_EDGE('',*,*,#141120,.T.);
#141140=CARTESIAN_POINT('',(-11.2801,-6.789188,-0.500000000000028));
#141150=DIRECTION('',(-1.22460635382238E-16,-1.,0.));
#141160=VECTOR('',#141150,1.);
#141170=LINE('',#141140,#141160);
#141180=EDGE_CURVE('',#141110,#140810,#141170,.T.);
#141190=ORIENTED_EDGE('',*,*,#141180,.F.);
#141200=ORIENTED_EDGE('',*,*,#140820,.F.);
#141210=EDGE_LOOP('',(#141200,#141190,#141130,#141050));
#141220=FACE_OUTER_BOUND('',#141210,.T.);
#141230=ADVANCED_FACE('',(#141220),#141040,.T.);
#141240=COLOUR_RGB('',1.,1.,0.);
#141250=FILL_AREA_STYLE_COLOUR('',#141240);
#141260=FILL_AREA_STYLE('',(#141250));
#141270=SURFACE_STYLE_FILL_AREA(#141260);
#141280=SURFACE_SIDE_STYLE('',(#141270));
#141290=SURFACE_STYLE_USAGE(.BOTH.,#141280);
#141300=PRESENTATION_STYLE_ASSIGNMENT((#141290));
#141310=CARTESIAN_POINT('',(-11.7501000000001,-0.949593999999999,
-1.00000000000003));
#141320=DIRECTION('',(-1.15942391893208E-16,-0.946772744819718,
-0.321902733238686));
#141330=DIRECTION('',(3.94204132436885E-17,0.321902733238686,
-0.946772744819718));
#141340=AXIS2_PLACEMENT_3D('',#141310,#141320,#141330);
#141350=PLANE('',#141340);
#141360=ORIENTED_EDGE('',*,*,#141120,.F.);
#141370=ORIENTED_EDGE('',*,*,#140430,.T.);
#141380=CARTESIAN_POINT('',(-91.1519819999983,-0.949593999999991,
-1.00000000000006));
#141390=DIRECTION('',(-1.,1.22460635382238E-16,0.));
#141400=VECTOR('',#141390,1.);
#141410=LINE('',#141380,#141400);
#141420=EDGE_CURVE('',#139490,#140100,#141410,.T.);
#141430=ORIENTED_EDGE('',*,*,#141420,.T.);
#141440=CARTESIAN_POINT('',(34.5374098799999,44.6979158799974,
-135.257382));
#141450=DIRECTION('',(0.306418239913664,0.306418239913647,
-0.90123011739313));
#141460=VECTOR('',#141450,1.);
#141470=LINE('',#141440,#141460);
#141480=EDGE_CURVE('',#141110,#139490,#141470,.T.);
#141490=ORIENTED_EDGE('',*,*,#141480,.T.);
#141500=EDGE_LOOP('',(#141490,#141430,#141370,#141360));
#141510=FACE_OUTER_BOUND('',#141500,.T.);
#141520=ADVANCED_FACE('',(#141510),#141350,.F.);
#141530=COLOUR_RGB('',1.,1.,0.);
#141540=FILL_AREA_STYLE_COLOUR('',#141530);
#141550=FILL_AREA_STYLE('',(#141540));
#141560=SURFACE_STYLE_FILL_AREA(#141550);
#141570=SURFACE_SIDE_STYLE('',(#141560));
#141580=SURFACE_STYLE_USAGE(.BOTH.,#141570);
#141590=PRESENTATION_STYLE_ASSIGNMENT((#141580));
#141600=CARTESIAN_POINT('',(-11.7501000000001,-0.949593999999999,-13.2))
;
#141610=DIRECTION('',(1.22460635382238E-16,1.,0.));
#141620=DIRECTION('',(1.,-1.22460635382238E-16,0.));
#141630=AXIS2_PLACEMENT_3D('',#141600,#141610,#141620);
#141640=PLANE('',#141630);
#141650=ORIENTED_EDGE('',*,*,#139560,.T.);
#141660=ORIENTED_EDGE('',*,*,#141420,.F.);
#141670=ORIENTED_EDGE('',*,*,#140110,.F.);
#141680=ORIENTED_EDGE('',*,*,#22750,.T.);
#141690=EDGE_LOOP('',(#141680,#141670,#141660,#141650));
#141700=FACE_OUTER_BOUND('',#141690,.T.);
#141710=ADVANCED_FACE('',(#141700),#141640,.T.);
#141720=COLOUR_RGB('',1.,1.,0.);
#141730=FILL_AREA_STYLE_COLOUR('',#141720);
#141740=FILL_AREA_STYLE('',(#141730));
#141750=SURFACE_STYLE_FILL_AREA(#141740);
#141760=SURFACE_SIDE_STYLE('',(#141750));
#141770=SURFACE_STYLE_USAGE(.BOTH.,#141760);
#141780=PRESENTATION_STYLE_ASSIGNMENT((#141770));
#141790=CARTESIAN_POINT('',(-11.1101000000001,-0.949593999999999,
-1.00000000000003));
#141800=DIRECTION('',(-0.946772744819713,1.15942391893207E-16,
-0.321902733238702));
#141810=DIRECTION('',(0.321902733238702,-3.94204132436905E-17,
-0.946772744819713));
#141820=AXIS2_PLACEMENT_3D('',#141790,#141800,#141810);
#141830=PLANE('',#141820);
#141840=ORIENTED_EDGE('',*,*,#139500,.F.);
#141850=ORIENTED_EDGE('',*,*,#140880,.T.);
#141860=ORIENTED_EDGE('',*,*,#141180,.T.);
#141870=ORIENTED_EDGE('',*,*,#141480,.F.);
#141880=EDGE_LOOP('',(#141870,#141860,#141850,#141840));
#141890=FACE_OUTER_BOUND('',#141880,.T.);
#141900=ADVANCED_FACE('',(#141890),#141830,.F.);
#141910=COLOUR_RGB('',1.,1.,0.);
#141920=FILL_AREA_STYLE_COLOUR('',#141910);
#141930=FILL_AREA_STYLE('',(#141920));
#141940=SURFACE_STYLE_FILL_AREA(#141930);
#141950=SURFACE_SIDE_STYLE('',(#141940));
#141960=SURFACE_STYLE_USAGE(.BOTH.,#141950);
#141970=PRESENTATION_STYLE_ASSIGNMENT((#141960));
#141980=CARTESIAN_POINT('',(-13.6501000000001,-0.949594,-13.2));
#141990=DIRECTION('',(1.,-1.22460635382238E-16,0.));
#142000=DIRECTION('',(-1.22460635382238E-16,-1.,0.));
#142010=AXIS2_PLACEMENT_3D('',#141980,#141990,#142000);
#142020=PLANE('',#142010);
#142030=CARTESIAN_POINT('',(-13.6501000000001,-1.589594,-135.257382));
#142040=DIRECTION('',(0.,-0.,-1.));
#142050=VECTOR('',#142040,1.);
#142060=LINE('',#142030,#142050);
#142070=CARTESIAN_POINT('',(-13.6501000000001,-1.589594,
-1.00000000000006));
#142080=VERTEX_POINT('',#142070);
#142090=EDGE_CURVE('',#142080,#23240,#142060,.T.);
#142100=ORIENTED_EDGE('',*,*,#142090,.T.);
#142110=CARTESIAN_POINT('',(-13.6501000000001,-6.789188,
-1.00000000000003));
#142120=DIRECTION('',(-1.22460635382238E-16,-1.,0.));
#142130=VECTOR('',#142120,1.);
#142140=LINE('',#142110,#142130);
#142150=CARTESIAN_POINT('',(-13.6501000000001,-0.949594,
-0.999999999999972));
#142160=VERTEX_POINT('',#142150);
#142170=EDGE_CURVE('',#142160,#142080,#142140,.T.);
#142180=ORIENTED_EDGE('',*,*,#142170,.T.);
#142190=CARTESIAN_POINT('',(-13.6501000000001,-0.949594,-135.257382));
#142200=DIRECTION('',(0.,-0.,-1.));
#142210=VECTOR('',#142200,1.);
#142220=LINE('',#142190,#142210);
#142230=EDGE_CURVE('',#142160,#23060,#142220,.T.);
#142240=ORIENTED_EDGE('',*,*,#142230,.F.);
#142250=ORIENTED_EDGE('',*,*,#23310,.T.);
#142260=EDGE_LOOP('',(#142250,#142240,#142180,#142100));
#142270=FACE_OUTER_BOUND('',#142260,.T.);
#142280=ADVANCED_FACE('',(#142270),#142020,.T.);
#142290=COLOUR_RGB('',1.,1.,0.);
#142300=FILL_AREA_STYLE_COLOUR('',#142290);
#142310=FILL_AREA_STYLE('',(#142300));
#142320=SURFACE_STYLE_FILL_AREA(#142310);
#142330=SURFACE_SIDE_STYLE('',(#142320));
#142340=SURFACE_STYLE_USAGE(.BOTH.,#142330);
#142350=PRESENTATION_STYLE_ASSIGNMENT((#142340));
#142360=CARTESIAN_POINT('',(-13.6501000000001,-1.589594,-13.2));
#142370=DIRECTION('',(-1.22460635382238E-16,-1.,0.));
#142380=DIRECTION('',(-1.,1.22460635382238E-16,0.));
#142390=AXIS2_PLACEMENT_3D('',#142360,#142370,#142380);
#142400=PLANE('',#142390);
#142410=CARTESIAN_POINT('',(-14.2901000000001,-1.589594,-135.257382));
#142420=DIRECTION('',(0.,0.,1.));
#142430=VECTOR('',#142420,1.);
#142440=LINE('',#142410,#142430);
#142450=CARTESIAN_POINT('',(-14.2901000000001,-1.589594,
-1.00000000000006));
#142460=VERTEX_POINT('',#142450);
#142470=EDGE_CURVE('',#23160,#142460,#142440,.T.);
#142480=ORIENTED_EDGE('',*,*,#142470,.F.);
#142490=CARTESIAN_POINT('',(-93.6919819999983,-1.58959399999999,
-1.00000000000006));
#142500=DIRECTION('',(-1.,1.22460635382238E-16,0.));
#142510=VECTOR('',#142500,1.);
#142520=LINE('',#142490,#142510);
#142530=EDGE_CURVE('',#142080,#142460,#142520,.T.);
#142540=ORIENTED_EDGE('',*,*,#142530,.T.);
#142550=ORIENTED_EDGE('',*,*,#142090,.F.);
#142560=ORIENTED_EDGE('',*,*,#23250,.T.);
#142570=EDGE_LOOP('',(#142560,#142550,#142540,#142480));
#142580=FACE_OUTER_BOUND('',#142570,.T.);
#142590=ADVANCED_FACE('',(#142580),#142400,.T.);
#142600=COLOUR_RGB('',1.,1.,0.);
#142610=FILL_AREA_STYLE_COLOUR('',#142600);
#142620=FILL_AREA_STYLE('',(#142610));
#142630=SURFACE_STYLE_FILL_AREA(#142620);
#142640=SURFACE_SIDE_STYLE('',(#142630));
#142650=SURFACE_STYLE_USAGE(.BOTH.,#142640);
#142660=PRESENTATION_STYLE_ASSIGNMENT((#142650));
#142670=CARTESIAN_POINT('',(-14.2901000000001,-1.589594,-13.2));
#142680=DIRECTION('',(-1.,1.22460635382238E-16,-0.));
#142690=DIRECTION('',(1.22460635382238E-16,1.,0.));
#142700=AXIS2_PLACEMENT_3D('',#142670,#142680,#142690);
#142710=PLANE('',#142700);
#142720=CARTESIAN_POINT('',(-14.2901000000001,-0.949594,-135.257382));
#142730=DIRECTION('',(0.,-0.,-1.));
#142740=VECTOR('',#142730,1.);
#142750=LINE('',#142720,#142740);
#142760=CARTESIAN_POINT('',(-14.2901,-0.949594,-0.999999999999915));
#142770=VERTEX_POINT('',#142760);
#142780=EDGE_CURVE('',#142770,#23080,#142750,.T.);
#142790=ORIENTED_EDGE('',*,*,#142780,.T.);
#142800=CARTESIAN_POINT('',(-14.2901000000001,-6.789188,-1.));
#142810=DIRECTION('',(-1.22460635382238E-16,-1.,0.));
#142820=VECTOR('',#142810,1.);
#142830=LINE('',#142800,#142820);
#142840=EDGE_CURVE('',#142770,#142460,#142830,.T.);
#142850=ORIENTED_EDGE('',*,*,#142840,.F.);
#142860=ORIENTED_EDGE('',*,*,#142470,.T.);
#142870=ORIENTED_EDGE('',*,*,#23170,.T.);
#142880=EDGE_LOOP('',(#142870,#142860,#142850,#142790));
#142890=FACE_OUTER_BOUND('',#142880,.T.);
#142900=ADVANCED_FACE('',(#142890),#142710,.T.);
#142910=COLOUR_RGB('',1.,1.,0.);
#142920=FILL_AREA_STYLE_COLOUR('',#142910);
#142930=FILL_AREA_STYLE('',(#142920));
#142940=SURFACE_STYLE_FILL_AREA(#142930);
#142950=SURFACE_SIDE_STYLE('',(#142940));
#142960=SURFACE_STYLE_USAGE(.BOTH.,#142950);
#142970=PRESENTATION_STYLE_ASSIGNMENT((#142960));
#142980=CARTESIAN_POINT('',(-14.1201000000001,-0.949594,
-0.500000000000028));
#142990=DIRECTION('',(0.946772744819713,-1.15942391893207E-16,
-0.321902733238702));
#143000=DIRECTION('',(0.321902733238702,-3.94204132436905E-17,
0.946772744819713));
#143010=AXIS2_PLACEMENT_3D('',#142980,#142990,#143000);
#143020=PLANE('',#143010);
#143030=ORIENTED_EDGE('',*,*,#142840,.T.);
#143040=CARTESIAN_POINT('',(-59.9376098800001,44.6979158799974,
-135.257382));
#143050=DIRECTION('',(0.306418239913664,-0.306418239913647,
0.90123011739313));
#143060=VECTOR('',#143050,1.);
#143070=LINE('',#143040,#143060);
#143080=CARTESIAN_POINT('',(-14.1201000000001,-1.119594,
-0.500000000000028));
#143090=VERTEX_POINT('',#143080);
#143100=EDGE_CURVE('',#142770,#143090,#143070,.T.);
#143110=ORIENTED_EDGE('',*,*,#143100,.F.);
#143120=CARTESIAN_POINT('',(-14.1201000000001,-6.789188,
-0.500000000000028));
#143130=DIRECTION('',(1.22460635382238E-16,1.,0.));
#143140=VECTOR('',#143130,1.);
#143150=LINE('',#143120,#143140);
#143160=CARTESIAN_POINT('',(-14.1201000000001,-1.41959400000002,
-0.500000000000057));
#143170=VERTEX_POINT('',#143160);
#143180=EDGE_CURVE('',#143170,#143090,#143150,.T.);
#143190=ORIENTED_EDGE('',*,*,#143180,.T.);
#143200=CARTESIAN_POINT('',(-59.9376098800001,-47.2371038799974,
-135.257382));
#143210=DIRECTION('',(-0.306418239913664,-0.306418239913647,
-0.90123011739313));
#143220=VECTOR('',#143210,1.);
#143230=LINE('',#143200,#143220);
#143240=EDGE_CURVE('',#143170,#142460,#143230,.T.);
#143250=ORIENTED_EDGE('',*,*,#143240,.F.);
#143260=EDGE_LOOP('',(#143250,#143190,#143110,#143030));
#143270=FACE_OUTER_BOUND('',#143260,.T.);
#143280=ADVANCED_FACE('',(#143270),#143020,.F.);
#143290=COLOUR_RGB('',1.,1.,0.);
#143300=FILL_AREA_STYLE_COLOUR('',#143290);
#143310=FILL_AREA_STYLE('',(#143300));
#143320=SURFACE_STYLE_FILL_AREA(#143310);
#143330=SURFACE_SIDE_STYLE('',(#143320));
#143340=SURFACE_STYLE_USAGE(.BOTH.,#143330);
#143350=PRESENTATION_STYLE_ASSIGNMENT((#143340));
#143360=CARTESIAN_POINT('',(-14.2901000000001,-1.419594,-0.5));
#143370=DIRECTION('',(1.15942391893208E-16,0.946772744819718,
-0.321902733238686));
#143380=DIRECTION('',(3.94204132436885E-17,0.321902733238686,
0.946772744819718));
#143390=AXIS2_PLACEMENT_3D('',#143360,#143370,#143380);
#143400=PLANE('',#143390);
#143410=ORIENTED_EDGE('',*,*,#142530,.F.);
#143420=ORIENTED_EDGE('',*,*,#143240,.T.);
#143430=CARTESIAN_POINT('',(-93.6919819999983,-1.419594,
-0.500000000000028));
#143440=DIRECTION('',(-1.,1.22460635382238E-16,0.));
#143450=VECTOR('',#143440,1.);
#143460=LINE('',#143430,#143450);
#143470=CARTESIAN_POINT('',(-13.8201,-1.41959400000002,
-0.500000000000085));
#143480=VERTEX_POINT('',#143470);
#143490=EDGE_CURVE('',#143480,#143170,#143460,.T.);
#143500=ORIENTED_EDGE('',*,*,#143490,.T.);
#143510=CARTESIAN_POINT('',(31.99740988,-47.2371038799974,-135.257382));
#143520=DIRECTION('',(0.306418239913664,-0.306418239913647,
-0.90123011739313));
#143530=VECTOR('',#143520,1.);
#143540=LINE('',#143510,#143530);
#143550=EDGE_CURVE('',#143480,#142080,#143540,.T.);
#143560=ORIENTED_EDGE('',*,*,#143550,.F.);
#143570=EDGE_LOOP('',(#143560,#143500,#143420,#143410));
#143580=FACE_OUTER_BOUND('',#143570,.T.);
#143590=ADVANCED_FACE('',(#143580),#143400,.F.);
#143600=COLOUR_RGB('',1.,1.,0.);
#143610=FILL_AREA_STYLE_COLOUR('',#143600);
#143620=FILL_AREA_STYLE('',(#143610));
#143630=SURFACE_STYLE_FILL_AREA(#143620);
#143640=SURFACE_SIDE_STYLE('',(#143630));
#143650=SURFACE_STYLE_USAGE(.BOTH.,#143640);
#143660=PRESENTATION_STYLE_ASSIGNMENT((#143650));
#143670=CARTESIAN_POINT('',(-14.1203410598737,-1.27446166094131,
-0.500000000000028));
#143680=DIRECTION('',(0.,0.,1.));
#143690=DIRECTION('',(-1.,1.22460635382238E-16,0.));
#143700=AXIS2_PLACEMENT_3D('',#143670,#143680,#143690);
#143710=PLANE('',#143700);
#143720=ORIENTED_EDGE('',*,*,#143180,.F.);
#143730=CARTESIAN_POINT('',(-93.6919819999983,-1.11959399999998,
-0.500000000000028));
#143740=DIRECTION('',(-1.,1.22460635382238E-16,0.));
#143750=VECTOR('',#143740,1.);
#143760=LINE('',#143730,#143750);
#143770=CARTESIAN_POINT('',(-13.8201,-1.119594,-0.500000000000028));
#143780=VERTEX_POINT('',#143770);
#143790=EDGE_CURVE('',#143780,#143090,#143760,.T.);
#143800=ORIENTED_EDGE('',*,*,#143790,.T.);
#143810=CARTESIAN_POINT('',(-13.8201,-6.789188,-0.500000000000028));
#143820=DIRECTION('',(-1.22460635382238E-16,-1.,0.));
#143830=VECTOR('',#143820,1.);
#143840=LINE('',#143810,#143830);
#143850=EDGE_CURVE('',#143780,#143480,#143840,.T.);
#143860=ORIENTED_EDGE('',*,*,#143850,.F.);
#143870=ORIENTED_EDGE('',*,*,#143490,.F.);
#143880=EDGE_LOOP('',(#143870,#143860,#143800,#143720));
#143890=FACE_OUTER_BOUND('',#143880,.T.);
#143900=ADVANCED_FACE('',(#143890),#143710,.T.);
#143910=COLOUR_RGB('',1.,1.,0.);
#143920=FILL_AREA_STYLE_COLOUR('',#143910);
#143930=FILL_AREA_STYLE('',(#143920));
#143940=SURFACE_STYLE_FILL_AREA(#143930);
#143950=SURFACE_SIDE_STYLE('',(#143940));
#143960=SURFACE_STYLE_USAGE(.BOTH.,#143950);
#143970=PRESENTATION_STYLE_ASSIGNMENT((#143960));
#143980=CARTESIAN_POINT('',(-14.2901000000001,-0.949594,
-1.00000000000003));
#143990=DIRECTION('',(-1.15942391893208E-16,-0.946772744819718,
-0.321902733238686));
#144000=DIRECTION('',(3.94204132436885E-17,0.321902733238686,
-0.946772744819718));
#144010=AXIS2_PLACEMENT_3D('',#143980,#143990,#144000);
#144020=PLANE('',#144010);
#144030=ORIENTED_EDGE('',*,*,#143790,.F.);
#144040=ORIENTED_EDGE('',*,*,#143100,.T.);
#144050=CARTESIAN_POINT('',(-93.6919819999983,-0.949593999999991,
-1.00000000000006));
#144060=DIRECTION('',(-1.,1.22460635382238E-16,0.));
#144070=VECTOR('',#144060,1.);
#144080=LINE('',#144050,#144070);
#144090=EDGE_CURVE('',#142160,#142770,#144080,.T.);
#144100=ORIENTED_EDGE('',*,*,#144090,.T.);
#144110=CARTESIAN_POINT('',(31.99740988,44.6979158799974,-135.257382));
#144120=DIRECTION('',(0.306418239913664,0.306418239913647,
-0.90123011739313));
#144130=VECTOR('',#144120,1.);
#144140=LINE('',#144110,#144130);
#144150=EDGE_CURVE('',#143780,#142160,#144140,.T.);
#144160=ORIENTED_EDGE('',*,*,#144150,.T.);
#144170=EDGE_LOOP('',(#144160,#144100,#144040,#144030));
#144180=FACE_OUTER_BOUND('',#144170,.T.);
#144190=ADVANCED_FACE('',(#144180),#144020,.F.);
#144200=COLOUR_RGB('',1.,1.,0.);
#144210=FILL_AREA_STYLE_COLOUR('',#144200);
#144220=FILL_AREA_STYLE('',(#144210));
#144230=SURFACE_STYLE_FILL_AREA(#144220);
#144240=SURFACE_SIDE_STYLE('',(#144230));
#144250=SURFACE_STYLE_USAGE(.BOTH.,#144240);
#144260=PRESENTATION_STYLE_ASSIGNMENT((#144250));
#144270=CARTESIAN_POINT('',(-14.2901000000001,-0.949594,-13.2));
#144280=DIRECTION('',(1.22460635382238E-16,1.,0.));
#144290=DIRECTION('',(1.,-1.22460635382238E-16,0.));
#144300=AXIS2_PLACEMENT_3D('',#144270,#144280,#144290);
#144310=PLANE('',#144300);
#144320=ORIENTED_EDGE('',*,*,#142230,.T.);
#144330=ORIENTED_EDGE('',*,*,#144090,.F.);
#144340=ORIENTED_EDGE('',*,*,#142780,.F.);
#144350=ORIENTED_EDGE('',*,*,#23090,.T.);
#144360=EDGE_LOOP('',(#144350,#144340,#144330,#144320));
#144370=FACE_OUTER_BOUND('',#144360,.T.);
#144380=ADVANCED_FACE('',(#144370),#144310,.T.);
#144390=COLOUR_RGB('',1.,1.,0.);
#144400=FILL_AREA_STYLE_COLOUR('',#144390);
#144410=FILL_AREA_STYLE('',(#144400));
#144420=SURFACE_STYLE_FILL_AREA(#144410);
#144430=SURFACE_SIDE_STYLE('',(#144420));
#144440=SURFACE_STYLE_USAGE(.BOTH.,#144430);
#144450=PRESENTATION_STYLE_ASSIGNMENT((#144440));
#144460=CARTESIAN_POINT('',(-13.6501000000001,-0.949594,
-1.00000000000003));
#144470=DIRECTION('',(-0.946772744819713,1.15942391893207E-16,
-0.321902733238702));
#144480=DIRECTION('',(0.321902733238702,-3.94204132436905E-17,
-0.946772744819713));
#144490=AXIS2_PLACEMENT_3D('',#144460,#144470,#144480);
#144500=PLANE('',#144490);
#144510=ORIENTED_EDGE('',*,*,#142170,.F.);
#144520=ORIENTED_EDGE('',*,*,#143550,.T.);
#144530=ORIENTED_EDGE('',*,*,#143850,.T.);
#144540=ORIENTED_EDGE('',*,*,#144150,.F.);
#144550=EDGE_LOOP('',(#144540,#144530,#144520,#144510));
#144560=FACE_OUTER_BOUND('',#144550,.T.);
#144570=ADVANCED_FACE('',(#144560),#144500,.F.);
#144580=COLOUR_RGB('',1.,1.,0.);
#144590=FILL_AREA_STYLE_COLOUR('',#144580);
#144600=FILL_AREA_STYLE('',(#144590));
#144610=SURFACE_STYLE_FILL_AREA(#144600);
#144620=SURFACE_SIDE_STYLE('',(#144610));
#144630=SURFACE_STYLE_USAGE(.BOTH.,#144620);
#144640=PRESENTATION_STYLE_ASSIGNMENT((#144630));
#144650=CARTESIAN_POINT('',(-8.57010000000007,0.950406000000001,-13.2));
#144660=DIRECTION('',(-1.22460635382238E-16,-1.,0.));
#144670=DIRECTION('',(-1.,1.22460635382238E-16,0.));
#144680=AXIS2_PLACEMENT_3D('',#144650,#144660,#144670);
#144690=PLANE('',#144680);
#144700=CARTESIAN_POINT('',(-9.21010000000007,0.950406000000001,
-135.257382));
#144710=DIRECTION('',(0.,0.,1.));
#144720=VECTOR('',#144710,1.);
#144730=LINE('',#144700,#144720);
#144740=CARTESIAN_POINT('',(-9.21010000000007,0.950406,-1.00000000000006
));
#144750=VERTEX_POINT('',#144740);
#144760=EDGE_CURVE('',#23580,#144750,#144730,.T.);
#144770=ORIENTED_EDGE('',*,*,#144760,.F.);
#144780=CARTESIAN_POINT('',(-88.6119819999983,0.95040600000001,
-1.00000000000006));
#144790=DIRECTION('',(-1.,1.22460635382238E-16,0.));
#144800=VECTOR('',#144790,1.);
#144810=LINE('',#144780,#144800);
#144820=CARTESIAN_POINT('',(-8.57010000000005,0.950406,-1.00000000000006
));
#144830=VERTEX_POINT('',#144820);
#144840=EDGE_CURVE('',#144830,#144750,#144810,.T.);
#144850=ORIENTED_EDGE('',*,*,#144840,.T.);
#144860=CARTESIAN_POINT('',(-8.57010000000005,0.950406000000001,
-135.257382));
#144870=DIRECTION('',(0.,-0.,-1.));
#144880=VECTOR('',#144870,1.);
#144890=LINE('',#144860,#144880);
#144900=EDGE_CURVE('',#144830,#23400,#144890,.T.);
#144910=ORIENTED_EDGE('',*,*,#144900,.F.);
#144920=ORIENTED_EDGE('',*,*,#23650,.T.);
#144930=EDGE_LOOP('',(#144920,#144910,#144850,#144770));
#144940=FACE_OUTER_BOUND('',#144930,.T.);
#144950=ADVANCED_FACE('',(#144940),#144690,.T.);
#144960=COLOUR_RGB('',1.,1.,0.);
#144970=FILL_AREA_STYLE_COLOUR('',#144960);
#144980=FILL_AREA_STYLE('',(#144970));
#144990=SURFACE_STYLE_FILL_AREA(#144980);
#145000=SURFACE_SIDE_STYLE('',(#144990));
#145010=SURFACE_STYLE_USAGE(.BOTH.,#145000);
#145020=PRESENTATION_STYLE_ASSIGNMENT((#145010));
#145030=CARTESIAN_POINT('',(-9.21010000000007,0.950406000000001,-13.2));
#145040=DIRECTION('',(-1.,1.22460635382238E-16,-0.));
#145050=DIRECTION('',(1.22460635382238E-16,1.,0.));
#145060=AXIS2_PLACEMENT_3D('',#145030,#145040,#145050);
#145070=PLANE('',#145060);
#145080=CARTESIAN_POINT('',(-9.21010000000007,1.590406,-135.257382));
#145090=DIRECTION('',(0.,-0.,-1.));
#145100=VECTOR('',#145090,1.);
#145110=LINE('',#145080,#145100);
#145120=CARTESIAN_POINT('',(-9.21010000000003,1.590406,
-0.999999999999915));
#145130=VERTEX_POINT('',#145120);
#145140=EDGE_CURVE('',#145130,#23500,#145110,.T.);
#145150=ORIENTED_EDGE('',*,*,#145140,.T.);
#145160=CARTESIAN_POINT('',(-9.21010000000007,-4.249188,-1.));
#145170=DIRECTION('',(-1.22460635382238E-16,-1.,0.));
#145180=VECTOR('',#145170,1.);
#145190=LINE('',#145160,#145180);
#145200=EDGE_CURVE('',#145130,#144750,#145190,.T.);
#145210=ORIENTED_EDGE('',*,*,#145200,.F.);
#145220=ORIENTED_EDGE('',*,*,#144760,.T.);
#145230=ORIENTED_EDGE('',*,*,#23590,.T.);
#145240=EDGE_LOOP('',(#145230,#145220,#145210,#145150));
#145250=FACE_OUTER_BOUND('',#145240,.T.);
#145260=ADVANCED_FACE('',(#145250),#145070,.T.);
#145270=COLOUR_RGB('',1.,1.,0.);
#145280=FILL_AREA_STYLE_COLOUR('',#145270);
#145290=FILL_AREA_STYLE('',(#145280));
#145300=SURFACE_STYLE_FILL_AREA(#145290);
#145310=SURFACE_SIDE_STYLE('',(#145300));
#145320=SURFACE_STYLE_USAGE(.BOTH.,#145310);
#145330=PRESENTATION_STYLE_ASSIGNMENT((#145320));
#145340=CARTESIAN_POINT('',(-9.04010000000007,1.590406,
-0.500000000000028));
#145350=DIRECTION('',(0.946772744819713,-1.15942391893207E-16,
-0.321902733238702));
#145360=DIRECTION('',(0.321902733238702,-3.94204132436905E-17,
0.946772744819713));
#145370=AXIS2_PLACEMENT_3D('',#145340,#145350,#145360);
#145380=PLANE('',#145370);
#145390=ORIENTED_EDGE('',*,*,#145200,.T.);
#145400=CARTESIAN_POINT('',(-54.8576098800001,47.2379158799974,
-135.257382));
#145410=DIRECTION('',(0.306418239913664,-0.306418239913647,
0.90123011739313));
#145420=VECTOR('',#145410,1.);
#145430=LINE('',#145400,#145420);
#145440=CARTESIAN_POINT('',(-9.04010000000007,1.420406,
-0.500000000000028));
#145450=VERTEX_POINT('',#145440);
#145460=EDGE_CURVE('',#145130,#145450,#145430,.T.);
#145470=ORIENTED_EDGE('',*,*,#145460,.F.);
#145480=CARTESIAN_POINT('',(-9.04010000000007,-4.249188,
-0.500000000000028));
#145490=DIRECTION('',(1.22460635382238E-16,1.,0.));
#145500=VECTOR('',#145490,1.);
#145510=LINE('',#145480,#145500);
#145520=CARTESIAN_POINT('',(-9.04010000000008,1.12040599999998,
-0.500000000000057));
#145530=VERTEX_POINT('',#145520);
#145540=EDGE_CURVE('',#145530,#145450,#145510,.T.);
#145550=ORIENTED_EDGE('',*,*,#145540,.T.);
#145560=CARTESIAN_POINT('',(-54.8576098800001,-44.6971038799974,
-135.257382));
#145570=DIRECTION('',(-0.306418239913664,-0.306418239913647,
-0.90123011739313));
#145580=VECTOR('',#145570,1.);
#145590=LINE('',#145560,#145580);
#145600=EDGE_CURVE('',#145530,#144750,#145590,.T.);
#145610=ORIENTED_EDGE('',*,*,#145600,.F.);
#145620=EDGE_LOOP('',(#145610,#145550,#145470,#145390));
#145630=FACE_OUTER_BOUND('',#145620,.T.);
#145640=ADVANCED_FACE('',(#145630),#145380,.F.);
#145650=COLOUR_RGB('',1.,1.,0.);
#145660=FILL_AREA_STYLE_COLOUR('',#145650);
#145670=FILL_AREA_STYLE('',(#145660));
#145680=SURFACE_STYLE_FILL_AREA(#145670);
#145690=SURFACE_SIDE_STYLE('',(#145680));
#145700=SURFACE_STYLE_USAGE(.BOTH.,#145690);
#145710=PRESENTATION_STYLE_ASSIGNMENT((#145700));
#145720=CARTESIAN_POINT('',(-9.21010000000007,1.120406,-0.5));
#145730=DIRECTION('',(1.15942391893208E-16,0.946772744819718,
-0.321902733238686));
#145740=DIRECTION('',(3.94204132436885E-17,0.321902733238686,
0.946772744819718));
#145750=AXIS2_PLACEMENT_3D('',#145720,#145730,#145740);
#145760=PLANE('',#145750);
#145770=ORIENTED_EDGE('',*,*,#144840,.F.);
#145780=ORIENTED_EDGE('',*,*,#145600,.T.);
#145790=CARTESIAN_POINT('',(-88.6119819999983,1.120406,
-0.500000000000028));
#145800=DIRECTION('',(-1.,1.22460635382238E-16,0.));
#145810=VECTOR('',#145800,1.);
#145820=LINE('',#145790,#145810);
#145830=CARTESIAN_POINT('',(-8.74010000000003,1.12040599999998,
-0.500000000000085));
#145840=VERTEX_POINT('',#145830);
#145850=EDGE_CURVE('',#145840,#145530,#145820,.T.);
#145860=ORIENTED_EDGE('',*,*,#145850,.T.);
#145870=CARTESIAN_POINT('',(37.0774098799999,-44.6971038799974,
-135.257382));
#145880=DIRECTION('',(0.306418239913664,-0.306418239913647,
-0.90123011739313));
#145890=VECTOR('',#145880,1.);
#145900=LINE('',#145870,#145890);
#145910=EDGE_CURVE('',#145840,#144830,#145900,.T.);
#145920=ORIENTED_EDGE('',*,*,#145910,.F.);
#145930=EDGE_LOOP('',(#145920,#145860,#145780,#145770));
#145940=FACE_OUTER_BOUND('',#145930,.T.);
#145950=ADVANCED_FACE('',(#145940),#145760,.F.);
#145960=COLOUR_RGB('',1.,1.,0.);
#145970=FILL_AREA_STYLE_COLOUR('',#145960);
#145980=FILL_AREA_STYLE('',(#145970));
#145990=SURFACE_STYLE_FILL_AREA(#145980);
#146000=SURFACE_SIDE_STYLE('',(#145990));
#146010=SURFACE_STYLE_USAGE(.BOTH.,#146000);
#146020=PRESENTATION_STYLE_ASSIGNMENT((#146010));
#146030=CARTESIAN_POINT('',(-9.04034105987374,1.26553833905869,
-0.500000000000028));
#146040=DIRECTION('',(0.,0.,1.));
#146050=DIRECTION('',(-1.,1.22460635382238E-16,0.));
#146060=AXIS2_PLACEMENT_3D('',#146030,#146040,#146050);
#146070=PLANE('',#146060);
#146080=ORIENTED_EDGE('',*,*,#145540,.F.);
#146090=CARTESIAN_POINT('',(-88.6119819999983,1.42040600000002,
-0.500000000000028));
#146100=DIRECTION('',(-1.,1.22460635382238E-16,0.));
#146110=VECTOR('',#146100,1.);
#146120=LINE('',#146090,#146110);
#146130=CARTESIAN_POINT('',(-8.74010000000003,1.420406,
-0.500000000000028));
#146140=VERTEX_POINT('',#146130);
#146150=EDGE_CURVE('',#146140,#145450,#146120,.T.);
#146160=ORIENTED_EDGE('',*,*,#146150,.T.);
#146170=CARTESIAN_POINT('',(-8.74010000000003,-4.249188,
-0.500000000000028));
#146180=DIRECTION('',(-1.22460635382238E-16,-1.,0.));
#146190=VECTOR('',#146180,1.);
#146200=LINE('',#146170,#146190);
#146210=EDGE_CURVE('',#146140,#145840,#146200,.T.);
#146220=ORIENTED_EDGE('',*,*,#146210,.F.);
#146230=ORIENTED_EDGE('',*,*,#145850,.F.);
#146240=EDGE_LOOP('',(#146230,#146220,#146160,#146080));
#146250=FACE_OUTER_BOUND('',#146240,.T.);
#146260=ADVANCED_FACE('',(#146250),#146070,.T.);
#146270=COLOUR_RGB('',1.,1.,0.);
#146280=FILL_AREA_STYLE_COLOUR('',#146270);
#146290=FILL_AREA_STYLE('',(#146280));
#146300=SURFACE_STYLE_FILL_AREA(#146290);
#146310=SURFACE_SIDE_STYLE('',(#146300));
#146320=SURFACE_STYLE_USAGE(.BOTH.,#146310);
#146330=PRESENTATION_STYLE_ASSIGNMENT((#146320));
#146340=CARTESIAN_POINT('',(-8.57010000000005,1.590406,-1.00000000000003
));
#146350=DIRECTION('',(-0.946772744819713,1.15942391893207E-16,
-0.321902733238702));
#146360=DIRECTION('',(0.321902733238702,-3.94204132436905E-17,
-0.946772744819713));
#146370=AXIS2_PLACEMENT_3D('',#146340,#146350,#146360);
#146380=PLANE('',#146370);
#146390=CARTESIAN_POINT('',(-8.57010000000005,-4.249188,
-1.00000000000003));
#146400=DIRECTION('',(-1.22460635382238E-16,-1.,0.));
#146410=VECTOR('',#146400,1.);
#146420=LINE('',#146390,#146410);
#146430=CARTESIAN_POINT('',(-8.57010000000008,1.590406,
-0.999999999999972));
#146440=VERTEX_POINT('',#146430);
#146450=EDGE_CURVE('',#146440,#144830,#146420,.T.);
#146460=ORIENTED_EDGE('',*,*,#146450,.F.);
#146470=ORIENTED_EDGE('',*,*,#145910,.T.);
#146480=ORIENTED_EDGE('',*,*,#146210,.T.);
#146490=CARTESIAN_POINT('',(37.0774098799999,47.2379158799974,
-135.257382));
#146500=DIRECTION('',(0.306418239913664,0.306418239913647,
-0.90123011739313));
#146510=VECTOR('',#146500,1.);
#146520=LINE('',#146490,#146510);
#146530=EDGE_CURVE('',#146140,#146440,#146520,.T.);
#146540=ORIENTED_EDGE('',*,*,#146530,.F.);
#146550=EDGE_LOOP('',(#146540,#146480,#146470,#146460));
#146560=FACE_OUTER_BOUND('',#146550,.T.);
#146570=ADVANCED_FACE('',(#146560),#146380,.F.);
#146580=COLOUR_RGB('',1.,1.,0.);
#146590=FILL_AREA_STYLE_COLOUR('',#146580);
#146600=FILL_AREA_STYLE('',(#146590));
#146610=SURFACE_STYLE_FILL_AREA(#146600);
#146620=SURFACE_SIDE_STYLE('',(#146610));
#146630=SURFACE_STYLE_USAGE(.BOTH.,#146620);
#146640=PRESENTATION_STYLE_ASSIGNMENT((#146630));
#146650=CARTESIAN_POINT('',(-8.57010000000005,1.590406,-13.2));
#146660=DIRECTION('',(1.,-1.22460635382238E-16,0.));
#146670=DIRECTION('',(-1.22460635382238E-16,-1.,0.));
#146680=AXIS2_PLACEMENT_3D('',#146650,#146660,#146670);
#146690=PLANE('',#146680);
#146700=ORIENTED_EDGE('',*,*,#144900,.T.);
#146710=ORIENTED_EDGE('',*,*,#146450,.T.);
#146720=CARTESIAN_POINT('',(-8.57010000000005,1.590406,-135.257382));
#146730=DIRECTION('',(0.,-0.,-1.));
#146740=VECTOR('',#146730,1.);
#146750=LINE('',#146720,#146740);
#146760=EDGE_CURVE('',#146440,#23420,#146750,.T.);
#146770=ORIENTED_EDGE('',*,*,#146760,.F.);
#146780=ORIENTED_EDGE('',*,*,#23430,.T.);
#146790=EDGE_LOOP('',(#146780,#146770,#146710,#146700));
#146800=FACE_OUTER_BOUND('',#146790,.T.);
#146810=ADVANCED_FACE('',(#146800),#146690,.T.);
#146820=COLOUR_RGB('',1.,1.,0.);
#146830=FILL_AREA_STYLE_COLOUR('',#146820);
#146840=FILL_AREA_STYLE('',(#146830));
#146850=SURFACE_STYLE_FILL_AREA(#146840);
#146860=SURFACE_SIDE_STYLE('',(#146850));
#146870=SURFACE_STYLE_USAGE(.BOTH.,#146860);
#146880=PRESENTATION_STYLE_ASSIGNMENT((#146870));
#146890=CARTESIAN_POINT('',(-9.21010000000007,1.590406,-13.2));
#146900=DIRECTION('',(1.22460635382238E-16,1.,0.));
#146910=DIRECTION('',(1.,-1.22460635382238E-16,0.));
#146920=AXIS2_PLACEMENT_3D('',#146890,#146900,#146910);
#146930=PLANE('',#146920);
#146940=ORIENTED_EDGE('',*,*,#146760,.T.);
#146950=CARTESIAN_POINT('',(-88.6119819999983,1.59040600000001,
-1.00000000000006));
#146960=DIRECTION('',(-1.,1.22460635382238E-16,0.));
#146970=VECTOR('',#146960,1.);
#146980=LINE('',#146950,#146970);
#146990=EDGE_CURVE('',#146440,#145130,#146980,.T.);
#147000=ORIENTED_EDGE('',*,*,#146990,.F.);
#147010=ORIENTED_EDGE('',*,*,#145140,.F.);
#147020=ORIENTED_EDGE('',*,*,#23510,.T.);
#147030=EDGE_LOOP('',(#147020,#147010,#147000,#146940));
#147040=FACE_OUTER_BOUND('',#147030,.T.);
#147050=ADVANCED_FACE('',(#147040),#146930,.T.);
#147060=COLOUR_RGB('',1.,1.,0.);
#147070=FILL_AREA_STYLE_COLOUR('',#147060);
#147080=FILL_AREA_STYLE('',(#147070));
#147090=SURFACE_STYLE_FILL_AREA(#147080);
#147100=SURFACE_SIDE_STYLE('',(#147090));
#147110=SURFACE_STYLE_USAGE(.BOTH.,#147100);
#147120=PRESENTATION_STYLE_ASSIGNMENT((#147110));
#147130=CARTESIAN_POINT('',(-9.21010000000007,1.590406,-1.00000000000003
));
#147140=DIRECTION('',(-1.15942391893208E-16,-0.946772744819718,
-0.321902733238686));
#147150=DIRECTION('',(3.94204132436885E-17,0.321902733238686,
-0.946772744819718));
#147160=AXIS2_PLACEMENT_3D('',#147130,#147140,#147150);
#147170=PLANE('',#147160);
#147180=ORIENTED_EDGE('',*,*,#146150,.F.);
#147190=ORIENTED_EDGE('',*,*,#145460,.T.);
#147200=ORIENTED_EDGE('',*,*,#146990,.T.);
#147210=ORIENTED_EDGE('',*,*,#146530,.T.);
#147220=EDGE_LOOP('',(#147210,#147200,#147190,#147180));
#147230=FACE_OUTER_BOUND('',#147220,.T.);
#147240=ADVANCED_FACE('',(#147230),#147170,.F.);
#147250=COLOUR_RGB('',1.,1.,0.);
#147260=FILL_AREA_STYLE_COLOUR('',#147250);
#147270=FILL_AREA_STYLE('',(#147260));
#147280=SURFACE_STYLE_FILL_AREA(#147270);
#147290=SURFACE_SIDE_STYLE('',(#147280));
#147300=SURFACE_STYLE_USAGE(.BOTH.,#147290);
#147310=PRESENTATION_STYLE_ASSIGNMENT((#147300));
#147320=CARTESIAN_POINT('',(-3.49010000000006,-0.949594,-13.2));
#147330=DIRECTION('',(1.,-1.22460635382238E-16,0.));
#147340=DIRECTION('',(-1.22460635382238E-16,-1.,0.));
#147350=AXIS2_PLACEMENT_3D('',#147320,#147330,#147340);
#147360=PLANE('',#147350);
#147370=CARTESIAN_POINT('',(-3.49010000000006,-1.589594,-135.257382));
#147380=DIRECTION('',(0.,-0.,-1.));
#147390=VECTOR('',#147380,1.);
#147400=LINE('',#147370,#147390);
#147410=CARTESIAN_POINT('',(-3.49010000000006,-1.589594,
-1.00000000000006));
#147420=VERTEX_POINT('',#147410);
#147430=EDGE_CURVE('',#147420,#23760,#147400,.T.);
#147440=ORIENTED_EDGE('',*,*,#147430,.T.);
#147450=CARTESIAN_POINT('',(-3.49010000000006,-6.789188,
-1.00000000000003));
#147460=DIRECTION('',(-1.22460635382238E-16,-1.,0.));
#147470=VECTOR('',#147460,1.);
#147480=LINE('',#147450,#147470);
#147490=CARTESIAN_POINT('',(-3.49010000000008,-0.949594,
-0.999999999999972));
#147500=VERTEX_POINT('',#147490);
#147510=EDGE_CURVE('',#147500,#147420,#147480,.T.);
#147520=ORIENTED_EDGE('',*,*,#147510,.T.);
#147530=CARTESIAN_POINT('',(-3.49010000000006,-0.949594,-135.257382));
#147540=DIRECTION('',(0.,-0.,-1.));
#147550=VECTOR('',#147540,1.);
#147560=LINE('',#147530,#147550);
#147570=EDGE_CURVE('',#147500,#23840,#147560,.T.);
#147580=ORIENTED_EDGE('',*,*,#147570,.F.);
#147590=ORIENTED_EDGE('',*,*,#23850,.T.);
#147600=EDGE_LOOP('',(#147590,#147580,#147520,#147440));
#147610=FACE_OUTER_BOUND('',#147600,.T.);
#147620=ADVANCED_FACE('',(#147610),#147360,.T.);
#147630=COLOUR_RGB('',1.,1.,0.);
#147640=FILL_AREA_STYLE_COLOUR('',#147630);
#147650=FILL_AREA_STYLE('',(#147640));
#147660=SURFACE_STYLE_FILL_AREA(#147650);
#147670=SURFACE_SIDE_STYLE('',(#147660));
#147680=SURFACE_STYLE_USAGE(.BOTH.,#147670);
#147690=PRESENTATION_STYLE_ASSIGNMENT((#147680));
#147700=CARTESIAN_POINT('',(-3.49010000000006,-0.949594,
-1.00000000000003));
#147710=DIRECTION('',(-0.946772744819713,1.15942391893207E-16,
-0.321902733238702));
#147720=DIRECTION('',(0.321902733238702,-3.94204132436905E-17,
-0.946772744819713));
#147730=AXIS2_PLACEMENT_3D('',#147700,#147710,#147720);
#147740=PLANE('',#147730);
#147750=ORIENTED_EDGE('',*,*,#147510,.F.);
#147760=CARTESIAN_POINT('',(42.1574098799999,-47.2371038799974,
-135.257382));
#147770=DIRECTION('',(0.306418239913664,-0.306418239913647,
-0.90123011739313));
#147780=VECTOR('',#147770,1.);
#147790=LINE('',#147760,#147780);
#147800=CARTESIAN_POINT('',(-3.66010000000003,-1.41959400000002,
-0.500000000000085));
#147810=VERTEX_POINT('',#147800);
#147820=EDGE_CURVE('',#147810,#147420,#147790,.T.);
#147830=ORIENTED_EDGE('',*,*,#147820,.T.);
#147840=CARTESIAN_POINT('',(-3.66010000000003,-6.789188,
-0.500000000000028));
#147850=DIRECTION('',(-1.22460635382238E-16,-1.,0.));
#147860=VECTOR('',#147850,1.);
#147870=LINE('',#147840,#147860);
#147880=CARTESIAN_POINT('',(-3.66010000000003,-1.119594,
-0.500000000000028));
#147890=VERTEX_POINT('',#147880);
#147900=EDGE_CURVE('',#147890,#147810,#147870,.T.);
#147910=ORIENTED_EDGE('',*,*,#147900,.T.);
#147920=CARTESIAN_POINT('',(42.1574098799999,44.6979158799974,
-135.257382));
#147930=DIRECTION('',(0.306418239913664,0.306418239913647,
-0.90123011739313));
#147940=VECTOR('',#147930,1.);
#147950=LINE('',#147920,#147940);
#147960=EDGE_CURVE('',#147890,#147500,#147950,.T.);
#147970=ORIENTED_EDGE('',*,*,#147960,.F.);
#147980=EDGE_LOOP('',(#147970,#147910,#147830,#147750));
#147990=FACE_OUTER_BOUND('',#147980,.T.);
#148000=ADVANCED_FACE('',(#147990),#147740,.F.);
#148010=COLOUR_RGB('',1.,1.,0.);
#148020=FILL_AREA_STYLE_COLOUR('',#148010);
#148030=FILL_AREA_STYLE('',(#148020));
#148040=SURFACE_STYLE_FILL_AREA(#148030);
#148050=SURFACE_SIDE_STYLE('',(#148040));
#148060=SURFACE_STYLE_USAGE(.BOTH.,#148050);
#148070=PRESENTATION_STYLE_ASSIGNMENT((#148060));
#148080=CARTESIAN_POINT('',(-4.13010000000007,-1.419594,-0.5));
#148090=DIRECTION('',(1.15942391893208E-16,0.946772744819718,
-0.321902733238686));
#148100=DIRECTION('',(3.94204132436885E-17,0.321902733238686,
0.946772744819718));
#148110=AXIS2_PLACEMENT_3D('',#148080,#148090,#148100);
#148120=PLANE('',#148110);
#148130=CARTESIAN_POINT('',(-83.5319819999983,-1.58959399999999,
-1.00000000000006));
#148140=DIRECTION('',(-1.,1.22460635382238E-16,0.));
#148150=VECTOR('',#148140,1.);
#148160=LINE('',#148130,#148150);
#148170=CARTESIAN_POINT('',(-4.13010000000007,-1.589594,
-1.00000000000006));
#148180=VERTEX_POINT('',#148170);
#148190=EDGE_CURVE('',#147420,#148180,#148160,.T.);
#148200=ORIENTED_EDGE('',*,*,#148190,.F.);
#148210=CARTESIAN_POINT('',(-49.7776098800001,-47.2371038799974,
-135.257382));
#148220=DIRECTION('',(-0.306418239913664,-0.306418239913647,
-0.90123011739313));
#148230=VECTOR('',#148220,1.);
#148240=LINE('',#148210,#148230);
#148250=CARTESIAN_POINT('',(-3.96010000000008,-1.41959400000002,
-0.500000000000057));
#148260=VERTEX_POINT('',#148250);
#148270=EDGE_CURVE('',#148260,#148180,#148240,.T.);
#148280=ORIENTED_EDGE('',*,*,#148270,.T.);
#148290=CARTESIAN_POINT('',(-83.5319819999983,-1.419594,
-0.500000000000028));
#148300=DIRECTION('',(-1.,1.22460635382238E-16,0.));
#148310=VECTOR('',#148300,1.);
#148320=LINE('',#148290,#148310);
#148330=EDGE_CURVE('',#147810,#148260,#148320,.T.);
#148340=ORIENTED_EDGE('',*,*,#148330,.T.);
#148350=ORIENTED_EDGE('',*,*,#147820,.F.);
#148360=EDGE_LOOP('',(#148350,#148340,#148280,#148200));
#148370=FACE_OUTER_BOUND('',#148360,.T.);
#148380=ADVANCED_FACE('',(#148370),#148120,.F.);
#148390=COLOUR_RGB('',1.,1.,0.);
#148400=FILL_AREA_STYLE_COLOUR('',#148390);
#148410=FILL_AREA_STYLE('',(#148400));
#148420=SURFACE_STYLE_FILL_AREA(#148410);
#148430=SURFACE_SIDE_STYLE('',(#148420));
#148440=SURFACE_STYLE_USAGE(.BOTH.,#148430);
#148450=PRESENTATION_STYLE_ASSIGNMENT((#148440));
#148460=CARTESIAN_POINT('',(-3.96010000000007,-0.949594,
-0.500000000000028));
#148470=DIRECTION('',(0.946772744819713,-1.15942391893207E-16,
-0.321902733238702));
#148480=DIRECTION('',(0.321902733238702,-3.94204132436905E-17,
0.946772744819713));
#148490=AXIS2_PLACEMENT_3D('',#148460,#148470,#148480);
#148500=PLANE('',#148490);
#148510=CARTESIAN_POINT('',(-4.13010000000007,-6.789188,-1.));
#148520=DIRECTION('',(-1.22460635382238E-16,-1.,0.));
#148530=VECTOR('',#148520,1.);
#148540=LINE('',#148510,#148530);
#148550=CARTESIAN_POINT('',(-4.13010000000003,-0.949594,
-0.999999999999915));
#148560=VERTEX_POINT('',#148550);
#148570=EDGE_CURVE('',#148560,#148180,#148540,.T.);
#148580=ORIENTED_EDGE('',*,*,#148570,.T.);
#148590=CARTESIAN_POINT('',(-49.7776098800001,44.6979158799974,
-135.257382));
#148600=DIRECTION('',(0.306418239913664,-0.306418239913647,
0.90123011739313));
#148610=VECTOR('',#148600,1.);
#148620=LINE('',#148590,#148610);
#148630=CARTESIAN_POINT('',(-3.96010000000007,-1.119594,
-0.500000000000028));
#148640=VERTEX_POINT('',#148630);
#148650=EDGE_CURVE('',#148560,#148640,#148620,.T.);
#148660=ORIENTED_EDGE('',*,*,#148650,.F.);
#148670=CARTESIAN_POINT('',(-3.96010000000007,-6.789188,
-0.500000000000028));
#148680=DIRECTION('',(1.22460635382238E-16,1.,0.));
#148690=VECTOR('',#148680,1.);
#148700=LINE('',#148670,#148690);
#148710=EDGE_CURVE('',#148260,#148640,#148700,.T.);
#148720=ORIENTED_EDGE('',*,*,#148710,.T.);
#148730=ORIENTED_EDGE('',*,*,#148270,.F.);
#148740=EDGE_LOOP('',(#148730,#148720,#148660,#148580));
#148750=FACE_OUTER_BOUND('',#148740,.T.);
#148760=ADVANCED_FACE('',(#148750),#148500,.F.);
#148770=COLOUR_RGB('',1.,1.,0.);
#148780=FILL_AREA_STYLE_COLOUR('',#148770);
#148790=FILL_AREA_STYLE('',(#148780));
#148800=SURFACE_STYLE_FILL_AREA(#148790);
#148810=SURFACE_SIDE_STYLE('',(#148800));
#148820=SURFACE_STYLE_USAGE(.BOTH.,#148810);
#148830=PRESENTATION_STYLE_ASSIGNMENT((#148820));
#148840=CARTESIAN_POINT('',(-4.13010000000007,-1.589594,-13.2));
#148850=DIRECTION('',(-1.,1.22460635382238E-16,-0.));
#148860=DIRECTION('',(1.22460635382238E-16,1.,0.));
#148870=AXIS2_PLACEMENT_3D('',#148840,#148850,#148860);
#148880=PLANE('',#148870);
#148890=CARTESIAN_POINT('',(-4.13010000000007,-0.949594,-135.257382));
#148900=DIRECTION('',(0.,-0.,-1.));
#148910=VECTOR('',#148900,1.);
#148920=LINE('',#148890,#148910);
#148930=EDGE_CURVE('',#148560,#23920,#148920,.T.);
#148940=ORIENTED_EDGE('',*,*,#148930,.T.);
#148950=ORIENTED_EDGE('',*,*,#148570,.F.);
#148960=CARTESIAN_POINT('',(-4.13010000000007,-1.589594,-135.257382));
#148970=DIRECTION('',(0.,0.,1.));
#148980=VECTOR('',#148970,1.);
#148990=LINE('',#148960,#148980);
#149000=EDGE_CURVE('',#23740,#148180,#148990,.T.);
#149010=ORIENTED_EDGE('',*,*,#149000,.T.);
#149020=ORIENTED_EDGE('',*,*,#23990,.T.);
#149030=EDGE_LOOP('',(#149020,#149010,#148950,#148940));
#149040=FACE_OUTER_BOUND('',#149030,.T.);
#149050=ADVANCED_FACE('',(#149040),#148880,.T.);
#149060=COLOUR_RGB('',1.,1.,0.);
#149070=FILL_AREA_STYLE_COLOUR('',#149060);
#149080=FILL_AREA_STYLE('',(#149070));
#149090=SURFACE_STYLE_FILL_AREA(#149080);
#149100=SURFACE_SIDE_STYLE('',(#149090));
#149110=SURFACE_STYLE_USAGE(.BOTH.,#149100);
#149120=PRESENTATION_STYLE_ASSIGNMENT((#149110));
#149130=CARTESIAN_POINT('',(-4.13010000000007,-0.949594,-13.2));
#149140=DIRECTION('',(1.22460635382238E-16,1.,0.));
#149150=DIRECTION('',(1.,-1.22460635382238E-16,0.));
#149160=AXIS2_PLACEMENT_3D('',#149130,#149140,#149150);
#149170=PLANE('',#149160);
#149180=ORIENTED_EDGE('',*,*,#147570,.T.);
#149190=CARTESIAN_POINT('',(-83.5319819999983,-0.949593999999991,
-1.00000000000006));
#149200=DIRECTION('',(-1.,1.22460635382238E-16,0.));
#149210=VECTOR('',#149200,1.);
#149220=LINE('',#149190,#149210);
#149230=EDGE_CURVE('',#147500,#148560,#149220,.T.);
#149240=ORIENTED_EDGE('',*,*,#149230,.F.);
#149250=ORIENTED_EDGE('',*,*,#148930,.F.);
#149260=ORIENTED_EDGE('',*,*,#23930,.T.);
#149270=EDGE_LOOP('',(#149260,#149250,#149240,#149180));
#149280=FACE_OUTER_BOUND('',#149270,.T.);
#149290=ADVANCED_FACE('',(#149280),#149170,.T.);
#149300=COLOUR_RGB('',1.,1.,0.);
#149310=FILL_AREA_STYLE_COLOUR('',#149300);
#149320=FILL_AREA_STYLE('',(#149310));
#149330=SURFACE_STYLE_FILL_AREA(#149320);
#149340=SURFACE_SIDE_STYLE('',(#149330));
#149350=SURFACE_STYLE_USAGE(.BOTH.,#149340);
#149360=PRESENTATION_STYLE_ASSIGNMENT((#149350));
#149370=CARTESIAN_POINT('',(-4.13010000000007,-0.949594,
-1.00000000000003));
#149380=DIRECTION('',(-1.15942391893208E-16,-0.946772744819718,
-0.321902733238686));
#149390=DIRECTION('',(3.94204132436885E-17,0.321902733238686,
-0.946772744819718));
#149400=AXIS2_PLACEMENT_3D('',#149370,#149380,#149390);
#149410=PLANE('',#149400);
#149420=CARTESIAN_POINT('',(-83.5319819999983,-1.11959399999998,
-0.500000000000028));
#149430=DIRECTION('',(-1.,1.22460635382238E-16,0.));
#149440=VECTOR('',#149430,1.);
#149450=LINE('',#149420,#149440);
#149460=EDGE_CURVE('',#147890,#148640,#149450,.T.);
#149470=ORIENTED_EDGE('',*,*,#149460,.F.);
#149480=ORIENTED_EDGE('',*,*,#148650,.T.);
#149490=ORIENTED_EDGE('',*,*,#149230,.T.);
#149500=ORIENTED_EDGE('',*,*,#147960,.T.);
#149510=EDGE_LOOP('',(#149500,#149490,#149480,#149470));
#149520=FACE_OUTER_BOUND('',#149510,.T.);
#149530=ADVANCED_FACE('',(#149520),#149410,.F.);
#149540=COLOUR_RGB('',1.,1.,0.);
#149550=FILL_AREA_STYLE_COLOUR('',#149540);
#149560=FILL_AREA_STYLE('',(#149550));
#149570=SURFACE_STYLE_FILL_AREA(#149560);
#149580=SURFACE_SIDE_STYLE('',(#149570));
#149590=SURFACE_STYLE_USAGE(.BOTH.,#149580);
#149600=PRESENTATION_STYLE_ASSIGNMENT((#149590));
#149610=CARTESIAN_POINT('',(-3.96034105987374,-1.27446166094131,
-0.500000000000028));
#149620=DIRECTION('',(0.,0.,1.));
#149630=DIRECTION('',(-1.,1.22460635382238E-16,0.));
#149640=AXIS2_PLACEMENT_3D('',#149610,#149620,#149630);
#149650=PLANE('',#149640);
#149660=ORIENTED_EDGE('',*,*,#148710,.F.);
#149670=ORIENTED_EDGE('',*,*,#149460,.T.);
#149680=ORIENTED_EDGE('',*,*,#147900,.F.);
#149690=ORIENTED_EDGE('',*,*,#148330,.F.);
#149700=EDGE_LOOP('',(#149690,#149680,#149670,#149660));
#149710=FACE_OUTER_BOUND('',#149700,.T.);
#149720=ADVANCED_FACE('',(#149710),#149650,.T.);
#149730=COLOUR_RGB('',1.,1.,0.);
#149740=FILL_AREA_STYLE_COLOUR('',#149730);
#149750=FILL_AREA_STYLE('',(#149740));
#149760=SURFACE_STYLE_FILL_AREA(#149750);
#149770=SURFACE_SIDE_STYLE('',(#149760));
#149780=SURFACE_STYLE_USAGE(.BOTH.,#149770);
#149790=PRESENTATION_STYLE_ASSIGNMENT((#149780));
#149800=CARTESIAN_POINT('',(-3.49010000000007,-1.589594,-13.2));
#149810=DIRECTION('',(-1.22460635382238E-16,-1.,0.));
#149820=DIRECTION('',(-1.,1.22460635382238E-16,0.));
#149830=AXIS2_PLACEMENT_3D('',#149800,#149810,#149820);
#149840=PLANE('',#149830);
#149850=ORIENTED_EDGE('',*,*,#149000,.F.);
#149860=ORIENTED_EDGE('',*,*,#148190,.T.);
#149870=ORIENTED_EDGE('',*,*,#147430,.F.);
#149880=ORIENTED_EDGE('',*,*,#23770,.T.);
#149890=EDGE_LOOP('',(#149880,#149870,#149860,#149850));
#149900=FACE_OUTER_BOUND('',#149890,.T.);
#149910=ADVANCED_FACE('',(#149900),#149840,.T.);
#149920=COLOUR_RGB('',1.,1.,0.);
#149930=FILL_AREA_STYLE_COLOUR('',#149920);
#149940=FILL_AREA_STYLE('',(#149930));
#149950=SURFACE_STYLE_FILL_AREA(#149940);
#149960=SURFACE_SIDE_STYLE('',(#149950));
#149970=SURFACE_STYLE_USAGE(.BOTH.,#149960);
#149980=PRESENTATION_STYLE_ASSIGNMENT((#149970));
#149990=CARTESIAN_POINT('',(-11.1101000000001,1.590406,-13.2));
#150000=DIRECTION('',(1.,-1.22460635382238E-16,0.));
#150010=DIRECTION('',(-1.22460635382238E-16,-1.,0.));
#150020=AXIS2_PLACEMENT_3D('',#149990,#150000,#150010);
#150030=PLANE('',#150020);
#150040=CARTESIAN_POINT('',(-11.1101000000001,0.950406000000001,
-135.257382));
#150050=DIRECTION('',(0.,-0.,-1.));
#150060=VECTOR('',#150050,1.);
#150070=LINE('',#150040,#150060);
#150080=CARTESIAN_POINT('',(-11.1101000000001,0.950406,-1.00000000000006
));
#150090=VERTEX_POINT('',#150080);
#150100=EDGE_CURVE('',#150090,#24260,#150070,.T.);
#150110=ORIENTED_EDGE('',*,*,#150100,.T.);
#150120=CARTESIAN_POINT('',(-11.1101000000001,-4.249188,
-1.00000000000003));
#150130=DIRECTION('',(-1.22460635382238E-16,-1.,0.));
#150140=VECTOR('',#150130,1.);
#150150=LINE('',#150120,#150140);
#150160=CARTESIAN_POINT('',(-11.1101000000001,1.590406,
-0.999999999999972));
#150170=VERTEX_POINT('',#150160);
#150180=EDGE_CURVE('',#150170,#150090,#150150,.T.);
#150190=ORIENTED_EDGE('',*,*,#150180,.T.);
#150200=CARTESIAN_POINT('',(-11.1101000000001,1.590406,-135.257382));
#150210=DIRECTION('',(0.,-0.,-1.));
#150220=VECTOR('',#150210,1.);
#150230=LINE('',#150200,#150220);
#150240=EDGE_CURVE('',#150170,#24080,#150230,.T.);
#150250=ORIENTED_EDGE('',*,*,#150240,.F.);
#150260=ORIENTED_EDGE('',*,*,#24330,.T.);
#150270=EDGE_LOOP('',(#150260,#150250,#150190,#150110));
#150280=FACE_OUTER_BOUND('',#150270,.T.);
#150290=ADVANCED_FACE('',(#150280),#150030,.T.);
#150300=COLOUR_RGB('',1.,1.,0.);
#150310=FILL_AREA_STYLE_COLOUR('',#150300);
#150320=FILL_AREA_STYLE('',(#150310));
#150330=SURFACE_STYLE_FILL_AREA(#150320);
#150340=SURFACE_SIDE_STYLE('',(#150330));
#150350=SURFACE_STYLE_USAGE(.BOTH.,#150340);
#150360=PRESENTATION_STYLE_ASSIGNMENT((#150350));
#150370=CARTESIAN_POINT('',(-11.1101000000001,0.950406000000001,-13.2));
#150380=DIRECTION('',(-1.22460635382238E-16,-1.,0.));
#150390=DIRECTION('',(-1.,1.22460635382238E-16,0.));
#150400=AXIS2_PLACEMENT_3D('',#150370,#150380,#150390);
#150410=PLANE('',#150400);
#150420=CARTESIAN_POINT('',(-11.7501000000001,0.950406000000001,
-135.257382));
#150430=DIRECTION('',(0.,0.,1.));
#150440=VECTOR('',#150430,1.);
#150450=LINE('',#150420,#150440);
#150460=CARTESIAN_POINT('',(-11.7501000000001,0.950406,-1.00000000000006
));
#150470=VERTEX_POINT('',#150460);
#150480=EDGE_CURVE('',#24180,#150470,#150450,.T.);
#150490=ORIENTED_EDGE('',*,*,#150480,.F.);
#150500=CARTESIAN_POINT('',(-91.1519819999983,0.95040600000001,
-1.00000000000006));
#150510=DIRECTION('',(-1.,1.22460635382238E-16,0.));
#150520=VECTOR('',#150510,1.);
#150530=LINE('',#150500,#150520);
#150540=EDGE_CURVE('',#150090,#150470,#150530,.T.);
#150550=ORIENTED_EDGE('',*,*,#150540,.T.);
#150560=ORIENTED_EDGE('',*,*,#150100,.F.);
#150570=ORIENTED_EDGE('',*,*,#24270,.T.);
#150580=EDGE_LOOP('',(#150570,#150560,#150550,#150490));
#150590=FACE_OUTER_BOUND('',#150580,.T.);
#150600=ADVANCED_FACE('',(#150590),#150410,.T.);
#150610=COLOUR_RGB('',1.,1.,0.);
#150620=FILL_AREA_STYLE_COLOUR('',#150610);
#150630=FILL_AREA_STYLE('',(#150620));
#150640=SURFACE_STYLE_FILL_AREA(#150630);
#150650=SURFACE_SIDE_STYLE('',(#150640));
#150660=SURFACE_STYLE_USAGE(.BOTH.,#150650);
#150670=PRESENTATION_STYLE_ASSIGNMENT((#150660));
#150680=CARTESIAN_POINT('',(-11.7501000000001,0.950406000000001,-13.2));
#150690=DIRECTION('',(-1.,1.22460635382238E-16,-0.));
#150700=DIRECTION('',(1.22460635382238E-16,1.,0.));
#150710=AXIS2_PLACEMENT_3D('',#150680,#150690,#150700);
#150720=PLANE('',#150710);
#150730=CARTESIAN_POINT('',(-11.7501000000001,1.590406,-135.257382));
#150740=DIRECTION('',(0.,-0.,-1.));
#150750=VECTOR('',#150740,1.);
#150760=LINE('',#150730,#150750);
#150770=CARTESIAN_POINT('',(-11.7501,1.590406,-0.999999999999915));
#150780=VERTEX_POINT('',#150770);
#150790=EDGE_CURVE('',#150780,#24100,#150760,.T.);
#150800=ORIENTED_EDGE('',*,*,#150790,.T.);
#150810=CARTESIAN_POINT('',(-11.7501000000001,-4.249188,-1.));
#150820=DIRECTION('',(-1.22460635382238E-16,-1.,0.));
#150830=VECTOR('',#150820,1.);
#150840=LINE('',#150810,#150830);
#150850=EDGE_CURVE('',#150780,#150470,#150840,.T.);
#150860=ORIENTED_EDGE('',*,*,#150850,.F.);
#150870=ORIENTED_EDGE('',*,*,#150480,.T.);
#150880=ORIENTED_EDGE('',*,*,#24190,.T.);
#150890=EDGE_LOOP('',(#150880,#150870,#150860,#150800));
#150900=FACE_OUTER_BOUND('',#150890,.T.);
#150910=ADVANCED_FACE('',(#150900),#150720,.T.);
#150920=COLOUR_RGB('',1.,1.,0.);
#150930=FILL_AREA_STYLE_COLOUR('',#150920);
#150940=FILL_AREA_STYLE('',(#150930));
#150950=SURFACE_STYLE_FILL_AREA(#150940);
#150960=SURFACE_SIDE_STYLE('',(#150950));
#150970=SURFACE_STYLE_USAGE(.BOTH.,#150960);
#150980=PRESENTATION_STYLE_ASSIGNMENT((#150970));
#150990=CARTESIAN_POINT('',(-11.5801000000001,1.590406,
-0.500000000000028));
#151000=DIRECTION('',(0.946772744819713,-1.15942391893207E-16,
-0.321902733238702));
#151010=DIRECTION('',(0.321902733238702,-3.94204132436905E-17,
0.946772744819713));
#151020=AXIS2_PLACEMENT_3D('',#150990,#151000,#151010);
#151030=PLANE('',#151020);
#151040=ORIENTED_EDGE('',*,*,#150850,.T.);
#151050=CARTESIAN_POINT('',(-57.3976098800001,47.2379158799974,
-135.257382));
#151060=DIRECTION('',(0.306418239913664,-0.306418239913647,
0.90123011739313));
#151070=VECTOR('',#151060,1.);
#151080=LINE('',#151050,#151070);
#151090=CARTESIAN_POINT('',(-11.5801000000001,1.420406,
-0.500000000000028));
#151100=VERTEX_POINT('',#151090);
#151110=EDGE_CURVE('',#150780,#151100,#151080,.T.);
#151120=ORIENTED_EDGE('',*,*,#151110,.F.);
#151130=CARTESIAN_POINT('',(-11.5801000000001,-4.249188,
-0.500000000000028));
#151140=DIRECTION('',(1.22460635382238E-16,1.,0.));
#151150=VECTOR('',#151140,1.);
#151160=LINE('',#151130,#151150);
#151170=CARTESIAN_POINT('',(-11.5801000000001,1.12040599999998,
-0.500000000000057));
#151180=VERTEX_POINT('',#151170);
#151190=EDGE_CURVE('',#151180,#151100,#151160,.T.);
#151200=ORIENTED_EDGE('',*,*,#151190,.T.);
#151210=CARTESIAN_POINT('',(-57.3976098800001,-44.6971038799974,
-135.257382));
#151220=DIRECTION('',(-0.306418239913664,-0.306418239913647,
-0.90123011739313));
#151230=VECTOR('',#151220,1.);
#151240=LINE('',#151210,#151230);
#151250=EDGE_CURVE('',#151180,#150470,#151240,.T.);
#151260=ORIENTED_EDGE('',*,*,#151250,.F.);
#151270=EDGE_LOOP('',(#151260,#151200,#151120,#151040));
#151280=FACE_OUTER_BOUND('',#151270,.T.);
#151290=ADVANCED_FACE('',(#151280),#151030,.F.);
#151300=COLOUR_RGB('',1.,1.,0.);
#151310=FILL_AREA_STYLE_COLOUR('',#151300);
#151320=FILL_AREA_STYLE('',(#151310));
#151330=SURFACE_STYLE_FILL_AREA(#151320);
#151340=SURFACE_SIDE_STYLE('',(#151330));
#151350=SURFACE_STYLE_USAGE(.BOTH.,#151340);
#151360=PRESENTATION_STYLE_ASSIGNMENT((#151350));
#151370=CARTESIAN_POINT('',(-11.7501000000001,1.120406,-0.5));
#151380=DIRECTION('',(1.15942391893208E-16,0.946772744819718,
-0.321902733238686));
#151390=DIRECTION('',(3.94204132436885E-17,0.321902733238686,
0.946772744819718));
#151400=AXIS2_PLACEMENT_3D('',#151370,#151380,#151390);
#151410=PLANE('',#151400);
#151420=ORIENTED_EDGE('',*,*,#150540,.F.);
#151430=ORIENTED_EDGE('',*,*,#151250,.T.);
#151440=CARTESIAN_POINT('',(-91.1519819999983,1.120406,
-0.500000000000028));
#151450=DIRECTION('',(-1.,1.22460635382238E-16,0.));
#151460=VECTOR('',#151450,1.);
#151470=LINE('',#151440,#151460);
#151480=CARTESIAN_POINT('',(-11.2801,1.12040599999998,-0.500000000000085
));
#151490=VERTEX_POINT('',#151480);
#151500=EDGE_CURVE('',#151490,#151180,#151470,.T.);
#151510=ORIENTED_EDGE('',*,*,#151500,.T.);
#151520=CARTESIAN_POINT('',(34.5374098799999,-44.6971038799974,
-135.257382));
#151530=DIRECTION('',(0.306418239913664,-0.306418239913647,
-0.90123011739313));
#151540=VECTOR('',#151530,1.);
#151550=LINE('',#151520,#151540);
#151560=EDGE_CURVE('',#151490,#150090,#151550,.T.);
#151570=ORIENTED_EDGE('',*,*,#151560,.F.);
#151580=EDGE_LOOP('',(#151570,#151510,#151430,#151420));
#151590=FACE_OUTER_BOUND('',#151580,.T.);
#151600=ADVANCED_FACE('',(#151590),#151410,.F.);
#151610=COLOUR_RGB('',1.,1.,0.);
#151620=FILL_AREA_STYLE_COLOUR('',#151610);
#151630=FILL_AREA_STYLE('',(#151620));
#151640=SURFACE_STYLE_FILL_AREA(#151630);
#151650=SURFACE_SIDE_STYLE('',(#151640));
#151660=SURFACE_STYLE_USAGE(.BOTH.,#151650);
#151670=PRESENTATION_STYLE_ASSIGNMENT((#151660));
#151680=CARTESIAN_POINT('',(-11.5803410598737,1.26553833905869,
-0.500000000000028));
#151690=DIRECTION('',(0.,0.,1.));
#151700=DIRECTION('',(-1.,1.22460635382238E-16,0.));
#151710=AXIS2_PLACEMENT_3D('',#151680,#151690,#151700);
#151720=PLANE('',#151710);
#151730=ORIENTED_EDGE('',*,*,#151190,.F.);
#151740=CARTESIAN_POINT('',(-91.1519819999983,1.42040600000002,
-0.500000000000028));
#151750=DIRECTION('',(-1.,1.22460635382238E-16,0.));
#151760=VECTOR('',#151750,1.);
#151770=LINE('',#151740,#151760);
#151780=CARTESIAN_POINT('',(-11.2801,1.420406,-0.500000000000028));
#151790=VERTEX_POINT('',#151780);
#151800=EDGE_CURVE('',#151790,#151100,#151770,.T.);
#151810=ORIENTED_EDGE('',*,*,#151800,.T.);
#151820=CARTESIAN_POINT('',(-11.2801,-4.249188,-0.500000000000028));
#151830=DIRECTION('',(-1.22460635382238E-16,-1.,0.));
#151840=VECTOR('',#151830,1.);
#151850=LINE('',#151820,#151840);
#151860=EDGE_CURVE('',#151790,#151490,#151850,.T.);
#151870=ORIENTED_EDGE('',*,*,#151860,.F.);
#151880=ORIENTED_EDGE('',*,*,#151500,.F.);
#151890=EDGE_LOOP('',(#151880,#151870,#151810,#151730));
#151900=FACE_OUTER_BOUND('',#151890,.T.);
#151910=ADVANCED_FACE('',(#151900),#151720,.T.);
#151920=COLOUR_RGB('',1.,1.,0.);
#151930=FILL_AREA_STYLE_COLOUR('',#151920);
#151940=FILL_AREA_STYLE('',(#151930));
#151950=SURFACE_STYLE_FILL_AREA(#151940);
#151960=SURFACE_SIDE_STYLE('',(#151950));
#151970=SURFACE_STYLE_USAGE(.BOTH.,#151960);
#151980=PRESENTATION_STYLE_ASSIGNMENT((#151970));
#151990=CARTESIAN_POINT('',(-11.7501000000001,1.590406,-1.00000000000003
));
#152000=DIRECTION('',(-1.15942391893208E-16,-0.946772744819718,
-0.321902733238686));
#152010=DIRECTION('',(3.94204132436885E-17,0.321902733238686,
-0.946772744819718));
#152020=AXIS2_PLACEMENT_3D('',#151990,#152000,#152010);
#152030=PLANE('',#152020);
#152040=ORIENTED_EDGE('',*,*,#151800,.F.);
#152050=ORIENTED_EDGE('',*,*,#151110,.T.);
#152060=CARTESIAN_POINT('',(-91.1519819999983,1.59040600000001,
-1.00000000000006));
#152070=DIRECTION('',(-1.,1.22460635382238E-16,0.));
#152080=VECTOR('',#152070,1.);
#152090=LINE('',#152060,#152080);
#152100=EDGE_CURVE('',#150170,#150780,#152090,.T.);
#152110=ORIENTED_EDGE('',*,*,#152100,.T.);
#152120=CARTESIAN_POINT('',(34.5374098799999,47.2379158799974,
-135.257382));
#152130=DIRECTION('',(0.306418239913664,0.306418239913647,
-0.90123011739313));
#152140=VECTOR('',#152130,1.);
#152150=LINE('',#152120,#152140);
#152160=EDGE_CURVE('',#151790,#150170,#152150,.T.);
#152170=ORIENTED_EDGE('',*,*,#152160,.T.);
#152180=EDGE_LOOP('',(#152170,#152110,#152050,#152040));
#152190=FACE_OUTER_BOUND('',#152180,.T.);
#152200=ADVANCED_FACE('',(#152190),#152030,.F.);
#152210=COLOUR_RGB('',1.,1.,0.);
#152220=FILL_AREA_STYLE_COLOUR('',#152210);
#152230=FILL_AREA_STYLE('',(#152220));
#152240=SURFACE_STYLE_FILL_AREA(#152230);
#152250=SURFACE_SIDE_STYLE('',(#152240));
#152260=SURFACE_STYLE_USAGE(.BOTH.,#152250);
#152270=PRESENTATION_STYLE_ASSIGNMENT((#152260));
#152280=CARTESIAN_POINT('',(-11.7501000000001,1.590406,-13.2));
#152290=DIRECTION('',(1.22460635382238E-16,1.,0.));
#152300=DIRECTION('',(1.,-1.22460635382238E-16,0.));
#152310=AXIS2_PLACEMENT_3D('',#152280,#152290,#152300);
#152320=PLANE('',#152310);
#152330=ORIENTED_EDGE('',*,*,#150240,.T.);
#152340=ORIENTED_EDGE('',*,*,#152100,.F.);
#152350=ORIENTED_EDGE('',*,*,#150790,.F.);
#152360=ORIENTED_EDGE('',*,*,#24110,.T.);
#152370=EDGE_LOOP('',(#152360,#152350,#152340,#152330));
#152380=FACE_OUTER_BOUND('',#152370,.T.);
#152390=ADVANCED_FACE('',(#152380),#152320,.T.);
#152400=COLOUR_RGB('',1.,1.,0.);
#152410=FILL_AREA_STYLE_COLOUR('',#152400);
#152420=FILL_AREA_STYLE('',(#152410));
#152430=SURFACE_STYLE_FILL_AREA(#152420);
#152440=SURFACE_SIDE_STYLE('',(#152430));
#152450=SURFACE_STYLE_USAGE(.BOTH.,#152440);
#152460=PRESENTATION_STYLE_ASSIGNMENT((#152450));
#152470=CARTESIAN_POINT('',(-11.1101000000001,1.590406,-1.00000000000003
));
#152480=DIRECTION('',(-0.946772744819713,1.15942391893207E-16,
-0.321902733238702));
#152490=DIRECTION('',(0.321902733238702,-3.94204132436905E-17,
-0.946772744819713));
#152500=AXIS2_PLACEMENT_3D('',#152470,#152480,#152490);
#152510=PLANE('',#152500);
#152520=ORIENTED_EDGE('',*,*,#150180,.F.);
#152530=ORIENTED_EDGE('',*,*,#151560,.T.);
#152540=ORIENTED_EDGE('',*,*,#151860,.T.);
#152550=ORIENTED_EDGE('',*,*,#152160,.F.);
#152560=EDGE_LOOP('',(#152550,#152540,#152530,#152520));
#152570=FACE_OUTER_BOUND('',#152560,.T.);
#152580=ADVANCED_FACE('',(#152570),#152510,.F.);
#152590=COLOUR_RGB('',1.,1.,0.);
#152600=FILL_AREA_STYLE_COLOUR('',#152590);
#152610=FILL_AREA_STYLE('',(#152600));
#152620=SURFACE_STYLE_FILL_AREA(#152610);
#152630=SURFACE_SIDE_STYLE('',(#152620));
#152640=SURFACE_STYLE_USAGE(.BOTH.,#152630);
#152650=PRESENTATION_STYLE_ASSIGNMENT((#152640));
#152660=CARTESIAN_POINT('',(-6.03010000000008,0.950405999999999,-13.2));
#152670=DIRECTION('',(-1.22460635382238E-16,-1.,0.));
#152680=DIRECTION('',(-1.,1.22460635382238E-16,0.));
#152690=AXIS2_PLACEMENT_3D('',#152660,#152670,#152680);
#152700=PLANE('',#152690);
#152710=CARTESIAN_POINT('',(-6.67010000000008,0.950406,-135.257382));
#152720=DIRECTION('',(0.,0.,1.));
#152730=VECTOR('',#152720,1.);
#152740=LINE('',#152710,#152730);
#152750=CARTESIAN_POINT('',(-6.67010000000008,0.950405999999999,
-1.00000000000006));
#152760=VERTEX_POINT('',#152750);
#152770=EDGE_CURVE('',#24600,#152760,#152740,.T.);
#152780=ORIENTED_EDGE('',*,*,#152770,.F.);
#152790=CARTESIAN_POINT('',(-86.0719819999983,0.950406000000008,
-1.00000000000006));
#152800=DIRECTION('',(-1.,1.22460635382238E-16,0.));
#152810=VECTOR('',#152800,1.);
#152820=LINE('',#152790,#152810);
#152830=CARTESIAN_POINT('',(-6.03010000000006,0.950405999999998,
-1.00000000000006));
#152840=VERTEX_POINT('',#152830);
#152850=EDGE_CURVE('',#152840,#152760,#152820,.T.);
#152860=ORIENTED_EDGE('',*,*,#152850,.T.);
#152870=CARTESIAN_POINT('',(-6.03010000000006,0.950405999999999,
-135.257382));
#152880=DIRECTION('',(0.,-0.,-1.));
#152890=VECTOR('',#152880,1.);
#152900=LINE('',#152870,#152890);
#152910=EDGE_CURVE('',#152840,#24420,#152900,.T.);
#152920=ORIENTED_EDGE('',*,*,#152910,.F.);
#152930=ORIENTED_EDGE('',*,*,#24670,.T.);
#152940=EDGE_LOOP('',(#152930,#152920,#152860,#152780));
#152950=FACE_OUTER_BOUND('',#152940,.T.);
#152960=ADVANCED_FACE('',(#152950),#152700,.T.);
#152970=COLOUR_RGB('',1.,1.,0.);
#152980=FILL_AREA_STYLE_COLOUR('',#152970);
#152990=FILL_AREA_STYLE('',(#152980));
#153000=SURFACE_STYLE_FILL_AREA(#152990);
#153010=SURFACE_SIDE_STYLE('',(#153000));
#153020=SURFACE_STYLE_USAGE(.BOTH.,#153010);
#153030=PRESENTATION_STYLE_ASSIGNMENT((#153020));
#153040=CARTESIAN_POINT('',(-6.67010000000008,0.950406,-13.2));
#153050=DIRECTION('',(-1.,1.22460635382238E-16,-0.));
#153060=DIRECTION('',(1.22460635382238E-16,1.,0.));
#153070=AXIS2_PLACEMENT_3D('',#153040,#153050,#153060);
#153080=PLANE('',#153070);
#153090=CARTESIAN_POINT('',(-6.67010000000008,1.590406,-135.257382));
#153100=DIRECTION('',(0.,-0.,-1.));
#153110=VECTOR('',#153100,1.);
#153120=LINE('',#153090,#153110);
#153130=CARTESIAN_POINT('',(-6.67010000000003,1.590406,
-0.999999999999915));
#153140=VERTEX_POINT('',#153130);
#153150=EDGE_CURVE('',#153140,#24520,#153120,.T.);
#153160=ORIENTED_EDGE('',*,*,#153150,.T.);
#153170=CARTESIAN_POINT('',(-6.67010000000008,-4.249188,-1.));
#153180=DIRECTION('',(-1.22460635382238E-16,-1.,0.));
#153190=VECTOR('',#153180,1.);
#153200=LINE('',#153170,#153190);
#153210=EDGE_CURVE('',#153140,#152760,#153200,.T.);
#153220=ORIENTED_EDGE('',*,*,#153210,.F.);
#153230=ORIENTED_EDGE('',*,*,#152770,.T.);
#153240=ORIENTED_EDGE('',*,*,#24610,.T.);
#153250=EDGE_LOOP('',(#153240,#153230,#153220,#153160));
#153260=FACE_OUTER_BOUND('',#153250,.T.);
#153270=ADVANCED_FACE('',(#153260),#153080,.T.);
#153280=COLOUR_RGB('',1.,1.,0.);
#153290=FILL_AREA_STYLE_COLOUR('',#153280);
#153300=FILL_AREA_STYLE('',(#153290));
#153310=SURFACE_STYLE_FILL_AREA(#153300);
#153320=SURFACE_SIDE_STYLE('',(#153310));
#153330=SURFACE_STYLE_USAGE(.BOTH.,#153320);
#153340=PRESENTATION_STYLE_ASSIGNMENT((#153330));
#153350=CARTESIAN_POINT('',(-6.50010000000007,1.590406,
-0.500000000000028));
#153360=DIRECTION('',(0.946772744819713,-1.15942391893207E-16,
-0.321902733238702));
#153370=DIRECTION('',(0.321902733238702,-3.94204132436905E-17,
0.946772744819713));
#153380=AXIS2_PLACEMENT_3D('',#153350,#153360,#153370);
#153390=PLANE('',#153380);
#153400=ORIENTED_EDGE('',*,*,#153210,.T.);
#153410=CARTESIAN_POINT('',(-52.3176098800001,47.2379158799974,
-135.257382));
#153420=DIRECTION('',(0.306418239913664,-0.306418239913647,
0.90123011739313));
#153430=VECTOR('',#153420,1.);
#153440=LINE('',#153410,#153430);
#153450=CARTESIAN_POINT('',(-6.50010000000007,1.420406,
-0.500000000000028));
#153460=VERTEX_POINT('',#153450);
#153470=EDGE_CURVE('',#153140,#153460,#153440,.T.);
#153480=ORIENTED_EDGE('',*,*,#153470,.F.);
#153490=CARTESIAN_POINT('',(-6.50010000000007,-4.249188,
-0.500000000000028));
#153500=DIRECTION('',(1.22460635382238E-16,1.,0.));
#153510=VECTOR('',#153500,1.);
#153520=LINE('',#153490,#153510);
#153530=CARTESIAN_POINT('',(-6.50010000000009,1.12040599999998,
-0.500000000000057));
#153540=VERTEX_POINT('',#153530);
#153550=EDGE_CURVE('',#153540,#153460,#153520,.T.);
#153560=ORIENTED_EDGE('',*,*,#153550,.T.);
#153570=CARTESIAN_POINT('',(-52.3176098800001,-44.6971038799974,
-135.257382));
#153580=DIRECTION('',(-0.306418239913664,-0.306418239913647,
-0.90123011739313));
#153590=VECTOR('',#153580,1.);
#153600=LINE('',#153570,#153590);
#153610=EDGE_CURVE('',#153540,#152760,#153600,.T.);
#153620=ORIENTED_EDGE('',*,*,#153610,.F.);
#153630=EDGE_LOOP('',(#153620,#153560,#153480,#153400));
#153640=FACE_OUTER_BOUND('',#153630,.T.);
#153650=ADVANCED_FACE('',(#153640),#153390,.F.);
#153660=COLOUR_RGB('',1.,1.,0.);
#153670=FILL_AREA_STYLE_COLOUR('',#153660);
#153680=FILL_AREA_STYLE('',(#153670));
#153690=SURFACE_STYLE_FILL_AREA(#153680);
#153700=SURFACE_SIDE_STYLE('',(#153690));
#153710=SURFACE_STYLE_USAGE(.BOTH.,#153700);
#153720=PRESENTATION_STYLE_ASSIGNMENT((#153710));
#153730=CARTESIAN_POINT('',(-6.67010000000008,1.120406,-0.5));
#153740=DIRECTION('',(1.15942391893208E-16,0.946772744819718,
-0.321902733238686));
#153750=DIRECTION('',(3.94204132436885E-17,0.321902733238686,
0.946772744819718));
#153760=AXIS2_PLACEMENT_3D('',#153730,#153740,#153750);
#153770=PLANE('',#153760);
#153780=ORIENTED_EDGE('',*,*,#152850,.F.);
#153790=ORIENTED_EDGE('',*,*,#153610,.T.);
#153800=CARTESIAN_POINT('',(-86.0719819999983,1.120406,
-0.500000000000028));
#153810=DIRECTION('',(-1.,1.22460635382238E-16,0.));
#153820=VECTOR('',#153810,1.);
#153830=LINE('',#153800,#153820);
#153840=CARTESIAN_POINT('',(-6.20010000000003,1.12040599999998,
-0.500000000000085));
#153850=VERTEX_POINT('',#153840);
#153860=EDGE_CURVE('',#153850,#153540,#153830,.T.);
#153870=ORIENTED_EDGE('',*,*,#153860,.T.);
#153880=CARTESIAN_POINT('',(39.6174098799999,-44.6971038799974,
-135.257382));
#153890=DIRECTION('',(0.306418239913664,-0.306418239913647,
-0.90123011739313));
#153900=VECTOR('',#153890,1.);
#153910=LINE('',#153880,#153900);
#153920=EDGE_CURVE('',#153850,#152840,#153910,.T.);
#153930=ORIENTED_EDGE('',*,*,#153920,.F.);
#153940=EDGE_LOOP('',(#153930,#153870,#153790,#153780));
#153950=FACE_OUTER_BOUND('',#153940,.T.);
#153960=ADVANCED_FACE('',(#153950),#153770,.F.);
#153970=COLOUR_RGB('',1.,1.,0.);
#153980=FILL_AREA_STYLE_COLOUR('',#153970);
#153990=FILL_AREA_STYLE('',(#153980));
#154000=SURFACE_STYLE_FILL_AREA(#153990);
#154010=SURFACE_SIDE_STYLE('',(#154000));
#154020=SURFACE_STYLE_USAGE(.BOTH.,#154010);
#154030=PRESENTATION_STYLE_ASSIGNMENT((#154020));
#154040=CARTESIAN_POINT('',(-6.50034105987375,1.26553833905869,
-0.500000000000028));
#154050=DIRECTION('',(0.,0.,1.));
#154060=DIRECTION('',(-1.,1.22460635382238E-16,0.));
#154070=AXIS2_PLACEMENT_3D('',#154040,#154050,#154060);
#154080=PLANE('',#154070);
#154090=ORIENTED_EDGE('',*,*,#153550,.F.);
#154100=CARTESIAN_POINT('',(-86.0719819999983,1.42040600000002,
-0.500000000000028));
#154110=DIRECTION('',(-1.,1.22460635382238E-16,0.));
#154120=VECTOR('',#154110,1.);
#154130=LINE('',#154100,#154120);
#154140=CARTESIAN_POINT('',(-6.20010000000003,1.420406,
-0.500000000000028));
#154150=VERTEX_POINT('',#154140);
#154160=EDGE_CURVE('',#154150,#153460,#154130,.T.);
#154170=ORIENTED_EDGE('',*,*,#154160,.T.);
#154180=CARTESIAN_POINT('',(-6.20010000000003,-4.249188,
-0.500000000000028));
#154190=DIRECTION('',(-1.22460635382238E-16,-1.,0.));
#154200=VECTOR('',#154190,1.);
#154210=LINE('',#154180,#154200);
#154220=EDGE_CURVE('',#154150,#153850,#154210,.T.);
#154230=ORIENTED_EDGE('',*,*,#154220,.F.);
#154240=ORIENTED_EDGE('',*,*,#153860,.F.);
#154250=EDGE_LOOP('',(#154240,#154230,#154170,#154090));
#154260=FACE_OUTER_BOUND('',#154250,.T.);
#154270=ADVANCED_FACE('',(#154260),#154080,.T.);
#154280=COLOUR_RGB('',1.,1.,0.);
#154290=FILL_AREA_STYLE_COLOUR('',#154280);
#154300=FILL_AREA_STYLE('',(#154290));
#154310=SURFACE_STYLE_FILL_AREA(#154300);
#154320=SURFACE_SIDE_STYLE('',(#154310));
#154330=SURFACE_STYLE_USAGE(.BOTH.,#154320);
#154340=PRESENTATION_STYLE_ASSIGNMENT((#154330));
#154350=CARTESIAN_POINT('',(-6.03010000000006,1.590406,-1.00000000000003
));
#154360=DIRECTION('',(-0.946772744819713,1.15942391893207E-16,
-0.321902733238702));
#154370=DIRECTION('',(0.321902733238702,-3.94204132436905E-17,
-0.946772744819713));
#154380=AXIS2_PLACEMENT_3D('',#154350,#154360,#154370);
#154390=PLANE('',#154380);
#154400=CARTESIAN_POINT('',(-6.03010000000006,-4.249188,
-1.00000000000003));
#154410=DIRECTION('',(-1.22460635382238E-16,-1.,0.));
#154420=VECTOR('',#154410,1.);
#154430=LINE('',#154400,#154420);
#154440=CARTESIAN_POINT('',(-6.03010000000009,1.590406,
-0.999999999999972));
#154450=VERTEX_POINT('',#154440);
#154460=EDGE_CURVE('',#154450,#152840,#154430,.T.);
#154470=ORIENTED_EDGE('',*,*,#154460,.F.);
#154480=ORIENTED_EDGE('',*,*,#153920,.T.);
#154490=ORIENTED_EDGE('',*,*,#154220,.T.);
#154500=CARTESIAN_POINT('',(39.6174098799999,47.2379158799974,
-135.257382));
#154510=DIRECTION('',(0.306418239913664,0.306418239913647,
-0.90123011739313));
#154520=VECTOR('',#154510,1.);
#154530=LINE('',#154500,#154520);
#154540=EDGE_CURVE('',#154150,#154450,#154530,.T.);
#154550=ORIENTED_EDGE('',*,*,#154540,.F.);
#154560=EDGE_LOOP('',(#154550,#154490,#154480,#154470));
#154570=FACE_OUTER_BOUND('',#154560,.T.);
#154580=ADVANCED_FACE('',(#154570),#154390,.F.);
#154590=COLOUR_RGB('',1.,1.,0.);
#154600=FILL_AREA_STYLE_COLOUR('',#154590);
#154610=FILL_AREA_STYLE('',(#154600));
#154620=SURFACE_STYLE_FILL_AREA(#154610);
#154630=SURFACE_SIDE_STYLE('',(#154620));
#154640=SURFACE_STYLE_USAGE(.BOTH.,#154630);
#154650=PRESENTATION_STYLE_ASSIGNMENT((#154640));
#154660=CARTESIAN_POINT('',(-6.03010000000006,1.590406,-13.2));
#154670=DIRECTION('',(1.,-1.22460635382238E-16,0.));
#154680=DIRECTION('',(-1.22460635382238E-16,-1.,0.));
#154690=AXIS2_PLACEMENT_3D('',#154660,#154670,#154680);
#154700=PLANE('',#154690);
#154710=ORIENTED_EDGE('',*,*,#152910,.T.);
#154720=ORIENTED_EDGE('',*,*,#154460,.T.);
#154730=CARTESIAN_POINT('',(-6.03010000000006,1.590406,-135.257382));
#154740=DIRECTION('',(0.,-0.,-1.));
#154750=VECTOR('',#154740,1.);
#154760=LINE('',#154730,#154750);
#154770=EDGE_CURVE('',#154450,#24440,#154760,.T.);
#154780=ORIENTED_EDGE('',*,*,#154770,.F.);
#154790=ORIENTED_EDGE('',*,*,#24450,.T.);
#154800=EDGE_LOOP('',(#154790,#154780,#154720,#154710));
#154810=FACE_OUTER_BOUND('',#154800,.T.);
#154820=ADVANCED_FACE('',(#154810),#154700,.T.);
#154830=COLOUR_RGB('',1.,1.,0.);
#154840=FILL_AREA_STYLE_COLOUR('',#154830);
#154850=FILL_AREA_STYLE('',(#154840));
#154860=SURFACE_STYLE_FILL_AREA(#154850);
#154870=SURFACE_SIDE_STYLE('',(#154860));
#154880=SURFACE_STYLE_USAGE(.BOTH.,#154870);
#154890=PRESENTATION_STYLE_ASSIGNMENT((#154880));
#154900=CARTESIAN_POINT('',(-6.67010000000008,1.590406,-13.2));
#154910=DIRECTION('',(1.22460635382238E-16,1.,0.));
#154920=DIRECTION('',(1.,-1.22460635382238E-16,0.));
#154930=AXIS2_PLACEMENT_3D('',#154900,#154910,#154920);
#154940=PLANE('',#154930);
#154950=ORIENTED_EDGE('',*,*,#154770,.T.);
#154960=CARTESIAN_POINT('',(-86.0719819999983,1.59040600000001,
-1.00000000000006));
#154970=DIRECTION('',(-1.,1.22460635382238E-16,0.));
#154980=VECTOR('',#154970,1.);
#154990=LINE('',#154960,#154980);
#155000=EDGE_CURVE('',#154450,#153140,#154990,.T.);
#155010=ORIENTED_EDGE('',*,*,#155000,.F.);
#155020=ORIENTED_EDGE('',*,*,#153150,.F.);
#155030=ORIENTED_EDGE('',*,*,#24530,.T.);
#155040=EDGE_LOOP('',(#155030,#155020,#155010,#154950));
#155050=FACE_OUTER_BOUND('',#155040,.T.);
#155060=ADVANCED_FACE('',(#155050),#154940,.T.);
#155070=COLOUR_RGB('',1.,1.,0.);
#155080=FILL_AREA_STYLE_COLOUR('',#155070);
#155090=FILL_AREA_STYLE('',(#155080));
#155100=SURFACE_STYLE_FILL_AREA(#155090);
#155110=SURFACE_SIDE_STYLE('',(#155100));
#155120=SURFACE_STYLE_USAGE(.BOTH.,#155110);
#155130=PRESENTATION_STYLE_ASSIGNMENT((#155120));
#155140=CARTESIAN_POINT('',(-6.67010000000008,1.590406,-1.00000000000003
));
#155150=DIRECTION('',(-1.15942391893208E-16,-0.946772744819718,
-0.321902733238686));
#155160=DIRECTION('',(3.94204132436885E-17,0.321902733238686,
-0.946772744819718));
#155170=AXIS2_PLACEMENT_3D('',#155140,#155150,#155160);
#155180=PLANE('',#155170);
#155190=ORIENTED_EDGE('',*,*,#154160,.F.);
#155200=ORIENTED_EDGE('',*,*,#153470,.T.);
#155210=ORIENTED_EDGE('',*,*,#155000,.T.);
#155220=ORIENTED_EDGE('',*,*,#154540,.T.);
#155230=EDGE_LOOP('',(#155220,#155210,#155200,#155190));
#155240=FACE_OUTER_BOUND('',#155230,.T.);
#155250=ADVANCED_FACE('',(#155240),#155180,.F.);
#155260=COLOUR_RGB('',1.,1.,0.);
#155270=FILL_AREA_STYLE_COLOUR('',#155260);
#155280=FILL_AREA_STYLE('',(#155270));
#155290=SURFACE_STYLE_FILL_AREA(#155280);
#155300=SURFACE_SIDE_STYLE('',(#155290));
#155310=SURFACE_STYLE_USAGE(.BOTH.,#155300);
#155320=PRESENTATION_STYLE_ASSIGNMENT((#155310));
#155330=CARTESIAN_POINT('',(-3.49010000000006,1.590406,-13.2));
#155340=DIRECTION('',(1.,-1.22460635382238E-16,0.));
#155350=DIRECTION('',(-1.22460635382238E-16,-1.,0.));
#155360=AXIS2_PLACEMENT_3D('',#155330,#155340,#155350);
#155370=PLANE('',#155360);
#155380=ORIENTED_EDGE('',*,*,#64120,.T.);
#155390=CARTESIAN_POINT('',(-3.49010000000006,-4.249188,
-1.00000000000003));
#155400=DIRECTION('',(-1.22460635382238E-16,-1.,0.));
#155410=VECTOR('',#155400,1.);
#155420=LINE('',#155390,#155410);
#155430=CARTESIAN_POINT('',(-3.49010000000008,1.590406,
-0.999999999999972));
#155440=VERTEX_POINT('',#155430);
#155450=EDGE_CURVE('',#155440,#64050,#155420,.T.);
#155460=ORIENTED_EDGE('',*,*,#155450,.T.);
#155470=CARTESIAN_POINT('',(-3.49010000000006,1.590406,-135.257382));
#155480=DIRECTION('',(0.,-0.,-1.));
#155490=VECTOR('',#155480,1.);
#155500=LINE('',#155470,#155490);
#155510=EDGE_CURVE('',#155440,#24860,#155500,.T.);
#155520=ORIENTED_EDGE('',*,*,#155510,.F.);
#155530=ORIENTED_EDGE('',*,*,#24870,.T.);
#155540=EDGE_LOOP('',(#155530,#155520,#155460,#155380));
#155550=FACE_OUTER_BOUND('',#155540,.T.);
#155560=ADVANCED_FACE('',(#155550),#155370,.T.);
#155570=COLOUR_RGB('',1.,1.,0.);
#155580=FILL_AREA_STYLE_COLOUR('',#155570);
#155590=FILL_AREA_STYLE('',(#155580));
#155600=SURFACE_STYLE_FILL_AREA(#155590);
#155610=SURFACE_SIDE_STYLE('',(#155600));
#155620=SURFACE_STYLE_USAGE(.BOTH.,#155610);
#155630=PRESENTATION_STYLE_ASSIGNMENT((#155620));
#155640=CARTESIAN_POINT('',(-3.49010000000006,1.590406,-1.00000000000003
));
#155650=DIRECTION('',(-0.946772744819713,1.15942391893207E-16,
-0.321902733238702));
#155660=DIRECTION('',(0.321902733238702,-3.94204132436905E-17,
-0.946772744819713));
#155670=AXIS2_PLACEMENT_3D('',#155640,#155650,#155660);
#155680=PLANE('',#155670);
#155690=ORIENTED_EDGE('',*,*,#155450,.F.);
#155700=CARTESIAN_POINT('',(42.1574098799999,-44.6971038799974,
-135.257382));
#155710=DIRECTION('',(0.306418239913664,-0.306418239913647,
-0.90123011739313));
#155720=VECTOR('',#155710,1.);
#155730=LINE('',#155700,#155720);
#155740=EDGE_CURVE('',#16210,#64050,#155730,.T.);
#155750=ORIENTED_EDGE('',*,*,#155740,.T.);
#155760=ORIENTED_EDGE('',*,*,#16220,.T.);
#155770=CARTESIAN_POINT('',(42.1574098799999,47.2379158799974,
-135.257382));
#155780=DIRECTION('',(0.306418239913664,0.306418239913647,
-0.90123011739313));
#155790=VECTOR('',#155780,1.);
#155800=LINE('',#155770,#155790);
#155810=EDGE_CURVE('',#16130,#155440,#155800,.T.);
#155820=ORIENTED_EDGE('',*,*,#155810,.F.);
#155830=EDGE_LOOP('',(#155820,#155760,#155750,#155690));
#155840=FACE_OUTER_BOUND('',#155830,.T.);
#155850=ADVANCED_FACE('',(#155840),#155680,.F.);
#155860=COLOUR_RGB('',1.,1.,0.);
#155870=FILL_AREA_STYLE_COLOUR('',#155860);
#155880=FILL_AREA_STYLE('',(#155870));
#155890=SURFACE_STYLE_FILL_AREA(#155880);
#155900=SURFACE_SIDE_STYLE('',(#155890));
#155910=SURFACE_STYLE_USAGE(.BOTH.,#155900);
#155920=PRESENTATION_STYLE_ASSIGNMENT((#155910));
#155930=CARTESIAN_POINT('',(-4.13010000000007,1.120406,-0.5));
#155940=DIRECTION('',(1.15942391893208E-16,0.946772744819718,
-0.321902733238686));
#155950=DIRECTION('',(3.94204132436885E-17,0.321902733238686,
0.946772744819718));
#155960=AXIS2_PLACEMENT_3D('',#155930,#155940,#155950);
#155970=PLANE('',#155960);
#155980=ORIENTED_EDGE('',*,*,#64060,.F.);
#155990=CARTESIAN_POINT('',(-49.7776098800001,-44.6971038799974,
-135.257382));
#156000=DIRECTION('',(-0.306418239913664,-0.306418239913647,
-0.90123011739313));
#156010=VECTOR('',#156000,1.);
#156020=LINE('',#155990,#156010);
#156030=EDGE_CURVE('',#16030,#63970,#156020,.T.);
#156040=ORIENTED_EDGE('',*,*,#156030,.T.);
#156050=ORIENTED_EDGE('',*,*,#16280,.T.);
#156060=ORIENTED_EDGE('',*,*,#155740,.F.);
#156070=EDGE_LOOP('',(#156060,#156050,#156040,#155980));
#156080=FACE_OUTER_BOUND('',#156070,.T.);
#156090=ADVANCED_FACE('',(#156080),#155970,.F.);
#156100=COLOUR_RGB('',1.,1.,0.);
#156110=FILL_AREA_STYLE_COLOUR('',#156100);
#156120=FILL_AREA_STYLE('',(#156110));
#156130=SURFACE_STYLE_FILL_AREA(#156120);
#156140=SURFACE_SIDE_STYLE('',(#156130));
#156150=SURFACE_STYLE_USAGE(.BOTH.,#156140);
#156160=PRESENTATION_STYLE_ASSIGNMENT((#156150));
#156170=CARTESIAN_POINT('',(-3.96010000000007,1.590406,
-0.500000000000028));
#156180=DIRECTION('',(0.946772744819713,-1.15942391893207E-16,
-0.321902733238702));
#156190=DIRECTION('',(0.321902733238702,-3.94204132436905E-17,
0.946772744819713));
#156200=AXIS2_PLACEMENT_3D('',#156170,#156180,#156190);
#156210=PLANE('',#156200);
#156220=CARTESIAN_POINT('',(-4.13010000000007,-4.249188,-1.));
#156230=DIRECTION('',(-1.22460635382238E-16,-1.,0.));
#156240=VECTOR('',#156230,1.);
#156250=LINE('',#156220,#156240);
#156260=CARTESIAN_POINT('',(-4.13010000000003,1.590406,
-0.999999999999915));
#156270=VERTEX_POINT('',#156260);
#156280=EDGE_CURVE('',#156270,#63970,#156250,.T.);
#156290=ORIENTED_EDGE('',*,*,#156280,.T.);
#156300=CARTESIAN_POINT('',(-49.7776098800001,47.2379158799974,
-135.257382));
#156310=DIRECTION('',(0.306418239913664,-0.306418239913647,
0.90123011739313));
#156320=VECTOR('',#156310,1.);
#156330=LINE('',#156300,#156320);
#156340=EDGE_CURVE('',#156270,#16050,#156330,.T.);
#156350=ORIENTED_EDGE('',*,*,#156340,.F.);
#156360=ORIENTED_EDGE('',*,*,#16060,.T.);
#156370=ORIENTED_EDGE('',*,*,#156030,.F.);
#156380=EDGE_LOOP('',(#156370,#156360,#156350,#156290));
#156390=FACE_OUTER_BOUND('',#156380,.T.);
#156400=ADVANCED_FACE('',(#156390),#156210,.F.);
#156410=COLOUR_RGB('',1.,1.,0.);
#156420=FILL_AREA_STYLE_COLOUR('',#156410);
#156430=FILL_AREA_STYLE('',(#156420));
#156440=SURFACE_STYLE_FILL_AREA(#156430);
#156450=SURFACE_SIDE_STYLE('',(#156440));
#156460=SURFACE_STYLE_USAGE(.BOTH.,#156450);
#156470=PRESENTATION_STYLE_ASSIGNMENT((#156460));
#156480=CARTESIAN_POINT('',(-4.13010000000007,0.950406,-13.2));
#156490=DIRECTION('',(-1.,1.22460635382238E-16,-0.));
#156500=DIRECTION('',(1.22460635382238E-16,1.,0.));
#156510=AXIS2_PLACEMENT_3D('',#156480,#156490,#156500);
#156520=PLANE('',#156510);
#156530=CARTESIAN_POINT('',(-4.13010000000007,1.590406,-135.257382));
#156540=DIRECTION('',(0.,-0.,-1.));
#156550=VECTOR('',#156540,1.);
#156560=LINE('',#156530,#156550);
#156570=EDGE_CURVE('',#156270,#24940,#156560,.T.);
#156580=ORIENTED_EDGE('',*,*,#156570,.T.);
#156590=ORIENTED_EDGE('',*,*,#156280,.F.);
#156600=ORIENTED_EDGE('',*,*,#63980,.T.);
#156610=ORIENTED_EDGE('',*,*,#25010,.T.);
#156620=EDGE_LOOP('',(#156610,#156600,#156590,#156580));
#156630=FACE_OUTER_BOUND('',#156620,.T.);
#156640=ADVANCED_FACE('',(#156630),#156520,.T.);
#156650=COLOUR_RGB('',1.,1.,0.);
#156660=FILL_AREA_STYLE_COLOUR('',#156650);
#156670=FILL_AREA_STYLE('',(#156660));
#156680=SURFACE_STYLE_FILL_AREA(#156670);
#156690=SURFACE_SIDE_STYLE('',(#156680));
#156700=SURFACE_STYLE_USAGE(.BOTH.,#156690);
#156710=PRESENTATION_STYLE_ASSIGNMENT((#156700));
#156720=CARTESIAN_POINT('',(-4.13010000000007,1.590406,-13.2));
#156730=DIRECTION('',(1.22460635382238E-16,1.,0.));
#156740=DIRECTION('',(1.,-1.22460635382238E-16,0.));
#156750=AXIS2_PLACEMENT_3D('',#156720,#156730,#156740);
#156760=PLANE('',#156750);
#156770=ORIENTED_EDGE('',*,*,#155510,.T.);
#156780=CARTESIAN_POINT('',(-83.5319819999983,1.59040600000001,
-1.00000000000006));
#156790=DIRECTION('',(-1.,1.22460635382238E-16,0.));
#156800=VECTOR('',#156790,1.);
#156810=LINE('',#156780,#156800);
#156820=EDGE_CURVE('',#155440,#156270,#156810,.T.);
#156830=ORIENTED_EDGE('',*,*,#156820,.F.);
#156840=ORIENTED_EDGE('',*,*,#156570,.F.);
#156850=ORIENTED_EDGE('',*,*,#24950,.T.);
#156860=EDGE_LOOP('',(#156850,#156840,#156830,#156770));
#156870=FACE_OUTER_BOUND('',#156860,.T.);
#156880=ADVANCED_FACE('',(#156870),#156760,.T.);
#156890=COLOUR_RGB('',1.,1.,0.);
#156900=FILL_AREA_STYLE_COLOUR('',#156890);
#156910=FILL_AREA_STYLE('',(#156900));
#156920=SURFACE_STYLE_FILL_AREA(#156910);
#156930=SURFACE_SIDE_STYLE('',(#156920));
#156940=SURFACE_STYLE_USAGE(.BOTH.,#156930);
#156950=PRESENTATION_STYLE_ASSIGNMENT((#156940));
#156960=CARTESIAN_POINT('',(-4.13010000000007,1.590406,-1.00000000000003
));
#156970=DIRECTION('',(-1.15942391893208E-16,-0.946772744819718,
-0.321902733238686));
#156980=DIRECTION('',(3.94204132436885E-17,0.321902733238686,
-0.946772744819718));
#156990=AXIS2_PLACEMENT_3D('',#156960,#156970,#156980);
#157000=PLANE('',#156990);
#157010=ORIENTED_EDGE('',*,*,#16140,.F.);
#157020=ORIENTED_EDGE('',*,*,#156340,.T.);
#157030=ORIENTED_EDGE('',*,*,#156820,.T.);
#157040=ORIENTED_EDGE('',*,*,#155810,.T.);
#157050=EDGE_LOOP('',(#157040,#157030,#157020,#157010));
#157060=FACE_OUTER_BOUND('',#157050,.T.);
#157070=ADVANCED_FACE('',(#157060),#157000,.F.);
#157080=COLOUR_RGB('',1.,1.,0.);
#157090=FILL_AREA_STYLE_COLOUR('',#157080);
#157100=FILL_AREA_STYLE('',(#157090));
#157110=SURFACE_STYLE_FILL_AREA(#157100);
#157120=SURFACE_SIDE_STYLE('',(#157110));
#157130=SURFACE_STYLE_USAGE(.BOTH.,#157120);
#157140=PRESENTATION_STYLE_ASSIGNMENT((#157130));
#157150=ORIENTED_EDGE('',*,*,#63110,.T.);
#157160=ORIENTED_EDGE('',*,*,#62230,.T.);
#157170=ORIENTED_EDGE('',*,*,#1500,.T.);
#157180=ORIENTED_EDGE('',*,*,#75330,.F.);
#157190=ORIENTED_EDGE('',*,*,#37330,.F.);
#157200=ORIENTED_EDGE('',*,*,#64790,.F.);
#157210=ORIENTED_EDGE('',*,*,#79750,.T.);
#157220=ORIENTED_EDGE('',*,*,#37820,.T.);
#157230=ORIENTED_EDGE('',*,*,#66700,.T.);
#157240=ORIENTED_EDGE('',*,*,#63440,.T.);
#157250=EDGE_CURVE('',#63340,#63660,#64340,.T.);
#157260=ORIENTED_EDGE('',*,*,#157250,.F.);
#157270=ORIENTED_EDGE('',*,*,#63820,.T.);
#157280=EDGE_LOOP('',(#157270,#157260,#157240,#157230,#157220,#157210,
#157200,#157190,#157180,#157170,#157160,#157150));
#157290=FACE_OUTER_BOUND('',#157280,.T.);
#157300=ADVANCED_FACE('',(#157290),#64290,.F.);
#157310=CARTESIAN_POINT('',(-11.4301083333296,3.700406,0.));
#157320=DIRECTION('',(0.,0.,1.));
#157330=DIRECTION('',(1.,0.,0.));
#157340=AXIS2_PLACEMENT_3D('',#157310,#157320,#157330);
#157350=PLANE('',#157340);
#157360=ORIENTED_EDGE('',*,*,#157250,.T.);
#157370=ORIENTED_EDGE('',*,*,#63350,.T.);
#157380=ORIENTED_EDGE('',*,*,#38910,.F.);
#157390=ORIENTED_EDGE('',*,*,#39560,.F.);
#157400=ORIENTED_EDGE('',*,*,#64350,.T.);
#157410=ORIENTED_EDGE('',*,*,#63690,.T.);
#157420=EDGE_LOOP('',(#157410,#157400,#157390,#157380,#157370,#157360));
#157430=FACE_OUTER_BOUND('',#157420,.T.);
#157440=ADVANCED_FACE('',(#157430),#157350,.T.);
#157450=ORIENTED_EDGE('',*,*,#36090,.F.);
#157460=ORIENTED_EDGE('',*,*,#36900,.F.);
#157470=ORIENTED_EDGE('',*,*,#52210,.T.);
#157480=ORIENTED_EDGE('',*,*,#36750,.T.);
#157490=EDGE_LOOP('',(#157480,#157470,#157460,#157450));
#157500=FACE_OUTER_BOUND('',#157490,.T.);
#157510=ADVANCED_FACE('',(#157500),#36680,.F.);
#157520=ORIENTED_EDGE('',*,*,#43950,.T.);
#157530=ORIENTED_EDGE('',*,*,#9880,.T.);
#157540=ORIENTED_EDGE('',*,*,#33160,.F.);
#157550=ORIENTED_EDGE('',*,*,#7450,.F.);
#157560=EDGE_LOOP('',(#157550,#157540,#157530,#157520));
#157570=FACE_OUTER_BOUND('',#157560,.T.);
#157580=ADVANCED_FACE('',(#157570),#7190,.T.);
#157590=ORIENTED_EDGE('',*,*,#44130,.T.);
#157600=ORIENTED_EDGE('',*,*,#53880,.T.);
#157610=ORIENTED_EDGE('',*,*,#33070,.F.);
#157620=ORIENTED_EDGE('',*,*,#51610,.F.);
#157630=EDGE_LOOP('',(#157620,#157610,#157600,#157590));
#157640=FACE_OUTER_BOUND('',#157630,.T.);
#157650=ADVANCED_FACE('',(#157640),#51490,.T.);
#157660=ORIENTED_EDGE('',*,*,#80790,.F.);
#157670=ORIENTED_EDGE('',*,*,#48230,.T.);
#157680=ORIENTED_EDGE('',*,*,#30540,.T.);
#157690=ORIENTED_EDGE('',*,*,#48380,.F.);
#157700=EDGE_LOOP('',(#157690,#157680,#157670,#157660));
#157710=FACE_OUTER_BOUND('',#157700,.T.);
#157720=ADVANCED_FACE('',(#157710),#48160,.F.);
#157730=ORIENTED_EDGE('',*,*,#77980,.T.);
#157740=ORIENTED_EDGE('',*,*,#56520,.F.);
#157750=ORIENTED_EDGE('',*,*,#41450,.F.);
#157760=ORIENTED_EDGE('',*,*,#6950,.T.);
#157770=EDGE_LOOP('',(#157760,#157750,#157740,#157730));
#157780=FACE_OUTER_BOUND('',#157770,.T.);
#157790=ADVANCED_FACE('',(#157780),#6770,.T.);
#157800=ORIENTED_EDGE('',*,*,#35950,.F.);
#157810=ORIENTED_EDGE('',*,*,#26680,.F.);
#157820=ORIENTED_EDGE('',*,*,#80840,.T.);
#157830=ORIENTED_EDGE('',*,*,#26510,.T.);
#157840=EDGE_LOOP('',(#157830,#157820,#157810,#157800));
#157850=FACE_OUTER_BOUND('',#157840,.T.);
#157860=ADVANCED_FACE('',(#157850),#26420,.F.);
#157870=ORIENTED_EDGE('',*,*,#75720,.F.);
#157880=ORIENTED_EDGE('',*,*,#53270,.T.);
#157890=ORIENTED_EDGE('',*,*,#30390,.T.);
#157900=ORIENTED_EDGE('',*,*,#53420,.F.);
#157910=EDGE_LOOP('',(#157900,#157890,#157880,#157870));
#157920=FACE_OUTER_BOUND('',#157910,.T.);
#157930=ADVANCED_FACE('',(#157920),#53200,.F.);
#157940=ORIENTED_EDGE('',*,*,#77940,.T.);
#157950=ORIENTED_EDGE('',*,*,#75010,.F.);
#157960=ORIENTED_EDGE('',*,*,#41560,.F.);
#157970=ORIENTED_EDGE('',*,*,#38110,.T.);
#157980=EDGE_LOOP('',(#157970,#157960,#157950,#157940));
#157990=FACE_OUTER_BOUND('',#157980,.T.);
#158000=ADVANCED_FACE('',(#157990),#37930,.T.);
#158010=CLOSED_SHELL('',(#6720,#7140,#7560,#7960,#8680,#8920,#9340,#9740
,#10140,#10540,#10940,#11250,#11670,#11980,#12380,#12780,#13180,#13580,
#13680,#14080,#14480,#14790,#15100,#15500,#15920,#16320,#16790,#17190,
#17500,#17970,#18280,#18680,#19100,#19500,#25050,#25810,#26370,#26790,
#27460,#28230,#28540,#29570,#29970,#30240,#31170,#31480,#33340,#33580,
#33750,#34690,#35270,#35670,#35890,#36630,#36950,#37190,#37500,#37880,
#38300,#38610,#39180,#39360,#39610,#41740,#41980,#42350,#42590,#42900,
#43170,#43490,#43800,#45460,#45880,#46060,#46280,#46590,#46760,#47500,
#48110,#48430,#48740,#48990,#49580,#49800,#50450,#50760,#50980,#51200,
#51440,#51660,#52150,#52480,#52650,#52960,#53150,#53470,#53780,#53950,
#54120,#54680,#55030,#55610,#55780,#55900,#56320,#56560,#56780,#57110,
#57440,#57610,#57850,#57970,#58090,#58400,#58650,#58820,#58940,#59250,
#59420,#59960,#60120,#60340,#60560,#60750,#60870,#60990,#61110,#62110,
#62420,#62730,#62920,#63220,#63540,#63860,#64170,#64610,#64850,#65030,
#65430,#65850,#66160,#66410,#66580,#66750,#67220,#67690,#67940,#68120,
#68520,#69300,#69520,#69770,#70150,#70280,#70450,#70620,#70790,#70910,
#71150,#71340,#71510,#71750,#71870,#72060,#72240,#72360,#72610,#73100,
#73410,#73570,#73740,#73930,#74170,#74290,#74570,#74740,#75050,#75230,
#75400,#75660,#75960,#76130,#76370,#76610,#76830,#77000,#77170,#77380,
#77580,#77720,#77840,#78610,#78730,#78850,#79170,#79340,#79460,#79830,
#80000,#80200,#80440,#80610,#80730,#81590,#81710,#81780,#81900,#82020,
#82090,#82210,#82290,#82410,#82480,#82590,#82710,#82830,#83040,#83110,
#83230,#83540,#83850,#84160,#84400,#84780,#85160,#85400,#85640,#85830,
#86210,#86520,#86830,#87070,#87450,#87830,#88070,#88310,#88500,#88880,
#89190,#89500,#89740,#90120,#90500,#90740,#90980,#91170,#91550,#91930,
#92310,#92620,#92930,#93170,#93410,#93650,#93840,#94220,#94600,#94980,
#95290,#95600,#95840,#96080,#96320,#96510,#96890,#97200,#97510,#97750,
#98130,#98510,#98750,#98990,#99180,#99560,#99940,#100320,#100630,#100940
,#101180,#101420,#101660,#101850,#102230,#102610,#102990,#103300,#103610
,#103850,#104090,#104330,#104520,#104900,#105280,#105660,#105970,#106280
,#106520,#106760,#107000,#107190,#107570,#107950,#108330,#108640,#108950
,#109190,#109430,#109670,#109860,#110240,#110550,#110860,#111100,#111480
,#111860,#112100,#112340,#112530,#112910,#113290,#113670,#113980,#114290
,#114530,#114770,#115010,#115200,#115580,#115960,#116340,#116650,#116960
,#117200,#117440,#117680,#117870,#118250,#118630,#119010,#119320,#119630
,#119870,#120110,#120350,#120540,#120920,#121230,#121540,#121920,#122230
,#122540,#122830,#123020,#123210,#123590,#123900,#124210,#124590,#124900
,#125210,#125500,#125690,#125880,#126260,#126570,#126880,#127260,#127570
,#127880,#128170,#128360,#128550,#128930,#129240,#129620,#129930,#130240
,#130550,#130790,#131030,#131220,#131600,#131910,#132290,#132600,#132910
,#133220,#133460,#133700,#133890,#134270,#134580,#134960,#135270,#135580
,#135890,#136130,#136370,#136560,#136940,#137320,#137700,#138080,#138370
,#138610,#138850,#139040,#139230,#139610,#139920,#140230,#140610,#140920
,#141230,#141520,#141710,#141900,#142280,#142590,#142900,#143280,#143590
,#143900,#144190,#144380,#144570,#144950,#145260,#145640,#145950,#146260
,#146570,#146810,#147050,#147240,#147620,#148000,#148380,#148760,#149050
,#149290,#149530,#149720,#149910,#150290,#150600,#150910,#151290,#151600
,#151910,#152200,#152390,#152580,#152960,#153270,#153650,#153960,#154270
,#154580,#154820,#155060,#155250,#155560,#155850,#156090,#156400,#156640
,#156880,#157070,#157300,#157440,#157510,#157580,#157650,#157720,#157790
,#157860,#157930,#158000));
#158020=MANIFOLD_SOLID_BREP('',#158010);
#158030=CARTESIAN_POINT('',(0.,0.,0.));
#158040=DIRECTION('',(0.,0.,1.));
#158050=DIRECTION('',(1.,0.,0.));
#158060=AXIS2_PLACEMENT_3D('',#158030,#158040,#158050);
#158070=APPLICATION_CONTEXT(' ');
#158080=APPLICATION_PROTOCOL_DEFINITION(' ','automotive_design',1998,
#158070);
#158090=PRODUCT_CONTEXT('',#158070,'mechanical');
#158100=PRODUCT_DEFINITION_CONTEXT('part definition',#158070,'design');
#158110=PRODUCT('HIF3BA-14PA-2.54DSA','HIF3BA-14PA-2.54DSA','',(#158090)
);
#158120=PRODUCT_RELATED_PRODUCT_CATEGORY('part',' ',(#158110));
#158130=PRODUCT_DEFINITION_FORMATION_WITH_SPECIFIED_SOURCE('','',#158110
,.BOUGHT.);
#158140=PRODUCT_DEFINITION('',' ',#158130,#158100);
#158150=PRODUCT_DEFINITION_SHAPE('','',#158140);
#158160=DIMENSIONAL_EXPONENTS(1.,0.,0.,0.,0.,0.,0.);
#158170=DIMENSIONAL_EXPONENTS(0.,0.,0.,0.,0.,0.,0.);
#158180=DIMENSIONAL_EXPONENTS(0.,0.,0.,0.,0.,0.,0.);
#158190=(LENGTH_UNIT() NAMED_UNIT(*) SI_UNIT(.MILLI.,.METRE.));
#158200=(NAMED_UNIT(*) PLANE_ANGLE_UNIT() SI_UNIT($,.RADIAN.));
#158210=(NAMED_UNIT(*) SI_UNIT($,.STERADIAN.) SOLID_ANGLE_UNIT());
#158220=(GEOMETRIC_REPRESENTATION_CONTEXT(3) 
GLOBAL_UNCERTAINTY_ASSIGNED_CONTEXT((#158230)) 
GLOBAL_UNIT_ASSIGNED_CONTEXT((#158190,#158200,#158210)) 
REPRESENTATION_CONTEXT('',''));
#158230=UNCERTAINTY_MEASURE_WITH_UNIT(LENGTH_MEASURE(0.01),#158190,
'distance_accuracy_value','maximum gap value');
#158240=ADVANCED_BREP_SHAPE_REPRESENTATION('',(#158060,#158020),#158220)
;
#158250=SHAPE_DEFINITION_REPRESENTATION(#158150,#158240);
#158260=COLOUR_RGB('',0.274509817361832,0.274509817361832,
0.274509817361832);
#158270=FILL_AREA_STYLE_COLOUR('',#158260);
#158280=FILL_AREA_STYLE('',(#158270));
#158290=SURFACE_STYLE_FILL_AREA(#158280);
#158300=SURFACE_SIDE_STYLE('',(#158290));
#158310=SURFACE_STYLE_USAGE(.BOTH.,#158300);
#158320=PRESENTATION_STYLE_ASSIGNMENT((#158310));
#158330=STYLED_ITEM('',(#158320),#158020);
#158340=OVER_RIDING_STYLED_ITEM('',(#16390),#16320,#158330);
#158350=OVER_RIDING_STYLED_ITEM('',(#64240),#64170,#158330);
#158360=OVER_RIDING_STYLED_ITEM('',(#83610),#83540,#158330);
#158370=OVER_RIDING_STYLED_ITEM('',(#83920),#83850,#158330);
#158380=OVER_RIDING_STYLED_ITEM('',(#84230),#84160,#158330);
#158390=OVER_RIDING_STYLED_ITEM('',(#84470),#84400,#158330);
#158400=OVER_RIDING_STYLED_ITEM('',(#84850),#84780,#158330);
#158410=OVER_RIDING_STYLED_ITEM('',(#85230),#85160,#158330);
#158420=OVER_RIDING_STYLED_ITEM('',(#85470),#85400,#158330);
#158430=OVER_RIDING_STYLED_ITEM('',(#85710),#85640,#158330);
#158440=OVER_RIDING_STYLED_ITEM('',(#85900),#85830,#158330);
#158450=OVER_RIDING_STYLED_ITEM('',(#86280),#86210,#158330);
#158460=OVER_RIDING_STYLED_ITEM('',(#86590),#86520,#158330);
#158470=OVER_RIDING_STYLED_ITEM('',(#86900),#86830,#158330);
#158480=OVER_RIDING_STYLED_ITEM('',(#87140),#87070,#158330);
#158490=OVER_RIDING_STYLED_ITEM('',(#87520),#87450,#158330);
#158500=OVER_RIDING_STYLED_ITEM('',(#87900),#87830,#158330);
#158510=OVER_RIDING_STYLED_ITEM('',(#88140),#88070,#158330);
#158520=OVER_RIDING_STYLED_ITEM('',(#88380),#88310,#158330);
#158530=OVER_RIDING_STYLED_ITEM('',(#88570),#88500,#158330);
#158540=OVER_RIDING_STYLED_ITEM('',(#88950),#88880,#158330);
#158550=OVER_RIDING_STYLED_ITEM('',(#89260),#89190,#158330);
#158560=OVER_RIDING_STYLED_ITEM('',(#89570),#89500,#158330);
#158570=OVER_RIDING_STYLED_ITEM('',(#89810),#89740,#158330);
#158580=OVER_RIDING_STYLED_ITEM('',(#90190),#90120,#158330);
#158590=OVER_RIDING_STYLED_ITEM('',(#90570),#90500,#158330);
#158600=OVER_RIDING_STYLED_ITEM('',(#90810),#90740,#158330);
#158610=OVER_RIDING_STYLED_ITEM('',(#91050),#90980,#158330);
#158620=OVER_RIDING_STYLED_ITEM('',(#91240),#91170,#158330);
#158630=OVER_RIDING_STYLED_ITEM('',(#91620),#91550,#158330);
#158640=OVER_RIDING_STYLED_ITEM('',(#92000),#91930,#158330);
#158650=OVER_RIDING_STYLED_ITEM('',(#92380),#92310,#158330);
#158660=OVER_RIDING_STYLED_ITEM('',(#92690),#92620,#158330);
#158670=OVER_RIDING_STYLED_ITEM('',(#93000),#92930,#158330);
#158680=OVER_RIDING_STYLED_ITEM('',(#93240),#93170,#158330);
#158690=OVER_RIDING_STYLED_ITEM('',(#93480),#93410,#158330);
#158700=OVER_RIDING_STYLED_ITEM('',(#93720),#93650,#158330);
#158710=OVER_RIDING_STYLED_ITEM('',(#93910),#93840,#158330);
#158720=OVER_RIDING_STYLED_ITEM('',(#94290),#94220,#158330);
#158730=OVER_RIDING_STYLED_ITEM('',(#94670),#94600,#158330);
#158740=OVER_RIDING_STYLED_ITEM('',(#95050),#94980,#158330);
#158750=OVER_RIDING_STYLED_ITEM('',(#95360),#95290,#158330);
#158760=OVER_RIDING_STYLED_ITEM('',(#95670),#95600,#158330);
#158770=OVER_RIDING_STYLED_ITEM('',(#95910),#95840,#158330);
#158780=OVER_RIDING_STYLED_ITEM('',(#96150),#96080,#158330);
#158790=OVER_RIDING_STYLED_ITEM('',(#96390),#96320,#158330);
#158800=OVER_RIDING_STYLED_ITEM('',(#96580),#96510,#158330);
#158810=OVER_RIDING_STYLED_ITEM('',(#96960),#96890,#158330);
#158820=OVER_RIDING_STYLED_ITEM('',(#97270),#97200,#158330);
#158830=OVER_RIDING_STYLED_ITEM('',(#97580),#97510,#158330);
#158840=OVER_RIDING_STYLED_ITEM('',(#97820),#97750,#158330);
#158850=OVER_RIDING_STYLED_ITEM('',(#98200),#98130,#158330);
#158860=OVER_RIDING_STYLED_ITEM('',(#98580),#98510,#158330);
#158870=OVER_RIDING_STYLED_ITEM('',(#98820),#98750,#158330);
#158880=OVER_RIDING_STYLED_ITEM('',(#99060),#98990,#158330);
#158890=OVER_RIDING_STYLED_ITEM('',(#99250),#99180,#158330);
#158900=OVER_RIDING_STYLED_ITEM('',(#99630),#99560,#158330);
#158910=OVER_RIDING_STYLED_ITEM('',(#100010),#99940,#158330);
#158920=OVER_RIDING_STYLED_ITEM('',(#100390),#100320,#158330);
#158930=OVER_RIDING_STYLED_ITEM('',(#100700),#100630,#158330);
#158940=OVER_RIDING_STYLED_ITEM('',(#101010),#100940,#158330);
#158950=OVER_RIDING_STYLED_ITEM('',(#101250),#101180,#158330);
#158960=OVER_RIDING_STYLED_ITEM('',(#101490),#101420,#158330);
#158970=OVER_RIDING_STYLED_ITEM('',(#101730),#101660,#158330);
#158980=OVER_RIDING_STYLED_ITEM('',(#101920),#101850,#158330);
#158990=OVER_RIDING_STYLED_ITEM('',(#102300),#102230,#158330);
#159000=OVER_RIDING_STYLED_ITEM('',(#102680),#102610,#158330);
#159010=OVER_RIDING_STYLED_ITEM('',(#103060),#102990,#158330);
#159020=OVER_RIDING_STYLED_ITEM('',(#103370),#103300,#158330);
#159030=OVER_RIDING_STYLED_ITEM('',(#103680),#103610,#158330);
#159040=OVER_RIDING_STYLED_ITEM('',(#103920),#103850,#158330);
#159050=OVER_RIDING_STYLED_ITEM('',(#104160),#104090,#158330);
#159060=OVER_RIDING_STYLED_ITEM('',(#104400),#104330,#158330);
#159070=OVER_RIDING_STYLED_ITEM('',(#104590),#104520,#158330);
#159080=OVER_RIDING_STYLED_ITEM('',(#104970),#104900,#158330);
#159090=OVER_RIDING_STYLED_ITEM('',(#105350),#105280,#158330);
#159100=OVER_RIDING_STYLED_ITEM('',(#105730),#105660,#158330);
#159110=OVER_RIDING_STYLED_ITEM('',(#106040),#105970,#158330);
#159120=OVER_RIDING_STYLED_ITEM('',(#106350),#106280,#158330);
#159130=OVER_RIDING_STYLED_ITEM('',(#106590),#106520,#158330);
#159140=OVER_RIDING_STYLED_ITEM('',(#106830),#106760,#158330);
#159150=OVER_RIDING_STYLED_ITEM('',(#107070),#107000,#158330);
#159160=OVER_RIDING_STYLED_ITEM('',(#107260),#107190,#158330);
#159170=OVER_RIDING_STYLED_ITEM('',(#107640),#107570,#158330);
#159180=OVER_RIDING_STYLED_ITEM('',(#108020),#107950,#158330);
#159190=OVER_RIDING_STYLED_ITEM('',(#108400),#108330,#158330);
#159200=OVER_RIDING_STYLED_ITEM('',(#108710),#108640,#158330);
#159210=OVER_RIDING_STYLED_ITEM('',(#109020),#108950,#158330);
#159220=OVER_RIDING_STYLED_ITEM('',(#109260),#109190,#158330);
#159230=OVER_RIDING_STYLED_ITEM('',(#109500),#109430,#158330);
#159240=OVER_RIDING_STYLED_ITEM('',(#109740),#109670,#158330);
#159250=OVER_RIDING_STYLED_ITEM('',(#109930),#109860,#158330);
#159260=OVER_RIDING_STYLED_ITEM('',(#110310),#110240,#158330);
#159270=OVER_RIDING_STYLED_ITEM('',(#110620),#110550,#158330);
#159280=OVER_RIDING_STYLED_ITEM('',(#110930),#110860,#158330);
#159290=OVER_RIDING_STYLED_ITEM('',(#111170),#111100,#158330);
#159300=OVER_RIDING_STYLED_ITEM('',(#111550),#111480,#158330);
#159310=OVER_RIDING_STYLED_ITEM('',(#111930),#111860,#158330);
#159320=OVER_RIDING_STYLED_ITEM('',(#112170),#112100,#158330);
#159330=OVER_RIDING_STYLED_ITEM('',(#112410),#112340,#158330);
#159340=OVER_RIDING_STYLED_ITEM('',(#112600),#112530,#158330);
#159350=OVER_RIDING_STYLED_ITEM('',(#112980),#112910,#158330);
#159360=OVER_RIDING_STYLED_ITEM('',(#113360),#113290,#158330);
#159370=OVER_RIDING_STYLED_ITEM('',(#113740),#113670,#158330);
#159380=OVER_RIDING_STYLED_ITEM('',(#114050),#113980,#158330);
#159390=OVER_RIDING_STYLED_ITEM('',(#114360),#114290,#158330);
#159400=OVER_RIDING_STYLED_ITEM('',(#114600),#114530,#158330);
#159410=OVER_RIDING_STYLED_ITEM('',(#114840),#114770,#158330);
#159420=OVER_RIDING_STYLED_ITEM('',(#115080),#115010,#158330);
#159430=OVER_RIDING_STYLED_ITEM('',(#115270),#115200,#158330);
#159440=OVER_RIDING_STYLED_ITEM('',(#115650),#115580,#158330);
#159450=OVER_RIDING_STYLED_ITEM('',(#116030),#115960,#158330);
#159460=OVER_RIDING_STYLED_ITEM('',(#116410),#116340,#158330);
#159470=OVER_RIDING_STYLED_ITEM('',(#116720),#116650,#158330);
#159480=OVER_RIDING_STYLED_ITEM('',(#117030),#116960,#158330);
#159490=OVER_RIDING_STYLED_ITEM('',(#117270),#117200,#158330);
#159500=OVER_RIDING_STYLED_ITEM('',(#117510),#117440,#158330);
#159510=OVER_RIDING_STYLED_ITEM('',(#117750),#117680,#158330);
#159520=OVER_RIDING_STYLED_ITEM('',(#117940),#117870,#158330);
#159530=OVER_RIDING_STYLED_ITEM('',(#118320),#118250,#158330);
#159540=OVER_RIDING_STYLED_ITEM('',(#118700),#118630,#158330);
#159550=OVER_RIDING_STYLED_ITEM('',(#119080),#119010,#158330);
#159560=OVER_RIDING_STYLED_ITEM('',(#119390),#119320,#158330);
#159570=OVER_RIDING_STYLED_ITEM('',(#119700),#119630,#158330);
#159580=OVER_RIDING_STYLED_ITEM('',(#119940),#119870,#158330);
#159590=OVER_RIDING_STYLED_ITEM('',(#120180),#120110,#158330);
#159600=OVER_RIDING_STYLED_ITEM('',(#120420),#120350,#158330);
#159610=OVER_RIDING_STYLED_ITEM('',(#120610),#120540,#158330);
#159620=OVER_RIDING_STYLED_ITEM('',(#120990),#120920,#158330);
#159630=OVER_RIDING_STYLED_ITEM('',(#121300),#121230,#158330);
#159640=OVER_RIDING_STYLED_ITEM('',(#121610),#121540,#158330);
#159650=OVER_RIDING_STYLED_ITEM('',(#121990),#121920,#158330);
#159660=OVER_RIDING_STYLED_ITEM('',(#122300),#122230,#158330);
#159670=OVER_RIDING_STYLED_ITEM('',(#122610),#122540,#158330);
#159680=OVER_RIDING_STYLED_ITEM('',(#122900),#122830,#158330);
#159690=OVER_RIDING_STYLED_ITEM('',(#123090),#123020,#158330);
#159700=OVER_RIDING_STYLED_ITEM('',(#123280),#123210,#158330);
#159710=OVER_RIDING_STYLED_ITEM('',(#123660),#123590,#158330);
#159720=OVER_RIDING_STYLED_ITEM('',(#123970),#123900,#158330);
#159730=OVER_RIDING_STYLED_ITEM('',(#124280),#124210,#158330);
#159740=OVER_RIDING_STYLED_ITEM('',(#124660),#124590,#158330);
#159750=OVER_RIDING_STYLED_ITEM('',(#124970),#124900,#158330);
#159760=OVER_RIDING_STYLED_ITEM('',(#125280),#125210,#158330);
#159770=OVER_RIDING_STYLED_ITEM('',(#125570),#125500,#158330);
#159780=OVER_RIDING_STYLED_ITEM('',(#125760),#125690,#158330);
#159790=OVER_RIDING_STYLED_ITEM('',(#125950),#125880,#158330);
#159800=OVER_RIDING_STYLED_ITEM('',(#126330),#126260,#158330);
#159810=OVER_RIDING_STYLED_ITEM('',(#126640),#126570,#158330);
#159820=OVER_RIDING_STYLED_ITEM('',(#126950),#126880,#158330);
#159830=OVER_RIDING_STYLED_ITEM('',(#127330),#127260,#158330);
#159840=OVER_RIDING_STYLED_ITEM('',(#127640),#127570,#158330);
#159850=OVER_RIDING_STYLED_ITEM('',(#127950),#127880,#158330);
#159860=OVER_RIDING_STYLED_ITEM('',(#128240),#128170,#158330);
#159870=OVER_RIDING_STYLED_ITEM('',(#128430),#128360,#158330);
#159880=OVER_RIDING_STYLED_ITEM('',(#128620),#128550,#158330);
#159890=OVER_RIDING_STYLED_ITEM('',(#129000),#128930,#158330);
#159900=OVER_RIDING_STYLED_ITEM('',(#129310),#129240,#158330);
#159910=OVER_RIDING_STYLED_ITEM('',(#129690),#129620,#158330);
#159920=OVER_RIDING_STYLED_ITEM('',(#130000),#129930,#158330);
#159930=OVER_RIDING_STYLED_ITEM('',(#130310),#130240,#158330);
#159940=OVER_RIDING_STYLED_ITEM('',(#130620),#130550,#158330);
#159950=OVER_RIDING_STYLED_ITEM('',(#130860),#130790,#158330);
#159960=OVER_RIDING_STYLED_ITEM('',(#131100),#131030,#158330);
#159970=OVER_RIDING_STYLED_ITEM('',(#131290),#131220,#158330);
#159980=OVER_RIDING_STYLED_ITEM('',(#131670),#131600,#158330);
#159990=OVER_RIDING_STYLED_ITEM('',(#131980),#131910,#158330);
#160000=OVER_RIDING_STYLED_ITEM('',(#132360),#132290,#158330);
#160010=OVER_RIDING_STYLED_ITEM('',(#132670),#132600,#158330);
#160020=OVER_RIDING_STYLED_ITEM('',(#132980),#132910,#158330);
#160030=OVER_RIDING_STYLED_ITEM('',(#133290),#133220,#158330);
#160040=OVER_RIDING_STYLED_ITEM('',(#133530),#133460,#158330);
#160050=OVER_RIDING_STYLED_ITEM('',(#133770),#133700,#158330);
#160060=OVER_RIDING_STYLED_ITEM('',(#133960),#133890,#158330);
#160070=OVER_RIDING_STYLED_ITEM('',(#134340),#134270,#158330);
#160080=OVER_RIDING_STYLED_ITEM('',(#134650),#134580,#158330);
#160090=OVER_RIDING_STYLED_ITEM('',(#135030),#134960,#158330);
#160100=OVER_RIDING_STYLED_ITEM('',(#135340),#135270,#158330);
#160110=OVER_RIDING_STYLED_ITEM('',(#135650),#135580,#158330);
#160120=OVER_RIDING_STYLED_ITEM('',(#135960),#135890,#158330);
#160130=OVER_RIDING_STYLED_ITEM('',(#136200),#136130,#158330);
#160140=OVER_RIDING_STYLED_ITEM('',(#136440),#136370,#158330);
#160150=OVER_RIDING_STYLED_ITEM('',(#136630),#136560,#158330);
#160160=OVER_RIDING_STYLED_ITEM('',(#137010),#136940,#158330);
#160170=OVER_RIDING_STYLED_ITEM('',(#137390),#137320,#158330);
#160180=OVER_RIDING_STYLED_ITEM('',(#137770),#137700,#158330);
#160190=OVER_RIDING_STYLED_ITEM('',(#138150),#138080,#158330);
#160200=OVER_RIDING_STYLED_ITEM('',(#138440),#138370,#158330);
#160210=OVER_RIDING_STYLED_ITEM('',(#138680),#138610,#158330);
#160220=OVER_RIDING_STYLED_ITEM('',(#138920),#138850,#158330);
#160230=OVER_RIDING_STYLED_ITEM('',(#139110),#139040,#158330);
#160240=OVER_RIDING_STYLED_ITEM('',(#139300),#139230,#158330);
#160250=OVER_RIDING_STYLED_ITEM('',(#139680),#139610,#158330);
#160260=OVER_RIDING_STYLED_ITEM('',(#139990),#139920,#158330);
#160270=OVER_RIDING_STYLED_ITEM('',(#140300),#140230,#158330);
#160280=OVER_RIDING_STYLED_ITEM('',(#140680),#140610,#158330);
#160290=OVER_RIDING_STYLED_ITEM('',(#140990),#140920,#158330);
#160300=OVER_RIDING_STYLED_ITEM('',(#141300),#141230,#158330);
#160310=OVER_RIDING_STYLED_ITEM('',(#141590),#141520,#158330);
#160320=OVER_RIDING_STYLED_ITEM('',(#141780),#141710,#158330);
#160330=OVER_RIDING_STYLED_ITEM('',(#141970),#141900,#158330);
#160340=OVER_RIDING_STYLED_ITEM('',(#142350),#142280,#158330);
#160350=OVER_RIDING_STYLED_ITEM('',(#142660),#142590,#158330);
#160360=OVER_RIDING_STYLED_ITEM('',(#142970),#142900,#158330);
#160370=OVER_RIDING_STYLED_ITEM('',(#143350),#143280,#158330);
#160380=OVER_RIDING_STYLED_ITEM('',(#143660),#143590,#158330);
#160390=OVER_RIDING_STYLED_ITEM('',(#143970),#143900,#158330);
#160400=OVER_RIDING_STYLED_ITEM('',(#144260),#144190,#158330);
#160410=OVER_RIDING_STYLED_ITEM('',(#144450),#144380,#158330);
#160420=OVER_RIDING_STYLED_ITEM('',(#144640),#144570,#158330);
#160430=OVER_RIDING_STYLED_ITEM('',(#145020),#144950,#158330);
#160440=OVER_RIDING_STYLED_ITEM('',(#145330),#145260,#158330);
#160450=OVER_RIDING_STYLED_ITEM('',(#145710),#145640,#158330);
#160460=OVER_RIDING_STYLED_ITEM('',(#146020),#145950,#158330);
#160470=OVER_RIDING_STYLED_ITEM('',(#146330),#146260,#158330);
#160480=OVER_RIDING_STYLED_ITEM('',(#146640),#146570,#158330);
#160490=OVER_RIDING_STYLED_ITEM('',(#146880),#146810,#158330);
#160500=OVER_RIDING_STYLED_ITEM('',(#147120),#147050,#158330);
#160510=OVER_RIDING_STYLED_ITEM('',(#147310),#147240,#158330);
#160520=OVER_RIDING_STYLED_ITEM('',(#147690),#147620,#158330);
#160530=OVER_RIDING_STYLED_ITEM('',(#148070),#148000,#158330);
#160540=OVER_RIDING_STYLED_ITEM('',(#148450),#148380,#158330);
#160550=OVER_RIDING_STYLED_ITEM('',(#148830),#148760,#158330);
#160560=OVER_RIDING_STYLED_ITEM('',(#149120),#149050,#158330);
#160570=OVER_RIDING_STYLED_ITEM('',(#149360),#149290,#158330);
#160580=OVER_RIDING_STYLED_ITEM('',(#149600),#149530,#158330);
#160590=OVER_RIDING_STYLED_ITEM('',(#149790),#149720,#158330);
#160600=OVER_RIDING_STYLED_ITEM('',(#149980),#149910,#158330);
#160610=OVER_RIDING_STYLED_ITEM('',(#150360),#150290,#158330);
#160620=OVER_RIDING_STYLED_ITEM('',(#150670),#150600,#158330);
#160630=OVER_RIDING_STYLED_ITEM('',(#150980),#150910,#158330);
#160640=OVER_RIDING_STYLED_ITEM('',(#151360),#151290,#158330);
#160650=OVER_RIDING_STYLED_ITEM('',(#151670),#151600,#158330);
#160660=OVER_RIDING_STYLED_ITEM('',(#151980),#151910,#158330);
#160670=OVER_RIDING_STYLED_ITEM('',(#152270),#152200,#158330);
#160680=OVER_RIDING_STYLED_ITEM('',(#152460),#152390,#158330);
#160690=OVER_RIDING_STYLED_ITEM('',(#152650),#152580,#158330);
#160700=OVER_RIDING_STYLED_ITEM('',(#153030),#152960,#158330);
#160710=OVER_RIDING_STYLED_ITEM('',(#153340),#153270,#158330);
#160720=OVER_RIDING_STYLED_ITEM('',(#153720),#153650,#158330);
#160730=OVER_RIDING_STYLED_ITEM('',(#154030),#153960,#158330);
#160740=OVER_RIDING_STYLED_ITEM('',(#154340),#154270,#158330);
#160750=OVER_RIDING_STYLED_ITEM('',(#154650),#154580,#158330);
#160760=OVER_RIDING_STYLED_ITEM('',(#154890),#154820,#158330);
#160770=OVER_RIDING_STYLED_ITEM('',(#155130),#155060,#158330);
#160780=OVER_RIDING_STYLED_ITEM('',(#155320),#155250,#158330);
#160790=OVER_RIDING_STYLED_ITEM('',(#155630),#155560,#158330);
#160800=OVER_RIDING_STYLED_ITEM('',(#155920),#155850,#158330);
#160810=OVER_RIDING_STYLED_ITEM('',(#156160),#156090,#158330);
#160820=OVER_RIDING_STYLED_ITEM('',(#156470),#156400,#158330);
#160830=OVER_RIDING_STYLED_ITEM('',(#156710),#156640,#158330);
#160840=OVER_RIDING_STYLED_ITEM('',(#156950),#156880,#158330);
#160850=OVER_RIDING_STYLED_ITEM('',(#157140),#157070,#158330);
#160860=DRAUGHTING_MODEL('',(#158330,#158340,#158350,#158360,#158370,
#158380,#158390,#158400,#158410,#158420,#158430,#158440,#158450,#158460,
#158470,#158480,#158490,#158500,#158510,#158520,#158530,#158540,#158550,
#158560,#158570,#158580,#158590,#158600,#158610,#158620,#158630,#158640,
#158650,#158660,#158670,#158680,#158690,#158700,#158710,#158720,#158730,
#158740,#158750,#158760,#158770,#158780,#158790,#158800,#158810,#158820,
#158830,#158840,#158850,#158860,#158870,#158880,#158890,#158900,#158910,
#158920,#158930,#158940,#158950,#158960,#158970,#158980,#158990,#159000,
#159010,#159020,#159030,#159040,#159050,#159060,#159070,#159080,#159090,
#159100,#159110,#159120,#159130,#159140,#159150,#159160,#159170,#159180,
#159190,#159200,#159210,#159220,#159230,#159240,#159250,#159260,#159270,
#159280,#159290,#159300,#159310,#159320,#159330,#159340,#159350,#159360,
#159370,#159380,#159390,#159400,#159410,#159420,#159430,#159440,#159450,
#159460,#159470,#159480,#159490,#159500,#159510,#159520,#159530,#159540,
#159550,#159560,#159570,#159580,#159590,#159600,#159610,#159620,#159630,
#159640,#159650,#159660,#159670,#159680,#159690,#159700,#159710,#159720,
#159730,#159740,#159750,#159760,#159770,#159780,#159790,#159800,#159810,
#159820,#159830,#159840,#159850,#159860,#159870,#159880,#159890,#159900,
#159910,#159920,#159930,#159940,#159950,#159960,#159970,#159980,#159990,
#160000,#160010,#160020,#160030,#160040,#160050,#160060,#160070,#160080,
#160090,#160100,#160110,#160120,#160130,#160140,#160150,#160160,#160170,
#160180,#160190,#160200,#160210,#160220,#160230,#160240,#160250,#160260,
#160270,#160280,#160290,#160300,#160310,#160320,#160330,#160340,#160350,
#160360,#160370,#160380,#160390,#160400,#160410,#160420,#160430,#160440,
#160450,#160460,#160470,#160480,#160490,#160500,#160510,#160520,#160530,
#160540,#160550,#160560,#160570,#160580,#160590,#160600,#160610,#160620,
#160630,#160640,#160650,#160660,#160670,#160680,#160690,#160700,#160710,
#160720,#160730,#160740,#160750,#160760,#160770,#160780,#160790,#160800,
#160810,#160820,#160830,#160840,#160850),#158220);
ENDSEC;
END-ISO-10303-21;

