Duty,L1,L2,L3,Vin,Vdc
,,0.0,0.0,0.0,
0,0.0,0.0,0.0,27.755049,
0,0.0,0.0,0.0,27.349413,
0,0.0,0.0,0.0,27.02104,
0,0.0,0.0,0.0,26.750616,
0,0.0,0.0,0.0,26.615402,
0,0.0,0.0,0.0,26.538137,
0,0.0,0.0,0.0,26.499506,
0,0.0,0.0,0.0,26.422243,
0,0.0,0.0,0.0,26.344978,
0,0.0,0.0,0.0,26.441559,
0,0.0,0.0,0.0,26.538137,
0,0.0,0.0,0.0,26.750616,
0,0.0,0.0,0.0,26.769932,
0,0.0,0.0,0.0,26.750616,
0,0.0,0.0,0.0,26.750616,
0,0.0,0.0,0.0,26.750616,
0,0.0,0.0,0.0,26.769932,
0,0.0,0.0,0.0,26.750616,
0,0.0,0.0,0.0,26.769932,
0,0.0,0.0,0.0,26.769932,
0,0.0,0.0,0.0,26.789248,
0,0.0,0.0,0.0,26.769932,
0,0.0,0.0,0.0,26.769932,
0,0.0,0.0,0.0,26.769932,
0,0.0,0.0,0.0,26.769932,
0,0.0,0.0,0.0,26.750616,
0,0.0,0.0,0.0,26.750616,
0,0.0,0.0,0.0,26.750616,
0,0.0,0.0,0.0,26.731297,
0,0.0,0.0,0.0,26.808563,
0,0.0,0.0,0.0,26.866512,
0,0.0,0.0,0.0,26.866512,
0,0.0,0.0,0.0,26.866512,
0,0.0,0.0,0.0,26.866512,
0,0.0,0.0,0.0,26.847197,
0,0.0,0.0,0.0,26.847197,
0,0.0,0.0,0.0,26.847197,
0,0.0,0.0,0.0,26.847197,
0,0.0,0.0,0.0,26.847197,
0,0.0,0.0,0.0,26.847197,
0,0.0,0.0,0.0,26.847197,
0,0.0,0.0,0.0,26.847197,
0,0.0,0.0,0.0,27.156252,
0,0.0,0.0,0.0,27.175568,
0,0.0,0.0,0.0,27.156252,
0,0.0,0.0,0.0,27.175568,
0,0.0,0.0,0.0,27.156252,
0,0.0,0.0,0.0,27.194883,
0,0.0,0.0,0.0,27.194883,
0,0.0,0.0,0.0,27.175568,
0,0.0,0.0,0.0,27.194883,
0,0.0,0.0,0.0,27.194883,
0,0.0,0.0,0.0,27.194883,
0,0.0,0.0,0.0,27.194883,
0,0.0,0.0,0.0,27.175568,
0,0.0,0.0,0.0,27.175568,
0,0.0,0.0,0.0,27.175568,
0,0.0,0.0,0.0,27.175568,
0,0.0,0.0,0.0,27.156252,
0,0.0,0.0,0.0,27.156252,
0,0.0,0.0,0.0,27.175568,
0,0.0,0.0,0.0,27.156252,
0,0.0,0.0,0.0,27.156252,
0,0.0,0.0,0.0,27.156252,
0,0.0,0.0,0.0,27.156252,
0,0.0,0.0,0.0,27.136936,
0,0.0,0.0,0.0,27.156252,
0,0.0,0.0,0.0,27.136936,
0,0.0,0.0,0.0,27.156252,
0,0.0,0.0,0.0,27.156252,
0,0.0,0.0,0.0,27.136936,
0,0.0,0.0,0.0,27.156252,
0,0.0,0.0,0.0,27.156252,
0,0.0,0.0,0.0,27.156252,
0,0.0,0.0,0.0,27.156252,
0,0.0,0.0,0.0,27.156252,
0,0.0,0.0,0.0,27.136936,
0,0.0,0.0,0.0,27.136936,
0,0.0,0.0,0.0,27.136936,
0,0.0,0.0,0.0,27.136936,
0,0.0,0.0,0.0,27.136936,
0,0.0,0.0,0.0,27.136936,
0,0.0,0.0,0.0,27.136936,
0,0.0,0.0,0.0,27.136936,
0,0.0,0.0,0.0,27.136936,
0,0.0,0.0,0.0,27.117619,
0,0.0,0.0,0.0,27.136936,
0,0.0,0.0,0.0,27.117619,
0,0.0,0.0,0.0,27.136936,
0,0.0,0.0,0.0,27.136936,
0,0.0,0.0,0.0,27.136936,
0,0.0,0.0,0.0,27.117619,
0,0.0,0.0,0.0,27.117619,
0,0.0,0.0,0.0,27.136936,
0,0.0,0.0,0.0,27.117619,
0,0.0,0.0,0.0,27.117619,
0,0.0,0.0,0.0,27.117619,
0,0.0,0.0,0.0,27.117619,
0,0.0,0.0,0.0,27.117619,
0,0.0,0.0,0.0,27.117619,
0,0.0,0.0,0.0,27.117619,
0,0.0,0.0,0.0,27.117619,
0,0.0,0.0,0.0,27.136936,
0,0.0,0.0,0.0,27.136936,
0,0.0,0.0,0.0,27.136936,
0,0.0,0.0,0.0,27.136936,
0,0.0,0.0,0.0,27.136936,
0,0.0,0.0,0.0,27.117619,
0,0.0,0.0,0.0,27.117619,
0,0.0,0.0,0.0,27.136936,
0,0.0,0.0,0.0,27.136936,
0,0.0,0.0,0.0,27.117619,
0,0.0,0.0,0.0,27.136936,
0,0.0,0.0,0.0,27.117619,
0,0.0,0.0,0.0,27.117619,
0,0.0,0.0,0.0,27.117619,
0,0.0,0.0,0.0,27.117619,
0,0.0,0.0,0.0,27.117619,
0,0.0,0.0,0.0,27.117619,
0,0.0,0.0,0.0,27.117619,
0,0.0,0.0,0.0,27.117619,
0,0.0,0.0,0.0,27.117619,
0,0.0,0.0,0.0,27.117619,
0,0.0,0.0,0.0,27.117619,
0,0.0,0.0,0.0,27.117619,
0,0.0,0.0,0.0,27.117619,
0,0.0,0.0,0.0,27.098303,
0,0.0,0.0,0.0,27.098303,
0,0.0,0.0,0.0,27.117619,
0,0.0,0.0,0.0,27.098303,
0,0.0,0.0,0.0,27.117619,
0,0.0,0.0,0.0,27.117619,
0,0.0,0.0,0.0,27.098303,
0,0.0,0.0,0.0,27.098303,
0,0.0,0.0,0.0,27.098303,
0,0.0,0.0,0.0,27.078987,
0,0.0,0.0,0.0,27.098303,
0,0.0,0.0,0.0,27.117619,
0,0.0,0.0,0.0,27.098303,
0,0.0,0.0,0.0,27.098303,
0,0.0,0.0,0.0,27.117619,
0,0.0,0.0,0.0,27.117619,
0,0.0,0.0,0.0,27.117619,
0,0.0,0.0,0.0,27.117619,
0,0.0,0.0,0.0,27.098303,
0,0.0,0.0,0.0,27.098303,
0,0.0,0.0,0.0,27.078987,
0,0.0,0.0,0.0,27.078987,
0,0.0,0.0,0.0,27.078987,
0,0.0,0.0,0.0,27.078987,
0,0.0,0.0,0.0,27.078987,
0,0.0,0.0,0.0,27.059671,
0,0.0,0.0,0.0,27.059671,
0,0.0,0.0,0.0,27.078987,
0,0.0,0.0,0.0,27.059671,
0,0.0,0.0,0.0,27.078987,
0,0.0,0.0,0.0,27.078987,
0,0.0,0.0,0.0,27.078987,
0,0.0,0.0,0.0,27.078987,
0,0.0,0.0,0.0,27.059671,
0,0.0,0.0,0.0,27.098303,
0,0.0,0.0,0.0,27.078987,
0,0.0,0.0,0.0,27.078987,
0,0.0,0.0,0.0,27.078987,
0,0.0,0.0,0.0,27.078987,
0,0.0,0.0,0.0,27.078987,
0,0.0,0.0,0.0,27.059671,
0,0.0,0.0,0.0,27.059671,
0,0.0,0.0,0.0,27.059671,
0,0.0,0.0,0.0,27.078987,
0,0.0,0.0,0.0,27.059671,
0,0.0,0.0,0.0,27.059671,
0,0.0,0.0,0.0,27.078987,
0,0.0,0.0,0.0,27.078987,
0,0.0,0.0,0.0,27.059671,
0,0.0,0.0,0.0,27.059671,
0,0.0,0.0,0.0,27.078987,
0,0.0,0.0,0.0,27.078987,
0,0.0,0.0,0.0,27.059671,
0,0.0,0.0,0.0,27.059671,
0,0.0,0.0,0.0,27.059671,
0,0.0,0.0,0.0,27.059671,
0,0.0,0.0,0.0,27.040356,
0,0.0,0.0,0.0,27.059671,
0,0.0,0.0,0.0,27.059671,
0,0.0,0.0,0.0,27.040356,
0,0.0,0.0,0.0,27.040356,
0,0.0,0.0,0.0,27.02104,
0,0.0,0.0,0.0,27.040356,
0,0.0,0.0,0.0,27.040356,
0,0.0,0.0,0.0,27.059671,
0,0.0,0.0,0.0,27.040356,
0,0.0,0.0,0.0,27.059671,
0,0.0,0.0,0.0,27.040356,
0,0.0,0.0,0.0,27.040356,
0,0.0,0.0,0.0,27.098303,
0,0.0,0.0,0.0,27.059671,
0,0.0,0.0,0.0,27.078987,
0,0.0,0.0,0.0,27.078987,
0,0.0,0.0,0.0,27.098303,
0,0.0,0.0,0.0,27.098303,
0,0.0,0.0,0.0,27.078987,
0,0.0,0.0,0.0,27.078987,
0,0.0,0.0,0.0,27.059671,
0,0.0,0.0,0.0,27.078987,
0,0.0,0.0,0.0,27.078987,
0,0.0,0.0,0.0,27.078987,
0,0.0,0.0,0.0,27.078987,
0,0.0,0.0,0.0,27.078987,
0,0.0,0.0,0.0,27.078987,
0,0.0,0.0,0.0,27.098303,
0,0.0,0.0,0.0,27.059671,
0,0.0,0.0,0.0,27.078987,
0,0.0,0.0,0.0,27.059671,
0,0.0,0.0,0.0,27.059671,
0,0.0,0.0,0.0,27.078987,
0,0.0,0.0,0.0,27.098303,
0,0.0,0.0,0.0,27.078987,
0,0.0,0.0,0.0,27.078987,
0,0.0,0.0,0.0,27.059671,
0,0.0,0.0,0.0,27.078987,
0,0.0,0.0,0.0,27.098303,
0,0.0,0.0,0.0,27.078987,
0,0.0,0.0,0.0,27.098303,
0,0.0,0.0,0.0,27.098303,
0,0.0,0.0,0.0,27.078987,
0,0.0,0.0,0.0,27.098303,
0,0.0,0.0,0.0,27.098303,
0,0.0,0.0,0.0,27.098303,
0,0.0,0.0,0.0,27.117619,
0,0.0,0.0,0.0,27.098303,
0,0.0,0.0,0.0,27.117619,
0,0.0,0.0,0.0,27.098303,
0,0.0,0.0,0.0,27.098303,
0,0.0,0.0,0.0,27.098303,
0,0.0,0.0,0.0,27.078987,
0,0.0,0.0,0.0,27.078987,
0,0.0,0.0,0.0,27.098303,
0,0.0,0.0,0.0,27.078987,
0,0.0,0.0,0.0,27.078987,
0,0.0,0.0,0.0,27.078987,
0,0.0,0.0,0.0,27.078987,
0,0.0,0.0,0.0,27.078987,
0,0.0,0.0,0.0,27.059671,
0,0.0,0.0,0.0,27.078987,
0,0.0,0.0,0.0,27.059671,
0,0.0,0.0,0.0,27.059671,
0,0.0,0.0,0.0,27.059671,
0,0.0,0.0,0.0,27.040356,
0,0.0,0.0,0.0,27.040356,
0,0.0,0.0,0.0,27.059671,
0,0.0,0.0,0.0,27.040356,
0,0.0,0.0,0.0,27.02104,
0,0.0,0.0,0.0,27.040356,
0,0.0,0.0,0.0,27.040356,
0,0.0,0.0,0.0,27.078987,
0,0.0,0.0,0.0,27.059671,
0,0.0,0.0,0.0,27.040356,
0,0.0,0.0,0.0,27.040356,
0,0.0,0.0,0.0,27.059671,
0,0.0,0.0,0.0,27.059671,
0,0.0,0.0,0.0,27.040356,
0,0.0,0.0,0.0,27.059671,
0,0.0,0.0,0.0,27.040356,
0,0.0,0.0,0.0,27.040356,
0,0.0,0.0,0.0,27.059671,
0,0.0,0.0,0.0,27.059671,
0,0.0,0.0,0.0,27.040356,
0,0.0,0.0,0.0,27.040356,
0,0.0,0.0,0.0,27.02104,
0,0.0,0.0,0.0,27.040356,
0,0.0,0.0,0.0,27.02104,
0,0.0,0.0,0.0,27.02104,
0,0.0,0.0,0.0,27.059671,
0,0.0,0.0,0.0,27.02104,
0,0.0,0.0,0.0,27.040356,
0,0.0,0.0,0.0,27.059671,
0,0.0,0.0,0.0,27.059671,
0,0.0,0.0,0.0,27.040356,
0,0.0,0.0,0.0,27.02104,
0,0.0,0.0,0.0,27.059671,
0,0.0,0.0,0.0,27.040356,
0,0.0,0.0,0.0,27.040356,
0,0.0,0.0,0.0,27.040356,
0,0.0,0.0,0.0,27.02104,
0,0.0,0.0,0.0,27.040356,
0,0.0,0.0,0.0,27.001724,
0,0.0,0.0,0.0,27.040356,
0,0.0,0.0,0.0,27.040356,
0,0.0,0.0,0.0,27.040356,
0,0.0,0.0,0.0,27.040356,
0,0.0,0.0,0.0,27.040356,
0,0.0,0.0,0.0,27.040356,
0,0.0,0.0,0.0,27.02104,
0,0.0,0.0,0.0,27.040356,
0,0.0,0.0,0.0,27.040356,
0,0.0,0.0,0.0,27.02104,
0,0.0,0.0,0.0,27.040356,
0,0.0,0.0,0.0,27.040356,
0,0.0,0.0,0.0,27.02104,
0,0.0,0.0,0.0,27.040356,
0,0.0,0.0,0.0,27.040356,
0,0.0,0.0,0.0,27.040356,
0,0.0,0.0,0.0,27.02104,
0,0.0,0.0,0.0,27.040356,
0,0.0,0.0,0.0,27.040356,
0,0.0,0.0,0.0,27.040356,
0,0.0,0.0,0.0,27.040356,
0,0.0,0.0,0.0,27.040356,
0,0.0,0.0,0.0,27.040356,
0,0.0,0.0,0.0,27.02104,
0,0.0,0.0,0.0,27.040356,
0,0.0,0.0,0.0,27.040356,
0,0.0,0.0,0.0,27.040356,
0,0.0,0.0,0.0,27.02104,
0,0.0,0.0,0.0,27.040356,
0,0.0,0.0,0.0,27.040356,
0,0.0,0.0,0.0,27.040356,
0,0.0,0.0,0.0,27.02104,
0,0.0,0.0,0.0,27.02104,
0,0.0,0.0,0.0,27.001724,
0,0.0,0.0,0.0,27.001724,
0,0.0,0.0,0.0,27.001724,
0,0.0,0.0,0.0,27.02104,
0,0.0,0.0,0.0,27.02104,
0,0.0,0.0,0.0,27.02104,
0,0.0,0.0,0.0,27.02104,
0,0.0,0.0,0.0,27.02104,
0,0.0,0.0,0.0,27.001724,
0,0.0,0.0,0.0,27.02104,
0,0.0,0.0,0.0,27.02104,
0,0.0,0.0,0.0,27.001724,
0,0.0,0.0,0.0,27.02104,
0,0.0,0.0,0.0,27.001724,
0,0.0,0.0,0.0,27.02104,
0,0.0,0.0,0.0,27.001724,
0,0.0,0.0,0.0,27.001724,
0,0.0,0.0,0.0,27.001724,
0,0.0,0.0,0.0,27.02104,
0,0.0,0.0,0.0,27.001724,
0,0.0,0.0,0.0,26.982409,
0,0.0,0.0,0.0,26.982409,
0,0.0,0.0,0.0,26.982409,
0,0.0,0.0,0.0,27.001724,
0,0.0,0.0,0.0,27.001724,
0,0.0,0.0,0.0,27.001724,
0,0.0,0.0,0.0,27.001724,
0,0.0,0.0,0.0,27.001724,
0,0.0,0.0,0.0,27.001724,
0,0.0,0.0,0.0,27.001724,
0,0.0,0.0,0.0,26.982409,
0,0.0,0.0,0.0,27.001724,
0,0.0,0.0,0.0,27.001724,
0,0.0,0.0,0.0,27.001724,
0,0.0,0.0,0.0,27.001724,
0,0.0,0.0,0.0,26.982409,
0,0.0,0.0,0.0,26.982409,
0,0.0,0.0,0.0,26.982409,
0,0.0,0.0,0.0,26.982409,
0,0.0,0.0,0.0,26.963091,
0,0.0,0.0,0.0,26.982409,
0,0.0,0.0,0.0,27.001724,
0,0.0,0.0,0.0,26.982409,
0,0.0,0.0,0.0,26.982409,
0,0.0,0.0,0.0,27.001724,
0,0.0,0.0,0.0,26.982409,
0,0.0,0.0,0.0,26.982409,
0,0.0,0.0,0.0,26.982409,
0,0.0,0.0,0.0,26.982409,
0,0.0,0.0,0.0,27.001724,
0,0.0,0.0,0.0,27.001724,
0,0.0,0.0,0.0,26.982409,
0,0.0,0.0,0.0,27.001724,
0,0.0,0.0,0.0,26.982409,
0,0.0,0.0,0.0,27.001724,
0,0.0,0.0,0.0,27.001724,
0,0.0,0.0,0.0,26.982409,
0,0.0,0.0,0.0,26.982409,
0,0.0,0.0,0.0,26.982409,
0,0.0,0.0,0.0,26.963091,
0,0.0,0.0,0.0,26.982409,
0,0.0,0.0,0.0,27.001724,
0,0.0,0.0,0.0,27.001724,
0,0.0,0.0,0.0,27.02104,
0,0.0,0.0,0.0,26.982409,
0,0.0,0.0,0.0,27.001724,
0,0.0,0.0,0.0,26.982409,
0,0.0,0.0,0.0,27.001724,
0,0.0,0.0,0.0,27.001724,
0,0.0,0.0,0.0,26.982409,
0,0.0,0.0,0.0,26.982409,
0,0.0,0.0,0.0,26.982409,
0,0.0,0.0,0.0,26.982409,
0,0.0,0.0,0.0,27.001724,
0,0.0,0.0,0.0,27.001724,
0,0.0,0.0,0.0,26.982409,
0,0.0,0.0,0.0,26.982409,
0,0.0,0.0,0.0,26.982409,
0,0.0,0.0,0.0,26.982409,
0,0.0,0.0,0.0,26.963091,
0,0.0,0.0,0.0,26.982409,
0,0.0,0.0,0.0,26.982409,
0,0.0,0.0,0.0,27.001724,
0,0.0,0.0,0.0,26.982409,
0,0.0,0.0,0.0,26.982409,
0,0.0,0.0,0.0,26.982409,
0,0.0,0.0,0.0,26.982409,
0,0.0,0.0,0.0,26.963091,
0,0.0,0.0,0.0,26.982409,
0,0.0,0.0,0.0,26.982409,
0,0.0,0.0,0.0,26.963091,
0,0.0,0.0,0.0,26.982409,
0,0.0,0.0,0.0,26.982409,
0,0.0,0.0,0.0,26.963091,
0,0.0,0.0,0.0,26.982409,
0,0.0,0.0,0.0,26.982409,
0,0.0,0.0,0.0,26.982409,
0,0.0,0.0,0.0,26.982409,
0,0.0,0.0,0.0,26.963091,
0,0.0,0.0,0.0,26.982409,
0,0.0,0.0,0.0,26.982409,
0,0.0,0.0,0.0,26.963091,
0,0.0,0.0,0.0,27.001724,
0,0.0,0.0,0.0,26.982409,
0,0.0,0.0,0.0,26.982409,
0,0.0,0.0,0.0,26.963091,
0,0.0,0.0,0.0,26.982409,
0,0.0,0.0,0.0,26.963091,
0,0.0,0.0,0.0,26.982409,
0,0.0,0.0,0.0,26.982409,
0,0.0,0.0,0.0,27.001724,
0,0.0,0.0,0.0,26.982409,
0,0.0,0.0,0.0,26.982409,
0,0.0,0.0,0.0,27.001724,
0,0.0,0.0,0.0,26.982409,
0,0.0,0.0,0.0,27.001724,
0,0.0,0.0,0.0,27.001724,
0,0.0,0.0,0.0,26.982409,
0,0.0,0.0,0.0,26.982409,
0,0.0,0.0,0.0,26.982409,
0,0.0,0.0,0.0,27.001724,
0,0.0,0.0,0.0,26.982409,
0,0.0,0.0,0.0,26.982409,
0,0.0,0.0,0.0,26.982409,
0,0.0,0.0,0.0,26.982409,
0,0.0,0.0,0.0,26.982409,
0,0.0,0.0,0.0,26.982409,
0,0.0,0.0,0.0,26.982409,
0,0.0,0.0,0.0,26.982409,
0,0.0,0.0,0.0,26.982409,
0,0.0,0.0,0.0,26.982409,
0,0.0,0.0,0.0,26.963091,
0,0.0,0.0,0.0,26.982409,
0,0.0,0.0,0.0,26.982409,
0,0.0,0.0,0.0,26.963091,
0,0.0,0.0,0.0,26.982409,
0,0.0,0.0,0.0,27.001724,
0,0.0,0.0,0.0,27.02104,
0,0.0,0.0,0.0,26.982409,
0,0.0,0.0,0.0,26.982409,
0,0.0,0.0,0.0,26.982409,
0,0.0,0.0,0.0,26.982409,
0,0.0,0.0,0.0,26.982409,
0,0.0,0.0,0.0,26.963091,
0,0.0,0.0,0.0,26.963091,
0,0.0,0.0,0.0,26.963091,
0,0.0,0.0,0.0,26.982409,
0,0.0,0.0,0.0,26.963091,
0,0.0,0.0,0.0,26.982409,
0,0.0,0.0,0.0,26.982409,
0,0.0,0.0,0.0,26.982409,
0,0.0,0.0,0.0,26.982409,
0,0.0,0.0,0.0,26.982409,
0,0.0,0.0,0.0,26.982409,
0,0.0,0.0,0.0,26.982409,
0,0.0,0.0,0.0,26.963091,
0,0.0,0.0,0.0,26.963091,
0,0.0,0.0,0.0,26.963091,
0,0.0,0.0,0.0,26.963091,
0,0.0,0.0,0.0,26.963091,
0,0.0,0.0,0.0,26.963091,
0,0.0,0.0,0.0,26.982409,
0,0.0,0.0,0.0,26.963091,
0,0.0,0.0,0.0,26.982409,
0,0.0,0.0,0.0,26.982409,
0,0.0,0.0,0.0,26.963091,
0,0.0,0.0,0.0,26.963091,
0,0.0,0.0,0.0,26.963091,
0,0.0,0.0,0.0,26.963091,
0,0.0,0.0,0.0,26.963091,
0,0.0,0.0,0.0,26.982409,
0,0.0,0.0,0.0,26.963091,
0,0.0,0.0,0.0,26.982409,
0,0.0,0.0,0.0,26.963091,
0,0.0,0.0,0.0,26.963091,
0,0.0,0.0,0.0,26.963091,
0,0.0,0.0,0.0,26.963091,
0,0.0,0.0,0.0,26.982409,
0,0.0,0.0,0.0,26.963091,
0,0.0,0.0,0.0,26.963091,
0,0.0,0.0,0.0,26.963091,
0,0.0,0.0,0.0,26.963091,
0,0.0,0.0,0.0,26.963091,
0,0.0,0.0,0.0,26.963091,
0,0.0,0.0,0.0,26.963091,
0,0.0,0.0,0.0,26.963091,
0,0.0,0.0,0.0,26.963091,
0,0.0,0.0,0.0,26.963091,
0,0.0,0.0,0.0,26.982409,
0,0.0,0.0,0.0,26.982409,
0,0.0,0.0,0.0,26.982409,
0,0.0,0.0,0.0,26.982409,
0,0.0,0.0,0.0,26.963091,
0,0.0,0.0,0.0,26.963091,
0,0.0,0.0,0.0,26.982409,
0,0.0,0.0,0.0,26.963091,
0,0.0,0.0,0.0,26.982409,
0,0.0,0.0,0.0,26.963091,
0,0.0,0.0,0.0,26.982409,
0,0.0,0.0,0.0,26.982409,
0,0.0,0.0,0.0,26.963091,
0,0.0,0.0,0.0,26.943775,
0,0.0,0.0,0.0,26.963091,
0,0.0,0.0,0.0,26.982409,
0,0.0,0.0,0.0,26.963091,
0,0.0,0.0,0.0,26.963091,
0,0.0,0.0,0.0,26.963091,
0,0.0,0.0,0.0,26.963091,
0,0.0,0.0,0.0,26.963091,
0,0.0,0.0,0.0,26.963091,
0,0.0,0.0,0.0,26.982409,
0,0.0,0.0,0.0,26.963091,
0,0.0,0.0,0.0,26.963091,
0,0.0,0.0,0.0,26.963091,
0,0.0,0.0,0.0,26.963091,
0,0.0,0.0,0.0,26.943775,
0,0.0,0.0,0.0,26.963091,
0,0.0,0.0,0.0,26.963091,
0,0.0,0.0,0.0,26.963091,
0,0.0,0.0,0.0,26.963091,
0,0.0,0.0,0.0,26.963091,
0,0.0,0.0,0.0,26.963091,
0,0.0,0.0,0.0,26.963091,
0,0.0,0.0,0.0,26.943775,
0,0.0,0.0,0.0,26.963091,
0,0.0,0.0,0.0,26.943775,
0,0.0,0.0,0.0,26.963091,
0,0.0,0.0,0.0,26.963091,
0,0.0,0.0,0.0,26.982409,
0,0.0,0.0,0.0,26.963091,
0,0.0,0.0,0.0,26.963091,
0,0.0,0.0,0.0,26.963091,
0,0.0,0.0,0.0,26.963091,
0,0.0,0.0,0.0,26.943775,
0,0.0,0.0,0.0,26.982409,
0,0.0,0.0,0.0,26.943775,
0,0.0,0.0,0.0,26.963091,
0,0.0,0.0,0.0,26.963091,
0,0.0,0.0,0.0,26.963091,
0,0.0,0.0,0.0,26.982409,
0,0.0,0.0,0.0,26.982409,
0,0.0,0.0,0.0,26.963091,
0,0.0,0.0,0.0,26.963091,
0,0.0,0.0,0.0,26.963091,
0,0.0,0.0,0.0,26.963091,
0,0.0,0.0,0.0,26.963091,
0,0.0,0.0,0.0,26.963091,
0,0.0,0.0,0.0,26.963091,
0,0.0,0.0,0.0,26.963091,
0,0.0,0.0,0.0,26.963091,
0,0.0,0.0,0.0,26.963091,
0,0.0,0.0,0.0,26.963091,
0,0.0,0.0,0.0,26.943775,
0,0.0,0.0,0.0,26.982409,
0,0.0,0.0,0.0,26.963091,
0,0.0,0.0,0.0,26.982409,
0,0.0,0.0,0.0,26.982409,
0,0.0,0.0,0.0,26.963091,
0,0.0,0.0,0.0,26.963091,
0,0.0,0.0,0.0,26.963091,
0,0.0,0.0,0.0,26.963091,
0,0.0,0.0,0.0,26.963091,
0,0.0,0.0,0.0,26.982409,
0,0.0,0.0,0.0,26.963091,
0,0.0,0.0,0.0,26.963091,
0,0.0,0.0,0.0,26.982409,
0,0.0,0.0,0.0,26.963091,
0,0.0,0.0,0.0,26.963091,
0,0.0,0.0,0.0,26.963091,
0,0.0,0.0,0.0,26.982409,
0,0.0,0.0,0.0,26.963091,
0,0.0,0.0,0.0,26.963091,
0,0.0,0.0,0.0,26.963091,
0,0.0,0.0,0.0,26.982409,
0,0.0,0.0,0.0,26.982409,
0,0.0,0.0,0.0,26.982409,
0,0.0,0.0,0.0,26.963091,
0,0.0,0.0,0.0,26.963091,
0,0.0,0.0,0.0,26.982409,
0,0.0,0.0,0.0,26.982409,
0,0.0,0.0,0.0,26.963091,
0,0.0,0.0,0.0,26.982409,
0,0.0,0.0,0.0,26.963091,
0,0.0,0.0,0.0,26.963091,
0,0.0,0.0,0.0,27.001724,
0,0.0,0.0,0.0,26.963091,
0,0.0,0.0,0.0,26.963091,
0,0.0,0.0,0.0,26.982409,
0,0.0,0.0,0.0,26.982409,
0,0.0,0.0,0.0,26.963091,
0,0.0,0.0,0.0,26.963091,
0,0.0,0.0,0.0,26.963091,
0,0.0,0.0,0.0,26.963091,
0,0.0,0.0,0.0,26.982409,
0,0.0,0.0,0.0,26.963091,
0,0.0,0.0,0.0,26.963091,
0,0.0,0.0,0.0,26.963091,
0,0.0,0.0,0.0,26.982409,
0,0.0,0.0,0.0,26.982409,
0,0.0,0.0,0.0,26.963091,
0,0.0,0.0,0.0,26.963091,
0,0.0,0.0,0.0,26.982409,
0,0.0,0.0,0.0,26.963091,
0,0.0,0.0,0.0,26.982409,
0,0.0,0.0,0.0,26.963091,
0,0.0,0.0,0.0,26.982409,
0,0.0,0.0,0.0,26.963091,
0,0.0,0.0,0.0,26.963091,
0,0.0,0.0,0.0,26.963091,
0,0.0,0.0,0.0,26.963091,
0,0.0,0.0,0.0,26.982409,
0,0.0,0.0,0.0,26.963091,
0,0.0,0.0,0.0,26.943775,
0,0.0,0.0,0.0,26.963091,
0,0.0,0.0,0.0,26.943775,
0,0.0,0.0,0.0,26.963091,
0,0.0,0.0,0.0,26.943775,
0,0.0,0.0,0.0,26.943775,
0,0.0,0.0,0.0,26.982409,
0,0.0,0.0,0.0,26.963091,
0,0.0,0.0,0.0,26.963091,
0,0.0,0.0,0.0,26.963091,
0,0.0,0.0,0.0,26.943775,
0,0.0,0.0,0.0,26.963091,
0,0.0,0.0,0.0,26.943775,
0,0.0,0.0,0.0,26.963091,
0,0.0,0.0,0.0,26.963091,
0,0.0,0.0,0.0,26.963091,
0,0.0,0.0,0.0,26.963091,
0,0.0,0.0,0.0,26.943775,
0,0.0,0.0,0.0,26.963091,
0,0.0,0.0,0.0,26.963091,
0,0.0,0.0,0.0,26.982409,
0,0.0,0.0,0.0,26.963091,
0,0.0,0.0,0.0,26.963091,
0,0.0,0.0,0.0,26.963091,
0,0.0,0.0,0.0,26.963091,
0,0.0,0.0,0.0,26.963091,
0,0.0,0.0,0.0,26.963091,
0,0.0,0.0,0.0,26.943775,
0,0.0,0.0,0.0,26.963091,
0,0.0,0.0,0.0,26.982409,
0,0.0,0.0,0.0,26.963091,
0,0.0,0.0,0.0,26.963091,
0,0.0,0.0,0.0,26.963091,
0,0.0,0.0,0.0,26.982409,
0,0.0,0.0,0.0,26.963091,
0,0.0,0.0,0.0,26.943775,
0,0.0,0.0,0.0,26.943775,
0,0.0,0.0,0.0,26.943775,
0,0.0,0.0,0.0,26.963091,
0,0.0,0.0,0.0,26.982409,
0,0.0,0.0,0.0,26.982409,
0,0.0,0.0,0.0,26.963091,
0,0.0,0.0,0.0,26.982409,
0,0.0,0.0,0.0,26.963091,
0,0.0,0.0,0.0,26.963091,
0,0.0,0.0,0.0,26.943775,
0,0.0,0.0,0.0,26.963091,
0,0.0,0.0,0.0,26.982409,
0,0.0,0.0,0.0,26.963091,
0,0.0,0.0,0.0,26.982409,
0,0.0,0.0,0.0,26.963091,
0,0.0,0.0,0.0,26.963091,
0,0.0,0.0,0.0,26.963091,
0,0.0,0.0,0.0,26.963091,
0,0.0,0.0,0.0,26.982409,
0,0.0,0.0,0.0,26.963091,
0,0.0,0.0,0.0,26.943775,
0,0.0,0.0,0.0,26.943775,
0,0.0,0.0,0.0,26.963091,
0,0.0,0.0,0.0,26.943775,
0,0.0,0.0,0.0,26.963091,
0,0.0,0.0,0.0,26.963091,
0,0.0,0.0,0.0,26.943775,
0,0.0,0.0,0.0,26.943775,
0,0.0,0.0,0.0,26.963091,
0,0.0,0.0,0.0,26.963091,
0,0.0,0.0,0.0,26.963091,
0,0.0,0.0,0.0,26.943775,
0,0.0,0.0,0.0,26.963091,
0,0.0,0.0,0.0,26.963091,
0,0.0,0.0,0.0,26.963091,
0,0.0,0.0,0.0,26.943775,
0,0.0,0.0,0.0,26.943775,
0,0.0,0.0,0.0,26.963091,
0,0.0,0.0,0.0,26.943775,
0,0.0,0.0,0.0,26.963091,
0,0.0,0.0,0.0,26.943775,
0,0.0,0.0,0.0,26.943775,
0,0.0,0.0,0.0,26.943775,
0,0.0,0.0,0.0,26.963091,
0,0.0,0.0,0.0,26.963091,
0,0.0,0.0,0.0,26.943775,
0,0.0,0.0,0.0,26.963091,
0,0.0,0.0,0.0,26.943775,
0,0.0,0.0,0.0,26.943775,
0,0.0,0.0,0.0,26.943775,
0,0.0,0.0,0.0,26.963091,
0,0.0,0.0,0.0,26.963091,
0,0.0,0.0,0.0,26.982409,
0,0.0,0.0,0.0,26.963091,
0,0.0,0.0,0.0,26.943775,
0,0.0,0.0,0.0,26.943775,
0,0.0,0.0,0.0,26.943775,
0,0.0,0.0,0.0,26.943775,
0,0.0,0.0,0.0,26.963091,
0,0.0,0.0,0.0,26.943775,
0,0.0,0.0,0.0,26.963091,
0,0.0,0.0,0.0,26.943775,
0,0.0,0.0,0.0,26.963091,
0,0.0,0.0,0.0,26.963091,
0,0.0,0.0,0.0,26.963091,
0,0.0,0.0,0.0,26.943775,
0,0.0,0.0,0.0,26.963091,
0,0.0,0.0,0.0,26.943775,
0,0.0,0.0,0.0,26.963091,
0,0.0,0.0,0.0,26.943775,
0,0.0,0.0,0.0,26.943775,
0,0.0,0.0,0.0,26.963091,
0,0.0,0.0,0.0,26.963091,
0,0.0,0.0,0.0,26.943775,
0,0.0,0.0,0.0,26.963091,
0,0.0,0.0,0.0,26.963091,
0,0.0,0.0,0.0,26.943775,
0,0.0,0.0,0.0,26.963091,
0,0.0,0.0,0.0,26.963091,
0,0.0,0.0,0.0,26.982409,
0,0.0,0.0,0.0,26.963091,
0,0.0,0.0,0.0,26.963091,
0,0.0,0.0,0.0,26.963091,
0,0.0,0.0,0.0,26.963091,
0,0.0,0.0,0.0,26.963091,
0,0.0,0.0,0.0,26.963091,
0,0.0,0.0,0.0,26.963091,
0,0.0,0.0,0.0,26.943775,
0,0.0,0.0,0.0,26.924459,
0,0.0,0.0,0.0,26.963091,
0,0.0,0.0,0.0,26.963091,
0,0.0,0.0,0.0,26.943775,
0,0.0,0.0,0.0,26.963091,
0,0.0,0.0,0.0,26.963091,
0,0.0,0.0,0.0,26.943775,
0,0.0,0.0,0.0,26.963091,
0,0.0,0.0,0.0,26.943775,
0,0.0,0.0,0.0,26.982409,
0,0.0,0.0,0.0,26.963091,
0,0.0,0.0,0.0,26.943775,
0,0.0,0.0,0.0,26.963091,
0,0.0,0.0,0.0,26.943775,
0,0.0,0.0,0.0,26.943775,
0,0.0,0.0,0.0,26.963091,
0,0.0,0.0,0.0,26.943775,
0,0.0,0.0,0.0,26.943775,
0,0.0,0.0,0.0,26.963091,
0,0.0,0.0,0.0,26.943775,
0,0.0,0.0,0.0,26.963091,
0,0.0,0.0,0.0,26.943775,
0,0.0,0.0,0.0,26.943775,
0,0.0,0.0,0.0,26.924459,
0,0.0,0.0,0.0,26.943775,
0,0.0,0.0,0.0,26.943775,
0,0.0,0.0,0.0,26.943775,
0,0.0,0.0,0.0,26.943775,
0,0.0,0.0,0.0,26.963091,
0,0.0,0.0,0.0,26.924459,
0,0.0,0.0,0.0,26.943775,
0,0.0,0.0,0.0,26.943775,
0,0.0,0.0,0.0,26.943775,
0,0.0,0.0,0.0,26.943775,
0,0.0,0.0,0.0,26.943775,
0,0.0,0.0,0.0,26.963091,
0,0.0,0.0,0.0,26.943775,
0,0.0,0.0,0.0,26.963091,
0,0.0,0.0,0.0,26.963091,
0,0.0,0.0,0.0,26.963091,
0,0.0,0.0,0.0,26.943775,
0,0.0,0.0,0.0,26.963091,
0,0.0,0.0,0.0,26.963091,
0,0.0,0.0,0.0,26.943775,
0,0.0,0.0,0.0,26.963091,
0,0.0,0.0,0.0,26.943775,
0,0.0,0.0,0.0,26.963091,
0,0.0,0.0,0.0,26.943775,
0,0.0,0.0,0.0,26.963091,
0,0.0,0.0,0.0,26.943775,
0,0.0,0.0,0.0,26.963091,
0,0.0,0.0,0.0,26.943775,
0,0.0,0.0,0.0,26.943775,
0,0.0,0.0,0.0,26.943775,
0,0.0,0.0,0.0,26.943775,
0,0.0,0.0,0.0,26.963091,
0,0.0,0.0,0.0,26.943775,
0,0.0,0.0,0.0,26.963091,
0,0.0,0.0,0.0,26.963091,
0,0.0,0.0,0.0,26.963091,
0,0.0,0.0,0.0,26.943775,
0,0.0,0.0,0.0,26.963091,
0,0.0,0.0,0.0,26.943775,
0,0.0,0.0,0.0,26.943775,
0,0.0,0.0,0.0,26.943775,
0,0.0,0.0,0.0,26.943775,
0,0.0,0.0,0.0,26.943775,
0,0.0,0.0,0.0,26.963091,
0,0.0,0.0,0.0,26.943775,
0,0.0,0.0,0.0,26.963091,
0,0.0,0.0,0.0,26.963091,
0,0.0,0.0,0.0,26.943775,
0,0.0,0.0,0.0,26.924459,
0,0.0,0.0,0.0,26.943775,
0,0.0,0.0,0.0,26.963091,
0,0.0,0.0,0.0,26.943775,
0,0.0,0.0,0.0,26.963091,
0,0.0,0.0,0.0,26.943775,
0,0.0,0.0,0.0,26.943775,
0,0.0,0.0,0.0,26.943775,
0,0.0,0.0,0.0,26.943775,
0,0.0,0.0,0.0,26.943775,
0,0.0,0.0,0.0,26.943775,
0,0.0,0.0,0.0,26.943775,
0,0.0,0.0,0.0,26.943775,
0,0.0,0.0,0.0,26.963091,
0,0.0,0.0,0.0,26.943775,
0,0.0,0.0,0.0,26.963091,
0,0.0,0.0,0.0,26.943775,
0,0.0,0.0,0.0,26.943775,
0,0.0,0.0,0.0,26.943775,
0,0.0,0.0,0.0,26.943775,
0,0.0,0.0,0.0,26.943775,
0,0.0,0.0,0.0,26.943775,
0,0.0,0.0,0.0,26.963091,
0,0.0,0.0,0.0,26.943775,
0,0.0,0.0,0.0,26.943775,
0,0.0,0.0,0.0,26.943775,
0,0.0,0.0,0.0,26.924459,
0,0.0,0.0,0.0,26.943775,
0,0.0,0.0,0.0,26.943775,
0,0.0,0.0,0.0,26.943775,
0,0.0,0.0,0.0,26.943775,
0,0.0,0.0,0.0,26.943775,
0,0.0,0.0,0.0,26.943775,
0,0.0,0.0,0.0,26.963091,
0,0.0,0.0,0.0,26.924459,
0,0.0,0.0,0.0,26.943775,
0,0.0,0.0,0.0,26.943775,
0,0.0,0.0,0.0,26.963091,
0,0.0,0.0,0.0,26.963091,
0,0.0,0.0,0.0,26.963091,
0,0.0,0.0,0.0,26.963091,
0,0.0,0.0,0.0,26.943775,
0,0.0,0.0,0.0,26.943775,
0,0.0,0.0,0.0,26.943775,
0,0.0,0.0,0.0,26.943775,
0,0.0,0.0,0.0,26.943775,
0,0.0,0.0,0.0,26.943775,
0,0.0,0.0,0.0,26.963091,
0,0.0,0.0,0.0,26.943775,
0,0.0,0.0,0.0,26.943775,
0,0.0,0.0,0.0,26.924459,
0,0.0,0.0,0.0,26.943775,
0,0.0,0.0,0.0,26.943775,
0,0.0,0.0,0.0,26.943775,
0,0.0,0.0,0.0,26.943775,
0,0.0,0.0,0.0,26.943775,
0,0.0,0.0,0.0,26.943775,
0,0.0,0.0,0.0,26.943775,
0,0.0,0.0,0.0,26.943775,
0,0.0,0.0,0.0,26.943775,
0,0.0,0.0,0.0,26.943775,
0,0.0,0.0,0.0,26.943775,
0,0.0,0.0,0.0,26.943775,
0,0.0,0.0,0.0,26.943775,
0,0.0,0.0,0.0,26.943775,
0,0.0,0.0,0.0,26.963091,
0,0.0,0.0,0.0,26.963091,
0,0.0,0.0,0.0,26.963091,
0,0.0,0.0,0.0,26.943775,
0,0.0,0.0,0.0,26.943775,
0,0.0,0.0,0.0,26.943775,
0,0.0,0.0,0.0,26.963091,
0,0.0,0.0,0.0,26.943775,
0,0.0,0.0,0.0,26.943775,
0,0.0,0.0,0.0,26.963091,
0,0.0,0.0,0.0,26.943775,
0,0.0,0.0,0.0,26.963091,
0,0.0,0.0,0.0,26.943775,
0,0.0,0.0,0.0,26.963091,
0,0.0,0.0,0.0,26.963091,
0,0.0,0.0,0.0,26.943775,
0,0.0,0.0,0.0,26.963091,
5,0.0,0.0,0.0,26.963091,
5,0.0,0.0,0.0,26.963091,
5,0.0,0.0,0.0,26.963091,
5,0.0,0.0,0.0,26.963091,
5,0.0,0.0,0.0,26.963091,
5,0.0,0.0,0.0,26.943775,
5,0.0,0.0,0.0,26.808563,
5,0.0,0.0,0.0,26.789248,
5,0.0,0.0,0.0,26.789248,
5,0.0,0.0,0.0,26.769932,
5,0.0,0.0,0.0,26.750616,
5,0.0,0.0,0.0,26.731297,
5,0.0,0.0,0.0,26.731297,
5,0.0,0.0,0.0,26.750616,
5,0.0,0.0,0.0,26.731297,
5,0.0,0.0,0.0,26.711981,
5,0.0,0.0,0.0,26.711981,
5,0.0,0.0,0.0,26.711981,
5,0.0,0.0,0.0,26.731297,
5,0.0,0.0,0.0,26.711981,
5,0.0,0.0,0.0,26.711981,
5,0.0,0.0,0.0,26.731297,
5,0.0,0.0,0.0,26.711981,
5,0.0,0.0,0.0,26.692665,
5,0.0,0.0,0.0,26.711981,
5,0.0,0.0,0.0,26.711981,
5,0.0,0.0,0.0,26.711981,
5,0.0,0.0,0.0,26.711981,
5,0.0,0.0,0.0,26.711981,
5,0.0,0.0,0.0,26.711981,
5,0.0,0.0,0.0,26.711981,
5,0.0,0.0,0.0,26.711981,
5,0.0,0.0,0.0,26.711981,
5,0.0,0.0,0.0,26.711981,
5,0.0,0.0,0.0,26.692665,
5,0.0,0.0,0.0,26.692665,
5,0.0,0.0,0.0,26.711981,
5,0.0,0.0,0.0,26.711981,
5,0.0,0.0,0.0,26.711981,
5,0.0,0.0,0.0,26.711981,
5,0.0,0.0,0.0,26.711981,
5,0.0,0.0,0.0,26.711981,
5,0.0,0.0,0.0,26.711981,
5,0.0,0.0,0.0,26.711981,
5,0.0,0.0,0.0,26.711981,
5,0.0,0.0,0.0,26.692665,
5,0.0,0.0,0.0,26.711981,
5,0.0,0.0,0.0,26.711981,
5,0.0,0.0,0.0,26.692665,
5,0.0,0.0,0.0,26.692665,
5,0.0,0.0,0.0,26.692665,
5,0.0,0.0,0.0,26.711981,
5,0.0,0.0,0.0,26.673349,
5,0.0,0.0,0.0,26.711981,
5,0.0,0.0,0.0,26.711981,
5,0.0,0.0,0.0,26.673349,
5,0.0,0.0,0.0,26.692665,
5,0.0,0.0,0.0,26.692665,
5,0.0,0.0,0.0,26.692665,
5,0.0,0.0,0.0,26.692665,
5,0.0,0.0,0.0,26.711981,
5,0.0,0.0,0.0,26.711981,
5,0.0,0.0,0.0,26.692665,
5,0.0,0.0,0.0,26.711981,
5,0.0,0.0,0.0,26.692665,
5,0.0,0.0,0.0,26.711981,
5,0.0,0.0,0.0,26.692665,
5,0.0,0.0,0.0,26.673349,
5,0.0,0.0,0.0,26.711981,
5,0.0,0.0,0.0,26.711981,
5,0.0,0.0,0.0,26.692665,
5,0.0,0.0,0.0,26.692665,
5,0.0,0.0,0.0,26.711981,
5,0.0,0.0,0.0,26.711981,
5,0.0,0.0,0.0,26.711981,
5,0.0,0.0,0.0,26.692665,
5,0.0,0.0,0.0,26.711981,
5,0.0,0.0,0.0,26.692665,
5,0.0,0.0,0.0,26.692665,
5,0.0,0.0,0.0,26.711981,
5,0.0,0.0,0.0,26.692665,
5,0.0,0.0,0.0,26.692665,
5,0.0,0.0,0.0,26.692665,
5,0.0,0.0,0.0,26.692665,
5,0.0,0.0,0.0,26.673349,
5,0.0,0.0,0.0,26.692665,
5,0.0,0.0,0.0,26.711981,
5,0.0,0.0,0.0,26.692665,
5,0.0,0.0,0.0,26.711981,
5,0.0,0.0,0.0,26.692665,
5,0.0,0.0,0.0,26.711981,
5,0.0,0.0,0.0,26.692665,
5,0.0,0.0,0.0,26.692665,
5,0.0,0.0,0.0,26.673349,
5,0.0,0.0,0.0,26.654034,
5,0.0,0.0,0.0,26.692665,
5,0.0,0.0,0.0,26.692665,
5,0.0,0.0,0.0,26.692665,
5,0.0,0.0,0.0,26.692665,
5,0.0,0.0,0.0,26.692665,
5,0.0,0.0,0.0,26.692665,
5,0.0,0.0,0.0,26.673349,
5,0.0,0.0,0.0,26.692665,
5,0.0,0.0,0.0,26.692665,
5,0.0,0.0,0.0,26.673349,
5,0.0,0.0,0.0,26.711981,
5,0.0,0.0,0.0,26.692665,
5,0.0,0.0,0.0,26.692665,
5,0.0,0.0,0.0,26.673349,
5,0.0,0.0,0.0,26.673349,
5,0.0,0.0,0.0,26.692665,
5,0.0,0.0,0.0,26.692665,
5,0.0,0.0,0.0,26.692665,
5,0.0,0.0,0.0,26.673349,
5,0.0,0.0,0.0,26.673349,
5,0.0,0.0,0.0,26.692665,
5,0.0,0.0,0.0,26.692665,
5,0.0,0.0,0.0,26.692665,
5,0.0,0.0,0.0,26.692665,
5,0.0,0.0,0.0,26.692665,
5,0.0,0.0,0.0,26.692665,
5,0.0,0.0,0.0,26.692665,
5,0.0,0.0,0.0,26.673349,
5,0.0,0.0,0.0,26.692665,
5,0.0,0.0,0.0,26.692665,
5,0.0,0.0,0.0,26.711981,
5,0.0,0.0,0.0,26.692665,
5,0.0,0.0,0.0,26.673349,
5,0.0,0.0,0.0,26.692665,
5,0.0,0.0,0.0,26.673349,
5,0.0,0.0,0.0,26.711981,
5,0.0,0.0,0.0,26.692665,
5,0.0,0.0,0.0,26.692665,
5,0.0,0.0,0.0,26.692665,
5,0.0,0.0,0.0,26.673349,
5,0.0,0.0,0.0,26.692665,
5,0.0,0.0,0.0,26.711981,
5,0.0,0.0,0.0,26.692665,
5,0.0,0.0,0.0,26.692665,
5,0.0,0.0,0.0,26.692665,
5,0.0,0.0,0.0,26.692665,
5,0.0,0.0,0.0,26.692665,
5,0.0,0.0,0.0,26.673349,
5,0.0,0.0,0.0,26.711981,
5,0.0,0.0,0.0,26.673349,
5,0.0,0.0,0.0,26.692665,
5,0.0,0.0,0.0,26.692665,
5,0.0,0.0,0.0,26.692665,
5,0.0,0.0,0.0,26.692665,
5,0.0,0.0,0.0,26.673349,
5,0.0,0.0,0.0,26.692665,
5,0.0,0.0,0.0,26.692665,
5,0.0,0.0,0.0,26.692665,
5,0.0,0.0,0.0,26.692665,
5,0.0,0.0,0.0,26.692665,
5,0.0,0.0,0.0,26.692665,
5,0.0,0.0,0.0,26.692665,
5,0.0,0.0,0.0,26.692665,
5,0.0,0.0,0.0,26.692665,
5,0.0,0.0,0.0,26.692665,
5,0.0,0.0,0.0,26.692665,
5,0.0,0.0,0.0,26.692665,
5,0.0,0.0,0.0,26.692665,
5,0.0,0.0,0.0,26.692665,
5,0.0,0.0,0.0,26.692665,
5,0.0,0.0,0.0,26.692665,
5,0.0,0.0,0.0,26.692665,
5,0.0,0.0,0.0,26.692665,
5,0.0,0.0,0.0,26.692665,
5,0.0,0.0,0.0,26.673349,
5,0.0,0.0,0.0,26.692665,
5,0.0,0.0,0.0,26.692665,
5,0.0,0.0,0.0,26.692665,
5,0.0,0.0,0.0,26.692665,
5,0.0,0.0,0.0,26.673349,
5,0.0,0.0,0.0,26.692665,
5,0.0,0.0,0.0,26.692665,
5,0.0,0.0,0.0,26.673349,
5,0.0,0.0,0.0,26.711981,
5,0.0,0.0,0.0,26.711981,
5,0.0,0.0,0.0,26.692665,
5,0.0,0.0,0.0,26.692665,
5,0.0,0.0,0.0,26.692665,
5,0.0,0.0,0.0,26.711981,
5,0.0,0.0,0.0,26.692665,
5,0.0,0.0,0.0,26.692665,
5,0.0,0.0,0.0,26.711981,
5,0.0,0.0,0.0,26.692665,
5,0.0,0.0,0.0,26.711981,
5,0.0,0.0,0.0,26.692665,
5,0.0,0.0,0.0,26.673349,
5,0.0,0.0,0.0,26.692665,
5,0.0,0.0,0.0,26.711981,
5,0.0,0.0,0.0,26.711981,
5,0.0,0.0,0.0,26.692665,
5,0.0,0.0,0.0,26.692665,
5,0.0,0.0,0.0,26.711981,
5,0.0,0.0,0.0,26.692665,
5,0.0,0.0,0.0,26.692665,
5,0.0,0.0,0.0,26.692665,
5,0.0,0.0,0.0,26.673349,
5,0.0,0.0,0.0,26.692665,
5,0.0,0.0,0.0,26.692665,
5,0.0,0.0,0.0,26.692665,
5,0.0,0.0,0.0,26.692665,
5,0.0,0.0,0.0,26.692665,
5,0.0,0.0,0.0,26.692665,
5,0.0,0.0,0.0,26.692665,
5,0.0,0.0,0.0,26.692665,
5,0.0,0.0,0.0,26.673349,
5,0.0,0.0,0.0,26.692665,
5,0.0,0.0,0.0,26.673349,
5,0.0,0.0,0.0,26.692665,
5,0.0,0.0,0.0,26.711981,
5,0.0,0.0,0.0,26.692665,
5,0.0,0.0,0.0,26.692665,
5,0.0,0.0,0.0,26.692665,
5,0.0,0.0,0.0,26.692665,
5,0.0,0.0,0.0,26.673349,
5,0.0,0.0,0.0,26.673349,
5,0.0,0.0,0.0,26.673349,
5,0.0,0.0,0.0,26.692665,
5,0.0,0.0,0.0,26.692665,
5,0.0,0.0,0.0,26.673349,
5,0.0,0.0,0.0,26.673349,
5,0.0,0.0,0.0,26.673349,
5,0.0,0.0,0.0,26.673349,
5,0.0,0.0,0.0,26.711981,
5,0.0,0.0,0.0,26.692665,
5,0.0,0.0,0.0,26.673349,
5,0.0,0.0,0.0,26.654034,
5,0.0,0.0,0.0,26.673349,
5,0.0,0.0,0.0,26.673349,
5,0.0,0.0,0.0,26.692665,
5,0.0,0.0,0.0,26.673349,
5,0.0,0.0,0.0,26.692665,
5,0.0,0.0,0.0,26.673349,
5,0.0,0.0,0.0,26.692665,
5,0.0,0.0,0.0,26.673349,
5,0.0,0.0,0.0,26.673349,
5,0.0,0.0,0.0,26.692665,
5,0.0,0.0,0.0,26.673349,
5,0.0,0.0,0.0,26.673349,
5,0.0,0.0,0.0,26.673349,
5,0.0,0.0,0.0,26.692665,
5,0.0,0.0,0.0,26.692665,
5,0.0,0.0,0.0,26.673349,
5,0.0,0.0,0.0,26.673349,
10,0.0,0.0,0.0,26.673349,
10,0.0,0.0,0.0,26.673349,
10,0.0,0.0,0.0,26.673349,
10,0.0,0.0,0.0,26.692665,
10,0.0,0.0,0.0,26.538137,
10,0.0,0.0,0.0,26.538137,
10,0.0,0.0,0.0,26.518822,
10,0.0,0.0,0.0,26.538137,
10,0.0,0.0,0.0,26.518822,
10,0.0,0.0,0.0,26.518822,
10,0.0,0.0,0.0,26.518822,
10,0.0,0.0,0.0,26.518822,
10,0.0,0.0,0.0,26.518822,
10,0.0,0.0,0.0,26.518822,
10,0.0,0.0,0.0,26.518822,
10,0.0,0.0,0.0,26.518822,
10,0.0,0.0,0.0,26.499506,
10,0.0,0.0,0.0,26.518822,
10,0.0,0.0,0.0,26.499506,
10,0.0,0.0,0.0,26.499506,
10,0.0,0.0,0.0,26.518822,
10,0.0,0.0,0.0,26.499506,
10,0.0,0.0,0.0,26.499506,
10,0.0,0.0,0.0,26.499506,
10,0.0,0.0,0.0,26.518822,
10,0.0,0.0,0.0,26.518822,
10,0.0,0.0,0.0,26.518822,
10,0.0,0.0,0.0,26.518822,
10,0.0,0.0,0.0,26.518822,
10,0.0,0.0,0.0,26.499506,
10,0.0,0.0,0.0,26.499506,
10,0.0,0.0,0.0,26.518822,
10,0.0,0.0,0.0,26.518822,
10,0.0,0.0,0.0,26.499506,
10,0.0,0.0,0.0,26.518822,
10,0.0,0.0,0.0,26.499506,
10,0.0,0.0,0.0,26.499506,
10,0.0,0.0,0.0,26.499506,
10,0.0,0.0,0.0,26.499506,
10,0.0,0.0,0.0,26.499506,
10,0.0,0.0,0.0,26.499506,
10,0.0,0.0,0.0,26.518822,
10,0.0,0.0,0.0,26.518822,
10,0.0,0.0,0.0,26.499506,
10,0.0,0.0,0.0,26.499506,
10,0.0,0.0,0.0,26.499506,
10,0.0,0.0,0.0,26.518822,
10,0.0,0.0,0.0,26.518822,
10,0.0,0.0,0.0,26.499506,
10,0.0,0.0,0.0,26.499506,
10,0.0,0.0,0.0,26.499506,
10,0.0,0.0,0.0,26.499506,
10,0.0,0.0,0.0,26.499506,
10,0.0,0.0,0.0,26.499506,
10,0.0,0.0,0.0,26.499506,
10,0.0,0.0,0.0,26.499506,
10,0.0,0.0,0.0,26.499506,
10,0.0,0.0,0.0,26.499506,
10,0.0,0.0,0.0,26.48019,
10,0.0,0.0,0.0,26.499506,
10,0.0,0.0,0.0,26.499506,
10,0.0,0.0,0.0,26.499506,
10,0.0,0.0,0.0,26.518822,
10,0.0,0.0,0.0,26.499506,
10,0.0,0.0,0.0,26.499506,
10,0.0,0.0,0.0,26.499506,
10,0.0,0.0,0.0,26.518822,
10,0.0,0.0,0.0,26.499506,
10,0.0,0.0,0.0,26.518822,
10,0.0,0.0,0.0,26.499506,
10,0.0,0.0,0.0,26.518822,
10,0.0,0.0,0.0,26.499506,
10,0.0,0.0,0.0,26.499506,
10,0.0,0.0,0.0,26.518822,
10,0.0,0.0,0.0,26.518822,
10,0.0,0.0,0.0,26.499506,
10,0.0,0.0,0.0,26.518822,
10,0.0,0.0,0.0,26.518822,
10,0.0,0.0,0.0,26.499506,
10,0.0,0.0,0.0,26.518822,
10,0.0,0.0,0.0,26.499506,
10,0.0,0.0,0.0,26.499506,
10,0.0,0.0,0.0,26.518822,
10,0.0,0.0,0.0,26.499506,
10,0.0,0.0,0.0,26.518822,
10,0.0,0.0,0.0,26.499506,
10,0.0,0.0,0.0,26.499506,
10,0.0,0.0,0.0,26.499506,
10,0.0,0.0,0.0,26.499506,
10,0.0,0.0,0.0,26.499506,
10,0.0,0.0,0.0,26.499506,
10,0.0,0.0,0.0,26.499506,
10,0.0,0.0,0.0,26.499506,
10,0.0,0.0,0.0,26.48019,
10,0.0,0.0,0.0,26.499506,
10,0.0,0.0,0.0,26.48019,
10,0.0,0.0,0.0,26.499506,
10,0.0,0.0,0.0,26.499506,
10,0.0,0.0,0.0,26.48019,
10,0.0,0.0,0.0,26.48019,
10,0.0,0.0,0.0,26.48019,
10,0.0,0.0,0.0,26.499506,
10,0.0,0.0,0.0,26.499506,
10,0.0,0.0,0.0,26.499506,
10,0.0,0.0,0.0,26.499506,
10,0.0,0.0,0.0,26.48019,
10,0.0,0.0,0.0,26.48019,
10,0.0,0.0,0.0,26.48019,
10,0.0,0.0,0.0,26.48019,
10,0.0,0.0,0.0,26.499506,
10,0.0,0.0,0.0,26.499506,
10,0.0,0.0,0.0,26.499506,
10,0.0,0.0,0.0,26.48019,
10,0.0,0.0,0.0,26.499506,
10,0.0,0.0,0.0,26.499506,
10,0.0,0.0,0.0,26.499506,
10,0.0,0.0,0.0,26.499506,
10,0.0,0.0,0.0,26.499506,
10,0.0,0.0,0.0,26.499506,
10,0.0,0.0,0.0,26.499506,
10,0.0,0.0,0.0,26.499506,
10,0.0,0.0,0.0,26.48019,
10,0.0,0.0,0.0,26.499506,
10,0.0,0.0,0.0,26.48019,
10,0.0,0.0,0.0,26.518822,
10,0.0,0.0,0.0,26.499506,
10,0.0,0.0,0.0,26.518822,
10,0.0,0.0,0.0,26.499506,
10,0.0,0.0,0.0,26.499506,
10,0.0,0.0,0.0,26.499506,
10,0.0,0.0,0.0,26.48019,
10,0.0,0.0,0.0,26.499506,
10,0.0,0.0,0.0,26.499506,
10,0.0,0.0,0.0,26.499506,
10,0.0,0.0,0.0,26.499506,
10,0.0,0.0,0.0,26.499506,
10,0.0,0.0,0.0,26.48019,
10,0.0,0.0,0.0,26.499506,
10,0.0,0.0,0.0,26.499506,
10,0.0,0.0,0.0,26.499506,
10,0.0,0.0,0.0,26.499506,
10,0.0,0.0,0.0,26.499506,
10,0.0,0.0,0.0,26.499506,
10,0.0,0.0,0.0,26.499506,
10,0.0,0.0,0.0,26.499506,
10,0.0,0.0,0.0,26.499506,
10,0.0,0.0,0.0,26.499506,
10,0.0,0.0,0.0,26.499506,
10,0.0,0.0,0.0,26.499506,
10,0.0,0.0,0.0,26.48019,
10,0.0,0.0,0.0,26.48019,
10,0.0,0.0,0.0,26.499506,
10,0.0,0.0,0.0,26.499506,
10,0.0,0.0,0.0,26.48019,
10,0.0,0.0,0.0,26.499506,
10,0.0,0.0,0.0,26.499506,
10,0.0,0.0,0.0,26.499506,
10,0.0,0.0,0.0,26.48019,
10,0.0,0.0,0.0,26.499506,
15,0.0,0.0,0.0,26.499506,
15,0.0,0.0,0.0,26.499506,
15,0.0,0.0,0.0,26.48019,
15,0.0,0.0,0.0,26.499506,
15,0.0,0.0,0.0,26.499506,
15,0.0,0.0,0.0,26.499506,
15,0.0,0.0,0.0,26.499506,
15,0.0,0.0,0.0,26.499506,
15,3.208943,0.0,0.0,26.190449,
15,0.0,0.0,0.0,26.171131,
15,0.0,0.0,0.0,26.151815,
15,0.0,0.0,0.0,26.151815,
15,0.0,0.0,0.0,26.113184,
15,0.0,0.0,0.0,26.113184,
15,0.0,0.0,0.0,26.074553,
15,0.0,0.0,0.0,26.093868,
15,0.0,0.0,0.0,26.074553,
15,0.0,0.0,0.0,26.074553,
15,0.0,0.0,0.0,26.093868,
15,0.0,0.0,0.0,26.093868,
15,0.0,0.0,0.0,26.074553,
15,0.0,0.0,0.0,26.093868,
15,0.0,0.0,0.0,26.093868,
15,0.0,0.0,0.0,26.093868,
15,0.0,0.0,0.0,26.074553,
15,0.0,0.0,0.0,26.093868,
15,0.0,0.0,0.0,26.093868,
15,0.0,0.0,0.0,26.093868,
15,0.0,0.0,0.0,26.074553,
15,0.0,0.0,0.0,26.093868,
15,0.0,0.0,0.0,26.093868,
15,0.0,0.0,0.0,26.074553,
15,0.0,0.0,0.0,26.093868,
15,0.0,0.0,0.0,26.093868,
15,0.0,0.0,0.0,26.093868,
15,0.0,0.0,0.0,26.093868,
15,0.0,0.0,0.0,26.093868,
15,0.0,0.0,0.0,26.093868,
15,0.0,0.0,0.0,26.093868,
15,0.0,0.0,0.0,26.074553,
15,0.0,0.0,0.0,26.093868,
15,0.0,0.0,0.0,26.093868,
15,0.0,0.0,0.0,26.093868,
15,0.0,0.0,0.0,26.074553,
15,0.0,0.0,0.0,26.113184,
15,0.0,0.0,0.0,26.113184,
15,0.0,0.0,0.0,26.093868,
15,0.0,0.0,0.0,26.093868,
15,0.0,0.0,0.0,26.093868,
15,0.0,0.0,0.0,26.113184,
15,0.0,0.0,0.0,26.113184,
15,0.0,0.0,0.0,26.113184,
15,0.0,0.0,0.0,26.113184,
15,0.0,0.0,0.0,26.093868,
15,0.0,0.0,0.0,26.093868,
15,0.0,0.0,0.0,26.093868,
15,0.0,0.0,0.0,26.074553,
15,0.0,0.0,0.0,26.074553,
15,0.0,0.0,0.0,26.093868,
15,0.0,0.0,0.0,26.093868,
15,0.0,0.0,0.0,26.074553,
15,0.0,0.0,0.0,26.074553,
15,0.0,0.0,0.0,26.093868,
15,0.0,0.0,0.0,26.074553,
15,0.0,0.0,0.0,26.074553,
15,0.0,0.0,0.0,26.093868,
15,0.0,0.0,0.0,26.093868,
15,0.0,0.0,0.0,26.074553,
15,0.0,0.0,0.0,26.093868,
15,0.0,0.0,0.0,26.093868,
15,0.0,0.0,0.0,26.093868,
15,0.0,0.0,0.0,26.074553,
15,0.0,0.0,0.0,26.074553,
15,0.0,0.0,0.0,26.093868,
15,0.0,0.0,0.0,26.093868,
15,0.0,0.0,0.0,26.074553,
15,0.0,0.0,0.0,26.093868,
15,0.0,0.0,0.0,26.093868,
15,0.0,0.0,0.0,26.093868,
15,0.0,0.0,0.0,26.093868,
15,0.0,0.0,0.0,26.074553,
15,0.0,0.0,0.0,26.074553,
15,0.0,0.0,0.0,26.093868,
15,0.0,0.0,0.0,26.074553,
15,0.0,0.0,0.0,26.074553,
15,0.0,0.0,0.0,26.093868,
15,0.0,0.0,0.0,26.074553,
15,0.0,0.0,0.0,26.093868,
15,0.0,0.0,0.0,26.074553,
15,0.0,0.0,0.0,26.093868,
15,0.0,0.0,0.0,26.074553,
15,0.0,0.0,0.0,26.074553,
15,0.0,0.0,0.0,26.074553,
15,0.0,0.0,0.0,26.055237,
15,0.0,0.0,0.0,26.055237,
15,0.0,0.0,0.0,26.055237,
15,0.0,0.0,0.0,26.074553,
15,0.0,0.0,0.0,26.074553,
15,0.0,0.0,0.0,26.093868,
15,0.0,0.0,0.0,26.055237,
15,0.0,0.0,0.0,26.074553,
15,0.0,0.0,0.0,26.093868,
15,0.0,0.0,0.0,26.074553,
15,0.0,0.0,0.0,26.055237,
15,0.0,0.0,0.0,26.055237,
15,0.0,0.0,0.0,26.055237,
15,0.0,0.0,0.0,26.074553,
15,0.0,0.0,0.0,26.055237,
15,0.0,0.0,0.0,26.055237,
15,0.0,0.0,0.0,26.074553,
15,0.0,0.0,0.0,26.055237,
15,0.0,0.0,0.0,26.055237,
15,0.0,0.0,0.0,26.055237,
15,0.0,0.0,0.0,26.055237,
15,0.0,0.0,0.0,26.055237,
15,0.0,0.0,0.0,26.055237,
15,0.0,0.0,0.0,26.055237,
15,0.0,0.0,0.0,26.074553,
15,0.0,0.0,0.0,26.074553,
15,0.0,0.0,0.0,26.074553,
15,0.0,0.0,0.0,26.055237,
15,0.0,0.0,0.0,26.074553,
15,0.0,0.0,0.0,26.055237,
15,0.0,0.0,0.0,26.055237,
15,0.0,0.0,0.0,26.074553,
15,0.0,0.0,0.0,26.055237,
15,0.0,0.0,0.0,26.055237,
15,0.0,0.0,0.0,26.055237,
15,0.0,0.0,0.0,26.074553,
15,0.0,0.0,0.0,26.055237,
15,0.0,0.0,0.0,26.055237,
15,0.0,0.0,0.0,26.074553,
15,0.0,0.0,0.0,26.074553,
15,0.0,0.0,0.0,26.074553,
15,0.0,0.0,0.0,26.055237,
15,0.0,0.0,0.0,26.055237,
15,0.0,0.0,0.0,26.074553,
15,0.0,0.0,0.0,26.074553,
15,0.0,0.0,0.0,26.074553,
15,0.0,0.0,0.0,26.074553,
15,0.0,0.0,0.0,26.074553,
15,0.0,0.0,0.0,26.074553,
15,0.0,0.0,0.0,26.055237,
15,0.0,0.0,0.0,26.055237,
15,0.0,0.0,0.0,26.074553,
15,0.0,0.0,0.0,26.074553,
15,0.0,0.0,0.0,26.074553,
15,0.0,0.0,0.0,26.074553,
15,0.0,0.0,0.0,26.055237,
15,0.0,0.0,0.0,26.074553,
15,0.0,0.0,0.0,26.074553,
15,0.0,0.0,0.0,26.074553,
15,0.0,0.0,0.0,26.055237,
15,0.0,0.0,0.0,26.093868,
15,0.0,0.0,0.0,26.074553,
15,0.0,0.0,0.0,26.093868,
15,0.0,0.0,0.0,26.074553,
15,0.0,0.0,0.0,26.074553,
15,0.0,0.0,0.0,26.093868,
15,0.0,0.0,0.0,26.093868,
15,0.0,0.0,0.0,26.093868,
15,0.0,0.0,0.0,26.113184,
15,0.0,0.0,0.0,26.093868,
15,0.0,0.0,0.0,26.113184,
15,0.0,0.0,0.0,26.093868,
15,0.0,0.0,0.0,26.093868,
15,0.0,0.0,0.0,26.093868,
15,0.0,0.0,0.0,26.113184,
15,0.0,0.0,0.0,26.113184,
15,0.0,0.0,0.0,26.113184,
15,0.0,0.0,0.0,26.113184,
15,0.0,0.0,0.0,26.093868,
15,0.0,0.0,0.0,26.093868,
15,0.0,0.0,0.0,26.113184,
15,0.0,0.0,0.0,26.093868,
15,0.0,0.0,0.0,26.093868,
15,0.0,0.0,0.0,26.113184,
15,0.0,0.0,0.0,26.093868,
15,0.0,0.0,0.0,26.113184,
15,0.0,0.0,0.0,26.113184,
15,0.0,0.0,0.0,26.113184,
15,0.0,0.0,0.0,26.113184,
15,0.0,0.0,0.0,26.1325,
15,0.0,0.0,0.0,26.113184,
15,0.0,0.0,0.0,26.113184,
15,0.0,0.0,0.0,26.113184,
15,0.0,0.0,0.0,26.113184,
15,0.0,0.0,0.0,26.113184,
15,0.0,0.0,0.0,26.093868,
15,0.0,0.0,0.0,26.093868,
15,0.0,0.0,0.0,26.113184,
15,0.0,0.0,0.0,26.113184,
15,0.0,0.0,0.0,26.113184,
15,0.0,0.0,0.0,26.113184,
15,0.0,0.0,0.0,26.113184,
15,0.0,0.0,0.0,26.093868,
15,0.0,0.0,0.0,26.113184,
15,0.0,0.0,0.0,26.113184,
15,0.0,0.0,0.0,26.113184,
15,0.0,0.0,0.0,26.113184,
15,0.0,0.0,0.0,26.113184,
15,0.0,0.0,0.0,26.113184,
15,0.0,0.0,0.0,26.1325,
15,0.0,0.0,0.0,26.113184,
15,0.0,0.0,0.0,26.1325,
15,0.0,0.0,0.0,26.093868,
15,0.0,0.0,0.0,26.113184,
15,0.0,0.0,0.0,26.093868,
15,0.0,0.0,0.0,26.113184,
15,0.0,0.0,0.0,26.113184,
15,0.0,0.0,0.0,26.113184,
15,0.0,0.0,0.0,26.113184,
15,0.0,0.0,0.0,26.093868,
15,0.0,0.0,0.0,26.113184,
15,0.0,0.0,0.0,26.113184,
15,0.0,0.0,0.0,26.093868,
15,0.0,0.0,0.0,26.1325,
15,0.0,0.0,0.0,26.113184,
15,0.0,0.0,0.0,26.113184,
15,0.0,0.0,0.0,26.113184,
15,0.0,0.0,0.0,26.113184,
15,0.0,0.0,0.0,26.113184,
15,0.0,0.0,0.0,26.093868,
15,0.0,0.0,0.0,26.113184,
15,0.0,0.0,0.0,26.1325,
15,0.0,0.0,0.0,26.113184,
15,0.0,0.0,0.0,26.1325,
15,0.0,0.0,0.0,26.1325,
15,0.0,0.0,0.0,26.113184,
15,0.0,0.0,0.0,26.1325,
15,0.0,0.0,0.0,26.1325,
15,0.0,0.0,0.0,26.113184,
15,0.0,0.0,0.0,26.113184,
15,0.0,0.0,0.0,26.093868,
15,0.0,0.0,0.0,26.113184,
15,0.0,0.0,0.0,26.113184,
15,0.0,0.0,0.0,26.113184,
15,0.0,0.0,0.0,26.093868,
15,0.0,0.0,0.0,26.113184,
15,0.0,0.0,0.0,26.113184,
15,0.0,0.0,0.0,26.113184,
15,0.0,0.0,0.0,26.1325,
15,0.0,0.0,0.0,26.113184,
15,0.0,0.0,0.0,26.1325,
15,0.0,0.0,0.0,26.1325,
15,0.0,0.0,0.0,26.1325,
15,0.0,0.0,0.0,26.113184,
15,0.0,0.0,0.0,26.1325,
15,0.0,0.0,0.0,26.1325,
15,0.0,0.0,0.0,26.1325,
15,0.0,0.0,0.0,26.1325,
15,0.0,0.0,0.0,26.1325,
15,0.0,0.0,0.0,26.113184,
15,0.0,0.0,0.0,26.1325,
15,0.0,0.0,0.0,26.113184,
15,0.0,0.0,0.0,26.113184,
15,0.0,0.0,0.0,26.113184,
15,0.0,0.0,0.0,26.093868,
15,0.0,0.0,0.0,26.1325,
15,0.0,0.0,0.0,26.1325,
15,0.0,0.0,0.0,26.113184,
15,0.0,0.0,0.0,26.1325,
15,0.0,0.0,0.0,26.1325,
15,0.0,0.0,0.0,26.1325,
15,0.0,0.0,0.0,26.113184,
15,0.0,0.0,0.0,26.113184,
15,0.0,0.0,0.0,26.113184,
15,0.0,0.0,0.0,26.113184,
15,0.0,0.0,0.0,26.113184,
15,0.0,0.0,0.0,26.113184,
15,0.0,0.0,0.0,26.113184,
15,0.0,0.0,0.0,26.113184,
15,0.0,0.0,0.0,26.113184,
15,0.0,0.0,0.0,26.1325,
15,0.0,0.0,0.0,26.1325,
15,0.0,0.0,0.0,26.093868,
15,0.0,0.0,0.0,26.1325,
15,0.0,0.0,0.0,26.1325,
15,0.0,0.0,0.0,26.093868,
15,0.0,0.0,0.0,26.113184,
15,0.0,0.0,0.0,26.113184,
20,2.831217,0.0,0.0,25.823444,
20,2.831217,0.0,0.0,25.784813,
20,2.831217,0.0,0.0,25.765497,
20,2.831217,0.0,0.0,25.746181,
20,2.815478,0.0,0.0,25.746181,
20,2.815478,0.0,0.0,25.726866,
20,2.831217,0.0,0.0,25.707548,
20,2.831217,0.0,0.0,25.726866,
20,2.815478,0.0,0.0,25.726866,
20,2.831217,0.0,0.0,25.726866,
20,2.831217,0.0,0.0,25.688232,
20,2.831217,0.0,0.0,25.707548,
20,2.831217,0.0,0.0,25.707548,
20,2.831217,0.0,0.0,25.707548,
20,2.831217,0.0,0.0,25.726866,
20,2.831217,0.0,0.0,25.726866,
20,2.815478,0.0,0.0,25.726866,
20,2.831217,0.0,0.0,25.707548,
20,2.831217,0.0,0.0,25.707548,
20,2.831217,0.0,0.0,25.726866,
20,2.831217,0.0,0.0,25.726866,
20,2.831217,0.0,0.0,25.707548,
20,2.831217,0.0,0.0,25.726866,
20,2.831217,0.0,0.0,25.707548,
20,2.831217,0.0,0.0,25.726866,
20,2.831217,0.0,0.0,25.726866,
20,2.831217,0.0,0.0,25.726866,
20,2.815478,0.0,0.0,25.707548,
20,2.831217,0.0,0.0,25.707548,
20,2.831217,0.0,0.0,25.707548,
20,2.831217,0.0,0.0,25.726866,
20,2.831217,0.0,0.0,25.707548,
20,2.831217,0.0,0.0,25.707548,
20,2.831217,0.0,0.0,25.726866,
20,2.831217,0.0,0.0,25.707548,
20,2.831217,0.0,0.0,25.726866,
20,2.831217,0.0,0.0,25.726866,
20,2.831217,0.0,0.0,25.688232,
20,2.831217,0.0,0.0,25.707548,
20,2.831217,0.0,0.0,25.707548,
20,2.815478,0.0,0.0,25.726866,
20,2.831217,0.0,0.0,25.726866,
20,2.831217,0.0,0.0,25.726866,
20,2.815478,0.0,0.0,25.707548,
20,2.831217,0.0,0.0,25.707548,
20,2.831217,0.0,0.0,25.707548,
20,2.815478,0.0,0.0,25.707548,
20,2.815478,0.0,0.0,25.707548,
20,2.831217,0.0,0.0,25.707548,
20,2.831217,0.0,0.0,25.707548,
20,2.831217,0.0,0.0,25.707548,
20,2.831217,0.0,0.0,25.707548,
20,2.831217,0.0,0.0,25.707548,
20,2.831217,0.0,0.0,25.726866,
20,2.831217,0.0,0.0,25.707548,
20,2.831217,0.0,0.0,25.707548,
20,2.831217,0.0,0.0,25.726866,
20,2.831217,0.0,0.0,25.707548,
20,2.831217,0.0,0.0,25.707548,
20,2.831217,0.0,0.0,25.726866,
20,2.815478,0.0,0.0,25.707548,
20,2.831217,0.0,0.0,25.707548,
20,2.831217,0.0,0.0,25.688232,
20,2.831217,0.0,0.0,25.707548,
20,2.831217,0.0,0.0,25.707548,
20,2.831217,0.0,0.0,25.707548,
20,2.831217,0.0,0.0,25.707548,
20,2.831217,0.0,0.0,25.707548,
20,2.815478,0.0,0.0,25.707548,
20,2.815478,0.0,0.0,25.688232,
20,2.815478,0.0,0.0,25.688232,
20,2.815478,0.0,0.0,25.707548,
20,2.831217,0.0,0.0,25.707548,
20,2.831217,0.0,0.0,25.688232,
20,2.815478,0.0,0.0,25.688232,
20,2.831217,0.0,0.0,25.707548,
20,2.831217,0.0,0.0,25.688232,
20,2.831217,0.0,0.0,25.688232,
20,2.815478,0.0,0.0,25.688232,
20,2.831217,0.0,0.0,25.688232,
20,2.815478,0.0,0.0,25.688232,
20,2.815478,0.0,0.0,25.688232,
20,2.815478,0.0,0.0,25.688232,
20,2.831217,0.0,0.0,25.688232,
20,2.815478,0.0,0.0,25.707548,
20,2.831217,0.0,0.0,25.707548,
20,2.815478,0.0,0.0,25.688232,
20,2.815478,0.0,0.0,25.707548,
20,2.815478,0.0,0.0,25.707548,
20,2.815478,0.0,0.0,25.688232,
20,2.831217,0.0,0.0,25.688232,
20,2.831217,0.0,0.0,25.707548,
20,2.831217,0.0,0.0,25.688232,
20,2.831217,0.0,0.0,25.688232,
20,2.831217,0.0,0.0,25.726866,
20,2.831217,0.0,0.0,25.688232,
20,2.831217,0.0,0.0,25.688232,
20,2.831217,0.0,0.0,25.688232,
20,2.831217,0.0,0.0,25.688232,
20,2.831217,0.0,0.0,25.688232,
20,2.831217,0.0,0.0,25.688232,
20,2.831217,0.0,0.0,25.688232,
20,2.831217,0.0,0.0,25.688232,
20,2.831217,0.0,0.0,25.688232,
20,2.815478,0.0,0.0,25.688232,
20,2.831217,0.0,0.0,25.688232,
20,2.831217,0.0,0.0,25.668917,
20,2.831217,0.0,0.0,25.688232,
20,2.831217,0.0,0.0,25.688232,
20,2.815478,0.0,0.0,25.707548,
20,2.815478,0.0,0.0,25.668917,
20,2.815478,0.0,0.0,25.668917,
20,2.831217,0.0,0.0,25.688232,
20,2.831217,0.0,0.0,25.688232,
20,2.831217,0.0,0.0,25.688232,
20,2.815478,0.0,0.0,25.688232,
20,2.831217,0.0,0.0,25.688232,
20,2.815478,0.0,0.0,25.688232,
20,2.815478,0.0,0.0,25.688232,
20,2.831217,0.0,0.0,25.688232,
20,2.831217,0.0,0.0,25.688232,
20,2.815478,0.0,0.0,25.688232,
20,2.831217,0.0,0.0,25.688232,
20,2.815478,0.0,0.0,25.688232,
20,2.815478,0.0,0.0,25.688232,
20,2.831217,0.0,0.0,25.688232,
20,2.815478,0.0,0.0,25.688232,
20,2.815478,0.0,0.0,25.688232,
20,2.815478,0.0,0.0,25.688232,
20,2.815478,0.0,0.0,25.668917,
20,2.815478,0.0,0.0,25.688232,
20,2.815478,0.0,0.0,25.668917,
20,2.815478,0.0,0.0,25.668917,
20,2.815478,0.0,0.0,25.668917,
20,2.831217,0.0,0.0,25.688232,
20,2.831217,0.0,0.0,25.688232,
20,2.815478,0.0,0.0,25.688232,
20,2.831217,0.0,0.0,25.688232,
20,2.831217,0.0,0.0,25.668917,
20,2.815478,0.0,0.0,25.688232,
20,2.831217,0.0,0.0,25.688232,
20,2.831217,0.0,0.0,25.688232,
20,2.831217,0.0,0.0,25.688232,
20,2.831217,0.0,0.0,25.688232,
20,2.815478,0.0,0.0,25.668917,
20,2.815478,0.0,0.0,25.668917,
20,2.831217,0.0,0.0,25.688232,
20,2.815478,0.0,0.0,25.688232,
20,2.815478,0.0,0.0,25.688232,
20,2.831217,0.0,0.0,25.688232,
20,2.831217,0.0,0.0,25.688232,
20,2.831217,0.0,0.0,25.707548,
20,2.831217,0.0,0.0,25.688232,
20,2.831217,0.0,0.0,25.707548,
20,2.815478,0.0,0.0,25.688232,
20,2.815478,0.0,0.0,25.707548,
20,2.831217,0.0,0.0,25.726866,
20,2.815478,0.0,0.0,25.707548,
20,2.831217,0.0,0.0,25.707548,
20,2.831217,0.0,0.0,25.707548,
20,2.831217,0.0,0.0,25.707548,
20,2.831217,0.0,0.0,25.707548,
20,2.831217,0.0,0.0,25.707548,
20,2.831217,0.0,0.0,25.707548,
20,2.815478,0.0,0.0,25.707548,
20,2.815478,0.0,0.0,25.707548,
20,2.815478,0.0,0.0,25.707548,
20,2.831217,0.0,0.0,25.707548,
20,2.815478,0.0,0.0,25.726866,
20,2.831217,0.0,0.0,25.707548,
20,2.831217,0.0,0.0,25.707548,
20,2.815478,0.0,0.0,25.707548,
20,2.831217,0.0,0.0,25.726866,
20,2.831217,0.0,0.0,25.707548,
20,2.815478,0.0,0.0,25.707548,
20,2.831217,0.0,0.0,25.707548,
20,2.831217,0.0,0.0,25.707548,
20,2.831217,0.0,0.0,25.707548,
20,2.831217,0.0,0.0,25.707548,
20,2.831217,0.0,0.0,25.688232,
20,2.815478,0.0,0.0,25.707548,
20,2.815478,0.0,0.0,25.707548,
20,2.815478,0.0,0.0,25.707548,
20,2.815478,0.0,0.0,25.707548,
20,2.831217,0.0,0.0,25.707548,
20,2.831217,0.0,0.0,25.726866,
20,2.831217,0.0,0.0,25.688232,
20,2.831217,0.0,0.0,25.726866,
20,2.831217,0.0,0.0,25.707548,
20,2.831217,0.0,0.0,25.707548,
20,2.831217,0.0,0.0,25.707548,
20,2.815478,0.0,0.0,25.707548,
20,2.815478,0.0,0.0,25.707548,
20,2.815478,0.0,0.0,25.707548,
20,2.831217,0.0,0.0,25.707548,
20,2.831217,0.0,0.0,25.707548,
20,2.831217,0.0,0.0,25.726866,
20,2.831217,0.0,0.0,25.707548,
20,2.831217,0.0,0.0,25.707548,
20,2.831217,0.0,0.0,25.726866,
20,2.815478,0.0,0.0,25.707548,
20,2.815478,0.0,0.0,25.707548,
20,2.831217,0.0,0.0,25.726866,
20,2.831217,0.0,0.0,25.726866,
20,2.831217,0.0,0.0,25.707548,
20,2.815478,0.0,0.0,25.707548,
20,2.831217,0.0,0.0,25.707548,
20,2.831217,0.0,0.0,25.726866,
20,2.831217,0.0,0.0,25.707548,
20,2.831217,0.0,0.0,25.707548,
20,2.831217,0.0,0.0,25.726866,
20,2.831217,0.0,0.0,25.707548,
20,2.831217,0.0,0.0,25.707548,
20,2.831217,0.0,0.0,25.726866,
20,2.831217,0.0,0.0,25.707548,
20,2.831217,0.0,0.0,25.707548,
20,2.831217,0.0,0.0,25.707548,
20,2.831217,0.0,0.0,25.707548,
20,2.831217,0.0,0.0,25.707548,
20,2.831217,0.0,0.0,25.707548,
20,2.831217,0.0,0.0,25.707548,
20,2.815478,0.0,0.0,25.707548,
20,2.831217,0.0,0.0,25.707548,
20,2.831217,0.0,0.0,25.707548,
20,2.815478,0.0,0.0,25.707548,
20,2.831217,0.0,0.0,25.707548,
20,2.831217,0.0,0.0,25.707548,
20,2.815478,0.0,0.0,25.726866,
20,2.831217,0.0,0.0,25.707548,
20,2.831217,0.0,0.0,25.707548,
20,2.831217,0.0,0.0,25.707548,
20,2.831217,0.0,0.0,25.707548,
20,2.815478,0.0,0.0,25.707548,
20,2.831217,0.0,0.0,25.726866,
20,2.815478,0.0,0.0,25.707548,
20,2.831217,0.0,0.0,25.726866,
20,2.831217,0.0,0.0,25.707548,
20,2.831217,0.0,0.0,25.726866,
20,2.815478,0.0,0.0,25.726866,
20,2.831217,0.0,0.0,25.707548,
20,2.831217,0.0,0.0,25.707548,
20,2.831217,0.0,0.0,25.688232,
20,2.815478,0.0,0.0,25.707548,
20,2.815478,0.0,0.0,25.707548,
20,2.831217,0.0,0.0,25.707548,
20,2.815478,0.0,0.0,25.707548,
20,2.831217,0.0,0.0,25.688232,
20,2.815478,0.0,0.0,25.707548,
20,2.831217,0.0,0.0,25.688232,
20,2.831217,0.0,0.0,25.688232,
20,2.831217,0.0,0.0,25.707548,
20,2.815478,0.0,0.0,25.726866,
20,2.831217,0.0,0.0,25.688232,
20,2.831217,0.0,0.0,25.707548,
20,2.831217,0.0,0.0,25.707548,
20,2.831217,0.0,0.0,25.707548,
20,2.831217,0.0,0.0,25.707548,
20,2.831217,0.0,0.0,25.707548,
20,2.831217,0.0,0.0,25.707548,
20,2.831217,0.0,0.0,25.707548,
20,2.815478,0.0,0.0,25.707548,
20,2.831217,0.0,0.0,25.707548,
20,2.831217,0.0,0.0,25.726866,
20,2.831217,0.0,0.0,25.707548,
20,2.831217,0.0,0.0,25.707548,
20,2.831217,0.0,0.0,25.707548,
20,2.815478,0.0,0.0,25.707548,
20,2.831217,0.0,0.0,25.707548,
20,2.831217,0.0,0.0,25.707548,
20,2.831217,0.0,0.0,25.688232,
20,2.815478,0.0,0.0,25.688232,
20,2.831217,0.0,0.0,25.688232,
20,2.831217,0.0,0.0,25.726866,
20,2.831217,0.0,0.0,25.707548,
20,2.831217,0.0,0.0,25.707548,
20,2.831217,0.0,0.0,25.707548,
20,2.831217,0.0,0.0,25.726866,
20,2.831217,0.0,0.0,25.707548,
20,2.815478,0.0,0.0,25.707548,
20,2.831217,0.0,0.0,25.707548,
20,2.815478,0.0,0.0,25.688232,
20,2.815478,0.0,0.0,25.707548,
20,2.815478,0.0,0.0,25.726866,
20,2.831217,0.0,0.0,25.707548,
20,2.815478,0.0,0.0,25.688232,
20,2.831217,0.0,0.0,25.707548,
20,2.831217,0.0,0.0,25.707548,
20,2.831217,0.0,0.0,25.688232,
20,2.815478,0.0,0.0,25.707548,
20,2.831217,0.0,0.0,25.707548,
20,2.831217,0.0,0.0,25.688232,
20,2.815478,0.0,0.0,25.688232,
20,2.831217,0.0,0.0,25.688232,
20,2.815478,0.0,0.0,25.707548,
20,2.831217,0.0,0.0,25.688232,
20,2.831217,0.0,0.0,25.688232,
20,2.815478,0.0,0.0,25.707548,
20,2.831217,0.0,0.0,25.688232,
20,2.815478,0.0,0.0,25.707548,
20,2.815478,0.0,0.0,25.688232,
20,2.831217,0.0,0.0,25.688232,
20,2.831217,0.0,0.0,25.688232,
20,2.831217,0.0,0.0,25.688232,
20,2.831217,0.0,0.0,25.707548,
20,2.831217,0.0,0.0,25.707548,
20,2.831217,0.0,0.0,25.707548,
20,2.831217,0.0,0.0,25.707548,
20,2.831217,0.0,0.0,25.688232,
20,2.815478,0.0,0.0,25.688232,
20,2.831217,0.0,0.0,25.707548,
20,2.831217,0.0,0.0,25.707548,
20,2.831217,0.0,0.0,25.707548,
20,2.831217,0.0,0.0,25.707548,
20,2.815478,0.0,0.0,25.688232,
20,2.831217,0.0,0.0,25.707548,
20,2.815478,0.0,0.0,25.688232,
20,2.831217,0.0,0.0,25.707548,
20,2.815478,0.0,0.0,25.688232,
20,2.831217,0.0,0.0,25.688232,
20,2.815478,0.0,0.0,25.707548,
20,2.831217,0.0,0.0,25.707548,
20,2.831217,0.0,0.0,25.688232,
20,2.831217,0.0,0.0,25.688232,
20,2.815478,0.0,0.0,25.707548,
20,2.831217,0.0,0.0,25.688232,
20,2.831217,0.0,0.0,25.688232,
20,2.831217,0.0,0.0,25.688232,
20,2.815478,0.0,0.0,25.688232,
20,2.831217,0.0,0.0,25.688232,
20,2.831217,0.0,0.0,25.707548,
20,2.815478,0.0,0.0,25.688232,
20,2.815478,0.0,0.0,25.688232,
20,2.815478,0.0,0.0,25.688232,
20,2.831217,0.0,0.0,25.688232,
20,2.831217,0.0,0.0,25.688232,
20,2.815478,0.0,0.0,25.688232,
20,2.831217,0.0,0.0,25.688232,
20,2.831217,0.0,0.0,25.688232,
20,2.815478,0.0,0.0,25.688232,
20,2.815478,0.0,0.0,25.707548,
20,2.815478,0.0,0.0,25.688232,
20,2.815478,0.0,0.0,25.688232,
20,2.831217,0.0,0.0,25.688232,
20,2.831217,0.0,0.0,25.707548,
20,2.831217,0.0,0.0,25.688232,
20,2.831217,0.0,0.0,25.688232,
20,2.815478,0.0,0.0,25.688232,
20,2.831217,0.0,0.0,25.707548,
20,2.831217,0.0,0.0,25.707548,
20,2.831217,0.0,0.0,25.707548,
20,2.831217,0.0,0.0,25.707548,
20,2.831217,0.0,0.0,25.707548,
20,2.831217,0.0,0.0,25.707548,
20,2.831217,0.0,0.0,25.707548,
20,2.831217,0.0,0.0,25.688232,
20,2.831217,0.0,0.0,25.707548,
20,2.831217,0.0,0.0,25.688232,
20,2.815478,0.0,0.0,25.688232,
20,2.831217,0.0,0.0,25.688232,
20,2.831217,0.0,0.0,25.688232,
20,2.815478,0.0,0.0,25.688232,
20,2.831217,0.0,0.0,25.707548,
20,2.831217,0.0,0.0,25.707548,
20,2.831217,0.0,0.0,25.726866,
20,2.831217,0.0,0.0,25.688232,
20,2.815478,0.0,0.0,25.688232,
20,2.831217,0.0,0.0,25.688232,
20,2.831217,0.0,0.0,25.707548,
20,2.815478,0.0,0.0,25.707548,
20,2.815478,0.0,0.0,25.707548,
20,2.815478,0.0,0.0,25.707548,
20,2.815478,0.0,0.0,25.688232,
20,2.815478,0.0,0.0,25.707548,
20,2.831217,0.0,0.0,25.688232,
20,2.815478,0.0,0.0,25.688232,
20,2.831217,0.0,0.0,25.688232,
20,2.831217,0.0,0.0,25.688232,
20,2.831217,0.0,0.0,25.688232,
20,2.831217,0.0,0.0,25.688232,
20,2.815478,0.0,0.0,25.688232,
20,2.831217,0.0,0.0,25.707548,
20,2.815478,0.0,0.0,25.688232,
20,2.831217,0.0,0.0,25.707548,
20,2.815478,0.0,0.0,25.707548,
20,2.831217,0.0,0.0,25.688232,
20,2.831217,0.0,0.0,25.707548,
20,2.815478,0.0,0.0,25.707548,
20,2.831217,0.0,0.0,25.688232,
20,2.831217,0.0,0.0,25.707548,
20,2.831217,0.0,0.0,25.707548,
20,2.831217,0.0,0.0,25.707548,
20,2.815478,0.0,0.0,25.707548,
20,2.831217,0.0,0.0,25.707548,
20,2.831217,0.0,0.0,25.688232,
20,2.815478,0.0,0.0,25.688232,
20,2.831217,0.0,0.0,25.707548,
20,2.815478,0.0,0.0,25.688232,
20,2.815478,0.0,0.0,25.707548,
20,2.831217,0.0,0.0,25.688232,
20,2.815478,0.0,0.0,25.707548,
20,2.831217,0.0,0.0,25.707548,
20,2.831217,0.0,0.0,25.688232,
20,2.815478,0.0,0.0,25.707548,
20,2.831217,0.0,0.0,25.688232,
20,2.831217,0.0,0.0,25.688232,
20,2.831217,0.0,0.0,25.707548,
20,2.831217,0.0,0.0,25.707548,
20,2.831217,0.0,0.0,25.688232,
20,2.831217,0.0,0.0,25.707548,
20,2.815478,0.0,0.0,25.688232,
20,2.815478,0.0,0.0,25.707548,
20,2.831217,0.0,0.0,25.688232,
20,2.831217,0.0,0.0,25.707548,
20,2.831217,0.0,0.0,25.688232,
20,2.831217,0.0,0.0,25.707548,
20,2.831217,0.0,0.0,25.668917,
20,2.831217,0.0,0.0,25.688232,
20,2.831217,0.0,0.0,25.707548,
20,2.831217,0.0,0.0,25.707548,
20,2.831217,0.0,0.0,25.688232,
20,2.815478,0.0,0.0,25.688232,
20,2.815478,0.0,0.0,25.688232,
20,2.831217,0.0,0.0,25.688232,
20,2.831217,0.0,0.0,25.688232,
20,2.815478,0.0,0.0,25.668917,
20,2.815478,0.0,0.0,25.707548,
20,2.831217,0.0,0.0,25.688232,
20,2.815478,0.0,0.0,25.707548,
20,2.815478,0.0,0.0,25.707548,
20,2.831217,0.0,0.0,25.688232,
20,2.815478,0.0,0.0,25.688232,
20,2.815478,0.0,0.0,25.668917,
20,2.815478,0.0,0.0,25.688232,
20,2.831217,0.0,0.0,25.688232,
20,2.815478,0.0,0.0,25.688232,
20,2.815478,0.0,0.0,25.688232,
20,2.815478,0.0,0.0,25.688232,
20,2.815478,0.0,0.0,25.688232,
20,2.815478,0.0,0.0,25.688232,
20,2.831217,0.0,0.0,25.668917,
20,2.831217,0.0,0.0,25.688232,
20,2.831217,0.0,0.0,25.668917,
20,2.815478,0.0,0.0,25.668917,
20,2.815478,0.0,0.0,25.668917,
20,2.815478,0.0,0.0,25.688232,
20,2.831217,0.0,0.0,25.688232,
20,2.831217,0.0,0.0,25.688232,
20,2.815478,0.0,0.0,25.668917,
20,2.831217,0.0,0.0,25.688232,
20,2.815478,0.0,0.0,25.668917,
20,2.831217,0.0,0.0,25.688232,
20,2.815478,0.0,0.0,25.668917,
20,2.831217,0.0,0.0,25.688232,
20,2.815478,0.0,0.0,25.688232,
20,2.831217,0.0,0.0,25.668917,
20,2.815478,0.0,0.0,25.668917,
20,2.815478,0.0,0.0,25.668917,
20,2.815478,0.0,0.0,25.668917,
20,2.831217,0.0,0.0,25.668917,
20,2.831217,0.0,0.0,25.688232,
20,2.831217,0.0,0.0,25.668917,
20,2.831217,0.0,0.0,25.668917,
20,2.815478,0.0,0.0,25.668917,
20,2.815478,0.0,0.0,25.668917,
20,2.831217,0.0,0.0,25.688232,
20,2.831217,0.0,0.0,25.668917,
20,2.831217,0.0,0.0,25.688232,
20,2.831217,0.0,0.0,25.688232,
20,2.831217,0.0,0.0,25.688232,
20,2.815478,0.0,0.0,25.668917,
20,2.831217,0.0,0.0,25.688232,
20,2.831217,0.0,0.0,25.707548,
20,2.831217,0.0,0.0,25.688232,
20,2.831217,0.0,0.0,25.688232,
20,2.815478,0.0,0.0,25.668917,
20,2.831217,0.0,0.0,25.688232,
20,2.831217,0.0,0.0,25.688232,
20,2.831217,0.0,0.0,25.688232,
20,2.831217,0.0,0.0,25.688232,
20,2.831217,0.0,0.0,25.668917,
20,2.831217,0.0,0.0,25.688232,
20,2.831217,0.0,0.0,25.688232,
20,2.815478,0.0,0.0,25.688232,
20,2.815478,0.0,0.0,25.688232,
20,2.831217,0.0,0.0,25.688232,
20,2.831217,0.0,0.0,25.688232,
20,2.815478,0.0,0.0,25.649601,
20,2.815478,0.0,0.0,25.688232,
20,2.831217,0.0,0.0,25.668917,
20,2.831217,0.0,0.0,25.668917,
20,2.831217,0.0,0.0,25.668917,
20,2.831217,0.0,0.0,25.668917,
20,2.831217,0.0,0.0,25.668917,
20,2.815478,0.0,0.0,25.688232,
20,2.831217,0.0,0.0,25.668917,
20,2.831217,0.0,0.0,25.668917,
20,2.815478,0.0,0.0,25.668917,
20,2.815478,0.0,0.0,25.668917,
20,2.815478,0.0,0.0,25.668917,
20,2.815478,0.0,0.0,25.649601,
20,2.815478,0.0,0.0,25.649601,
20,2.815478,0.0,0.0,25.668917,
20,2.831217,0.0,0.0,25.668917,
20,2.815478,0.0,0.0,25.668917,
20,2.815478,0.0,0.0,25.668917,
20,2.815478,0.0,0.0,25.668917,
20,2.815478,0.0,0.0,25.668917,
20,2.831217,0.0,0.0,25.668917,
20,2.831217,0.0,0.0,25.668917,
20,2.815478,0.0,0.0,25.668917,
20,2.831217,0.0,0.0,25.668917,
20,2.831217,0.0,0.0,25.668917,
20,2.831217,0.0,0.0,25.688232,
20,2.831217,0.0,0.0,25.688232,
20,2.815478,0.0,0.0,25.668917,
20,2.831217,0.0,0.0,25.668917,
20,2.831217,0.0,0.0,25.668917,
20,2.831217,0.0,0.0,25.649601,
20,2.815478,0.0,0.0,25.668917,
20,2.815478,0.0,0.0,25.649601,
20,2.831217,0.0,0.0,25.668917,
20,2.815478,0.0,0.0,25.649601,
20,2.815478,0.0,0.0,25.668917,
20,2.831217,0.0,0.0,25.688232,
20,2.815478,0.0,0.0,25.668917,
20,2.831217,0.0,0.0,25.668917,
20,2.815478,0.0,0.0,25.649601,
20,2.815478,0.0,0.0,25.668917,
20,2.831217,0.0,0.0,25.668917,
20,2.815478,0.0,0.0,25.668917,
20,2.815478,0.0,0.0,25.668917,
20,2.831217,0.0,0.0,25.668917,
20,2.815478,0.0,0.0,25.668917,
20,2.831217,0.0,0.0,25.688232,
20,2.815478,0.0,0.0,25.668917,
20,2.831217,0.0,0.0,25.668917,
20,2.831217,0.0,0.0,25.668917,
20,2.831217,0.0,0.0,25.668917,
20,2.815478,0.0,0.0,25.668917,
20,2.815478,0.0,0.0,25.649601,
20,2.831217,0.0,0.0,25.649601,
20,2.831217,0.0,0.0,25.668917,
20,2.831217,0.0,0.0,25.668917,
20,2.815478,0.0,0.0,25.668917,
20,2.815478,0.0,0.0,25.649601,
20,2.815478,0.0,0.0,25.668917,
20,2.831217,0.0,0.0,25.688232,
20,2.831217,0.0,0.0,25.688232,
20,2.831217,0.0,0.0,25.688232,
20,2.815478,0.0,0.0,25.668917,
20,2.815478,0.0,0.0,25.649601,
20,2.831217,0.0,0.0,25.668917,
20,2.815478,0.0,0.0,25.668917,
20,2.831217,0.0,0.0,25.668917,
20,2.815478,0.0,0.0,25.688232,
20,2.831217,0.0,0.0,25.668917,
20,2.831217,0.0,0.0,25.668917,
20,2.815478,0.0,0.0,25.688232,
20,2.831217,0.0,0.0,25.668917,
20,2.831217,0.0,0.0,25.668917,
20,2.815478,0.0,0.0,25.688232,
20,2.815478,0.0,0.0,25.668917,
20,2.815478,0.0,0.0,25.649601,
20,2.815478,0.0,0.0,25.668917,
20,2.831217,0.0,0.0,25.668917,
20,2.815478,0.0,0.0,25.668917,
20,2.831217,0.0,0.0,25.668917,
20,2.815478,0.0,0.0,25.688232,
20,2.831217,0.0,0.0,25.668917,
20,2.815478,0.0,0.0,25.649601,
20,2.815478,0.0,0.0,25.668917,
20,2.831217,0.0,0.0,25.688232,
20,2.815478,0.0,0.0,25.688232,
20,2.815478,0.0,0.0,25.668917,
20,2.831217,0.0,0.0,25.668917,
20,2.815478,0.0,0.0,25.668917,
20,2.815478,0.0,0.0,25.688232,
20,2.815478,0.0,0.0,25.668917,
20,2.831217,0.0,0.0,25.688232,
20,2.815478,0.0,0.0,25.668917,
20,2.831217,0.0,0.0,25.688232,
20,2.815478,0.0,0.0,25.688232,
20,2.815478,0.0,0.0,25.668917,
20,2.831217,0.0,0.0,25.688232,
20,2.815478,0.0,0.0,25.668917,
20,2.815478,0.0,0.0,25.688232,
20,2.831217,0.0,0.0,25.688232,
20,2.815478,0.0,0.0,25.668917,
20,2.831217,0.0,0.0,25.668917,
20,2.831217,0.0,0.0,25.688232,
20,2.815478,0.0,0.0,25.688232,
20,2.831217,0.0,0.0,25.668917,
20,2.815478,0.0,0.0,25.668917,
20,2.831217,0.0,0.0,25.688232,
20,2.831217,0.0,0.0,25.668917,
20,2.831217,0.0,0.0,25.688232,
20,2.815478,0.0,0.0,25.688232,
20,2.831217,0.0,0.0,25.688232,
20,2.831217,0.0,0.0,25.688232,
20,2.831217,0.0,0.0,25.668917,
20,2.831217,0.0,0.0,25.668917,
20,2.831217,0.0,0.0,25.668917,
20,2.815478,0.0,0.0,25.668917,
20,2.815478,0.0,0.0,25.688232,
20,2.815478,0.0,0.0,25.688232,
20,2.831217,0.0,0.0,25.668917,
20,2.815478,0.0,0.0,25.668917,
20,2.815478,0.0,0.0,25.668917,
20,2.815478,0.0,0.0,25.688232,
20,2.815478,0.0,0.0,25.668917,
20,2.831217,0.0,0.0,25.668917,
20,2.815478,0.0,0.0,25.668917,
20,2.815478,0.0,0.0,25.668917,
20,2.815478,0.0,0.0,25.668917,
20,2.831217,0.0,0.0,25.668917,
20,2.815478,0.0,0.0,25.668917,
20,2.815478,0.0,0.0,25.688232,
20,2.815478,0.0,0.0,25.668917,
20,2.831217,0.0,0.0,25.668917,
20,2.831217,0.0,0.0,25.668917,
20,2.815478,0.0,0.0,25.649601,
20,2.831217,0.0,0.0,25.668917,
20,2.815478,0.0,0.0,25.668917,
20,2.815478,0.0,0.0,25.668917,
20,2.815478,0.0,0.0,25.668917,
20,2.831217,0.0,0.0,25.668917,
20,2.815478,0.0,0.0,25.649601,
20,2.815478,0.0,0.0,25.668917,
20,2.831217,0.0,0.0,25.668917,
20,2.831217,0.0,0.0,25.649601,
20,2.831217,0.0,0.0,25.688232,
20,2.815478,0.0,0.0,25.688232,
20,2.831217,0.0,0.0,25.668917,
20,2.831217,0.0,0.0,25.668917,
20,2.831217,0.0,0.0,25.668917,
20,2.831217,0.0,0.0,25.649601,
20,2.815478,0.0,0.0,25.668917,
20,2.815478,0.0,0.0,25.649601,
20,2.815478,0.0,0.0,25.649601,
20,2.815478,0.0,0.0,25.668917,
20,2.815478,0.0,0.0,25.649601,
20,2.831217,0.0,0.0,25.649601,
20,2.815478,0.0,0.0,25.668917,
20,2.815478,0.0,0.0,25.649601,
20,2.815478,0.0,0.0,25.668917,
20,2.815478,0.0,0.0,25.668917,
20,2.815478,0.0,0.0,25.668917,
20,2.815478,0.0,0.0,25.649601,
20,2.831217,0.0,0.0,25.649601,
20,2.831217,0.0,0.0,25.649601,
20,2.815478,0.0,0.0,25.668917,
20,2.815478,0.0,0.0,25.649601,
20,2.815478,0.0,0.0,25.649601,
20,2.831217,0.0,0.0,25.668917,
20,2.831217,0.0,0.0,25.668917,
20,2.831217,0.0,0.0,25.649601,
20,2.815478,0.0,0.0,25.668917,
20,2.815478,0.0,0.0,25.668917,
20,2.831217,0.0,0.0,25.649601,
20,2.831217,0.0,0.0,25.649601,
20,2.815478,0.0,0.0,25.649601,
20,2.831217,0.0,0.0,25.668917,
20,2.815478,0.0,0.0,25.649601,
20,2.831217,0.0,0.0,25.668917,
20,2.815478,0.0,0.0,25.649601,
20,2.815478,0.0,0.0,25.649601,
20,2.815478,0.0,0.0,25.668917,
20,2.831217,0.0,0.0,25.649601,
20,2.815478,0.0,0.0,25.668917,
20,2.815478,0.0,0.0,25.668917,
20,2.815478,0.0,0.0,25.668917,
20,2.815478,0.0,0.0,25.649601,
20,2.815478,0.0,0.0,25.649601,
20,2.831217,0.0,0.0,25.649601,
20,2.831217,0.0,0.0,25.649601,
20,2.831217,0.0,0.0,25.649601,
20,2.815478,0.0,0.0,25.649601,
20,2.831217,0.0,0.0,25.668917,
20,2.815478,0.0,0.0,25.649601,
20,2.815478,0.0,0.0,25.668917,
20,2.815478,0.0,0.0,25.649601,
20,2.815478,0.0,0.0,25.668917,
20,2.815478,0.0,0.0,25.649601,
20,2.831217,0.0,0.0,25.649601,
20,2.815478,0.0,0.0,25.668917,
20,2.831217,0.0,0.0,25.649601,
20,2.831217,0.0,0.0,25.668917,
20,2.815478,0.0,0.0,25.668917,
20,2.815478,0.0,0.0,25.649601,
20,2.815478,0.0,0.0,25.649601,
20,2.831217,0.0,0.0,25.649601,
20,2.815478,0.0,0.0,25.668917,
20,2.815478,0.0,0.0,25.668917,
20,2.831217,0.0,0.0,25.668917,
20,2.831217,0.0,0.0,25.668917,
20,2.831217,0.0,0.0,25.668917,
20,2.815478,0.0,0.0,25.668917,
20,2.831217,0.0,0.0,25.668917,
20,2.815478,0.0,0.0,25.649601,
20,2.831217,0.0,0.0,25.668917,
20,2.815478,0.0,0.0,25.668917,
20,2.815478,0.0,0.0,25.649601,
20,2.831217,0.0,0.0,25.649601,
20,2.815478,0.0,0.0,25.668917,
20,2.831217,0.0,0.0,25.668917,
20,2.831217,0.0,0.0,25.668917,
20,2.831217,0.0,0.0,25.668917,
20,2.831217,0.0,0.0,25.668917,
20,2.831217,0.0,0.0,25.649601,
20,2.815478,0.0,0.0,25.668917,
20,2.815478,0.0,0.0,25.668917,
20,2.815478,0.0,0.0,25.649601,
20,2.831217,0.0,0.0,25.668917,
20,2.815478,0.0,0.0,25.668917,
20,2.831217,0.0,0.0,25.668917,
20,2.831217,0.0,0.0,25.649601,
20,2.815478,0.0,0.0,25.649601,
20,2.815478,0.0,0.0,25.668917,
20,2.815478,0.0,0.0,25.668917,
20,2.815478,0.0,0.0,25.668917,
20,2.815478,0.0,0.0,25.649601,
20,2.815478,0.0,0.0,25.649601,
20,2.831217,0.0,0.0,25.668917,
20,2.815478,0.0,0.0,25.668917,
20,2.831217,0.0,0.0,25.649601,
20,2.815478,0.0,0.0,25.649601,
20,2.831217,0.0,0.0,25.668917,
20,2.815478,0.0,0.0,25.649601,
20,2.831217,0.0,0.0,25.649601,
20,2.831217,0.0,0.0,25.649601,
20,2.831217,0.0,0.0,25.649601,
20,2.831217,0.0,0.0,25.668917,
20,2.815478,0.0,0.0,25.649601,
20,2.815478,0.0,0.0,25.649601,
20,2.831217,0.0,0.0,25.649601,
20,2.831217,0.0,0.0,25.649601,
20,2.815478,0.0,0.0,25.668917,
20,2.815478,0.0,0.0,25.649601,
20,2.831217,0.0,0.0,25.649601,
20,2.815478,0.0,0.0,25.649601,
20,2.831217,0.0,0.0,25.668917,
20,2.831217,0.0,0.0,25.649601,
20,2.815478,0.0,0.0,25.649601,
20,2.815478,0.0,0.0,25.649601,
20,2.831217,0.0,0.0,25.649601,
20,2.815478,0.0,0.0,25.668917,
20,2.815478,0.0,0.0,25.649601,
20,2.815478,0.0,0.0,25.649601,
20,2.815478,0.0,0.0,25.649601,
20,2.815478,0.0,0.0,25.649601,
20,2.831217,0.0,0.0,25.649601,
20,2.831217,0.0,0.0,25.649601,
20,2.815478,0.0,0.0,25.649601,
20,2.831217,0.0,0.0,25.649601,
20,2.815478,0.0,0.0,25.649601,
20,2.815478,0.0,0.0,25.649601,
20,2.831217,0.0,0.0,25.649601,
20,2.831217,0.0,0.0,25.649601,
20,2.815478,0.0,0.0,25.649601,
20,2.815478,0.0,0.0,25.649601,
20,2.815478,0.0,0.0,25.649601,
20,2.815478,0.0,0.0,25.649601,
20,2.831217,0.0,0.0,25.649601,
20,2.815478,0.0,0.0,25.649601,
20,2.815478,0.0,0.0,25.649601,
20,2.831217,0.0,0.0,25.649601,
20,2.815478,0.0,0.0,25.630281,
20,2.831217,0.0,0.0,25.649601,
20,2.831217,0.0,0.0,25.649601,
20,2.815478,0.0,0.0,25.630281,
20,2.815478,0.0,0.0,25.649601,
20,2.831217,0.0,0.0,25.649601,
20,2.831217,0.0,0.0,25.630281,
20,2.815478,0.0,0.0,25.649601,
20,2.815478,0.0,0.0,25.649601,
20,2.831217,0.0,0.0,25.649601,
20,2.831217,0.0,0.0,25.649601,
20,2.815478,0.0,0.0,25.649601,
20,2.815478,0.0,0.0,25.668917,
20,2.831217,0.0,0.0,25.649601,
20,2.815478,0.0,0.0,25.649601,
20,2.815478,0.0,0.0,25.649601,
20,2.815478,0.0,0.0,25.649601,
20,2.815478,0.0,0.0,25.649601,
20,2.815478,0.0,0.0,25.649601,
20,2.815478,0.0,0.0,25.649601,
20,2.815478,0.0,0.0,25.649601,
20,2.831217,0.0,0.0,25.649601,
20,2.815478,0.0,0.0,25.649601,
20,2.831217,0.0,0.0,25.649601,
20,2.831217,0.0,0.0,25.649601,
20,2.815478,0.0,0.0,25.649601,
20,2.815478,0.0,0.0,25.649601,
20,2.831217,0.0,0.0,25.649601,
20,2.815478,0.0,0.0,25.649601,
20,2.831217,0.0,0.0,25.630281,
20,2.815478,0.0,0.0,25.649601,
20,2.815478,0.0,0.0,25.649601,
20,2.815478,0.0,0.0,25.630281,
20,2.831217,0.0,0.0,25.668917,
20,2.815478,0.0,0.0,25.649601,
20,2.831217,0.0,0.0,25.649601,
20,2.815478,0.0,0.0,25.649601,
20,2.831217,0.0,0.0,25.649601,
20,2.831217,0.0,0.0,25.649601,
20,2.831217,0.0,0.0,25.649601,
20,2.815478,0.0,0.0,25.649601,
20,2.815478,0.0,0.0,25.649601,
20,2.815478,0.0,0.0,25.649601,
20,2.831217,0.0,0.0,25.649601,
20,2.815478,0.0,0.0,25.649601,
20,2.815478,0.0,0.0,25.649601,
20,2.815478,0.0,0.0,25.630281,
20,2.815478,0.0,0.0,25.630281,
20,2.831217,0.0,0.0,25.649601,
20,2.831217,0.0,0.0,25.649601,
20,2.815478,0.0,0.0,25.649601,
20,2.831217,0.0,0.0,25.649601,
20,2.815478,0.0,0.0,25.649601,
20,2.815478,0.0,0.0,25.649601,
20,2.815478,0.0,0.0,25.668917,
20,2.815478,0.0,0.0,25.649601,
20,2.815478,0.0,0.0,25.649601,
20,2.815478,0.0,0.0,25.649601,
20,2.831217,0.0,0.0,25.649601,
20,2.815478,0.0,0.0,25.649601,
20,2.831217,0.0,0.0,25.649601,
20,2.815478,0.0,0.0,25.649601,
20,2.815478,0.0,0.0,25.649601,
20,2.831217,0.0,0.0,25.649601,
20,2.815478,0.0,0.0,25.649601,
20,2.831217,0.0,0.0,25.649601,
20,2.815478,0.0,0.0,25.649601,
20,2.815478,0.0,0.0,25.649601,
20,2.815478,0.0,0.0,25.649601,
20,2.831217,0.0,0.0,25.649601,
20,2.815478,0.0,0.0,25.649601,
20,2.815478,0.0,0.0,25.649601,
20,2.815478,0.0,0.0,25.649601,
20,2.831217,0.0,0.0,25.649601,
20,2.831217,0.0,0.0,25.630281,
20,2.815478,0.0,0.0,25.649601,
20,2.815478,0.0,0.0,25.630281,
20,2.815478,0.0,0.0,25.649601,
20,2.815478,0.0,0.0,25.649601,
20,2.815478,0.0,0.0,25.668917,
20,2.815478,0.0,0.0,25.649601,
20,2.831217,0.0,0.0,25.649601,
20,2.831217,0.0,0.0,25.668917,
20,2.831217,0.0,0.0,25.668917,
20,2.815478,0.0,0.0,25.630281,
20,2.815478,0.0,0.0,25.649601,
20,2.815478,0.0,0.0,25.668917,
20,2.815478,0.0,0.0,25.649601,
20,2.815478,0.0,0.0,25.649601,
20,2.831217,0.0,0.0,25.649601,
20,2.831217,0.0,0.0,25.649601,
20,2.831217,0.0,0.0,25.649601,
20,2.815478,0.0,0.0,25.649601,
20,2.831217,0.0,0.0,25.649601,
20,2.831217,0.0,0.0,25.649601,
20,2.815478,0.0,0.0,25.649601,
20,2.815478,0.0,0.0,25.649601,
20,2.831217,0.0,0.0,25.668917,
20,2.815478,0.0,0.0,25.649601,
20,2.815478,0.0,0.0,25.668917,
20,2.815478,0.0,0.0,25.649601,
20,2.831217,0.0,0.0,25.649601,
20,2.815478,0.0,0.0,25.649601,
20,2.831217,0.0,0.0,25.649601,
20,2.815478,0.0,0.0,25.649601,
20,2.815478,0.0,0.0,25.668917,
20,2.815478,0.0,0.0,25.649601,
20,2.815478,0.0,0.0,25.649601,
20,2.815478,0.0,0.0,25.630281,
20,2.815478,0.0,0.0,25.649601,
20,2.815478,0.0,0.0,25.668917,
20,2.831217,0.0,0.0,25.649601,
20,2.815478,0.0,0.0,25.668917,
20,2.815478,0.0,0.0,25.668917,
20,2.815478,0.0,0.0,25.649601,
20,2.815478,0.0,0.0,25.649601,
20,2.831217,0.0,0.0,25.668917,
20,2.815478,0.0,0.0,25.649601,
20,2.831217,0.0,0.0,25.668917,
20,2.815478,0.0,0.0,25.649601,
20,2.815478,0.0,0.0,25.649601,
20,2.815478,0.0,0.0,25.688232,
20,2.815478,0.0,0.0,25.649601,
20,2.815478,0.0,0.0,25.649601,
20,2.831217,0.0,0.0,25.668917,
20,2.831217,0.0,0.0,25.649601,
20,2.815478,0.0,0.0,25.668917,
20,2.815478,0.0,0.0,25.668917,
20,2.815478,0.0,0.0,25.668917,
20,2.815478,0.0,0.0,25.668917,
20,2.815478,0.0,0.0,25.649601,
20,2.831217,0.0,0.0,25.649601,
20,2.831217,0.0,0.0,25.668917,
20,2.815478,0.0,0.0,25.668917,
20,2.815478,0.0,0.0,25.649601,
20,2.815478,0.0,0.0,25.649601,
20,2.831217,0.0,0.0,25.668917,
20,2.815478,0.0,0.0,25.668917,
20,2.831217,0.0,0.0,25.668917,
20,2.815478,0.0,0.0,25.668917,
20,2.831217,0.0,0.0,25.668917,
20,2.831217,0.0,0.0,25.668917,
20,2.831217,0.0,0.0,25.668917,
20,2.815478,0.0,0.0,25.668917,
20,2.815478,0.0,0.0,25.668917,
20,2.815478,0.0,0.0,25.688232,
20,2.815478,0.0,0.0,25.668917,
20,2.831217,0.0,0.0,25.649601,
20,2.831217,0.0,0.0,25.668917,
20,2.815478,0.0,0.0,25.668917,
20,2.815478,0.0,0.0,25.649601,
20,2.831217,0.0,0.0,25.688232,
20,2.831217,0.0,0.0,25.668917,
20,2.831217,0.0,0.0,25.668917,
20,2.831217,0.0,0.0,25.688232,
20,2.831217,0.0,0.0,25.668917,
20,2.831217,0.0,0.0,25.649601,
20,2.815478,0.0,0.0,25.649601,
20,2.815478,0.0,0.0,25.649601,
20,2.815478,0.0,0.0,25.668917,
20,2.815478,0.0,0.0,25.668917,
20,2.815478,0.0,0.0,25.649601,
20,2.831217,0.0,0.0,25.649601,
20,2.815478,0.0,0.0,25.649601,
20,2.815478,0.0,0.0,25.649601,
20,2.815478,0.0,0.0,25.649601,
20,2.831217,0.0,0.0,25.649601,
20,2.831217,0.0,0.0,25.668917,
20,2.815478,0.0,0.0,25.668917,
20,2.831217,0.0,0.0,25.668917,
20,2.831217,0.0,0.0,25.668917,
20,2.831217,0.0,0.0,25.668917,
20,2.831217,0.0,0.0,25.688232,
20,2.815478,0.0,0.0,25.649601,
20,2.815478,0.0,0.0,25.668917,
20,2.831217,0.0,0.0,25.668917,
20,2.831217,0.0,0.0,25.668917,
20,2.815478,0.0,0.0,25.668917,
20,2.831217,0.0,0.0,25.668917,
20,2.815478,0.0,0.0,25.668917,
20,2.815478,0.0,0.0,25.649601,
20,2.815478,0.0,0.0,25.649601,
20,2.815478,0.0,0.0,25.668917,
20,2.815478,0.0,0.0,25.668917,
20,2.831217,0.0,0.0,25.649601,
20,2.831217,0.0,0.0,25.649601,
20,2.815478,0.0,0.0,25.649601,
20,2.815478,0.0,0.0,25.668917,
20,2.815478,0.0,0.0,25.649601,
20,2.815478,0.0,0.0,25.668917,
20,2.815478,0.0,0.0,25.668917,
20,2.815478,0.0,0.0,25.668917,
20,2.831217,0.0,0.0,25.668917,
20,2.815478,0.0,0.0,25.649601,
20,2.815478,0.0,0.0,25.649601,
20,2.831217,0.0,0.0,25.668917,
20,2.815478,0.0,0.0,25.649601,
20,2.831217,0.0,0.0,25.668917,
20,2.831217,0.0,0.0,25.688232,
20,2.815478,0.0,0.0,25.668917,
20,2.831217,0.0,0.0,25.649601,
20,2.815478,0.0,0.0,25.668917,
20,2.815478,0.0,0.0,25.668917,
20,2.831217,0.0,0.0,25.668917,
20,2.831217,0.0,0.0,25.668917,
20,2.815478,0.0,0.0,25.668917,
20,2.815478,0.0,0.0,25.649601,
20,2.831217,0.0,0.0,25.668917,
20,2.815478,0.0,0.0,25.668917,
20,2.815478,0.0,0.0,25.668917,
20,2.831217,0.0,0.0,25.649601,
20,2.831217,0.0,0.0,25.649601,
20,2.815478,0.0,0.0,25.668917,
20,2.831217,0.0,0.0,25.668917,
20,2.815478,0.0,0.0,25.649601,
20,2.815478,0.0,0.0,25.668917,
20,2.815478,0.0,0.0,25.649601,
20,2.831217,0.0,0.0,25.668917,
20,2.815478,0.0,0.0,25.668917,
20,2.815478,0.0,0.0,25.668917,
20,2.831217,0.0,0.0,25.668917,
20,2.831217,0.0,0.0,25.668917,
20,2.815478,0.0,0.0,25.649601,
20,2.831217,0.0,0.0,25.688232,
20,2.815478,0.0,0.0,25.649601,
20,2.815478,0.0,0.0,25.649601,
20,2.831217,0.0,0.0,25.668917,
20,2.831217,0.0,0.0,25.649601,
20,2.831217,0.0,0.0,25.649601,
20,2.831217,0.0,0.0,25.668917,
20,2.831217,0.0,0.0,25.668917,
20,2.831217,0.0,0.0,25.649601,
20,2.815478,0.0,0.0,25.668917,
20,2.831217,0.0,0.0,25.668917,
20,2.831217,0.0,0.0,25.688232,
20,2.815478,0.0,0.0,25.688232,
20,2.815478,0.0,0.0,25.649601,
20,2.815478,0.0,0.0,25.668917,
20,2.815478,0.0,0.0,25.668917,
20,2.831217,0.0,0.0,25.688232,
20,2.815478,0.0,0.0,25.668917,
20,2.815478,0.0,0.0,25.668917,
20,2.815478,0.0,0.0,25.668917,
20,2.815478,0.0,0.0,25.688232,
20,2.831217,0.0,0.0,25.668917,
20,2.815478,0.0,0.0,25.668917,
20,2.831217,0.0,0.0,25.668917,
20,2.815478,0.0,0.0,25.668917,
20,2.815478,0.0,0.0,25.668917,
20,2.815478,0.0,0.0,25.668917,
20,2.815478,0.0,0.0,25.668917,
20,2.831217,0.0,0.0,25.649601,
20,2.815478,0.0,0.0,25.668917,
20,2.815478,0.0,0.0,25.668917,
20,2.815478,0.0,0.0,25.668917,
20,2.815478,0.0,0.0,25.668917,
20,2.815478,0.0,0.0,25.668917,
20,2.815478,0.0,0.0,25.668917,
20,2.831217,0.0,0.0,25.668917,
20,2.815478,0.0,0.0,25.649601,
20,2.831217,0.0,0.0,25.668917,
20,2.815478,0.0,0.0,25.668917,
20,2.815478,0.0,0.0,25.649601,
20,2.815478,0.0,0.0,25.688232,
20,2.831217,0.0,0.0,25.668917,
20,2.815478,0.0,0.0,25.668917,
20,2.815478,0.0,0.0,25.668917,
20,2.815478,0.0,0.0,25.668917,
20,2.815478,0.0,0.0,25.668917,
20,2.815478,0.0,0.0,25.668917,
20,2.815478,0.0,0.0,25.668917,
20,2.831217,0.0,0.0,25.668917,
20,2.815478,0.0,0.0,25.668917,
20,2.831217,0.0,0.0,25.688232,
20,2.831217,0.0,0.0,25.649601,
20,2.831217,0.0,0.0,25.649601,
20,2.831217,0.0,0.0,25.668917,
20,2.831217,0.0,0.0,25.668917,
20,2.815478,0.0,0.0,25.688232,
20,2.815478,0.0,0.0,25.668917,
20,2.815478,0.0,0.0,25.668917,
20,2.831217,0.0,0.0,25.668917,
20,2.815478,0.0,0.0,25.668917,
20,2.815478,0.0,0.0,25.688232,
20,2.815478,0.0,0.0,25.668917,
20,2.831217,0.0,0.0,25.668917,
20,2.815478,0.0,0.0,25.668917,
20,2.815478,0.0,0.0,25.668917,
20,2.815478,0.0,0.0,25.668917,
20,2.815478,0.0,0.0,25.649601,
20,2.815478,0.0,0.0,25.668917,
20,2.831217,0.0,0.0,25.668917,
20,2.815478,0.0,0.0,25.649601,
20,2.831217,0.0,0.0,25.668917,
20,2.831217,0.0,0.0,25.668917,
20,2.815478,0.0,0.0,25.668917,
20,2.815478,0.0,0.0,25.668917,
20,2.815478,0.0,0.0,25.668917,
20,2.831217,0.0,0.0,25.649601,
20,2.831217,0.0,0.0,25.649601,
20,2.815478,0.0,0.0,25.668917,
20,2.815478,0.0,0.0,25.668917,
20,2.815478,0.0,0.0,25.668917,
20,2.815478,0.0,0.0,25.668917,
20,2.815478,0.0,0.0,25.668917,
20,2.831217,0.0,0.0,25.668917,
20,2.815478,0.0,0.0,25.649601,
20,2.815478,0.0,0.0,25.668917,
20,2.815478,0.0,0.0,25.668917,
20,2.831217,0.0,0.0,25.649601,
20,2.815478,0.0,0.0,25.668917,
20,2.815478,0.0,0.0,25.649601,
20,2.831217,0.0,0.0,25.668917,
20,2.831217,0.0,0.0,25.649601,
20,2.831217,0.0,0.0,25.649601,
20,2.815478,0.0,0.0,25.668917,
20,2.815478,0.0,0.0,25.668917,
20,2.815478,0.0,0.0,25.668917,
20,2.815478,0.0,0.0,25.688232,
20,2.831217,0.0,0.0,25.668917,
20,2.815478,0.0,0.0,25.668917,
20,2.831217,0.0,0.0,25.649601,
20,2.815478,0.0,0.0,25.668917,
20,2.831217,0.0,0.0,25.668917,
20,2.831217,0.0,0.0,25.668917,
20,2.831217,0.0,0.0,25.668917,
20,2.815478,0.0,0.0,25.668917,
20,2.815478,0.0,0.0,25.668917,
20,2.831217,0.0,0.0,25.668917,
20,2.831217,0.0,0.0,25.668917,
20,2.815478,0.0,0.0,25.668917,
20,2.815478,0.0,0.0,25.668917,
20,2.815478,0.0,0.0,25.668917,
20,2.815478,0.0,0.0,25.668917,
20,2.815478,0.0,0.0,25.668917,
20,2.815478,0.0,0.0,25.668917,
20,2.815478,0.0,0.0,25.668917,
20,2.815478,0.0,0.0,25.668917,
20,2.815478,0.0,0.0,25.668917,
20,2.831217,0.0,0.0,25.668917,
20,2.815478,0.0,0.0,25.668917,
20,2.815478,0.0,0.0,25.668917,
20,2.815478,0.0,0.0,25.668917,
20,2.831217,0.0,0.0,25.649601,
20,2.815478,0.0,0.0,25.668917,
20,2.831217,0.0,0.0,25.668917,
20,2.815478,0.0,0.0,25.668917,
20,2.815478,0.0,0.0,25.668917,
20,2.831217,0.0,0.0,25.649601,
20,2.831217,0.0,0.0,25.668917,
20,2.815478,0.0,0.0,25.649601,
20,2.815478,0.0,0.0,25.649601,
20,2.831217,0.0,0.0,25.668917,
20,2.831217,0.0,0.0,25.668917,
20,2.815478,0.0,0.0,25.649601,
20,2.831217,0.0,0.0,25.649601,
20,2.815478,0.0,0.0,25.649601,
20,2.831217,0.0,0.0,25.668917,
20,2.815478,0.0,0.0,25.668917,
20,2.831217,0.0,0.0,25.668917,
20,2.815478,0.0,0.0,25.649601,
20,2.815478,0.0,0.0,25.668917,
20,2.815478,0.0,0.0,25.668917,
20,2.815478,0.0,0.0,25.668917,
20,2.831217,0.0,0.0,25.649601,
20,2.815478,0.0,0.0,25.649601,
20,2.815478,0.0,0.0,25.668917,
20,2.831217,0.0,0.0,25.649601,
20,2.815478,0.0,0.0,25.668917,
20,2.815478,0.0,0.0,25.649601,
20,2.815478,0.0,0.0,25.688232,
20,2.815478,0.0,0.0,25.668917,
20,2.815478,0.0,0.0,25.668917,
20,2.815478,0.0,0.0,25.668917,
20,2.815478,0.0,0.0,25.649601,
20,2.815478,0.0,0.0,25.668917,
20,2.831217,0.0,0.0,25.668917,
20,2.815478,0.0,0.0,25.668917,
20,2.831217,0.0,0.0,25.668917,
20,2.831217,0.0,0.0,25.668917,
20,2.831217,0.0,0.0,25.649601,
20,2.815478,0.0,0.0,25.668917,
20,2.831217,0.0,0.0,25.649601,
20,2.815478,0.0,0.0,25.668917,
20,2.815478,0.0,0.0,25.649601,
20,2.815478,0.0,0.0,25.668917,
20,2.815478,0.0,0.0,25.668917,
20,2.831217,0.0,0.0,25.649601,
20,2.815478,0.0,0.0,25.668917,
20,2.815478,0.0,0.0,25.668917,
20,2.815478,0.0,0.0,25.668917,
20,2.815478,0.0,0.0,25.668917,
20,2.831217,0.0,0.0,25.649601,
20,2.815478,0.0,0.0,25.668917,
20,2.831217,0.0,0.0,25.649601,
20,2.815478,0.0,0.0,25.668917,
20,2.815478,0.0,0.0,25.688232,
20,2.815478,0.0,0.0,25.649601,
20,2.815478,0.0,0.0,25.649601,
20,2.831217,0.0,0.0,25.688232,
20,2.815478,0.0,0.0,25.668917,
20,2.815478,0.0,0.0,25.668917,
20,2.815478,0.0,0.0,25.668917,
20,2.831217,0.0,0.0,25.668917,
20,2.831217,0.0,0.0,25.668917,
20,2.831217,0.0,0.0,25.668917,
20,2.831217,0.0,0.0,25.668917,
20,2.831217,0.0,0.0,25.649601,
20,2.815478,0.0,0.0,25.668917,
20,2.815478,0.0,0.0,25.668917,
20,2.815478,0.0,0.0,25.649601,
20,2.831217,0.0,0.0,25.649601,
20,2.815478,0.0,0.0,25.649601,
20,2.815478,0.0,0.0,25.649601,
20,2.831217,0.0,0.0,25.668917,
20,2.815478,0.0,0.0,25.649601,
20,2.815478,0.0,0.0,25.668917,
20,2.815478,0.0,0.0,25.649601,
20,2.831217,0.0,0.0,25.649601,
20,2.815478,0.0,0.0,25.668917,
20,2.815478,0.0,0.0,25.649601,
20,2.831217,0.0,0.0,25.668917,
20,2.815478,0.0,0.0,25.668917,
20,2.815478,0.0,0.0,25.649601,
20,2.815478,0.0,0.0,25.649601,
20,2.815478,0.0,0.0,25.649601,
20,2.815478,0.0,0.0,25.668917,
20,2.831217,0.0,0.0,25.668917,
20,2.815478,0.0,0.0,25.668917,
20,2.831217,0.0,0.0,25.668917,
20,2.815478,0.0,0.0,25.649601,
20,2.815478,0.0,0.0,25.649601,
20,2.815478,0.0,0.0,25.668917,
20,2.831217,0.0,0.0,25.649601,
20,2.815478,0.0,0.0,25.649601,
20,2.815478,0.0,0.0,25.649601,
20,2.815478,0.0,0.0,25.668917,
20,2.815478,0.0,0.0,25.668917,
20,2.815478,0.0,0.0,25.649601,
20,2.815478,0.0,0.0,25.668917,
20,2.815478,0.0,0.0,25.668917,
20,2.815478,0.0,0.0,25.668917,
20,2.815478,0.0,0.0,25.668917,
20,2.815478,0.0,0.0,25.649601,
20,2.815478,0.0,0.0,25.649601,
20,2.815478,0.0,0.0,25.649601,
20,2.815478,0.0,0.0,25.668917,
20,2.815478,0.0,0.0,25.649601,
20,2.815478,0.0,0.0,25.649601,
20,2.831217,0.0,0.0,25.668917,
20,2.831217,0.0,0.0,25.649601,
20,2.815478,0.0,0.0,25.649601,
20,2.815478,0.0,0.0,25.649601,
20,2.815478,0.0,0.0,25.649601,
20,2.815478,0.0,0.0,25.668917,
20,2.815478,0.0,0.0,25.649601,
20,2.831217,0.0,0.0,25.649601,
20,2.831217,0.0,0.0,25.649601,
20,2.815478,0.0,0.0,25.668917,
20,2.815478,0.0,0.0,25.668917,
20,2.815478,0.0,0.0,25.649601,
20,2.815478,0.0,0.0,25.668917,
20,2.815478,0.0,0.0,25.668917,
20,2.815478,0.0,0.0,25.649601,
20,2.831217,0.0,0.0,25.668917,
20,2.815478,0.0,0.0,25.668917,
20,2.815478,0.0,0.0,25.668917,
20,2.831217,0.0,0.0,25.649601,
20,2.815478,0.0,0.0,25.649601,
20,2.815478,0.0,0.0,25.668917,
20,2.831217,0.0,0.0,25.649601,
20,2.815478,0.0,0.0,25.668917,
20,2.815478,0.0,0.0,25.649601,
20,2.831217,0.0,0.0,25.668917,
20,2.815478,0.0,0.0,25.668917,
20,2.815478,0.0,0.0,25.668917,
20,2.831217,0.0,0.0,25.668917,
20,2.831217,0.0,0.0,25.649601,
20,2.831217,0.0,0.0,25.668917,
20,2.815478,0.0,0.0,25.668917,
20,2.831217,0.0,0.0,25.668917,
20,2.831217,0.0,0.0,25.649601,
20,2.815478,0.0,0.0,25.649601,
20,2.831217,0.0,0.0,25.649601,
20,2.815478,0.0,0.0,25.649601,
20,2.815478,0.0,0.0,25.668917,
20,2.815478,0.0,0.0,25.649601,
20,2.831217,0.0,0.0,25.649601,
20,2.815478,0.0,0.0,25.668917,
20,2.815478,0.0,0.0,25.668917,
20,2.815478,0.0,0.0,25.649601,
20,2.831217,0.0,0.0,25.649601,
20,2.815478,0.0,0.0,25.668917,
20,2.815478,0.0,0.0,25.668917,
20,2.831217,0.0,0.0,25.649601,
20,2.831217,0.0,0.0,25.649601,
20,2.815478,0.0,0.0,25.649601,
20,2.831217,0.0,0.0,25.649601,
20,2.815478,0.0,0.0,25.649601,
20,2.815478,0.0,0.0,25.649601,
20,2.815478,0.0,0.0,25.649601,
20,2.815478,0.0,0.0,25.649601,
20,2.815478,0.0,0.0,25.630281,
20,2.831217,0.0,0.0,25.649601,
20,2.815478,0.0,0.0,25.649601,
20,2.831217,0.0,0.0,25.668917,
20,2.831217,0.0,0.0,25.649601,
20,2.815478,0.0,0.0,25.649601,
20,2.815478,0.0,0.0,25.649601,
20,2.815478,0.0,0.0,25.649601,
20,2.815478,0.0,0.0,25.649601,
20,2.831217,0.0,0.0,25.668917,
20,2.815478,0.0,0.0,25.649601,
20,2.815478,0.0,0.0,25.630281,
20,2.815478,0.0,0.0,25.649601,
20,2.815478,0.0,0.0,25.649601,
20,2.815478,0.0,0.0,25.668917,
20,2.815478,0.0,0.0,25.668917,
20,2.815478,0.0,0.0,25.668917,
20,2.815478,0.0,0.0,25.668917,
20,2.815478,0.0,0.0,25.668917,
20,2.831217,0.0,0.0,25.668917,
20,2.815478,0.0,0.0,25.649601,
20,2.815478,0.0,0.0,25.649601,
20,2.815478,0.0,0.0,25.649601,
20,2.815478,0.0,0.0,25.649601,
20,2.815478,0.0,0.0,25.649601,
20,2.815478,0.0,0.0,25.649601,
20,2.815478,0.0,0.0,25.668917,
20,2.831217,0.0,0.0,25.649601,
20,2.815478,0.0,0.0,25.649601,
20,2.815478,0.0,0.0,25.649601,
20,2.815478,0.0,0.0,25.668917,
20,2.831217,0.0,0.0,25.668917,
20,2.815478,0.0,0.0,25.668917,
20,2.815478,0.0,0.0,25.649601,
20,2.831217,0.0,0.0,25.668917,
20,2.831217,0.0,0.0,25.668917,
20,2.815478,0.0,0.0,25.668917,
20,2.831217,0.0,0.0,25.649601,
20,2.831217,0.0,0.0,25.668917,
20,2.831217,0.0,0.0,25.649601,
20,2.815478,0.0,0.0,25.649601,
20,2.815478,0.0,0.0,25.649601,
20,2.831217,0.0,0.0,25.668917,
20,2.815478,0.0,0.0,25.649601,
20,2.831217,0.0,0.0,25.668917,
20,2.815478,0.0,0.0,25.668917,
20,2.815478,0.0,0.0,25.649601,
20,2.831217,0.0,0.0,25.630281,
20,2.815478,0.0,0.0,25.649601,
20,2.831217,0.0,0.0,25.649601,
20,2.815478,0.0,0.0,25.668917,
20,2.815478,0.0,0.0,25.668917,
20,2.831217,0.0,0.0,25.649601,
20,2.815478,0.0,0.0,25.649601,
20,2.815478,0.0,0.0,25.649601,
20,2.815478,0.0,0.0,25.649601,
20,2.831217,0.0,0.0,25.649601,
20,2.815478,0.0,0.0,25.649601,
20,2.815478,0.0,0.0,25.649601,
20,2.815478,0.0,0.0,25.668917,
20,2.815478,0.0,0.0,25.649601,
20,2.831217,0.0,0.0,25.649601,
20,2.815478,0.0,0.0,25.668917,
20,2.831217,0.0,0.0,25.668917,
20,2.815478,0.0,0.0,25.668917,
20,2.815478,0.0,0.0,25.668917,
20,2.831217,0.0,0.0,25.649601,
20,2.815478,0.0,0.0,25.649601,
20,2.831217,0.0,0.0,25.668917,
20,2.815478,0.0,0.0,25.649601,
20,2.815478,0.0,0.0,25.649601,
20,2.815478,0.0,0.0,25.649601,
20,2.815478,0.0,0.0,25.649601,
20,2.831217,0.0,0.0,25.649601,
20,2.815478,0.0,0.0,25.649601,
20,2.815478,0.0,0.0,25.649601,
20,2.815478,0.0,0.0,25.649601,
20,2.815478,0.0,0.0,25.649601,
20,2.815478,0.0,0.0,25.649601,
20,2.831217,0.0,0.0,25.649601,
20,2.815478,0.0,0.0,25.649601,
20,2.815478,0.0,0.0,25.668917,
20,2.815478,0.0,0.0,25.649601,
20,2.815478,0.0,0.0,25.649601,
20,2.815478,0.0,0.0,25.649601,
20,2.831217,0.0,0.0,25.649601,
20,2.815478,0.0,0.0,25.649601,
20,2.831217,0.0,0.0,25.649601,
20,2.815478,0.0,0.0,25.668917,
20,2.815478,0.0,0.0,25.649601,
20,2.815478,0.0,0.0,25.649601,
20,2.815478,0.0,0.0,25.649601,
20,2.831217,0.0,0.0,25.668917,
20,2.831217,0.0,0.0,25.668917,
20,2.815478,0.0,0.0,25.649601,
20,2.815478,0.0,0.0,25.649601,
20,2.815478,0.0,0.0,25.649601,
20,2.831217,0.0,0.0,25.649601,
20,2.815478,0.0,0.0,25.649601,
20,2.815478,0.0,0.0,25.649601,
20,2.815478,0.0,0.0,25.649601,
20,2.831217,0.0,0.0,25.649601,
20,2.831217,0.0,0.0,25.649601,
20,2.815478,0.0,0.0,25.649601,
20,2.831217,0.0,0.0,25.649601,
20,2.815478,0.0,0.0,25.649601,
20,2.815478,0.0,0.0,25.649601,
20,2.815478,0.0,0.0,25.649601,
20,2.815478,0.0,0.0,25.630281,
20,2.815478,0.0,0.0,25.630281,
20,2.815478,0.0,0.0,25.649601,
20,2.815478,0.0,0.0,25.649601,
20,2.815478,0.0,0.0,25.649601,
20,2.815478,0.0,0.0,25.649601,
20,2.815478,0.0,0.0,25.649601,
20,2.831217,0.0,0.0,25.649601,
20,2.815478,0.0,0.0,25.668917,
20,2.831217,0.0,0.0,25.649601,
20,2.815478,0.0,0.0,25.649601,
20,2.815478,0.0,0.0,25.668917,
20,2.831217,0.0,0.0,25.649601,
20,2.815478,0.0,0.0,25.649601,
20,2.815478,0.0,0.0,25.649601,
20,2.815478,0.0,0.0,25.649601,
20,2.815478,0.0,0.0,25.649601,
20,2.831217,0.0,0.0,25.668917,
20,2.815478,0.0,0.0,25.630281,
20,2.831217,0.0,0.0,25.668917,
20,2.815478,0.0,0.0,25.649601,
20,2.815478,0.0,0.0,25.649601,
20,2.831217,0.0,0.0,25.649601,
20,2.815478,0.0,0.0,25.649601,
20,2.815478,0.0,0.0,25.649601,
20,2.831217,0.0,0.0,25.649601,
20,2.815478,0.0,0.0,25.630281,
20,2.815478,0.0,0.0,25.649601,
20,2.831217,0.0,0.0,25.649601,
20,2.831217,0.0,0.0,25.668917,
20,2.831217,0.0,0.0,25.649601,
20,2.815478,0.0,0.0,25.649601,
20,2.815478,0.0,0.0,25.649601,
20,2.815478,0.0,0.0,25.649601,
20,2.815478,0.0,0.0,25.668917,
20,2.815478,0.0,0.0,25.649601,
20,2.815478,0.0,0.0,25.668917,
20,2.815478,0.0,0.0,25.649601,
20,2.815478,0.0,0.0,25.668917,
20,2.815478,0.0,0.0,25.649601,
20,2.815478,0.0,0.0,25.649601,
20,2.831217,0.0,0.0,25.668917,
20,2.815478,0.0,0.0,25.649601,
20,2.815478,0.0,0.0,25.649601,
20,2.815478,0.0,0.0,25.649601,
20,2.831217,0.0,0.0,25.649601,
20,2.815478,0.0,0.0,25.649601,
20,2.831217,0.0,0.0,25.649601,
20,2.815478,0.0,0.0,25.668917,
20,2.831217,0.0,0.0,25.649601,
20,2.815478,0.0,0.0,25.649601,
20,2.815478,0.0,0.0,25.649601,
20,2.815478,0.0,0.0,25.649601,
20,2.815478,0.0,0.0,25.649601,
20,2.815478,0.0,0.0,25.649601,
20,2.815478,0.0,0.0,25.649601,
20,2.815478,0.0,0.0,25.649601,
20,2.815478,0.0,0.0,25.649601,
20,2.815478,0.0,0.0,25.649601,
20,2.815478,0.0,0.0,25.649601,
20,2.815478,0.0,0.0,25.649601,
20,2.831217,0.0,0.0,25.668917,
20,2.815478,0.0,0.0,25.649601,
20,2.815478,0.0,0.0,25.649601,
20,2.815478,0.0,0.0,25.649601,
20,2.815478,0.0,0.0,25.630281,
20,2.831217,0.0,0.0,25.630281,
20,2.831217,0.0,0.0,25.649601,
20,2.815478,0.0,0.0,25.630281,
20,2.831217,0.0,0.0,25.649601,
20,2.815478,0.0,0.0,25.649601,
20,2.815478,0.0,0.0,25.649601,
20,2.831217,0.0,0.0,25.630281,
20,2.815478,0.0,0.0,25.649601,
20,2.815478,0.0,0.0,25.649601,
20,2.815478,0.0,0.0,25.649601,
20,2.815478,0.0,0.0,25.649601,
20,2.815478,0.0,0.0,25.668917,
20,2.815478,0.0,0.0,25.668917,
20,2.831217,0.0,0.0,25.668917,
20,2.815478,0.0,0.0,25.668917,
20,2.815478,0.0,0.0,25.649601,
20,2.831217,0.0,0.0,25.649601,
20,2.815478,0.0,0.0,25.649601,
20,2.815478,0.0,0.0,25.668917,
20,2.831217,0.0,0.0,25.668917,
20,2.815478,0.0,0.0,25.668917,
20,2.815478,0.0,0.0,25.630281,
20,2.831217,0.0,0.0,25.649601,
20,2.815478,0.0,0.0,25.668917,
20,2.815478,0.0,0.0,25.668917,
20,2.815478,0.0,0.0,25.668917,
20,2.815478,0.0,0.0,25.649601,
20,2.831217,0.0,0.0,25.649601,
20,2.815478,0.0,0.0,25.649601,
20,2.815478,0.0,0.0,25.668917,
20,2.815478,0.0,0.0,25.649601,
20,2.815478,0.0,0.0,25.649601,
20,2.815478,0.0,0.0,25.649601,
20,2.815478,0.0,0.0,25.649601,
20,2.815478,0.0,0.0,25.649601,
20,2.815478,0.0,0.0,25.649601,
20,2.831217,0.0,0.0,25.649601,
20,2.831217,0.0,0.0,25.649601,
20,2.815478,0.0,0.0,25.649601,
20,2.815478,0.0,0.0,25.649601,
20,2.815478,0.0,0.0,25.649601,
20,2.815478,0.0,0.0,25.668917,
20,2.815478,0.0,0.0,25.649601,
20,2.815478,0.0,0.0,25.649601,
20,2.815478,0.0,0.0,25.630281,
20,2.815478,0.0,0.0,25.649601,
20,2.815478,0.0,0.0,25.649601,
20,2.815478,0.0,0.0,25.630281,
20,2.831217,0.0,0.0,25.649601,
20,2.831217,0.0,0.0,25.668917,
20,2.815478,0.0,0.0,25.668917,
20,2.815478,0.0,0.0,25.649601,
20,2.831217,0.0,0.0,25.649601,
20,2.815478,0.0,0.0,25.630281,
20,2.815478,0.0,0.0,25.649601,
20,2.815478,0.0,0.0,25.649601,
20,2.831217,0.0,0.0,25.649601,
20,2.831217,0.0,0.0,25.668917,
20,2.815478,0.0,0.0,25.649601,
20,2.815478,0.0,0.0,25.668917,
20,2.815478,0.0,0.0,25.649601,
20,2.815478,0.0,0.0,25.649601,
20,2.815478,0.0,0.0,25.649601,
20,2.831217,0.0,0.0,25.649601,
20,2.815478,0.0,0.0,25.649601,
20,2.815478,0.0,0.0,25.649601,
20,2.815478,0.0,0.0,25.649601,
20,2.815478,0.0,0.0,25.630281,
20,2.815478,0.0,0.0,25.649601,
20,2.815478,0.0,0.0,25.649601,
20,2.815478,0.0,0.0,25.649601,
20,2.815478,0.0,0.0,25.630281,
20,2.815478,0.0,0.0,25.649601,
20,2.815478,0.0,0.0,25.630281,
20,2.815478,0.0,0.0,25.649601,
20,2.831217,0.0,0.0,25.649601,
20,2.815478,0.0,0.0,25.649601,
20,2.815478,0.0,0.0,25.668917,
20,2.815478,0.0,0.0,25.649601,
20,2.815478,0.0,0.0,25.649601,
20,2.815478,0.0,0.0,25.649601,
20,2.815478,0.0,0.0,25.668917,
20,2.831217,0.0,0.0,25.649601,
20,2.815478,0.0,0.0,25.649601,
20,2.815478,0.0,0.0,25.649601,
20,2.815478,0.0,0.0,25.649601,
20,2.831217,0.0,0.0,25.668917,
20,2.831217,0.0,0.0,25.649601,
20,2.831217,0.0,0.0,25.649601,
20,2.815478,0.0,0.0,25.649601,
20,2.815478,0.0,0.0,25.649601,
20,2.831217,0.0,0.0,25.649601,
20,2.815478,0.0,0.0,25.649601,
20,2.815478,0.0,0.0,25.649601,
20,2.831217,0.0,0.0,25.649601,
20,2.815478,0.0,0.0,25.649601,
20,2.815478,0.0,0.0,25.649601,
20,2.815478,0.0,0.0,25.630281,
20,2.815478,0.0,0.0,25.649601,
20,2.815478,0.0,0.0,25.649601,
20,2.831217,0.0,0.0,25.649601,
20,2.815478,0.0,0.0,25.649601,
20,2.815478,0.0,0.0,25.649601,
20,2.831217,0.0,0.0,25.649601,
20,2.831217,0.0,0.0,25.649601,
20,2.815478,0.0,0.0,25.630281,
20,2.815478,0.0,0.0,25.649601,
20,2.815478,0.0,0.0,25.649601,
20,2.815478,0.0,0.0,25.630281,
20,2.815478,0.0,0.0,25.649601,
20,2.815478,0.0,0.0,25.649601,
20,2.815478,0.0,0.0,25.630281,
20,2.815478,0.0,0.0,25.630281,
20,2.831217,0.0,0.0,25.649601,
20,2.815478,0.0,0.0,25.649601,
20,2.815478,0.0,0.0,25.649601,
20,2.815478,0.0,0.0,25.649601,
20,2.831217,0.0,0.0,25.649601,
20,2.815478,0.0,0.0,25.630281,
20,2.815478,0.0,0.0,25.649601,
20,2.815478,0.0,0.0,25.649601,
20,2.815478,0.0,0.0,25.630281,
20,2.815478,0.0,0.0,25.668917,
20,2.831217,0.0,0.0,25.649601,
20,2.815478,0.0,0.0,25.649601,
20,2.815478,0.0,0.0,25.649601,
20,2.815478,0.0,0.0,25.649601,
20,2.815478,0.0,0.0,25.649601,
20,2.815478,0.0,0.0,25.649601,
20,2.815478,0.0,0.0,25.630281,
20,2.815478,0.0,0.0,25.649601,
20,2.831217,0.0,0.0,25.668917,
20,2.815478,0.0,0.0,25.668917,
20,2.815478,0.0,0.0,25.649601,
20,2.831217,0.0,0.0,25.668917,
20,2.815478,0.0,0.0,25.649601,
20,2.815478,0.0,0.0,25.668917,
20,2.815478,0.0,0.0,25.668917,
20,2.815478,0.0,0.0,25.649601,
20,2.815478,0.0,0.0,25.649601,
20,2.815478,0.0,0.0,25.630281,
20,2.815478,0.0,0.0,25.649601,
20,2.815478,0.0,0.0,25.649601,
20,2.831217,0.0,0.0,25.668917,
20,2.815478,0.0,0.0,25.668917,
20,2.815478,0.0,0.0,25.649601,
20,2.815478,0.0,0.0,25.649601,
20,2.831217,0.0,0.0,25.668917,
20,2.815478,0.0,0.0,25.649601,
20,2.815478,0.0,0.0,25.649601,
20,2.831217,0.0,0.0,25.649601,
20,2.815478,0.0,0.0,25.649601,
20,2.815478,0.0,0.0,25.630281,
20,2.815478,0.0,0.0,25.649601,
20,2.815478,0.0,0.0,25.649601,
20,2.815478,0.0,0.0,25.649601,
20,2.815478,0.0,0.0,25.649601,
20,2.815478,0.0,0.0,25.649601,
20,2.815478,0.0,0.0,25.649601,
20,2.815478,0.0,0.0,25.649601,
20,2.831217,0.0,0.0,25.649601,
20,2.815478,0.0,0.0,25.649601,
20,2.831217,0.0,0.0,25.649601,
20,2.815478,0.0,0.0,25.649601,
20,2.815478,0.0,0.0,25.649601,
20,2.831217,0.0,0.0,25.630281,
20,2.815478,0.0,0.0,25.649601,
20,2.815478,0.0,0.0,25.649601,
20,2.831217,0.0,0.0,25.649601,
20,2.831217,0.0,0.0,25.649601,
20,2.815478,0.0,0.0,25.649601,
20,2.831217,0.0,0.0,25.649601,
20,2.831217,0.0,0.0,25.649601,
20,2.815478,0.0,0.0,25.649601,
20,2.815478,0.0,0.0,25.649601,
20,2.831217,0.0,0.0,25.649601,
20,2.815478,0.0,0.0,25.649601,
20,2.815478,0.0,0.0,25.649601,
20,2.815478,0.0,0.0,25.649601,
20,2.831217,0.0,0.0,25.649601,
20,2.831217,0.0,0.0,25.649601,
20,2.815478,0.0,0.0,25.649601,
20,2.831217,0.0,0.0,25.649601,
20,2.815478,0.0,0.0,25.649601,
20,2.831217,0.0,0.0,25.649601,
20,2.815478,0.0,0.0,25.649601,
20,2.831217,0.0,0.0,25.649601,
20,2.815478,0.0,0.0,25.649601,
20,2.831217,0.0,0.0,25.649601,
20,2.815478,0.0,0.0,25.630281,
20,2.815478,0.0,0.0,25.649601,
20,2.831217,0.0,0.0,25.649601,
20,2.815478,0.0,0.0,25.649601,
20,2.815478,0.0,0.0,25.649601,
20,2.815478,0.0,0.0,25.630281,
20,2.831217,0.0,0.0,25.649601,
20,2.831217,0.0,0.0,25.649601,
20,2.815478,0.0,0.0,25.630281,
20,2.815478,0.0,0.0,25.649601,
20,2.831217,0.0,0.0,25.649601,
20,2.831217,0.0,0.0,25.649601,
20,2.815478,0.0,0.0,25.630281,
20,2.815478,0.0,0.0,25.649601,
20,2.815478,0.0,0.0,25.649601,
20,2.815478,0.0,0.0,25.668917,
20,2.831217,0.0,0.0,25.630281,
20,2.815478,0.0,0.0,25.649601,
20,2.815478,0.0,0.0,25.649601,
20,2.831217,0.0,0.0,25.649601,
20,2.831217,0.0,0.0,25.649601,
20,2.815478,0.0,0.0,25.649601,
20,2.815478,0.0,0.0,25.649601,
20,2.815478,0.0,0.0,25.630281,
20,2.815478,0.0,0.0,25.649601,
20,2.831217,0.0,0.0,25.630281,
20,2.815478,0.0,0.0,25.649601,
20,2.815478,0.0,0.0,25.649601,
20,2.831217,0.0,0.0,25.630281,
20,2.815478,0.0,0.0,25.630281,
20,2.815478,0.0,0.0,25.630281,
20,2.815478,0.0,0.0,25.649601,
20,2.831217,0.0,0.0,25.649601,
20,2.815478,0.0,0.0,25.630281,
20,2.831217,0.0,0.0,25.649601,
20,2.815478,0.0,0.0,25.649601,
20,2.815478,0.0,0.0,25.649601,
20,2.815478,0.0,0.0,25.630281,
20,2.815478,0.0,0.0,25.649601,
20,2.815478,0.0,0.0,25.630281,
20,2.831217,0.0,0.0,25.649601,
20,2.815478,0.0,0.0,25.630281,
20,2.831217,0.0,0.0,25.630281,
20,2.831217,0.0,0.0,25.649601,
20,2.831217,0.0,0.0,25.630281,
20,2.815478,0.0,0.0,25.630281,
20,2.831217,0.0,0.0,25.649601,
20,2.815478,0.0,0.0,25.630281,
20,2.815478,0.0,0.0,25.630281,
20,2.815478,0.0,0.0,25.630281,
20,2.815478,0.0,0.0,25.630281,
20,2.815478,0.0,0.0,25.649601,
20,2.815478,0.0,0.0,25.630281,
20,2.815478,0.0,0.0,25.630281,
20,2.815478,0.0,0.0,25.630281,
20,2.815478,0.0,0.0,25.649601,
20,2.815478,0.0,0.0,25.630281,
20,2.815478,0.0,0.0,25.649601,
20,2.815478,0.0,0.0,25.630281,
20,2.831217,0.0,0.0,25.649601,
20,2.815478,0.0,0.0,25.630281,
20,2.815478,0.0,0.0,25.649601,
20,2.815478,0.0,0.0,25.630281,
20,2.815478,0.0,0.0,25.630281,
20,2.815478,0.0,0.0,25.630281,
20,2.815478,0.0,0.0,25.630281,
20,2.815478,0.0,0.0,25.610966,
20,2.815478,0.0,0.0,25.649601,
20,2.815478,0.0,0.0,25.649601,
20,2.831217,0.0,0.0,25.630281,
20,2.815478,0.0,0.0,25.649601,
20,2.831217,0.0,0.0,25.649601,
20,2.815478,0.0,0.0,25.649601,
20,2.831217,0.0,0.0,25.630281,
20,2.831217,0.0,0.0,25.649601,
20,2.815478,0.0,0.0,25.630281,
20,2.831217,0.0,0.0,25.630281,
20,2.815478,0.0,0.0,25.630281,
20,2.831217,0.0,0.0,25.649601,
20,2.815478,0.0,0.0,25.649601,
20,2.831217,0.0,0.0,25.649601,
20,2.815478,0.0,0.0,25.630281,
20,2.831217,0.0,0.0,25.630281,
20,2.831217,0.0,0.0,25.630281,
20,2.815478,0.0,0.0,25.649601,
20,2.815478,0.0,0.0,25.630281,
20,2.815478,0.0,0.0,25.630281,
20,2.815478,0.0,0.0,25.649601,
20,2.815478,0.0,0.0,25.630281,
20,2.815478,0.0,0.0,25.630281,
20,2.815478,0.0,0.0,25.649601,
20,2.831217,0.0,0.0,25.630281,
20,2.815478,0.0,0.0,25.630281,
20,2.815478,0.0,0.0,25.630281,
20,2.815478,0.0,0.0,25.649601,
20,2.815478,0.0,0.0,25.630281,
20,2.815478,0.0,0.0,25.649601,
20,2.831217,0.0,0.0,25.630281,
20,2.815478,0.0,0.0,25.630281,
20,2.815478,0.0,0.0,25.630281,
20,2.831217,0.0,0.0,25.630281,
20,2.815478,0.0,0.0,25.630281,
20,2.831217,0.0,0.0,25.630281,
20,2.815478,0.0,0.0,25.649601,
20,2.815478,0.0,0.0,25.649601,
20,2.815478,0.0,0.0,25.649601,
20,2.815478,0.0,0.0,25.649601,
20,2.831217,0.0,0.0,25.630281,
20,2.815478,0.0,0.0,25.649601,
20,2.815478,0.0,0.0,25.649601,
20,2.815478,0.0,0.0,25.630281,
20,2.815478,0.0,0.0,25.649601,
20,2.815478,0.0,0.0,25.649601,
20,2.815478,0.0,0.0,25.630281,
20,2.815478,0.0,0.0,25.630281,
20,2.815478,0.0,0.0,25.649601,
20,2.815478,0.0,0.0,25.649601,
20,2.815478,0.0,0.0,25.649601,
20,2.831217,0.0,0.0,25.649601,
20,2.815478,0.0,0.0,25.630281,
20,2.815478,0.0,0.0,25.649601,
20,2.831217,0.0,0.0,25.630281,
20,2.815478,0.0,0.0,25.630281,
20,2.831217,0.0,0.0,25.649601,
20,2.831217,0.0,0.0,25.630281,
20,2.815478,0.0,0.0,25.630281,
20,2.815478,0.0,0.0,25.649601,
20,2.831217,0.0,0.0,25.630281,
20,2.815478,0.0,0.0,25.630281,
20,2.831217,0.0,0.0,25.630281,
20,2.815478,0.0,0.0,25.649601,
20,2.815478,0.0,0.0,25.649601,
20,2.815478,0.0,0.0,25.649601,
20,2.831217,0.0,0.0,25.630281,
20,2.831217,0.0,0.0,25.649601,
20,2.815478,0.0,0.0,25.649601,
20,2.815478,0.0,0.0,25.630281,
20,2.815478,0.0,0.0,25.649601,
20,2.815478,0.0,0.0,25.630281,
20,2.815478,0.0,0.0,25.630281,
20,2.815478,0.0,0.0,25.649601,
20,2.815478,0.0,0.0,25.649601,
20,2.815478,0.0,0.0,25.630281,
20,2.815478,0.0,0.0,25.630281,
20,2.831217,0.0,0.0,25.649601,
20,2.815478,0.0,0.0,25.649601,
20,2.815478,0.0,0.0,25.649601,
20,2.831217,0.0,0.0,25.649601,
20,2.815478,0.0,0.0,25.630281,
20,2.831217,0.0,0.0,25.649601,
20,2.815478,0.0,0.0,25.630281,
20,2.831217,0.0,0.0,25.630281,
20,2.815478,0.0,0.0,25.649601,
20,2.831217,0.0,0.0,25.630281,
20,2.815478,0.0,0.0,25.649601,
20,2.815478,0.0,0.0,25.649601,
20,2.815478,0.0,0.0,25.630281,
20,2.815478,0.0,0.0,25.630281,
20,2.815478,0.0,0.0,25.630281,
20,2.815478,0.0,0.0,25.649601,
20,2.815478,0.0,0.0,25.630281,
20,2.815478,0.0,0.0,25.630281,
20,2.831217,0.0,0.0,25.630281,
20,2.831217,0.0,0.0,25.630281,
20,2.815478,0.0,0.0,25.649601,
20,2.815478,0.0,0.0,25.630281,
20,2.831217,0.0,0.0,25.630281,
20,2.815478,0.0,0.0,25.630281,
20,2.831217,0.0,0.0,25.649601,
20,2.815478,0.0,0.0,25.649601,
20,2.831217,0.0,0.0,25.630281,
20,2.831217,0.0,0.0,25.649601,
20,2.815478,0.0,0.0,25.630281,
20,2.815478,0.0,0.0,25.630281,
20,2.815478,0.0,0.0,25.649601,
20,2.815478,0.0,0.0,25.630281,
20,2.831217,0.0,0.0,25.630281,
20,2.815478,0.0,0.0,25.630281,
20,2.831217,0.0,0.0,25.630281,
20,2.815478,0.0,0.0,25.630281,
20,2.831217,0.0,0.0,25.649601,
20,2.815478,0.0,0.0,25.630281,
20,2.831217,0.0,0.0,25.630281,
20,2.815478,0.0,0.0,25.630281,
20,2.815478,0.0,0.0,25.630281,
20,2.815478,0.0,0.0,25.630281,
20,2.815478,0.0,0.0,25.649601,
20,2.831217,0.0,0.0,25.630281,
20,2.815478,0.0,0.0,25.630281,
20,2.815478,0.0,0.0,25.649601,
20,2.831217,0.0,0.0,25.630281,
20,2.831217,0.0,0.0,25.630281,
20,2.831217,0.0,0.0,25.649601,
20,2.815478,0.0,0.0,25.630281,
20,2.815478,0.0,0.0,25.630281,
20,2.815478,0.0,0.0,25.630281,
20,2.815478,0.0,0.0,25.630281,
20,2.815478,0.0,0.0,25.630281,
20,2.815478,0.0,0.0,25.649601,
20,2.815478,0.0,0.0,25.630281,
20,2.815478,0.0,0.0,25.630281,
20,2.815478,0.0,0.0,25.630281,
20,2.815478,0.0,0.0,25.630281,
20,2.815478,0.0,0.0,25.630281,
20,2.815478,0.0,0.0,25.630281,
20,2.815478,0.0,0.0,25.630281,
20,2.815478,0.0,0.0,25.630281,
20,2.815478,0.0,0.0,25.630281,
20,2.831217,0.0,0.0,25.630281,
20,2.815478,0.0,0.0,25.610966,
20,2.815478,0.0,0.0,25.630281,
20,2.815478,0.0,0.0,25.630281,
20,2.831217,0.0,0.0,25.630281,
20,2.815478,0.0,0.0,25.630281,
20,2.815478,0.0,0.0,25.630281,
20,2.815478,0.0,0.0,25.630281,
20,2.815478,0.0,0.0,25.630281,
20,2.815478,0.0,0.0,25.630281,
20,2.815478,0.0,0.0,25.630281,
20,2.815478,0.0,0.0,25.649601,
20,2.815478,0.0,0.0,25.630281,
20,2.815478,0.0,0.0,25.630281,
20,2.815478,0.0,0.0,25.610966,
20,2.815478,0.0,0.0,25.630281,
20,2.815478,0.0,0.0,25.630281,
20,2.815478,0.0,0.0,25.630281,
20,2.831217,0.0,0.0,25.649601,
20,2.815478,0.0,0.0,25.649601,
20,2.815478,0.0,0.0,25.630281,
20,2.815478,0.0,0.0,25.630281,
20,2.815478,0.0,0.0,25.630281,
20,2.815478,0.0,0.0,25.630281,
20,2.815478,0.0,0.0,25.630281,
20,2.815478,0.0,0.0,25.630281,
20,2.815478,0.0,0.0,25.630281,
20,2.831217,0.0,0.0,25.630281,
20,2.815478,0.0,0.0,25.630281,
20,2.815478,0.0,0.0,25.630281,
20,2.815478,0.0,0.0,25.630281,
20,2.815478,0.0,0.0,25.630281,
20,2.831217,0.0,0.0,25.630281,
20,2.815478,0.0,0.0,25.610966,
20,2.815478,0.0,0.0,25.630281,
20,2.815478,0.0,0.0,25.630281,
20,2.815478,0.0,0.0,25.630281,
20,2.815478,0.0,0.0,25.630281,
20,2.815478,0.0,0.0,25.630281,
20,2.831217,0.0,0.0,25.630281,
20,2.815478,0.0,0.0,25.630281,
20,2.815478,0.0,0.0,25.610966,
20,2.815478,0.0,0.0,25.630281,
20,2.815478,0.0,0.0,25.630281,
20,2.815478,0.0,0.0,25.630281,
20,2.815478,0.0,0.0,25.630281,
20,2.831217,0.0,0.0,25.649601,
20,2.815478,0.0,0.0,25.630281,
20,2.831217,0.0,0.0,25.630281,
20,2.815478,0.0,0.0,25.630281,
20,2.815478,0.0,0.0,25.630281,
20,2.831217,0.0,0.0,25.630281,
20,2.815478,0.0,0.0,25.630281,
20,2.815478,0.0,0.0,25.630281,
20,2.815478,0.0,0.0,25.630281,
20,2.815478,0.0,0.0,25.630281,
20,2.815478,0.0,0.0,25.630281,
20,2.815478,0.0,0.0,25.630281,
20,2.815478,0.0,0.0,25.630281,
20,2.815478,0.0,0.0,25.649601,
20,2.815478,0.0,0.0,25.630281,
20,2.815478,0.0,0.0,25.630281,
20,2.831217,0.0,0.0,25.630281,
20,2.815478,0.0,0.0,25.630281,
20,2.815478,0.0,0.0,25.630281,
20,2.815478,0.0,0.0,25.630281,
20,2.815478,0.0,0.0,25.630281,
20,2.815478,0.0,0.0,25.630281,
20,2.815478,0.0,0.0,25.630281,
20,2.831217,0.0,0.0,25.630281,
20,2.831217,0.0,0.0,25.630281,
20,2.831217,0.0,0.0,25.630281,
20,2.815478,0.0,0.0,25.630281,
20,2.815478,0.0,0.0,25.630281,
20,2.815478,0.0,0.0,25.610966,
20,2.815478,0.0,0.0,25.630281,
20,2.815478,0.0,0.0,25.630281,
20,2.831217,0.0,0.0,25.630281,
20,2.815478,0.0,0.0,25.630281,
20,2.815478,0.0,0.0,25.630281,
20,2.831217,0.0,0.0,25.630281,
20,2.815478,0.0,0.0,25.630281,
20,2.815478,0.0,0.0,25.630281,
20,2.815478,0.0,0.0,25.630281,
20,2.815478,0.0,0.0,25.630281,
20,2.815478,0.0,0.0,25.649601,
20,2.815478,0.0,0.0,25.630281,
20,2.815478,0.0,0.0,25.630281,
20,2.815478,0.0,0.0,25.630281,
20,2.815478,0.0,0.0,25.630281,
20,2.815478,0.0,0.0,25.630281,
20,2.815478,0.0,0.0,25.630281,
20,2.831217,0.0,0.0,25.630281,
20,2.815478,0.0,0.0,25.630281,
20,2.831217,0.0,0.0,25.630281,
20,2.815478,0.0,0.0,25.630281,
20,2.815478,0.0,0.0,25.630281,
20,2.831217,0.0,0.0,25.630281,
20,2.815478,0.0,0.0,25.630281,
20,2.815478,0.0,0.0,25.630281,
20,2.815478,0.0,0.0,25.630281,
20,2.815478,0.0,0.0,25.630281,
20,2.815478,0.0,0.0,25.630281,
20,2.831217,0.0,0.0,25.630281,
20,2.815478,0.0,0.0,25.630281,
20,2.815478,0.0,0.0,25.630281,
20,2.831217,0.0,0.0,25.630281,
20,2.815478,0.0,0.0,25.630281,
20,2.815478,0.0,0.0,25.630281,
20,2.815478,0.0,0.0,25.630281,
20,2.815478,0.0,0.0,25.630281,
20,2.815478,0.0,0.0,25.630281,
20,2.815478,0.0,0.0,25.630281,
20,2.831217,0.0,0.0,25.630281,
20,2.831217,0.0,0.0,25.630281,
20,2.815478,0.0,0.0,25.630281,
20,2.815478,0.0,0.0,25.630281,
20,2.815478,0.0,0.0,25.630281,
20,2.815478,0.0,0.0,25.630281,
20,2.815478,0.0,0.0,25.630281,
20,2.815478,0.0,0.0,25.630281,
20,2.815478,0.0,0.0,25.630281,
20,2.815478,0.0,0.0,25.630281,
20,2.815478,0.0,0.0,25.630281,
20,2.815478,0.0,0.0,25.630281,
20,2.831217,0.0,0.0,25.630281,
20,2.815478,0.0,0.0,25.630281,
20,2.815478,0.0,0.0,25.630281,
20,2.815478,0.0,0.0,25.630281,
20,2.815478,0.0,0.0,25.649601,
20,2.815478,0.0,0.0,25.630281,
20,2.815478,0.0,0.0,25.630281,
20,2.815478,0.0,0.0,25.630281,
20,2.815478,0.0,0.0,25.630281,
20,2.831217,0.0,0.0,25.630281,
20,2.815478,0.0,0.0,25.610966,
20,2.831217,0.0,0.0,25.630281,
20,2.815478,0.0,0.0,25.630281,
20,2.815478,0.0,0.0,25.630281,
20,2.815478,0.0,0.0,25.649601,
20,2.815478,0.0,0.0,25.630281,
20,2.815478,0.0,0.0,25.630281,
20,2.815478,0.0,0.0,25.630281,
20,2.815478,0.0,0.0,25.630281,
20,2.831217,0.0,0.0,25.630281,
20,2.815478,0.0,0.0,25.630281,
20,2.815478,0.0,0.0,25.630281,
20,2.831217,0.0,0.0,25.630281,
20,2.815478,0.0,0.0,25.630281,
20,2.815478,0.0,0.0,25.630281,
20,2.831217,0.0,0.0,25.649601,
20,2.815478,0.0,0.0,25.630281,
20,2.815478,0.0,0.0,25.630281,
20,2.831217,0.0,0.0,25.649601,
20,2.815478,0.0,0.0,25.630281,
20,2.815478,0.0,0.0,25.630281,
20,2.815478,0.0,0.0,25.649601,
20,2.815478,0.0,0.0,25.649601,
20,2.831217,0.0,0.0,25.630281,
20,2.815478,0.0,0.0,25.630281,
20,2.815478,0.0,0.0,25.610966,
20,2.815478,0.0,0.0,25.630281,
20,2.815478,0.0,0.0,25.630281,
20,2.815478,0.0,0.0,25.630281,
20,2.815478,0.0,0.0,25.630281,
20,2.831217,0.0,0.0,25.630281,
20,2.815478,0.0,0.0,25.630281,
20,2.815478,0.0,0.0,25.610966,
20,2.815478,0.0,0.0,25.630281,
20,2.831217,0.0,0.0,25.610966,
20,2.815478,0.0,0.0,25.630281,
20,2.815478,0.0,0.0,25.630281,
20,2.815478,0.0,0.0,25.630281,
20,2.815478,0.0,0.0,25.610966,
20,2.815478,0.0,0.0,25.610966,
20,2.815478,0.0,0.0,25.630281,
20,2.815478,0.0,0.0,25.630281,
20,2.815478,0.0,0.0,25.630281,
20,2.815478,0.0,0.0,25.630281,
20,2.815478,0.0,0.0,25.610966,
20,2.815478,0.0,0.0,25.630281,
20,2.815478,0.0,0.0,25.649601,
20,2.815478,0.0,0.0,25.630281,
20,2.815478,0.0,0.0,25.630281,
20,2.815478,0.0,0.0,25.630281,
20,2.815478,0.0,0.0,25.630281,
20,2.815478,0.0,0.0,25.630281,
20,2.831217,0.0,0.0,25.630281,
20,2.815478,0.0,0.0,25.630281,
20,2.815478,0.0,0.0,25.630281,
20,2.815478,0.0,0.0,25.630281,
20,2.815478,0.0,0.0,25.630281,
20,2.815478,0.0,0.0,25.630281,
20,2.815478,0.0,0.0,25.630281,
20,2.815478,0.0,0.0,25.610966,
20,2.815478,0.0,0.0,25.630281,
20,2.815478,0.0,0.0,25.630281,
20,2.831217,0.0,0.0,25.630281,
20,2.815478,0.0,0.0,25.610966,
20,2.815478,0.0,0.0,25.630281,
20,2.815478,0.0,0.0,25.610966,
20,2.815478,0.0,0.0,25.610966,
20,2.815478,0.0,0.0,25.630281,
20,2.815478,0.0,0.0,25.630281,
20,2.815478,0.0,0.0,25.610966,
20,2.815478,0.0,0.0,25.630281,
20,2.815478,0.0,0.0,25.610966,
20,2.815478,0.0,0.0,25.630281,
20,2.815478,0.0,0.0,25.610966,
20,2.815478,0.0,0.0,25.630281,
20,2.815478,0.0,0.0,25.630281,
20,2.831217,0.0,0.0,25.630281,
20,2.815478,0.0,0.0,25.630281,
20,2.831217,0.0,0.0,25.630281,
20,2.831217,0.0,0.0,25.610966,
20,2.815478,0.0,0.0,25.630281,
20,2.815478,0.0,0.0,25.630281,
20,2.815478,0.0,0.0,25.630281,
20,2.815478,0.0,0.0,25.630281,
20,2.815478,0.0,0.0,25.630281,
20,2.831217,0.0,0.0,25.630281,
20,2.815478,0.0,0.0,25.610966,
20,2.815478,0.0,0.0,25.610966,
20,2.815478,0.0,0.0,25.630281,
20,2.815478,0.0,0.0,25.630281,
20,2.815478,0.0,0.0,25.630281,
20,2.815478,0.0,0.0,25.630281,
20,2.815478,0.0,0.0,25.630281,
20,2.815478,0.0,0.0,25.630281,
20,2.815478,0.0,0.0,25.610966,
20,2.815478,0.0,0.0,25.630281,
20,2.815478,0.0,0.0,25.630281,
20,2.815478,0.0,0.0,25.630281,
20,2.815478,0.0,0.0,25.630281,
20,2.815478,0.0,0.0,25.630281,
20,2.815478,0.0,0.0,25.630281,
20,2.815478,0.0,0.0,25.610966,
20,2.815478,0.0,0.0,25.630281,
20,2.815478,0.0,0.0,25.630281,
20,2.815478,0.0,0.0,25.630281,
20,2.815478,0.0,0.0,25.610966,
20,2.815478,0.0,0.0,25.610966,
20,2.815478,0.0,0.0,25.610966,
20,2.815478,0.0,0.0,25.630281,
20,2.815478,0.0,0.0,25.610966,
20,2.815478,0.0,0.0,25.610966,
20,2.831217,0.0,0.0,25.610966,
20,2.815478,0.0,0.0,25.630281,
20,2.815478,0.0,0.0,25.630281,
20,2.815478,0.0,0.0,25.630281,
20,2.815478,0.0,0.0,25.649601,
20,2.831217,0.0,0.0,25.630281,
20,2.831217,0.0,0.0,25.610966,
20,2.815478,0.0,0.0,25.630281,
20,2.815478,0.0,0.0,25.630281,
20,2.815478,0.0,0.0,25.610966,
20,2.815478,0.0,0.0,25.630281,
20,2.815478,0.0,0.0,25.630281,
20,2.815478,0.0,0.0,25.630281,
20,2.815478,0.0,0.0,25.630281,
20,2.815478,0.0,0.0,25.630281,
20,2.815478,0.0,0.0,25.610966,
20,2.815478,0.0,0.0,25.630281,
20,2.815478,0.0,0.0,25.630281,
20,2.815478,0.0,0.0,25.630281,
20,2.815478,0.0,0.0,25.610966,
20,2.815478,0.0,0.0,25.610966,
20,2.815478,0.0,0.0,25.630281,
20,2.815478,0.0,0.0,25.610966,
20,2.815478,0.0,0.0,25.610966,
20,2.815478,0.0,0.0,25.610966,
20,2.815478,0.0,0.0,25.630281,
20,2.815478,0.0,0.0,25.630281,
20,2.815478,0.0,0.0,25.610966,
20,2.831217,0.0,0.0,25.630281,
20,2.815478,0.0,0.0,25.610966,
20,2.815478,0.0,0.0,25.610966,
20,2.815478,0.0,0.0,25.630281,
20,2.815478,0.0,0.0,25.630281,
20,2.815478,0.0,0.0,25.630281,
20,2.815478,0.0,0.0,25.630281,
20,2.831217,0.0,0.0,25.630281,
20,2.815478,0.0,0.0,25.630281,
20,2.831217,0.0,0.0,25.630281,
20,2.831217,0.0,0.0,25.630281,
20,2.815478,0.0,0.0,25.630281,
20,2.831217,0.0,0.0,25.630281,
20,2.815478,0.0,0.0,25.630281,
20,2.815478,0.0,0.0,25.630281,
20,2.815478,0.0,0.0,25.630281,
20,2.815478,0.0,0.0,25.630281,
20,2.815478,0.0,0.0,25.630281,
20,2.815478,0.0,0.0,25.630281,
20,2.815478,0.0,0.0,25.610966,
20,2.815478,0.0,0.0,25.630281,
20,2.815478,0.0,0.0,25.649601,
20,2.815478,0.0,0.0,25.610966,
20,2.815478,0.0,0.0,25.610966,
20,2.815478,0.0,0.0,25.630281,
20,2.815478,0.0,0.0,25.630281,
20,2.815478,0.0,0.0,25.630281,
20,2.815478,0.0,0.0,25.630281,
20,2.815478,0.0,0.0,25.630281,
20,2.815478,0.0,0.0,25.610966,
20,2.815478,0.0,0.0,25.630281,
20,2.815478,0.0,0.0,25.630281,
20,2.815478,0.0,0.0,25.610966,
20,2.815478,0.0,0.0,25.610966,
20,2.815478,0.0,0.0,25.610966,
20,2.815478,0.0,0.0,25.630281,
20,2.815478,0.0,0.0,25.610966,
20,2.815478,0.0,0.0,25.610966,
20,2.815478,0.0,0.0,25.630281,
20,2.815478,0.0,0.0,25.610966,
20,2.815478,0.0,0.0,25.630281,
20,2.815478,0.0,0.0,25.610966,
20,2.815478,0.0,0.0,25.630281,
20,2.815478,0.0,0.0,25.630281,
25,2.815478,0.0,0.0,25.610966,
25,2.815478,0.0,0.0,25.610966,
25,2.815478,0.0,0.0,25.610966,
25,2.815478,0.0,0.0,25.610966,
25,2.831217,0.0,0.0,25.610966,
25,2.815478,0.0,0.0,25.610966,
25,2.815478,0.0,0.0,25.630281,
25,3.24042,0.0,0.0,25.263279,
25,3.24042,0.0,0.0,25.243963,
25,3.224681,0.0,0.0,25.243963,
25,3.24042,0.0,0.0,25.224648,
25,3.24042,0.0,0.0,25.205332,
25,3.224681,0.0,0.0,25.205332,
25,3.224681,0.0,0.0,25.205332,
25,3.224681,0.0,0.0,25.205332,
25,3.24042,0.0,0.0,25.186016,
25,3.24042,0.0,0.0,25.205332,
25,3.224681,0.0,0.0,25.186016,
25,3.24042,0.0,0.0,25.186016,
25,3.24042,0.0,0.0,25.205332,
25,3.224681,0.0,0.0,25.205332,
25,3.24042,0.0,0.0,25.186016,
25,3.24042,0.0,0.0,25.205332,
25,3.24042,0.0,0.0,25.186016,
25,3.224681,0.0,0.0,25.1667,
25,3.224681,0.0,0.0,25.186016,
25,3.224681,0.0,0.0,25.186016,
25,3.224681,0.0,0.0,25.186016,
25,3.224681,0.0,0.0,25.186016,
25,3.224681,0.0,0.0,25.186016,
25,3.24042,0.0,0.0,25.186016,
25,3.224681,0.0,0.0,25.186016,
25,3.224681,0.0,0.0,25.205332,
25,3.224681,0.0,0.0,25.186016,
25,3.24042,0.0,0.0,25.1667,
25,3.224681,0.0,0.0,25.205332,
25,3.224681,0.0,0.0,25.1667,
25,3.24042,0.0,0.0,25.186016,
25,3.24042,0.0,0.0,25.186016,
25,3.224681,0.0,0.0,25.186016,
25,3.224681,0.0,0.0,25.186016,
25,3.24042,0.0,0.0,25.186016,
25,3.224681,0.0,0.0,25.186016,
25,3.24042,0.0,0.0,25.186016,
25,3.224681,0.0,0.0,25.186016,
25,3.224681,0.0,0.0,25.186016,
25,3.224681,0.0,0.0,25.186016,
25,3.224681,0.0,0.0,25.1667,
25,3.24042,0.0,0.0,25.186016,
25,3.224681,0.0,0.0,25.186016,
25,3.24042,0.0,0.0,25.186016,
25,3.24042,0.0,0.0,25.186016,
25,3.224681,0.0,0.0,25.186016,
25,3.224681,0.0,0.0,25.1667,
25,3.24042,0.0,0.0,25.186016,
25,3.224681,0.0,0.0,25.186016,
25,3.224681,0.0,0.0,25.205332,
25,3.224681,0.0,0.0,25.1667,
25,3.224681,0.0,0.0,25.186016,
25,3.224681,0.0,0.0,25.186016,
25,3.24042,0.0,0.0,25.186016,
25,3.24042,0.0,0.0,25.186016,
25,3.24042,0.0,0.0,25.186016,
25,3.224681,0.0,0.0,25.186016,
25,3.224681,0.0,0.0,25.1667,
25,3.224681,0.0,0.0,25.186016,
25,3.24042,0.0,0.0,25.186016,
25,3.224681,0.0,0.0,25.1667,
25,3.224681,0.0,0.0,25.186016,
25,3.224681,0.0,0.0,25.1667,
25,3.224681,0.0,0.0,25.1667,
25,3.224681,0.0,0.0,25.186016,
25,3.224681,0.0,0.0,25.186016,
25,3.224681,0.0,0.0,25.186016,
25,3.224681,0.0,0.0,25.1667,
25,3.224681,0.0,0.0,25.186016,
25,3.224681,0.0,0.0,25.186016,
25,3.24042,0.0,0.0,25.1667,
25,3.224681,0.0,0.0,25.1667,
25,3.224681,0.0,0.0,25.1667,
25,3.24042,0.0,0.0,25.186016,
25,3.224681,0.0,0.0,25.1667,
25,3.224681,0.0,0.0,25.186016,
25,3.24042,0.0,0.0,25.1667,
25,3.224681,0.0,0.0,25.1667,
25,3.24042,0.0,0.0,25.186016,
25,3.24042,0.0,0.0,25.205332,
25,3.224681,0.0,0.0,25.1667,
25,3.224681,0.0,0.0,25.186016,
25,3.224681,0.0,0.0,25.186016,
25,3.224681,0.0,0.0,25.1667,
25,3.224681,0.0,0.0,25.186016,
25,3.224681,0.0,0.0,25.1667,
25,3.224681,0.0,0.0,25.1667,
25,3.224681,0.0,0.0,25.186016,
25,3.224681,0.0,0.0,25.186016,
25,3.224681,0.0,0.0,25.147383,
25,3.224681,0.0,0.0,25.1667,
25,3.224681,0.0,0.0,25.186016,
25,3.24042,0.0,0.0,25.186016,
25,3.24042,0.0,0.0,25.186016,
25,3.224681,0.0,0.0,25.1667,
25,3.24042,0.0,0.0,25.186016,
25,3.224681,0.0,0.0,25.186016,
25,3.224681,0.0,0.0,25.1667,
25,3.224681,0.0,0.0,25.1667,
25,3.224681,0.0,0.0,25.1667,
25,3.24042,0.0,0.0,25.1667,
25,3.24042,0.0,0.0,25.1667,
25,3.224681,0.0,0.0,25.1667,
25,3.224681,0.0,0.0,25.147383,
25,3.224681,0.0,0.0,25.186016,
25,3.24042,0.0,0.0,25.1667,
25,3.224681,0.0,0.0,25.1667,
25,3.224681,0.0,0.0,25.186016,
25,3.224681,0.0,0.0,25.1667,
25,3.224681,0.0,0.0,25.1667,
25,3.24042,0.0,0.0,25.186016,
25,3.224681,0.0,0.0,25.186016,
25,3.224681,0.0,0.0,25.1667,
25,3.224681,0.0,0.0,25.1667,
25,3.224681,0.0,0.0,25.1667,
25,3.224681,0.0,0.0,25.147383,
25,3.224681,0.0,0.0,25.186016,
25,3.224681,0.0,0.0,25.1667,
25,3.224681,0.0,0.0,25.1667,
25,3.224681,0.0,0.0,25.1667,
25,3.224681,0.0,0.0,25.1667,
25,3.224681,0.0,0.0,25.1667,
25,3.224681,0.0,0.0,25.1667,
25,3.224681,0.0,0.0,25.1667,
25,3.224681,0.0,0.0,25.1667,
25,3.224681,0.0,0.0,25.1667,
25,3.224681,0.0,0.0,25.1667,
25,3.24042,0.0,0.0,25.186016,
25,3.224681,0.0,0.0,25.1667,
25,3.224681,0.0,0.0,25.186016,
25,3.224681,0.0,0.0,25.1667,
25,3.224681,0.0,0.0,25.1667,
25,3.224681,0.0,0.0,25.1667,
25,3.24042,0.0,0.0,25.186016,
25,3.24042,0.0,0.0,25.186016,
25,3.224681,0.0,0.0,25.186016,
25,3.224681,0.0,0.0,25.186016,
25,3.224681,0.0,0.0,25.1667,
25,3.224681,0.0,0.0,25.1667,
25,3.224681,0.0,0.0,25.186016,
25,3.224681,0.0,0.0,25.1667,
25,3.224681,0.0,0.0,25.186016,
25,3.224681,0.0,0.0,25.1667,
25,3.224681,0.0,0.0,25.186016,
25,3.224681,0.0,0.0,25.1667,
25,3.224681,0.0,0.0,25.186016,
25,3.224681,0.0,0.0,25.186016,
25,3.224681,0.0,0.0,25.186016,
25,3.224681,0.0,0.0,25.186016,
25,3.224681,0.0,0.0,25.186016,
25,3.24042,0.0,0.0,25.186016,
25,3.224681,0.0,0.0,25.186016,
25,3.224681,0.0,0.0,25.1667,
25,3.224681,0.0,0.0,25.1667,
25,3.24042,0.0,0.0,25.186016,
25,3.224681,0.0,0.0,25.186016,
25,3.208943,0.0,0.0,25.186016,
25,3.224681,0.0,0.0,25.186016,
25,3.224681,0.0,0.0,25.1667,
25,3.24042,0.0,0.0,25.186016,
25,3.24042,0.0,0.0,25.186016,
25,3.224681,0.0,0.0,25.186016,
25,3.224681,0.0,0.0,25.1667,
25,3.224681,0.0,0.0,25.205332,
25,3.224681,0.0,0.0,25.186016,
25,3.224681,0.0,0.0,25.186016,
25,3.24042,0.0,0.0,25.205332,
25,3.224681,0.0,0.0,25.186016,
25,3.24042,0.0,0.0,25.1667,
25,3.224681,0.0,0.0,25.205332,
25,3.224681,0.0,0.0,25.186016,
25,3.224681,0.0,0.0,25.205332,
25,3.24042,0.0,0.0,25.186016,
25,3.24042,0.0,0.0,25.186016,
25,3.224681,0.0,0.0,25.186016,
25,3.224681,0.0,0.0,25.186016,
25,3.224681,0.0,0.0,25.186016,
25,3.224681,0.0,0.0,25.186016,
25,3.224681,0.0,0.0,25.186016,
25,3.224681,0.0,0.0,25.186016,
25,3.224681,0.0,0.0,25.1667,
25,3.224681,0.0,0.0,25.205332,
25,3.224681,0.0,0.0,25.1667,
25,3.224681,0.0,0.0,25.205332,
25,3.224681,0.0,0.0,25.186016,
25,3.224681,0.0,0.0,25.186016,
25,3.224681,0.0,0.0,25.186016,
25,3.224681,0.0,0.0,25.186016,
25,3.224681,0.0,0.0,25.186016,
25,3.24042,0.0,0.0,25.186016,
25,3.224681,0.0,0.0,25.186016,
25,3.224681,0.0,0.0,25.186016,
25,3.224681,0.0,0.0,25.186016,
25,3.224681,0.0,0.0,25.205332,
25,3.224681,0.0,0.0,25.186016,
25,3.224681,0.0,0.0,25.186016,
25,3.24042,0.0,0.0,25.205332,
25,3.224681,0.0,0.0,25.186016,
25,3.24042,0.0,0.0,25.186016,
25,3.224681,0.0,0.0,25.186016,
25,3.224681,0.0,0.0,25.186016,
25,3.224681,0.0,0.0,25.186016,
25,3.24042,0.0,0.0,25.1667,
25,3.224681,0.0,0.0,25.205332,
25,3.224681,0.0,0.0,25.186016,
25,3.24042,0.0,0.0,25.186016,
25,3.24042,0.0,0.0,25.1667,
25,3.224681,0.0,0.0,25.1667,
25,3.224681,0.0,0.0,25.1667,
25,3.224681,0.0,0.0,25.1667,
25,3.224681,0.0,0.0,25.186016,
25,3.224681,0.0,0.0,25.186016,
25,3.224681,0.0,0.0,25.186016,
25,3.24042,0.0,0.0,25.186016,
25,3.224681,0.0,0.0,25.186016,
25,3.24042,0.0,0.0,25.186016,
25,3.24042,0.0,0.0,25.186016,
25,3.224681,0.0,0.0,25.1667,
25,3.24042,0.0,0.0,25.186016,
25,3.224681,0.0,0.0,25.1667,
25,3.224681,0.0,0.0,25.1667,
25,3.24042,0.0,0.0,25.186016,
25,3.24042,0.0,0.0,25.1667,
25,3.224681,0.0,0.0,25.186016,
25,3.224681,0.0,0.0,25.186016,
25,3.224681,0.0,0.0,25.1667,
25,3.224681,0.0,0.0,25.186016,
25,3.224681,0.0,0.0,25.186016,
25,3.224681,0.0,0.0,25.186016,
25,3.224681,0.0,0.0,25.186016,
25,3.24042,0.0,0.0,25.186016,
25,3.24042,0.0,0.0,25.186016,
25,3.224681,0.0,0.0,25.186016,
25,3.224681,0.0,0.0,25.205332,
25,3.24042,0.0,0.0,25.186016,
25,3.24042,0.0,0.0,25.186016,
25,3.224681,0.0,0.0,25.186016,
25,3.24042,0.0,0.0,25.186016,
25,3.224681,0.0,0.0,25.1667,
25,3.24042,0.0,0.0,25.186016,
25,3.224681,0.0,0.0,25.186016,
25,3.24042,0.0,0.0,25.186016,
25,3.24042,0.0,0.0,25.1667,
25,3.224681,0.0,0.0,25.186016,
25,3.224681,0.0,0.0,25.186016,
25,3.224681,0.0,0.0,25.186016,
25,3.224681,0.0,0.0,25.186016,
25,3.224681,0.0,0.0,25.1667,
25,3.224681,0.0,0.0,25.186016,
25,3.224681,0.0,0.0,25.186016,
25,3.224681,0.0,0.0,25.186016,
25,3.224681,0.0,0.0,25.186016,
25,3.224681,0.0,0.0,25.205332,
25,3.24042,0.0,0.0,25.205332,
25,3.224681,0.0,0.0,25.186016,
25,3.224681,0.0,0.0,25.186016,
25,3.208943,0.0,0.0,25.186016,
25,3.24042,0.0,0.0,25.186016,
25,3.224681,0.0,0.0,25.1667,
25,3.24042,0.0,0.0,25.205332,
25,3.224681,0.0,0.0,25.186016,
25,3.224681,0.0,0.0,25.186016,
25,3.224681,0.0,0.0,25.186016,
25,3.224681,0.0,0.0,25.205332,
25,3.24042,0.0,0.0,25.186016,
25,3.224681,0.0,0.0,25.205332,
25,3.224681,0.0,0.0,25.186016,
25,3.24042,0.0,0.0,25.186016,
25,3.224681,0.0,0.0,25.186016,
25,3.24042,0.0,0.0,25.186016,
25,3.224681,0.0,0.0,25.186016,
25,3.224681,0.0,0.0,25.205332,
25,3.24042,0.0,0.0,25.205332,
25,3.224681,0.0,0.0,25.205332,
25,3.24042,0.0,0.0,25.186016,
25,3.224681,0.0,0.0,25.205332,
25,3.224681,0.0,0.0,25.205332,
25,3.224681,0.0,0.0,25.205332,
25,3.224681,0.0,0.0,25.205332,
25,3.224681,0.0,0.0,25.186016,
25,3.24042,0.0,0.0,25.186016,
25,3.24042,0.0,0.0,25.205332,
25,3.224681,0.0,0.0,25.205332,
25,3.224681,0.0,0.0,25.205332,
25,3.24042,0.0,0.0,25.205332,
25,3.224681,0.0,0.0,25.186016,
25,3.24042,0.0,0.0,25.205332,
25,3.224681,0.0,0.0,25.205332,
25,3.24042,0.0,0.0,25.205332,
25,3.24042,0.0,0.0,25.186016,
25,3.224681,0.0,0.0,25.205332,
25,3.224681,0.0,0.0,25.205332,
25,3.24042,0.0,0.0,25.205332,
25,3.224681,0.0,0.0,25.186016,
25,3.224681,0.0,0.0,25.186016,
25,3.24042,0.0,0.0,25.224648,
25,3.24042,0.0,0.0,25.205332,
25,3.24042,0.0,0.0,25.186016,
25,3.224681,0.0,0.0,25.186016,
25,3.24042,0.0,0.0,25.205332,
25,3.24042,0.0,0.0,25.186016,
25,3.24042,0.0,0.0,25.205332,
25,3.224681,0.0,0.0,25.205332,
25,3.224681,0.0,0.0,25.186016,
25,3.224681,0.0,0.0,25.186016,
25,3.24042,0.0,0.0,25.205332,
25,3.24042,0.0,0.0,25.205332,
25,3.224681,0.0,0.0,25.205332,
25,3.24042,0.0,0.0,25.186016,
25,3.224681,0.0,0.0,25.186016,
25,3.24042,0.0,0.0,25.205332,
25,3.224681,0.0,0.0,25.205332,
25,3.224681,0.0,0.0,25.205332,
25,3.224681,0.0,0.0,25.205332,
25,3.224681,0.0,0.0,25.186016,
25,3.24042,0.0,0.0,25.186016,
25,3.24042,0.0,0.0,25.205332,
25,3.24042,0.0,0.0,25.205332,
25,3.224681,0.0,0.0,25.186016,
25,3.224681,0.0,0.0,25.205332,
25,3.224681,0.0,0.0,25.205332,
25,3.24042,0.0,0.0,25.205332,
25,3.24042,0.0,0.0,25.205332,
25,3.24042,0.0,0.0,25.186016,
25,3.24042,0.0,0.0,25.205332,
25,3.224681,0.0,0.0,25.205332,
25,3.24042,0.0,0.0,25.205332,
25,3.224681,0.0,0.0,25.186016,
25,3.24042,0.0,0.0,25.186016,
25,3.224681,0.0,0.0,25.186016,
25,3.24042,0.0,0.0,25.186016,
25,3.24042,0.0,0.0,25.205332,
25,3.224681,0.0,0.0,25.186016,
25,3.24042,0.0,0.0,25.205332,
25,3.24042,0.0,0.0,25.186016,
25,3.24042,0.0,0.0,25.205332,
25,3.24042,0.0,0.0,25.205332,
25,3.224681,0.0,0.0,25.205332,
25,3.24042,0.0,0.0,25.205332,
25,3.24042,0.0,0.0,25.186016,
25,3.24042,0.0,0.0,25.205332,
25,3.224681,0.0,0.0,25.205332,
25,3.224681,0.0,0.0,25.205332,
25,3.224681,0.0,0.0,25.205332,
25,3.224681,0.0,0.0,25.205332,
25,3.24042,0.0,0.0,25.205332,
25,3.224681,0.0,0.0,25.205332,
25,3.24042,0.0,0.0,25.205332,
25,3.224681,0.0,0.0,25.205332,
25,3.24042,0.0,0.0,25.205332,
25,3.224681,0.0,0.0,25.205332,
25,3.224681,0.0,0.0,25.205332,
25,3.224681,0.0,0.0,25.186016,
25,3.224681,0.0,0.0,25.205332,
25,3.24042,0.0,0.0,25.205332,
25,3.224681,0.0,0.0,25.205332,
25,3.224681,0.0,0.0,25.205332,
25,3.224681,0.0,0.0,25.205332,
25,3.24042,0.0,0.0,25.205332,
25,3.224681,0.0,0.0,25.186016,
25,3.24042,0.0,0.0,25.186016,
25,3.224681,0.0,0.0,25.186016,
25,3.224681,0.0,0.0,25.205332,
25,3.224681,0.0,0.0,25.205332,
25,3.224681,0.0,0.0,25.205332,
25,3.224681,0.0,0.0,25.205332,
25,3.224681,0.0,0.0,25.205332,
25,3.224681,0.0,0.0,25.205332,
25,3.224681,0.0,0.0,25.186016,
25,3.24042,0.0,0.0,25.186016,
25,3.24042,0.0,0.0,25.205332,
25,3.224681,0.0,0.0,25.205332,
25,3.224681,0.0,0.0,25.205332,
25,3.224681,0.0,0.0,25.205332,
25,3.224681,0.0,0.0,25.186016,
25,3.24042,0.0,0.0,25.205332,
25,3.24042,0.0,0.0,25.205332,
25,3.24042,0.0,0.0,25.205332,
25,3.224681,0.0,0.0,25.205332,
25,3.224681,0.0,0.0,25.205332,
25,3.224681,0.0,0.0,25.186016,
25,3.224681,0.0,0.0,25.205332,
25,3.24042,0.0,0.0,25.205332,
25,3.24042,0.0,0.0,25.205332,
25,3.224681,0.0,0.0,25.205332,
25,3.224681,0.0,0.0,25.205332,
25,3.224681,0.0,0.0,25.205332,
25,3.224681,0.0,0.0,25.1667,
25,3.224681,0.0,0.0,25.186016,
25,3.224681,0.0,0.0,25.186016,
25,3.24042,0.0,0.0,25.205332,
25,3.24042,0.0,0.0,25.205332,
25,3.24042,0.0,0.0,25.186016,
25,3.24042,0.0,0.0,25.205332,
25,3.24042,0.0,0.0,25.205332,
25,3.224681,0.0,0.0,25.186016,
25,3.24042,0.0,0.0,25.205332,
25,3.224681,0.0,0.0,25.205332,
25,3.24042,0.0,0.0,25.205332,
25,3.24042,0.0,0.0,25.205332,
25,3.224681,0.0,0.0,25.205332,
25,3.224681,0.0,0.0,25.205332,
25,3.24042,0.0,0.0,25.186016,
25,3.224681,0.0,0.0,25.205332,
25,3.224681,0.0,0.0,25.186016,
25,3.224681,0.0,0.0,25.186016,
25,3.24042,0.0,0.0,25.205332,
25,3.24042,0.0,0.0,25.205332,
25,3.24042,0.0,0.0,25.205332,
25,3.24042,0.0,0.0,25.205332,
25,3.24042,0.0,0.0,25.186016,
25,3.224681,0.0,0.0,25.205332,
25,3.224681,0.0,0.0,25.186016,
25,3.224681,0.0,0.0,25.186016,
25,3.224681,0.0,0.0,25.186016,
25,3.224681,0.0,0.0,25.205332,
25,3.224681,0.0,0.0,25.205332,
25,3.24042,0.0,0.0,25.205332,
25,3.224681,0.0,0.0,25.186016,
25,3.224681,0.0,0.0,25.205332,
25,3.24042,0.0,0.0,25.205332,
25,3.224681,0.0,0.0,25.205332,
25,3.224681,0.0,0.0,25.205332,
25,3.224681,0.0,0.0,25.205332,
25,3.224681,0.0,0.0,25.186016,
25,3.224681,0.0,0.0,25.205332,
25,3.224681,0.0,0.0,25.205332,
25,3.224681,0.0,0.0,25.186016,
25,3.224681,0.0,0.0,25.186016,
25,3.24042,0.0,0.0,25.186016,
25,3.224681,0.0,0.0,25.186016,
25,3.224681,0.0,0.0,25.186016,
25,3.24042,0.0,0.0,25.205332,
25,3.224681,0.0,0.0,25.186016,
25,3.224681,0.0,0.0,25.186016,
25,3.24042,0.0,0.0,25.186016,
25,3.24042,0.0,0.0,25.186016,
25,3.224681,0.0,0.0,25.186016,
25,3.224681,0.0,0.0,25.205332,
25,3.224681,0.0,0.0,25.186016,
25,3.224681,0.0,0.0,25.186016,
25,3.224681,0.0,0.0,25.205332,
25,3.224681,0.0,0.0,25.205332,
25,3.24042,0.0,0.0,25.186016,
25,3.24042,0.0,0.0,25.186016,
25,3.224681,0.0,0.0,25.186016,
25,3.24042,0.0,0.0,25.205332,
25,3.24042,0.0,0.0,25.186016,
25,3.24042,0.0,0.0,25.205332,
25,3.224681,0.0,0.0,25.186016,
25,3.24042,0.0,0.0,25.205332,
25,3.224681,0.0,0.0,25.186016,
25,3.24042,0.0,0.0,25.205332,
25,3.224681,0.0,0.0,25.205332,
25,3.24042,0.0,0.0,25.205332,
25,3.224681,0.0,0.0,25.205332,
25,3.224681,0.0,0.0,25.205332,
25,3.24042,0.0,0.0,25.205332,
25,3.224681,0.0,0.0,25.186016,
25,3.224681,0.0,0.0,25.205332,
25,3.224681,0.0,0.0,25.186016,
25,3.224681,0.0,0.0,25.205332,
25,3.224681,0.0,0.0,25.205332,
25,3.224681,0.0,0.0,25.186016,
25,3.224681,0.0,0.0,25.186016,
25,3.224681,0.0,0.0,25.186016,
25,3.224681,0.0,0.0,25.186016,
25,3.224681,0.0,0.0,25.205332,
25,3.224681,0.0,0.0,25.186016,
25,3.24042,0.0,0.0,25.186016,
25,3.24042,0.0,0.0,25.186016,
25,3.24042,0.0,0.0,25.1667,
25,3.224681,0.0,0.0,25.205332,
25,3.224681,0.0,0.0,25.205332,
25,3.224681,0.0,0.0,25.205332,
25,3.24042,0.0,0.0,25.186016,
25,3.224681,0.0,0.0,25.186016,
25,3.224681,0.0,0.0,25.205332,
25,3.224681,0.0,0.0,25.205332,
25,3.224681,0.0,0.0,25.186016,
25,3.224681,0.0,0.0,25.186016,
25,3.224681,0.0,0.0,25.186016,
25,3.224681,0.0,0.0,25.186016,
25,3.224681,0.0,0.0,25.186016,
25,3.224681,0.0,0.0,25.186016,
25,3.224681,0.0,0.0,25.186016,
25,3.24042,0.0,0.0,25.186016,
25,3.24042,0.0,0.0,25.186016,
25,3.224681,0.0,0.0,25.205332,
25,3.24042,0.0,0.0,25.186016,
25,3.224681,0.0,0.0,25.205332,
25,3.24042,0.0,0.0,25.186016,
25,3.224681,0.0,0.0,25.186016,
25,3.224681,0.0,0.0,25.205332,
25,3.224681,0.0,0.0,25.186016,
25,3.24042,0.0,0.0,25.205332,
25,3.224681,0.0,0.0,25.186016,
25,3.24042,0.0,0.0,25.205332,
25,3.24042,0.0,0.0,25.186016,
25,3.224681,0.0,0.0,25.186016,
25,3.224681,0.0,0.0,25.1667,
25,3.224681,0.0,0.0,25.186016,
25,3.224681,0.0,0.0,25.1667,
25,3.224681,0.0,0.0,25.186016,
25,3.24042,0.0,0.0,25.1667,
25,3.24042,0.0,0.0,25.186016,
25,3.224681,0.0,0.0,25.186016,
25,3.24042,0.0,0.0,25.205332,
25,3.24042,0.0,0.0,25.186016,
25,3.24042,0.0,0.0,25.205332,
25,3.224681,0.0,0.0,25.186016,
25,3.24042,0.0,0.0,25.205332,
25,3.224681,0.0,0.0,25.186016,
25,3.24042,0.0,0.0,25.186016,
25,3.224681,0.0,0.0,25.186016,
25,3.224681,0.0,0.0,25.186016,
25,3.24042,0.0,0.0,25.186016,
25,3.24042,0.0,0.0,25.186016,
25,3.24042,0.0,0.0,25.186016,
25,3.24042,0.0,0.0,25.205332,
25,3.24042,0.0,0.0,25.205332,
25,3.24042,0.0,0.0,25.186016,
25,3.24042,0.0,0.0,25.205332,
25,3.24042,0.0,0.0,25.205332,
25,3.224681,0.0,0.0,25.186016,
25,3.224681,0.0,0.0,25.186016,
25,3.24042,0.0,0.0,25.186016,
25,3.224681,0.0,0.0,25.186016,
25,3.24042,0.0,0.0,25.186016,
25,3.24042,0.0,0.0,25.205332,
25,3.224681,0.0,0.0,25.205332,
25,3.24042,0.0,0.0,25.1667,
25,3.224681,0.0,0.0,25.186016,
25,3.24042,0.0,0.0,25.186016,
25,3.224681,0.0,0.0,25.205332,
25,3.24042,0.0,0.0,25.186016,
25,3.224681,0.0,0.0,25.186016,
25,3.224681,0.0,0.0,25.186016,
25,3.224681,0.0,0.0,25.205332,
25,3.224681,0.0,0.0,25.1667,
25,3.24042,0.0,0.0,25.186016,
25,3.24042,0.0,0.0,25.186016,
25,3.24042,0.0,0.0,25.186016,
25,3.24042,0.0,0.0,25.186016,
25,3.224681,0.0,0.0,25.186016,
25,3.224681,0.0,0.0,25.205332,
25,3.24042,0.0,0.0,25.1667,
25,3.224681,0.0,0.0,25.186016,
25,3.224681,0.0,0.0,25.186016,
25,3.24042,0.0,0.0,25.205332,
25,3.24042,0.0,0.0,25.243963,
25,3.24042,0.0,0.0,25.224648,
25,3.224681,0.0,0.0,25.243963,
25,3.24042,0.0,0.0,25.224648,
25,3.24042,0.0,0.0,25.224648,
25,3.24042,0.0,0.0,25.243963,
25,3.224681,0.0,0.0,25.224648,
25,3.224681,0.0,0.0,25.205332,
25,3.24042,0.0,0.0,25.205332,
25,3.24042,0.0,0.0,25.205332,
25,3.224681,0.0,0.0,25.224648,
25,3.24042,0.0,0.0,25.224648,
25,3.224681,0.0,0.0,25.205332,
25,3.224681,0.0,0.0,25.186016,
25,3.224681,0.0,0.0,25.205332,
25,3.24042,0.0,0.0,25.205332,
25,3.224681,0.0,0.0,25.186016,
25,3.24042,0.0,0.0,25.186016,
25,3.24042,0.0,0.0,25.1667,
25,3.24042,0.0,0.0,25.186016,
25,3.224681,0.0,0.0,25.147383,
25,3.224681,0.0,0.0,25.1667,
25,3.224681,0.0,0.0,25.1667,
25,3.224681,0.0,0.0,25.147383,
25,3.224681,0.0,0.0,25.1667,
25,3.224681,0.0,0.0,25.147383,
25,3.224681,0.0,0.0,25.128067,
25,3.224681,0.0,0.0,25.1667,
25,3.224681,0.0,0.0,25.147383,
25,3.224681,0.0,0.0,25.1667,
25,3.224681,0.0,0.0,25.147383,
25,3.224681,0.0,0.0,25.147383,
25,3.224681,0.0,0.0,25.147383,
25,3.224681,0.0,0.0,25.128067,
25,3.224681,0.0,0.0,25.1667,
25,3.224681,0.0,0.0,25.147383,
25,3.224681,0.0,0.0,25.147383,
25,3.224681,0.0,0.0,25.147383,
25,3.224681,0.0,0.0,25.147383,
25,3.24042,0.0,0.0,25.147383,
25,3.224681,0.0,0.0,25.1667,
25,3.224681,0.0,0.0,25.1667,
25,3.224681,0.0,0.0,25.147383,
25,3.224681,0.0,0.0,25.147383,
25,3.224681,0.0,0.0,25.147383,
25,3.224681,0.0,0.0,25.128067,
25,3.224681,0.0,0.0,25.147383,
25,3.224681,0.0,0.0,25.147383,
25,3.224681,0.0,0.0,25.128067,
25,3.224681,0.0,0.0,25.147383,
25,3.224681,0.0,0.0,25.147383,
25,3.224681,0.0,0.0,25.147383,
25,3.224681,0.0,0.0,25.147383,
25,3.224681,0.0,0.0,25.147383,
25,3.224681,0.0,0.0,25.1667,
25,3.224681,0.0,0.0,25.128067,
25,3.224681,0.0,0.0,25.147383,
25,3.224681,0.0,0.0,25.1667,
25,3.224681,0.0,0.0,25.147383,
25,3.224681,0.0,0.0,25.1667,
25,3.224681,0.0,0.0,25.147383,
25,3.224681,0.0,0.0,25.147383,
25,3.224681,0.0,0.0,25.147383,
25,3.224681,0.0,0.0,25.147383,
25,3.224681,0.0,0.0,25.147383,
25,3.224681,0.0,0.0,25.147383,
25,3.224681,0.0,0.0,25.128067,
25,3.224681,0.0,0.0,25.147383,
25,3.224681,0.0,0.0,25.147383,
25,3.224681,0.0,0.0,25.147383,
25,3.224681,0.0,0.0,25.147383,
25,3.224681,0.0,0.0,25.147383,
25,3.224681,0.0,0.0,25.1667,
25,3.224681,0.0,0.0,25.1667,
25,3.224681,0.0,0.0,25.147383,
25,3.224681,0.0,0.0,25.147383,
25,3.224681,0.0,0.0,25.147383,
25,3.24042,0.0,0.0,25.147383,
25,3.224681,0.0,0.0,25.1667,
25,3.224681,0.0,0.0,25.1667,
25,3.24042,0.0,0.0,25.147383,
25,3.224681,0.0,0.0,25.1667,
25,3.224681,0.0,0.0,25.147383,
25,3.224681,0.0,0.0,25.147383,
25,3.224681,0.0,0.0,25.147383,
25,3.24042,0.0,0.0,25.147383,
25,3.224681,0.0,0.0,25.147383,
25,3.224681,0.0,0.0,25.1667,
25,3.224681,0.0,0.0,25.147383,
25,3.224681,0.0,0.0,25.1667,
25,3.224681,0.0,0.0,25.147383,
25,3.224681,0.0,0.0,25.147383,
25,3.224681,0.0,0.0,25.147383,
25,3.224681,0.0,0.0,25.147383,
25,3.24042,0.0,0.0,25.147383,
25,3.224681,0.0,0.0,25.147383,
25,3.224681,0.0,0.0,25.1667,
25,3.224681,0.0,0.0,25.147383,
25,3.224681,0.0,0.0,25.147383,
25,3.224681,0.0,0.0,25.147383,
25,3.224681,0.0,0.0,25.128067,
25,3.224681,0.0,0.0,25.1667,
25,3.224681,0.0,0.0,25.147383,
25,3.224681,0.0,0.0,25.1667,
25,3.224681,0.0,0.0,25.1667,
25,3.224681,0.0,0.0,25.147383,
25,3.224681,0.0,0.0,25.128067,
25,3.224681,0.0,0.0,25.147383,
25,3.224681,0.0,0.0,25.147383,
25,3.224681,0.0,0.0,25.147383,
25,3.224681,0.0,0.0,25.147383,
25,3.224681,0.0,0.0,25.1667,
25,3.224681,0.0,0.0,25.147383,
25,3.224681,0.0,0.0,25.1667,
25,3.224681,0.0,0.0,25.1667,
25,3.224681,0.0,0.0,25.147383,
25,3.224681,0.0,0.0,25.147383,
25,3.224681,0.0,0.0,25.147383,
25,3.224681,0.0,0.0,25.1667,
25,3.224681,0.0,0.0,25.147383,
25,3.224681,0.0,0.0,25.147383,
25,3.224681,0.0,0.0,25.1667,
25,3.24042,0.0,0.0,25.147383,
25,3.224681,0.0,0.0,25.1667,
25,3.224681,0.0,0.0,25.147383,
25,3.224681,0.0,0.0,25.147383,
25,3.224681,0.0,0.0,25.1667,
25,3.224681,0.0,0.0,25.147383,
25,3.224681,0.0,0.0,25.147383,
25,3.224681,0.0,0.0,25.147383,
25,3.224681,0.0,0.0,25.147383,
25,3.224681,0.0,0.0,25.1667,
25,3.224681,0.0,0.0,25.147383,
25,3.224681,0.0,0.0,25.1667,
25,3.224681,0.0,0.0,25.147383,
25,3.224681,0.0,0.0,25.147383,
25,3.224681,0.0,0.0,25.147383,
25,3.224681,0.0,0.0,25.147383,
25,3.224681,0.0,0.0,25.147383,
25,3.224681,0.0,0.0,25.147383,
25,3.224681,0.0,0.0,25.1667,
25,3.224681,0.0,0.0,25.147383,
25,3.224681,0.0,0.0,25.128067,
25,3.224681,0.0,0.0,25.1667,
25,3.224681,0.0,0.0,25.147383,
25,3.24042,0.0,0.0,25.147383,
25,3.224681,0.0,0.0,25.147383,
25,3.224681,0.0,0.0,25.1667,
25,3.224681,0.0,0.0,25.147383,
25,3.224681,0.0,0.0,25.147383,
25,3.224681,0.0,0.0,25.147383,
25,3.224681,0.0,0.0,25.147383,
25,3.224681,0.0,0.0,25.147383,
25,3.224681,0.0,0.0,25.147383,
25,3.224681,0.0,0.0,25.1667,
25,3.224681,0.0,0.0,25.147383,
25,3.224681,0.0,0.0,25.1667,
25,3.224681,0.0,0.0,25.147383,
25,3.224681,0.0,0.0,25.147383,
25,3.24042,0.0,0.0,25.147383,
25,3.224681,0.0,0.0,25.147383,
25,3.224681,0.0,0.0,25.147383,
25,3.224681,0.0,0.0,25.1667,
25,3.224681,0.0,0.0,25.1667,
25,3.224681,0.0,0.0,25.1667,
25,3.224681,0.0,0.0,25.1667,
25,3.224681,0.0,0.0,25.147383,
25,3.224681,0.0,0.0,25.1667,
25,3.224681,0.0,0.0,25.147383,
25,3.24042,0.0,0.0,25.1667,
25,3.224681,0.0,0.0,25.1667,
25,3.224681,0.0,0.0,25.1667,
25,3.24042,0.0,0.0,25.1667,
25,3.24042,0.0,0.0,25.1667,
25,3.224681,0.0,0.0,25.1667,
25,3.224681,0.0,0.0,25.186016,
25,3.224681,0.0,0.0,25.205332,
25,3.224681,0.0,0.0,25.186016,
25,3.24042,0.0,0.0,25.186016,
25,3.224681,0.0,0.0,25.1667,
25,3.224681,0.0,0.0,25.1667,
25,3.224681,0.0,0.0,25.186016,
25,3.224681,0.0,0.0,25.186016,
25,3.24042,0.0,0.0,25.186016,
25,3.24042,0.0,0.0,25.1667,
25,3.224681,0.0,0.0,25.186016,
25,3.224681,0.0,0.0,25.186016,
25,3.224681,0.0,0.0,25.186016,
25,3.24042,0.0,0.0,25.186016,
25,3.224681,0.0,0.0,25.186016,
25,3.24042,0.0,0.0,25.186016,
25,3.24042,0.0,0.0,25.186016,
25,3.24042,0.0,0.0,25.1667,
25,3.24042,0.0,0.0,25.1667,
25,3.224681,0.0,0.0,25.186016,
25,3.224681,0.0,0.0,25.186016,
25,3.224681,0.0,0.0,25.1667,
25,3.224681,0.0,0.0,25.147383,
25,3.224681,0.0,0.0,25.147383,
25,3.224681,0.0,0.0,25.186016,
25,3.224681,0.0,0.0,25.1667,
25,3.224681,0.0,0.0,25.186016,
25,3.224681,0.0,0.0,25.186016,
25,3.24042,0.0,0.0,25.1667,
25,3.24042,0.0,0.0,25.186016,
25,3.224681,0.0,0.0,25.186016,
25,3.24042,0.0,0.0,25.186016,
25,3.224681,0.0,0.0,25.186016,
25,3.24042,0.0,0.0,25.186016,
25,3.24042,0.0,0.0,25.1667,
30,3.224681,0.0,0.0,25.186016,
30,3.24042,0.0,0.0,25.186016,
30,3.24042,0.0,0.0,25.1667,
30,4.043087,0.0,0.0,24.529266,
30,3.397805,0.0,0.0,22.269291,
30,3.303374,0.0,0.0,21.631861,
30,3.287635,0.0,0.0,21.477333,
30,3.287635,0.0,0.0,21.361435,
30,3.271897,0.0,0.0,21.342119,
30,3.271897,0.0,0.0,21.322803,
30,3.271897,0.0,0.0,21.322803,
30,3.271897,0.0,0.0,21.342119,
30,3.271897,0.0,0.0,21.342119,
30,3.271897,0.0,0.0,21.322803,
30,3.271897,0.0,0.0,21.322803,
30,3.287635,0.0,0.0,21.322803,
30,3.271897,0.0,0.0,21.322803,
30,3.271897,0.0,0.0,21.322803,
30,3.271897,0.0,0.0,21.342119,
30,3.271897,0.0,0.0,21.322803,
30,3.271897,0.0,0.0,21.342119,
30,3.271897,0.0,0.0,21.322803,
30,3.271897,0.0,0.0,21.322803,
30,3.271897,0.0,0.0,21.322803,
30,3.271897,0.0,0.0,21.303488,
30,3.271897,0.0,0.0,21.342119,
30,3.271897,0.0,0.0,21.342119,
30,3.271897,0.0,0.0,21.322803,
30,3.256158,0.0,0.0,21.322803,
30,3.271897,0.0,0.0,21.322803,
30,3.271897,0.0,0.0,21.322803,
30,3.271897,0.0,0.0,21.322803,
30,3.271897,0.0,0.0,21.322803,
30,3.271897,0.0,0.0,21.322803,
30,3.271897,0.0,0.0,21.322803,
30,3.287635,0.0,0.0,21.322803,
30,3.271897,0.0,0.0,21.322803,
30,3.271897,0.0,0.0,21.322803,
30,3.271897,0.0,0.0,21.322803,
30,3.271897,0.0,0.0,21.322803,
30,3.271897,0.0,0.0,21.322803,
30,3.271897,0.0,0.0,21.322803,
30,3.271897,0.0,0.0,21.322803,
30,3.271897,0.0,0.0,21.322803,
30,3.271897,0.0,0.0,21.322803,
30,3.271897,0.0,0.0,21.322803,
30,3.271897,0.0,0.0,21.303488,
30,3.287635,0.0,0.0,21.322803,
30,3.271897,0.0,0.0,21.322803,
30,3.271897,0.0,0.0,21.322803,
30,3.271897,0.0,0.0,21.322803,
30,3.271897,0.0,0.0,21.322803,
30,3.271897,0.0,0.0,21.303488,
30,3.271897,0.0,0.0,21.322803,
30,3.271897,0.0,0.0,21.322803,
30,3.271897,0.0,0.0,21.322803,
30,3.287635,0.0,0.0,21.322803,
30,3.271897,0.0,0.0,21.322803,
30,3.271897,0.0,0.0,21.303488,
30,3.271897,0.0,0.0,21.322803,
30,3.271897,0.0,0.0,21.322803,
30,3.271897,0.0,0.0,21.322803,
30,3.271897,0.0,0.0,21.342119,
30,3.271897,0.0,0.0,21.322803,
30,3.271897,0.0,0.0,21.322803,
30,3.271897,0.0,0.0,21.322803,
30,3.271897,0.0,0.0,21.322803,
30,3.271897,0.0,0.0,21.322803,
30,3.271897,0.0,0.0,21.322803,
30,3.271897,0.0,0.0,21.322803,
30,3.271897,0.0,0.0,21.322803,
30,3.271897,0.0,0.0,21.322803,
30,3.271897,0.0,0.0,21.322803,
30,3.271897,0.0,0.0,21.303488,
30,3.271897,0.0,0.0,21.322803,
30,3.271897,0.0,0.0,21.322803,
30,3.271897,0.0,0.0,21.322803,
30,3.287635,0.0,0.0,21.322803,
30,3.271897,0.0,0.0,21.322803,
30,3.271897,0.0,0.0,21.322803,
30,3.271897,0.0,0.0,21.303488,
30,3.287635,0.0,0.0,21.322803,
30,3.287635,0.0,0.0,21.322803,
30,3.271897,0.0,0.0,21.303488,
30,3.287635,0.0,0.0,21.342119,
30,3.271897,0.0,0.0,21.322803,
30,3.271897,0.0,0.0,21.322803,
30,3.271897,0.0,0.0,21.322803,
30,3.271897,0.0,0.0,21.303488,
30,3.271897,0.0,0.0,21.303488,
30,3.271897,0.0,0.0,21.322803,
30,3.271897,0.0,0.0,21.322803,
30,3.271897,0.0,0.0,21.322803,
30,3.271897,0.0,0.0,21.322803,
30,3.271897,0.0,0.0,21.322803,
30,3.287635,0.0,0.0,21.303488,
30,3.271897,0.0,0.0,21.322803,
30,3.271897,0.0,0.0,21.322803,
30,3.271897,0.0,0.0,21.303488,
30,3.271897,0.0,0.0,21.303488,
30,3.271897,0.0,0.0,21.322803,
30,3.271897,0.0,0.0,21.303488,
30,3.271897,0.0,0.0,21.322803,
30,3.271897,0.0,0.0,21.303488,
30,3.271897,0.0,0.0,21.322803,
30,3.271897,0.0,0.0,21.303488,
30,3.271897,0.0,0.0,21.322803,
30,3.271897,0.0,0.0,21.322803,
30,3.287635,0.0,0.0,21.303488,
30,3.271897,0.0,0.0,21.303488,
30,3.271897,0.0,0.0,21.322803,
30,3.271897,0.0,0.0,21.322803,
30,3.271897,0.0,0.0,21.322803,
30,3.271897,0.0,0.0,21.322803,
30,3.271897,0.0,0.0,21.322803,
30,3.271897,0.0,0.0,21.303488,
30,3.271897,0.0,0.0,21.322803,
30,3.271897,0.0,0.0,21.303488,
30,3.271897,0.0,0.0,21.322803,
30,3.271897,0.0,0.0,21.322803,
30,3.271897,0.0,0.0,21.322803,
30,3.271897,0.0,0.0,21.303488,
30,3.271897,0.0,0.0,21.303488,
30,3.271897,0.0,0.0,21.303488,
30,3.271897,0.0,0.0,21.322803,
30,3.271897,0.0,0.0,21.303488,
30,3.271897,0.0,0.0,21.303488,
30,3.271897,0.0,0.0,21.303488,
30,3.271897,0.0,0.0,21.303488,
30,3.271897,0.0,0.0,21.303488,
30,3.271897,0.0,0.0,21.303488,
30,3.271897,0.0,0.0,21.303488,
30,3.271897,0.0,0.0,21.303488,
30,3.271897,0.0,0.0,21.303488,
30,3.271897,0.0,0.0,21.303488,
30,3.271897,0.0,0.0,21.303488,
30,3.287635,0.0,0.0,21.303488,
30,3.271897,0.0,0.0,21.322803,
30,3.271897,0.0,0.0,21.303488,
30,3.271897,0.0,0.0,21.303488,
30,3.271897,0.0,0.0,21.303488,
30,3.287635,0.0,0.0,21.303488,
30,3.271897,0.0,0.0,21.303488,
30,3.287635,0.0,0.0,21.303488,
30,3.271897,0.0,0.0,21.322803,
30,3.271897,0.0,0.0,21.322803,
30,3.271897,0.0,0.0,21.303488,
30,3.271897,0.0,0.0,21.303488,
30,3.271897,0.0,0.0,21.303488,
30,3.271897,0.0,0.0,21.303488,
30,3.271897,0.0,0.0,21.303488,
30,3.271897,0.0,0.0,21.303488,
30,3.271897,0.0,0.0,21.322803,
30,3.271897,0.0,0.0,21.303488,
30,3.271897,0.0,0.0,21.322803,
30,3.271897,0.0,0.0,21.303488,
30,3.271897,0.0,0.0,21.303488,
30,3.287635,0.0,0.0,21.303488,
30,3.271897,0.0,0.0,21.322803,
30,3.271897,0.0,0.0,21.303488,
30,3.271897,0.0,0.0,21.303488,
30,3.271897,0.0,0.0,21.322803,
30,3.271897,0.0,0.0,21.322803,
30,3.271897,0.0,0.0,21.322803,
30,3.271897,0.0,0.0,21.303488,
30,3.271897,0.0,0.0,21.303488,
30,3.271897,0.0,0.0,21.303488,
30,3.271897,0.0,0.0,21.322803,
30,3.271897,0.0,0.0,21.322803,
30,3.256158,0.0,0.0,21.303488,
30,3.271897,0.0,0.0,21.322803,
30,3.271897,0.0,0.0,21.303488,
30,3.271897,0.0,0.0,21.303488,
30,3.271897,0.0,0.0,21.322803,
30,3.271897,0.0,0.0,21.303488,
30,3.271897,0.0,0.0,21.303488,
30,3.271897,0.0,0.0,21.322803,
30,3.271897,0.0,0.0,21.322803,
30,3.271897,0.0,0.0,21.303488,
30,3.271897,0.0,0.0,21.303488,
30,3.271897,0.0,0.0,21.322803,
30,3.271897,0.0,0.0,21.322803,
30,3.271897,0.0,0.0,21.303488,
30,3.271897,0.0,0.0,21.303488,
30,3.271897,0.0,0.0,21.303488,
30,3.271897,0.0,0.0,21.322803,
30,3.271897,0.0,0.0,21.303488,
30,3.271897,0.0,0.0,21.303488,
30,3.271897,0.0,0.0,21.303488,
30,3.271897,0.0,0.0,21.303488,
30,3.287635,0.0,0.0,21.322803,
30,3.271897,0.0,0.0,21.303488,
30,3.271897,0.0,0.0,21.303488,
30,3.271897,0.0,0.0,21.303488,
30,3.271897,0.0,0.0,21.303488,
30,3.256158,0.0,0.0,21.303488,
30,3.271897,0.0,0.0,21.284172,
30,3.271897,0.0,0.0,21.303488,
30,3.271897,0.0,0.0,21.303488,
30,3.271897,0.0,0.0,21.284172,
30,3.256158,0.0,0.0,21.303488,
30,3.271897,0.0,0.0,21.303488,
30,3.271897,0.0,0.0,21.303488,
30,3.271897,0.0,0.0,21.303488,
30,3.271897,0.0,0.0,21.303488,
30,3.271897,0.0,0.0,21.303488,
30,3.271897,0.0,0.0,21.303488,
30,3.271897,0.0,0.0,21.303488,
30,3.271897,0.0,0.0,21.322803,
30,3.271897,0.0,0.0,21.303488,
30,3.271897,0.0,0.0,21.303488,
30,3.271897,0.0,0.0,21.303488,
30,3.271897,0.0,0.0,21.303488,
30,3.271897,0.0,0.0,21.303488,
30,3.287635,0.0,0.0,21.303488,
30,3.271897,0.0,0.0,21.303488,
30,3.271897,0.0,0.0,21.303488,
30,3.271897,0.0,0.0,21.322803,
30,3.271897,0.0,0.0,21.303488,
30,3.271897,0.0,0.0,21.303488,
30,3.271897,0.0,0.0,21.303488,
30,3.271897,0.0,0.0,21.303488,
30,3.271897,0.0,0.0,21.303488,
30,3.271897,0.0,0.0,21.303488,
30,3.271897,0.0,0.0,21.303488,
30,3.271897,0.0,0.0,21.303488,
30,3.271897,0.0,0.0,21.303488,
30,3.271897,0.0,0.0,21.303488,
30,3.271897,0.0,0.0,21.303488,
30,3.271897,0.0,0.0,21.284172,
30,3.271897,0.0,0.0,21.303488,
30,3.271897,0.0,0.0,21.303488,
30,3.271897,0.0,0.0,21.284172,
30,3.271897,0.0,0.0,21.303488,
30,3.271897,0.0,0.0,21.303488,
30,3.271897,0.0,0.0,21.303488,
30,3.271897,0.0,0.0,21.303488,
30,3.271897,0.0,0.0,21.303488,
30,3.271897,0.0,0.0,21.303488,
30,3.271897,0.0,0.0,21.322803,
30,3.271897,0.0,0.0,21.303488,
30,3.271897,0.0,0.0,21.303488,
30,3.271897,0.0,0.0,21.303488,
30,3.287635,0.0,0.0,21.303488,
30,3.271897,0.0,0.0,21.303488,
30,3.271897,0.0,0.0,21.303488,
30,3.271897,0.0,0.0,21.303488,
30,3.271897,0.0,0.0,21.303488,
30,3.271897,0.0,0.0,21.303488,
30,3.271897,0.0,0.0,21.303488,
30,3.271897,0.0,0.0,21.303488,
30,3.271897,0.0,0.0,21.303488,
30,3.271897,0.0,0.0,21.303488,
30,3.271897,0.0,0.0,21.303488,
30,3.271897,0.0,0.0,21.303488,
30,3.271897,0.0,0.0,21.284172,
30,3.271897,0.0,0.0,21.303488,
30,3.271897,0.0,0.0,21.303488,
30,3.271897,0.0,0.0,21.284172,
30,3.271897,0.0,0.0,21.284172,
30,3.271897,0.0,0.0,21.303488,
30,3.271897,0.0,0.0,21.303488,
30,3.271897,0.0,0.0,21.322803,
30,3.271897,0.0,0.0,21.303488,
30,3.271897,0.0,0.0,21.284172,
30,3.271897,0.0,0.0,21.284172,
30,3.271897,0.0,0.0,21.303488,
30,3.271897,0.0,0.0,21.303488,
30,3.271897,0.0,0.0,21.284172,
30,3.271897,0.0,0.0,21.303488,
30,3.271897,0.0,0.0,21.303488,
30,3.271897,0.0,0.0,21.303488,
30,3.271897,0.0,0.0,21.284172,
30,3.271897,0.0,0.0,21.303488,
30,3.271897,0.0,0.0,21.284172,
30,3.271897,0.0,0.0,21.284172,
30,3.271897,0.0,0.0,21.284172,
30,3.271897,0.0,0.0,21.303488,
30,3.271897,0.0,0.0,21.303488,
30,3.271897,0.0,0.0,21.284172,
30,3.271897,0.0,0.0,21.284172,
30,3.271897,0.0,0.0,21.303488,
30,3.271897,0.0,0.0,21.303488,
30,3.271897,0.0,0.0,21.284172,
30,3.271897,0.0,0.0,21.303488,
30,3.271897,0.0,0.0,21.284172,
30,3.271897,0.0,0.0,21.303488,
30,3.271897,0.0,0.0,21.303488,
30,3.271897,0.0,0.0,21.303488,
30,3.271897,0.0,0.0,21.303488,
30,3.271897,0.0,0.0,21.303488,
30,3.271897,0.0,0.0,21.303488,
30,3.271897,0.0,0.0,21.284172,
30,3.271897,0.0,0.0,21.284172,
30,3.271897,0.0,0.0,21.303488,
30,3.271897,0.0,0.0,21.284172,
30,3.271897,0.0,0.0,21.303488,
30,3.271897,0.0,0.0,21.303488,
30,3.271897,0.0,0.0,21.303488,
30,3.271897,0.0,0.0,21.303488,
30,3.256158,0.0,0.0,21.284172,
30,3.271897,0.0,0.0,21.284172,
30,3.271897,0.0,0.0,21.303488,
30,3.271897,0.0,0.0,21.303488,
30,3.271897,0.0,0.0,21.303488,
30,3.271897,0.0,0.0,21.303488,
30,3.271897,0.0,0.0,21.284172,
30,3.271897,0.0,0.0,21.284172,
30,3.271897,0.0,0.0,21.303488,
30,3.271897,0.0,0.0,21.303488,
30,3.271897,0.0,0.0,21.303488,
30,3.287635,0.0,0.0,21.303488,
30,3.271897,0.0,0.0,21.303488,
30,3.271897,0.0,0.0,21.284172,
30,3.271897,0.0,0.0,21.303488,
30,3.271897,0.0,0.0,21.303488,
30,3.271897,0.0,0.0,21.284172,
30,3.287635,0.0,0.0,21.303488,
30,3.271897,0.0,0.0,21.303488,
30,3.271897,0.0,0.0,21.303488,
30,3.271897,0.0,0.0,21.284172,
30,3.271897,0.0,0.0,21.303488,
30,3.271897,0.0,0.0,21.284172,
30,3.271897,0.0,0.0,21.303488,
30,3.271897,0.0,0.0,21.303488,
30,3.287635,0.0,0.0,21.303488,
30,3.271897,0.0,0.0,21.303488,
30,3.271897,0.0,0.0,21.303488,
30,3.271897,0.0,0.0,21.284172,
30,3.271897,0.0,0.0,21.303488,
30,3.271897,0.0,0.0,21.303488,
30,3.271897,0.0,0.0,21.303488,
30,3.271897,0.0,0.0,21.284172,
30,3.271897,0.0,0.0,21.303488,
30,3.256158,0.0,0.0,21.303488,
30,3.271897,0.0,0.0,21.284172,
30,3.271897,0.0,0.0,21.284172,
30,3.271897,0.0,0.0,21.284172,
30,3.271897,0.0,0.0,21.303488,
30,3.271897,0.0,0.0,21.303488,
30,3.271897,0.0,0.0,21.284172,
30,3.271897,0.0,0.0,21.303488,
30,3.271897,0.0,0.0,21.303488,
30,3.271897,0.0,0.0,21.322803,
30,3.271897,0.0,0.0,21.303488,
30,3.271897,0.0,0.0,21.342119,
30,3.287635,0.0,0.0,21.419384,
30,3.334851,0.0,0.0,21.882969,
30,3.445021,0.0,0.0,22.674927,
30,3.507976,0.0,0.0,23.09988,
30,3.555191,0.0,0.0,23.505518,
30,3.602407,0.0,0.0,23.872522,
30,3.618146,0.0,0.0,24.046368,
30,3.649623,0.0,0.0,24.142948,
30,3.649623,0.0,0.0,24.258844,
30,3.665361,0.0,0.0,24.355423,
30,3.665361,0.0,0.0,24.374739,
30,3.57093,0.0,0.0,23.582781,
30,3.507976,0.0,0.0,23.041931,
30,3.492237,0.0,0.0,22.926037,
30,3.523714,0.0,0.0,23.389622,
30,3.539453,0.0,0.0,23.447569,
30,3.539453,0.0,0.0,23.447569,
30,3.555191,0.0,0.0,23.505518,
30,3.555191,0.0,0.0,23.563465,
30,3.633884,0.0,0.0,24.162264,
30,3.649623,0.0,0.0,24.258844,
30,3.665361,0.0,0.0,24.355423,
30,3.6811,0.0,0.0,24.394056,
30,3.6811,0.0,0.0,24.452003,
30,3.6811,0.0,0.0,24.509951,
30,3.6811,0.0,0.0,24.529266,
30,3.696838,0.0,0.0,24.587217,
30,3.696838,0.0,0.0,24.606533,
30,3.696838,0.0,0.0,24.625851,
30,3.665361,0.0,0.0,24.374739,
30,3.696838,0.0,0.0,24.625851,
30,3.712577,0.0,0.0,24.645166,
30,3.696838,0.0,0.0,24.664482,
30,3.696838,0.0,0.0,24.664482,
30,3.712577,0.0,0.0,24.664482,
30,3.696838,0.0,0.0,24.664482,
30,3.712577,0.0,0.0,24.664482,
30,3.696838,0.0,0.0,24.683798,
30,3.712577,0.0,0.0,24.664482,
30,3.712577,0.0,0.0,24.664482,
30,3.696838,0.0,0.0,24.664482,
30,3.712577,0.0,0.0,24.664482,
30,3.712577,0.0,0.0,24.683798,
30,3.712577,0.0,0.0,24.664482,
30,3.712577,0.0,0.0,24.664482,
30,3.712577,0.0,0.0,24.683798,
30,3.712577,0.0,0.0,24.683798,
30,3.712577,0.0,0.0,24.664482,
30,3.712577,0.0,0.0,24.683798,
30,3.712577,0.0,0.0,24.664482,
30,3.712577,0.0,0.0,24.683798,
30,3.712577,0.0,0.0,24.683798,
30,3.712577,0.0,0.0,24.683798,
30,3.712577,0.0,0.0,24.664482,
30,3.696838,0.0,0.0,24.683798,
30,3.712577,0.0,0.0,24.683798,
30,3.696838,0.0,0.0,24.664482,
30,3.696838,0.0,0.0,24.664482,
30,3.712577,0.0,0.0,24.683798,
30,3.696838,0.0,0.0,24.683798,
30,3.712577,0.0,0.0,24.664482,
30,3.712577,0.0,0.0,24.683798,
30,3.712577,0.0,0.0,24.683798,
30,3.712577,0.0,0.0,24.683798,
30,3.696838,0.0,0.0,24.683798,
30,3.696838,0.0,0.0,24.683798,
30,3.696838,0.0,0.0,24.683798,
30,3.712577,0.0,0.0,24.664482,
30,3.712577,0.0,0.0,24.664482,
30,3.712577,0.0,0.0,24.683798,
30,3.712577,0.0,0.0,24.664482,
30,3.696838,0.0,0.0,24.683798,
30,3.712577,0.0,0.0,24.683798,
30,3.712577,0.0,0.0,24.664482,
30,3.712577,0.0,0.0,24.664482,
30,3.696838,0.0,0.0,24.664482,
30,3.696838,0.0,0.0,24.683798,
30,3.712577,0.0,0.0,24.664482,
30,3.712577,0.0,0.0,24.683798,
30,3.712577,0.0,0.0,24.683798,
30,3.696838,0.0,0.0,24.683798,
30,3.696838,0.0,0.0,24.683798,
30,3.712577,0.0,0.0,24.683798,
30,3.712577,0.0,0.0,24.683798,
30,3.712577,0.0,0.0,24.664482,
30,3.712577,0.0,0.0,24.683798,
30,3.712577,0.0,0.0,24.664482,
30,3.712577,0.0,0.0,24.683798,
30,3.712577,0.0,0.0,24.664482,
30,3.712577,0.0,0.0,24.683798,
30,3.712577,0.0,0.0,24.683798,
30,3.712577,0.0,0.0,24.683798,
30,3.696838,0.0,0.0,24.683798,
30,3.712577,0.0,0.0,24.683798,
30,3.712577,0.0,0.0,24.683798,
30,3.712577,0.0,0.0,24.683798,
30,3.712577,0.0,0.0,24.683798,
30,3.712577,0.0,0.0,24.683798,
30,3.712577,0.0,0.0,24.683798,
30,3.696838,0.0,0.0,24.683798,
30,3.712577,0.0,0.0,24.683798,
30,3.712577,0.0,0.0,24.683798,
30,3.696838,0.0,0.0,24.683798,
30,3.696838,0.0,0.0,24.683798,
30,3.712577,0.0,0.0,24.683798,
30,3.696838,0.0,0.0,24.683798,
30,3.712577,0.0,0.0,24.683798,
30,3.712577,0.0,0.0,24.683798,
30,3.712577,0.0,0.0,24.683798,
30,3.712577,0.0,0.0,24.683798,
30,3.712577,0.0,0.0,24.683798,
30,3.712577,0.0,0.0,24.683798,
30,3.712577,0.0,0.0,24.703114,
30,3.712577,0.0,0.0,24.683798,
30,3.712577,0.0,0.0,24.703114,
30,3.712577,0.0,0.0,24.703114,
30,3.712577,0.0,0.0,24.703114,
30,3.712577,0.0,0.0,24.703114,
30,3.712577,0.0,0.0,24.703114,
30,3.696838,0.0,0.0,24.683798,
30,3.712577,0.0,0.0,24.683798,
30,3.712577,0.0,0.0,24.703114,
30,3.712577,0.0,0.0,24.703114,
30,3.712577,0.0,0.0,24.683798,
30,3.712577,0.0,0.0,24.703114,
30,3.712577,0.0,0.0,24.683798,
30,3.712577,0.0,0.0,24.703114,
30,3.712577,0.0,0.0,24.703114,
30,3.712577,0.0,0.0,24.703114,
30,3.712577,0.0,0.0,24.683798,
30,3.712577,0.0,0.0,24.703114,
30,3.712577,0.0,0.0,24.703114,
30,3.712577,0.0,0.0,24.703114,
30,3.712577,0.0,0.0,24.703114,
30,3.712577,0.0,0.0,24.703114,
30,3.712577,0.0,0.0,24.703114,
30,3.712577,0.0,0.0,24.703114,
30,3.712577,0.0,0.0,24.703114,
30,3.712577,0.0,0.0,24.703114,
30,3.712577,0.0,0.0,24.703114,
30,3.712577,0.0,0.0,24.683798,
30,3.712577,0.0,0.0,24.703114,
30,3.712577,0.0,0.0,24.683798,
30,3.712577,0.0,0.0,24.683798,
30,3.712577,0.0,0.0,24.683798,
30,3.712577,0.0,0.0,24.683798,
30,3.712577,0.0,0.0,24.683798,
30,3.712577,0.0,0.0,24.683798,
30,3.712577,0.0,0.0,24.683798,
30,3.696838,0.0,0.0,24.683798,
30,3.712577,0.0,0.0,24.683798,
30,3.712577,0.0,0.0,24.703114,
30,3.712577,0.0,0.0,24.683798,
30,3.712577,0.0,0.0,24.683798,
30,3.696838,0.0,0.0,24.703114,
30,3.712577,0.0,0.0,24.683798,
30,3.712577,0.0,0.0,24.683798,
30,3.696838,0.0,0.0,24.683798,
30,3.712577,0.0,0.0,24.703114,
30,3.712577,0.0,0.0,24.703114,
30,3.712577,0.0,0.0,24.683798,
30,3.712577,0.0,0.0,24.683798,
30,3.712577,0.0,0.0,24.683798,
30,3.712577,0.0,0.0,24.683798,
30,3.696838,0.0,0.0,24.683798,
30,3.712577,0.0,0.0,24.683798,
30,3.712577,0.0,0.0,24.683798,
30,3.712577,0.0,0.0,24.683798,
30,3.712577,0.0,0.0,24.683798,
30,3.712577,0.0,0.0,24.683798,
30,3.696838,0.0,0.0,24.683798,
30,3.712577,0.0,0.0,24.703114,
30,3.696838,0.0,0.0,24.703114,
30,3.712577,0.0,0.0,24.683798,
30,3.712577,0.0,0.0,24.683798,
30,3.712577,0.0,0.0,24.683798,
30,3.712577,0.0,0.0,24.683798,
30,3.712577,0.0,0.0,24.683798,
30,3.712577,0.0,0.0,24.683798,
30,3.712577,0.0,0.0,24.683798,
30,3.712577,0.0,0.0,24.683798,
30,3.712577,0.0,0.0,24.683798,
30,3.712577,0.0,0.0,24.683798,
30,3.712577,0.0,0.0,24.703114,
30,3.712577,0.0,0.0,24.703114,
30,3.712577,0.0,0.0,24.683798,
30,3.712577,0.0,0.0,24.683798,
30,3.712577,0.0,0.0,24.683798,
30,3.696838,0.0,0.0,24.683798,
30,3.712577,0.0,0.0,24.683798,
30,3.712577,0.0,0.0,24.683798,
30,3.712577,0.0,0.0,24.683798,
30,3.712577,0.0,0.0,24.683798,
30,3.696838,0.0,0.0,24.683798,
30,3.712577,0.0,0.0,24.683798,
30,3.712577,0.0,0.0,24.683798,
30,3.712577,0.0,0.0,24.683798,
30,3.712577,0.0,0.0,24.683798,
30,3.712577,0.0,0.0,24.703114,
30,3.712577,0.0,0.0,24.683798,
30,3.712577,0.0,0.0,24.683798,
30,3.46076,0.0,0.0,22.790825,
30,3.334851,0.0,0.0,21.786388,
30,3.287635,0.0,0.0,21.53528,
30,3.271897,0.0,0.0,21.342119,
30,3.271897,0.0,0.0,21.284172,
30,3.271897,0.0,0.0,21.264854,
30,3.271897,0.0,0.0,21.303488,
30,3.271897,0.0,0.0,21.380751,
30,3.271897,0.0,0.0,21.342119,
30,3.271897,0.0,0.0,21.322803,
30,3.271897,0.0,0.0,21.303488,
30,3.271897,0.0,0.0,21.322803,
30,3.271897,0.0,0.0,21.284172,
30,3.256158,0.0,0.0,21.264854,
30,3.271897,0.0,0.0,21.245539,
30,3.271897,0.0,0.0,21.245539,
30,3.256158,0.0,0.0,21.226223,
30,3.256158,0.0,0.0,21.245539,
30,3.256158,0.0,0.0,21.226223,
30,3.256158,0.0,0.0,21.245539,
30,3.256158,0.0,0.0,21.226223,
30,3.256158,0.0,0.0,21.226223,
30,3.271897,0.0,0.0,21.245539,
30,3.256158,0.0,0.0,21.245539,
30,3.256158,0.0,0.0,21.226223,
30,3.256158,0.0,0.0,21.245539,
30,3.256158,0.0,0.0,21.245539,
30,3.271897,0.0,0.0,21.245539,
30,3.256158,0.0,0.0,21.245539,
30,3.256158,0.0,0.0,21.245539,
30,3.271897,0.0,0.0,21.245539,
30,3.256158,0.0,0.0,21.226223,
30,3.208943,0.0,0.0,20.839901,
30,3.13025,0.0,0.0,20.144524,
30,3.208943,0.0,0.0,20.724007,
30,3.24042,0.0,0.0,21.071693,
30,3.256158,0.0,0.0,21.187592,
30,3.271897,0.0,0.0,21.245539,
30,3.256158,0.0,0.0,21.226223,
30,3.256158,0.0,0.0,21.226223,
30,3.271897,0.0,0.0,21.226223,
30,3.256158,0.0,0.0,21.245539,
30,3.256158,0.0,0.0,21.245539,
30,3.256158,0.0,0.0,21.245539,
30,3.256158,0.0,0.0,21.245539,
30,3.256158,0.0,0.0,21.245539,
30,3.271897,0.0,0.0,21.245539,
30,3.256158,0.0,0.0,21.245539,
30,3.256158,0.0,0.0,21.245539,
30,3.256158,0.0,0.0,21.245539,
30,3.271897,0.0,0.0,21.245539,
30,3.256158,0.0,0.0,21.245539,
30,3.271897,0.0,0.0,21.245539,
30,3.256158,0.0,0.0,21.245539,
30,3.271897,0.0,0.0,21.245539,
30,3.256158,0.0,0.0,21.245539,
30,3.256158,0.0,0.0,21.245539,
30,3.256158,0.0,0.0,21.245539,
30,3.256158,0.0,0.0,21.245539,
30,3.271897,0.0,0.0,21.245539,
30,3.256158,0.0,0.0,21.245539,
30,3.256158,0.0,0.0,21.245539,
30,3.256158,0.0,0.0,21.245539,
30,3.256158,0.0,0.0,21.245539,
30,3.256158,0.0,0.0,21.226223,
30,3.256158,0.0,0.0,21.264854,
30,3.271897,0.0,0.0,21.245539,
30,3.256158,0.0,0.0,21.245539,
30,3.256158,0.0,0.0,21.245539,
30,3.256158,0.0,0.0,21.245539,
30,3.271897,0.0,0.0,21.245539,
30,3.271897,0.0,0.0,21.245539,
30,3.271897,0.0,0.0,21.264854,
30,3.256158,0.0,0.0,21.226223,
30,3.271897,0.0,0.0,21.226223,
30,3.271897,0.0,0.0,21.245539,
30,3.271897,0.0,0.0,21.245539,
30,3.271897,0.0,0.0,21.245539,
30,3.271897,0.0,0.0,21.264854,
30,3.271897,0.0,0.0,21.245539,
30,3.256158,0.0,0.0,21.245539,
30,3.256158,0.0,0.0,21.245539,
30,3.271897,0.0,0.0,21.245539,
30,3.271897,0.0,0.0,21.264854,
30,3.271897,0.0,0.0,21.264854,
30,3.271897,0.0,0.0,21.264854,
30,3.271897,0.0,0.0,21.264854,
30,3.271897,0.0,0.0,21.264854,
30,3.271897,0.0,0.0,21.264854,
30,3.256158,0.0,0.0,21.245539,
30,3.271897,0.0,0.0,21.264854,
30,3.271897,0.0,0.0,21.245539,
30,3.271897,0.0,0.0,21.245539,
30,3.256158,0.0,0.0,21.245539,
30,3.271897,0.0,0.0,21.245539,
30,3.256158,0.0,0.0,21.245539,
30,3.271897,0.0,0.0,21.264854,
30,3.256158,0.0,0.0,21.264854,
30,3.271897,0.0,0.0,21.245539,
30,3.271897,0.0,0.0,21.245539,
30,3.271897,0.0,0.0,21.264854,
30,3.271897,0.0,0.0,21.245539,
30,3.271897,0.0,0.0,21.264854,
30,3.271897,0.0,0.0,21.245539,
30,3.271897,0.0,0.0,21.264854,
30,3.271897,0.0,0.0,21.264854,
30,3.256158,0.0,0.0,21.264854,
30,3.271897,0.0,0.0,21.264854,
30,3.271897,0.0,0.0,21.264854,
30,3.256158,0.0,0.0,21.245539,
30,3.256158,0.0,0.0,21.245539,
30,3.271897,0.0,0.0,21.264854,
30,3.271897,0.0,0.0,21.264854,
30,3.256158,0.0,0.0,21.245539,
30,3.271897,0.0,0.0,21.245539,
30,3.208943,0.0,0.0,20.878534,
30,3.177465,0.0,0.0,20.472897,
30,3.24042,0.0,0.0,20.955799,
30,3.256158,0.0,0.0,21.168276,
30,3.256158,0.0,0.0,21.245539,
30,3.271897,0.0,0.0,21.284172,
30,3.256158,0.0,0.0,21.284172,
30,3.271897,0.0,0.0,21.264854,
30,3.271897,0.0,0.0,21.264854,
30,3.256158,0.0,0.0,21.245539,
30,3.256158,0.0,0.0,21.264854,
30,3.271897,0.0,0.0,21.245539,
30,3.271897,0.0,0.0,21.245539,
30,3.271897,0.0,0.0,21.245539,
30,3.271897,0.0,0.0,21.264854,
30,3.256158,0.0,0.0,21.264854,
30,3.256158,0.0,0.0,21.264854,
30,3.271897,0.0,0.0,21.264854,
30,3.271897,0.0,0.0,21.264854,
30,3.271897,0.0,0.0,21.264854,
30,3.271897,0.0,0.0,21.264854,
30,3.271897,0.0,0.0,21.264854,
30,3.271897,0.0,0.0,21.264854,
30,3.271897,0.0,0.0,21.245539,
30,3.271897,0.0,0.0,21.264854,
30,3.271897,0.0,0.0,21.264854,
30,3.271897,0.0,0.0,21.264854,
30,3.271897,0.0,0.0,21.264854,
30,3.271897,0.0,0.0,21.264854,
30,3.271897,0.0,0.0,21.264854,
30,3.271897,0.0,0.0,21.245539,
30,3.271897,0.0,0.0,21.264854,
30,3.271897,0.0,0.0,21.264854,
30,3.271897,0.0,0.0,21.264854,
30,3.256158,0.0,0.0,21.264854,
30,3.271897,0.0,0.0,21.264854,
30,3.271897,0.0,0.0,21.245539,
30,3.271897,0.0,0.0,21.264854,
30,3.256158,0.0,0.0,21.264854,
30,3.256158,0.0,0.0,21.264854,
30,3.271897,0.0,0.0,21.264854,
30,3.271897,0.0,0.0,21.264854,
30,3.271897,0.0,0.0,21.264854,
30,3.271897,0.0,0.0,21.264854,
30,3.271897,0.0,0.0,21.264854,
30,3.271897,0.0,0.0,21.264854,
30,3.271897,0.0,0.0,21.264854,
30,3.271897,0.0,0.0,21.245539,
30,3.256158,0.0,0.0,21.245539,
30,3.271897,0.0,0.0,21.264854,
30,3.271897,0.0,0.0,21.264854,
30,3.256158,0.0,0.0,21.264854,
30,3.271897,0.0,0.0,21.264854,
30,3.256158,0.0,0.0,21.264854,
30,3.256158,0.0,0.0,21.264854,
30,3.256158,0.0,0.0,21.264854,
30,3.271897,0.0,0.0,21.264854,
30,3.271897,0.0,0.0,21.264854,
30,3.271897,0.0,0.0,21.264854,
30,3.271897,0.0,0.0,21.264854,
30,3.271897,0.0,0.0,21.264854,
30,3.256158,0.0,0.0,21.264854,
30,3.271897,0.0,0.0,21.264854,
30,3.271897,0.0,0.0,21.264854,
30,3.271897,0.0,0.0,21.264854,
30,3.271897,0.0,0.0,21.264854,
30,3.256158,0.0,0.0,21.264854,
30,3.271897,0.0,0.0,21.264854,
30,3.271897,0.0,0.0,21.264854,
30,3.271897,0.0,0.0,21.284172,
30,3.271897,0.0,0.0,21.264854,
30,3.256158,0.0,0.0,21.264854,
30,3.271897,0.0,0.0,21.264854,
30,3.271897,0.0,0.0,21.245539,
30,3.271897,0.0,0.0,21.264854,
30,3.271897,0.0,0.0,21.264854,
30,3.256158,0.0,0.0,21.264854,
30,3.271897,0.0,0.0,21.245539,
30,3.271897,0.0,0.0,21.264854,
30,3.256158,0.0,0.0,21.264854,
30,3.271897,0.0,0.0,21.264854,
30,3.271897,0.0,0.0,21.264854,
30,3.256158,0.0,0.0,21.264854,
30,3.271897,0.0,0.0,21.264854,
30,3.271897,0.0,0.0,21.264854,
30,3.271897,0.0,0.0,21.264854,
30,3.271897,0.0,0.0,21.264854,
30,3.256158,0.0,0.0,21.264854,
30,3.256158,0.0,0.0,21.245539,
30,3.271897,0.0,0.0,21.245539,
30,3.271897,0.0,0.0,21.245539,
30,3.271897,0.0,0.0,21.264854,
30,3.256158,0.0,0.0,21.264854,
30,3.271897,0.0,0.0,21.264854,
30,3.271897,0.0,0.0,21.264854,
30,3.256158,0.0,0.0,21.264854,
30,3.271897,0.0,0.0,21.264854,
30,3.271897,0.0,0.0,21.264854,
30,3.271897,0.0,0.0,21.264854,
30,3.271897,0.0,0.0,21.245539,
30,3.271897,0.0,0.0,21.264854,
30,3.271897,0.0,0.0,21.264854,
30,3.271897,0.0,0.0,21.264854,
30,3.256158,0.0,0.0,21.264854,
30,3.271897,0.0,0.0,21.264854,
30,3.271897,0.0,0.0,21.245539,
30,3.271897,0.0,0.0,21.264854,
30,3.271897,0.0,0.0,21.264854,
30,3.271897,0.0,0.0,21.264854,
30,3.256158,0.0,0.0,21.264854,
30,3.256158,0.0,0.0,21.264854,
30,3.271897,0.0,0.0,21.284172,
30,3.256158,0.0,0.0,21.264854,
30,3.256158,0.0,0.0,21.264854,
30,3.271897,0.0,0.0,21.264854,
30,3.256158,0.0,0.0,21.284172,
30,3.256158,0.0,0.0,21.264854,
30,3.271897,0.0,0.0,21.264854,
30,3.256158,0.0,0.0,21.264854,
30,3.256158,0.0,0.0,21.284172,
30,3.271897,0.0,0.0,21.264854,
30,3.271897,0.0,0.0,21.245539,
30,3.271897,0.0,0.0,21.264854,
30,3.256158,0.0,0.0,21.264854,
30,3.271897,0.0,0.0,21.264854,
30,3.271897,0.0,0.0,21.264854,
30,3.256158,0.0,0.0,21.264854,
30,3.271897,0.0,0.0,21.264854,
30,3.271897,0.0,0.0,21.264854,
30,3.271897,0.0,0.0,21.284172,
30,3.271897,0.0,0.0,21.245539,
30,3.271897,0.0,0.0,21.264854,
30,3.256158,0.0,0.0,21.264854,
30,3.271897,0.0,0.0,21.264854,
30,3.271897,0.0,0.0,21.264854,
30,3.271897,0.0,0.0,21.284172,
30,3.271897,0.0,0.0,21.264854,
30,3.271897,0.0,0.0,21.264854,
30,3.256158,0.0,0.0,21.264854,
30,3.271897,0.0,0.0,21.264854,
30,3.271897,0.0,0.0,21.264854,
30,3.256158,0.0,0.0,21.264854,
30,3.271897,0.0,0.0,21.264854,
30,3.256158,0.0,0.0,21.245539,
30,3.271897,0.0,0.0,21.264854,
30,3.271897,0.0,0.0,21.264854,
30,3.271897,0.0,0.0,21.264854,
30,3.256158,0.0,0.0,21.264854,
30,3.271897,0.0,0.0,21.264854,
30,3.271897,0.0,0.0,21.245539,
30,3.256158,0.0,0.0,21.264854,
30,3.271897,0.0,0.0,21.264854,
30,3.271897,0.0,0.0,21.245539,
30,3.271897,0.0,0.0,21.264854,
30,3.208943,0.0,0.0,20.80127,
30,3.098773,0.0,0.0,20.067261,
30,3.020079,0.0,0.0,19.391197,
30,2.972864,0.0,0.0,18.94693,
30,3.114511,0.0,0.0,20.009312,
30,3.224681,0.0,0.0,20.859217,
30,3.256158,0.0,0.0,21.110327,
30,3.256158,0.0,0.0,21.226223,
30,3.256158,0.0,0.0,21.245539,
30,3.256158,0.0,0.0,21.245539,
30,3.256158,0.0,0.0,21.264854,
30,3.271897,0.0,0.0,21.245539,
30,3.271897,0.0,0.0,21.264854,
30,3.271897,0.0,0.0,21.264854,
30,3.271897,0.0,0.0,21.245539,
30,3.256158,0.0,0.0,21.245539,
30,3.271897,0.0,0.0,21.245539,
30,3.271897,0.0,0.0,21.245539,
30,3.114511,0.0,0.0,20.067261,
30,2.925648,0.0,0.0,18.579924,
30,2.831217,0.0,0.0,17.575487,
30,2.815478,0.0,0.0,17.285748,
30,2.909909,0.0,0.0,18.386763,
30,3.13025,0.0,0.0,20.105892,
30,3.224681,0.0,0.0,20.89785,
30,3.256158,0.0,0.0,21.129642,
30,3.256158,0.0,0.0,21.226223,
30,3.271897,0.0,0.0,21.264854,
30,3.271897,0.0,0.0,21.264854,
30,3.271897,0.0,0.0,21.245539,
30,3.271897,0.0,0.0,21.264854,
30,3.256158,0.0,0.0,21.264854,
30,3.271897,0.0,0.0,21.264854,
30,3.271897,0.0,0.0,21.264854,
30,3.271897,0.0,0.0,21.264854,
30,3.271897,0.0,0.0,21.264854,
30,3.271897,0.0,0.0,21.245539,
30,3.271897,0.0,0.0,21.264854,
30,3.256158,0.0,0.0,21.264854,
30,3.271897,0.0,0.0,21.264854,
30,3.271897,0.0,0.0,21.264854,
30,3.271897,0.0,0.0,21.264854,
30,3.271897,0.0,0.0,21.264854,
30,3.271897,0.0,0.0,21.264854,
30,3.271897,0.0,0.0,21.264854,
30,3.271897,0.0,0.0,21.264854,
30,3.271897,0.0,0.0,21.264854,
30,3.271897,0.0,0.0,21.264854,
30,3.271897,0.0,0.0,21.264854,
30,3.271897,0.0,0.0,21.264854,
30,3.224681,0.0,0.0,20.936483,
30,3.051557,0.0,0.0,19.680939,
30,2.988602,0.0,0.0,19.101458,
30,2.925648,0.0,0.0,18.637871,
30,2.831217,0.0,0.0,17.382328,
30,2.752523,0.0,0.0,16.455156,
30,2.752523,0.0,0.0,16.146101,
30,0.0,0.0,0.0,16.04952,
30,0.0,0.0,0.0,16.030205,
30,0.0,0.0,0.0,16.030205,
30,0.0,0.0,0.0,16.030205,
30,0.0,0.0,0.0,16.030205,
30,0.0,0.0,0.0,16.030205,
30,0.0,0.0,0.0,16.030205,
30,0.0,0.0,0.0,16.030205,
30,0.0,0.0,0.0,16.030205,
30,0.0,0.0,0.0,16.030205,
30,0.0,0.0,0.0,16.030205,
30,0.0,0.0,0.0,16.030205,
30,0.0,0.0,0.0,16.030205,
30,0.0,0.0,0.0,16.030205,
30,0.0,0.0,0.0,16.030205,
30,0.0,0.0,0.0,16.030205,
30,0.0,0.0,0.0,16.030205,
30,0.0,0.0,0.0,16.030205,
30,0.0,0.0,0.0,16.030205,
30,0.0,0.0,0.0,16.030205,
30,0.0,0.0,0.0,16.030205,
30,0.0,0.0,0.0,16.030205,
30,0.0,0.0,0.0,16.030205,
30,0.0,0.0,0.0,16.030205,
30,0.0,0.0,0.0,16.04952,
30,0.0,0.0,0.0,16.04952,
30,0.0,0.0,0.0,16.04952,
30,2.752523,0.0,0.0,16.377893,
30,2.768262,0.0,0.0,16.629002,
30,2.784001,0.0,0.0,16.686951,
30,2.784001,0.0,0.0,16.783531,
30,2.799739,0.0,0.0,16.957375,
30,2.815478,0.0,0.0,17.2278,
30,2.815478,0.0,0.0,17.247116,
30,2.815478,0.0,0.0,17.247116,
30,2.815478,0.0,0.0,17.266432,
30,2.799739,0.0,0.0,16.880112,
30,2.752523,0.0,0.0,16.358578,
30,0.0,0.0,0.0,16.107468,
30,0.0,0.0,0.0,16.030205,
30,0.0,0.0,0.0,16.030205,
30,0.0,0.0,0.0,16.030205,
30,0.0,0.0,0.0,16.030205,
30,0.0,0.0,0.0,16.030205,
30,0.0,0.0,0.0,16.030205,
30,0.0,0.0,0.0,16.04952,
30,0.0,0.0,0.0,16.030205,
30,0.0,0.0,0.0,16.04952,
30,0.0,0.0,0.0,16.04952,
30,0.0,0.0,0.0,16.030205,
30,0.0,0.0,0.0,16.030205,
30,0.0,0.0,0.0,16.030205,
30,0.0,0.0,0.0,16.030205,
30,0.0,0.0,0.0,16.030205,
30,0.0,0.0,0.0,16.04952,
30,0.0,0.0,0.0,16.030205,
30,0.0,0.0,0.0,16.030205,
30,0.0,0.0,0.0,16.030205,
30,0.0,0.0,0.0,16.04952,
30,0.0,0.0,0.0,16.030205,
30,0.0,0.0,0.0,16.030205,
30,0.0,0.0,0.0,16.04952,
30,0.0,0.0,0.0,16.04952,
30,0.0,0.0,0.0,16.04952,
30,0.0,0.0,0.0,16.030205,
30,0.0,0.0,0.0,16.04952,
30,0.0,0.0,0.0,16.04952,
30,0.0,0.0,0.0,16.04952,
30,0.0,0.0,0.0,16.030205,
30,0.0,0.0,0.0,16.04952,
30,0.0,0.0,0.0,16.04952,
30,0.0,0.0,0.0,16.04952,
30,0.0,0.0,0.0,16.04952,
30,0.0,0.0,0.0,16.030205,
30,0.0,0.0,0.0,16.04952,
30,0.0,0.0,0.0,16.030205,
30,0.0,0.0,0.0,16.030205,
30,0.0,0.0,0.0,16.04952,
30,0.0,0.0,0.0,16.04952,
30,0.0,0.0,0.0,16.04952,
30,0.0,0.0,0.0,16.030205,
30,0.0,0.0,0.0,16.04952,
30,0.0,0.0,0.0,16.030205,
30,0.0,0.0,0.0,16.04952,
30,0.0,0.0,0.0,16.030205,
30,0.0,0.0,0.0,16.04952,
30,0.0,0.0,0.0,16.04952,
30,0.0,0.0,0.0,16.04952,
30,0.0,0.0,0.0,16.04952,
30,0.0,0.0,0.0,16.04952,
30,0.0,0.0,0.0,16.04952,
30,0.0,0.0,0.0,16.030205,
30,0.0,0.0,0.0,16.030205,
30,0.0,0.0,0.0,16.04952,
30,0.0,0.0,0.0,16.04952,
30,0.0,0.0,0.0,16.030205,
30,0.0,0.0,0.0,16.04952,
30,0.0,0.0,0.0,16.04952,
30,0.0,0.0,0.0,16.04952,
30,0.0,0.0,0.0,16.04952,
30,0.0,0.0,0.0,16.04952,
30,0.0,0.0,0.0,16.04952,
30,0.0,0.0,0.0,16.04952,
30,0.0,0.0,0.0,16.030205,
30,0.0,0.0,0.0,16.04952,
30,0.0,0.0,0.0,16.04952,
30,0.0,0.0,0.0,16.04952,
30,0.0,0.0,0.0,16.04952,
30,0.0,0.0,0.0,16.04952,
30,0.0,0.0,0.0,16.04952,
30,0.0,0.0,0.0,16.04952,
30,0.0,0.0,0.0,16.04952,
30,0.0,0.0,0.0,16.04952,
30,0.0,0.0,0.0,16.04952,
30,0.0,0.0,0.0,16.04952,
30,0.0,0.0,0.0,16.04952,
30,0.0,0.0,0.0,16.068836,
30,0.0,0.0,0.0,16.04952,
30,0.0,0.0,0.0,16.04952,
30,0.0,0.0,0.0,16.04952,
30,0.0,0.0,0.0,16.04952,
30,0.0,0.0,0.0,16.04952,
30,0.0,0.0,0.0,16.04952,
30,0.0,0.0,0.0,16.04952,
30,0.0,0.0,0.0,16.04952,
30,0.0,0.0,0.0,16.04952,
30,0.0,0.0,0.0,16.04952,
30,0.0,0.0,0.0,16.04952,
30,0.0,0.0,0.0,16.04952,
30,0.0,0.0,0.0,16.04952,
30,0.0,0.0,0.0,16.04952,
30,0.0,0.0,0.0,16.04952,
30,0.0,0.0,0.0,16.068836,
30,0.0,0.0,0.0,16.04952,
30,0.0,0.0,0.0,16.04952,
30,0.0,0.0,0.0,16.04952,
30,0.0,0.0,0.0,16.04952,
30,0.0,0.0,0.0,16.04952,
30,0.0,0.0,0.0,16.04952,
30,0.0,0.0,0.0,16.04952,
30,0.0,0.0,0.0,16.04952,
30,0.0,0.0,0.0,16.04952,
30,0.0,0.0,0.0,16.04952,
30,0.0,0.0,0.0,16.04952,
30,2.752523,0.0,0.0,16.04952,
30,0.0,0.0,0.0,16.04952,
30,0.0,0.0,0.0,16.04952,
30,0.0,0.0,0.0,16.068836,
30,0.0,0.0,0.0,16.068836,
30,0.0,0.0,0.0,16.04952,
30,0.0,0.0,0.0,16.04952,
30,0.0,0.0,0.0,16.04952,
30,0.0,0.0,0.0,16.04952,
30,0.0,0.0,0.0,16.04952,
30,0.0,0.0,0.0,16.068836,
30,0.0,0.0,0.0,16.04952,
30,0.0,0.0,0.0,16.068836,
30,0.0,0.0,0.0,16.04952,
30,0.0,0.0,0.0,16.04952,
30,0.0,0.0,0.0,16.04952,
30,0.0,0.0,0.0,16.068836,
30,0.0,0.0,0.0,16.068836,
30,0.0,0.0,0.0,16.04952,
30,0.0,0.0,0.0,16.04952,
30,0.0,0.0,0.0,16.068836,
30,0.0,0.0,0.0,16.04952,
30,0.0,0.0,0.0,16.068836,
30,0.0,0.0,0.0,16.04952,
30,0.0,0.0,0.0,16.04952,
30,0.0,0.0,0.0,16.04952,
30,0.0,0.0,0.0,16.04952,
30,0.0,0.0,0.0,16.04952,
30,0.0,0.0,0.0,16.04952,
30,0.0,0.0,0.0,16.04952,
30,0.0,0.0,0.0,16.04952,
30,0.0,0.0,0.0,16.04952,
30,0.0,0.0,0.0,16.04952,
30,0.0,0.0,0.0,16.04952,
30,0.0,0.0,0.0,16.04952,
30,0.0,0.0,0.0,16.068836,
30,0.0,0.0,0.0,16.04952,
30,0.0,0.0,0.0,16.04952,
30,0.0,0.0,0.0,16.04952,
30,0.0,0.0,0.0,16.04952,
30,0.0,0.0,0.0,16.04952,
30,0.0,0.0,0.0,16.04952,
30,0.0,0.0,0.0,16.04952,
30,0.0,0.0,0.0,16.068836,
30,0.0,0.0,0.0,16.04952,
30,0.0,0.0,0.0,16.04952,
30,0.0,0.0,0.0,16.04952,
30,0.0,0.0,0.0,16.04952,
30,0.0,0.0,0.0,16.04952,
30,0.0,0.0,0.0,16.04952,
30,0.0,0.0,0.0,16.04952,
30,0.0,0.0,0.0,16.04952,
30,0.0,0.0,0.0,16.04952,
30,0.0,0.0,0.0,16.04952,
30,0.0,0.0,0.0,16.04952,
30,0.0,0.0,0.0,16.068836,
30,0.0,0.0,0.0,16.04952,
30,0.0,0.0,0.0,16.04952,
30,0.0,0.0,0.0,16.04952,
30,0.0,0.0,0.0,16.04952,
30,0.0,0.0,0.0,16.04952,
30,0.0,0.0,0.0,16.04952,
30,0.0,0.0,0.0,16.068836,
30,0.0,0.0,0.0,16.068836,
30,0.0,0.0,0.0,16.04952,
30,0.0,0.0,0.0,16.068836,
30,0.0,0.0,0.0,16.068836,
30,0.0,0.0,0.0,16.04952,
30,0.0,0.0,0.0,16.068836,
30,0.0,0.0,0.0,16.04952,
30,0.0,0.0,0.0,16.04952,
30,0.0,0.0,0.0,16.04952,
30,0.0,0.0,0.0,16.04952,
30,0.0,0.0,0.0,16.04952,
30,0.0,0.0,0.0,16.04952,
30,0.0,0.0,0.0,16.04952,
30,0.0,0.0,0.0,16.04952,
30,0.0,0.0,0.0,16.04952,
30,0.0,0.0,0.0,16.068836,
30,0.0,0.0,0.0,16.04952,
30,0.0,0.0,0.0,16.04952,
30,0.0,0.0,0.0,16.04952,
30,0.0,0.0,0.0,16.04952,
30,0.0,0.0,0.0,16.04952,
30,0.0,0.0,0.0,16.068836,
30,0.0,0.0,0.0,16.04952,
30,0.0,0.0,0.0,16.04952,
30,0.0,0.0,0.0,16.068836,
30,0.0,0.0,0.0,16.04952,
30,0.0,0.0,0.0,16.068836,
30,0.0,0.0,0.0,16.04952,
30,0.0,0.0,0.0,16.04952,
30,0.0,0.0,0.0,16.04952,
30,0.0,0.0,0.0,16.068836,
30,0.0,0.0,0.0,16.068836,
30,0.0,0.0,0.0,16.068836,
30,0.0,0.0,0.0,16.04952,
30,0.0,0.0,0.0,16.068836,
30,0.0,0.0,0.0,16.068836,
30,0.0,0.0,0.0,16.04952,
30,0.0,0.0,0.0,16.04952,
30,0.0,0.0,0.0,16.068836,
30,0.0,0.0,0.0,16.04952,
30,0.0,0.0,0.0,16.04952,
30,0.0,0.0,0.0,16.04952,
30,0.0,0.0,0.0,16.04952,
30,0.0,0.0,0.0,16.04952,
30,0.0,0.0,0.0,16.04952,
30,0.0,0.0,0.0,16.04952,
30,0.0,0.0,0.0,16.04952,
30,0.0,0.0,0.0,16.04952,
30,0.0,0.0,0.0,16.068836,
30,0.0,0.0,0.0,16.068836,
30,0.0,0.0,0.0,16.04952,
30,0.0,0.0,0.0,16.068836,
30,0.0,0.0,0.0,16.068836,
30,0.0,0.0,0.0,16.068836,
30,0.0,0.0,0.0,16.068836,
30,0.0,0.0,0.0,16.04952,
30,0.0,0.0,0.0,16.04952,
30,0.0,0.0,0.0,16.04952,
30,0.0,0.0,0.0,16.04952,
30,0.0,0.0,0.0,16.068836,
30,0.0,0.0,0.0,16.04952,
30,0.0,0.0,0.0,16.04952,
30,0.0,0.0,0.0,16.04952,
30,0.0,0.0,0.0,16.04952,
30,0.0,0.0,0.0,16.068836,
30,0.0,0.0,0.0,16.04952,
30,0.0,0.0,0.0,16.04952,
30,0.0,0.0,0.0,16.04952,
30,0.0,0.0,0.0,16.04952,
30,0.0,0.0,0.0,16.068836,
30,0.0,0.0,0.0,16.04952,
30,0.0,0.0,0.0,16.04952,
30,0.0,0.0,0.0,16.068836,
30,0.0,0.0,0.0,16.068836,
30,0.0,0.0,0.0,16.04952,
30,0.0,0.0,0.0,16.04952,
30,0.0,0.0,0.0,16.04952,
30,0.0,0.0,0.0,16.068836,
30,0.0,0.0,0.0,16.04952,
30,0.0,0.0,0.0,16.068836,
30,0.0,0.0,0.0,16.068836,
30,0.0,0.0,0.0,16.068836,
30,0.0,0.0,0.0,16.04952,
30,0.0,0.0,0.0,16.068836,
30,0.0,0.0,0.0,16.04952,
30,0.0,0.0,0.0,16.030205,
30,0.0,0.0,0.0,16.04952,
30,0.0,0.0,0.0,15.856359,
30,0.0,0.0,0.0,15.798411,
30,0.0,0.0,0.0,15.740464,
30,0.0,0.0,0.0,15.721148,
30,0.0,0.0,0.0,15.701832,
30,0.0,0.0,0.0,15.392776,
30,0.0,0.0,0.0,13.40322,
30,0.0,0.0,0.0,11.297771,
30,0.0,0.0,0.0,10.119492,
30,0.0,0.0,0.0,9.63659,
30,0.0,0.0,0.0,9.230953,
30,0.0,0.0,0.0,8.90258,
30,0.0,0.0,0.0,8.612839,
30,0.0,0.0,0.0,8.419679,
30,0.0,0.0,0.0,8.26515,
30,0.0,0.0,0.0,8.033358,
30,0.0,0.0,0.0,7.492508,
30,0.0,0.0,0.0,6.1597,
30,0.0,0.0,0.0,4.614416,
30,0.0,0.0,0.0,0.0,
30,0.0,0.0,0.0,0.0,
30,0.0,0.0,0.0,0.0,
30,0.0,0.0,0.0,0.0,
30,0.0,0.0,0.0,0.0,
30,0.0,0.0,0.0,0.0,
30,0.0,0.0,0.0,0.0,
30,0.0,0.0,0.0,0.0,
30,0.0,0.0,0.0,0.0,
30,0.0,0.0,0.0,0.0,
30,0.0,0.0,0.0,0.0,
30,0.0,0.0,0.0,0.0,
30,0.0,0.0,0.0,0.0,
30,0.0,0.0,0.0,0.0,
30,0.0,0.0,0.0,0.0,
30,0.0,0.0,0.0,0.0,
30,0.0,0.0,0.0,0.0,
30,0.0,0.0,0.0,0.0,
30,0.0,0.0,0.0,0.0,
30,0.0,0.0,0.0,0.0,
30,0.0,0.0,0.0,0.0,
30,0.0,0.0,0.0,0.0,
30,0.0,0.0,0.0,0.0,
30,0.0,0.0,0.0,0.0,
30,0.0,0.0,0.0,0.0,
30,0.0,0.0,0.0,0.0,
30,0.0,0.0,0.0,0.0,
30,0.0,0.0,0.0,0.0,
30,0.0,0.0,0.0,0.0,
30,0.0,0.0,0.0,0.0,
30,0.0,0.0,0.0,0.0,
30,0.0,0.0,0.0,0.0,
30,0.0,0.0,0.0,0.0,
30,0.0,0.0,0.0,0.0,
30,0.0,0.0,0.0,0.0,
30,0.0,0.0,0.0,0.0,
30,0.0,0.0,0.0,0.0,
30,0.0,0.0,0.0,0.0,
30,0.0,0.0,0.0,0.0,
30,0.0,0.0,0.0,0.0,
30,0.0,0.0,0.0,0.0,
30,0.0,0.0,0.0,0.0,
30,0.0,0.0,0.0,0.0,
30,0.0,0.0,0.0,0.0,
30,0.0,0.0,0.0,0.0,
30,0.0,0.0,0.0,0.0,
30,0.0,0.0,0.0,0.0,
30,0.0,0.0,0.0,0.0,
30,0.0,0.0,0.0,0.0,
30,0.0,0.0,0.0,0.0,
30,0.0,0.0,0.0,0.0,
30,0.0,0.0,0.0,0.0,
30,0.0,0.0,0.0,0.0,
30,0.0,0.0,0.0,0.0,
30,0.0,0.0,0.0,0.0,
30,0.0,0.0,0.0,0.0,
30,0.0,0.0,0.0,0.0,
30,0.0,0.0,0.0,0.0,
30,0.0,0.0,0.0,0.0,
30,0.0,0.0,0.0,0.0,
30,0.0,0.0,0.0,0.0,
30,0.0,0.0,0.0,0.0,
30,0.0,0.0,0.0,0.0,
30,0.0,0.0,0.0,0.0,
30,0.0,0.0,0.0,0.0,
30,0.0,0.0,0.0,0.0,
30,0.0,0.0,0.0,0.0,
30,0.0,0.0,0.0,0.0,
30,0.0,0.0,0.0,0.0,
30,0.0,0.0,0.0,0.0,
30,0.0,0.0,0.0,0.0,
30,0.0,0.0,0.0,0.0,
30,0.0,0.0,0.0,0.0,
30,0.0,0.0,0.0,0.0,
30,0.0,0.0,0.0,0.0,
30,0.0,0.0,0.0,0.0,
30,0.0,0.0,0.0,0.0,
30,0.0,0.0,0.0,0.0,
30,0.0,0.0,0.0,0.0,
30,0.0,0.0,0.0,0.0,
30,0.0,0.0,0.0,0.0,
30,0.0,0.0,0.0,0.0,
30,0.0,0.0,0.0,0.0,
30,0.0,0.0,0.0,0.0,
30,0.0,0.0,0.0,0.0,
30,0.0,0.0,0.0,0.0,
30,0.0,0.0,0.0,0.0,
30,0.0,0.0,0.0,0.0,
30,0.0,0.0,0.0,0.0,
30,0.0,0.0,0.0,0.0,
30,0.0,0.0,0.0,0.0,
30,0.0,0.0,0.0,0.0,
30,0.0,0.0,0.0,0.0,
30,0.0,0.0,0.0,0.0,
30,0.0,0.0,0.0,0.0,
30,0.0,0.0,0.0,0.0,
30,0.0,0.0,0.0,0.0,
30,0.0,0.0,0.0,0.0,
30,0.0,0.0,0.0,0.0,
30,0.0,0.0,0.0,0.0,
30,0.0,0.0,0.0,0.0,
30,0.0,0.0,0.0,0.0,
30,0.0,0.0,0.0,0.0,
30,0.0,0.0,0.0,0.0,
30,0.0,0.0,0.0,0.0,
30,0.0,0.0,0.0,0.0,
30,0.0,0.0,0.0,0.0,
30,0.0,0.0,0.0,0.0,
30,0.0,0.0,0.0,0.0,
30,0.0,0.0,0.0,0.0,
30,0.0,0.0,0.0,0.0,
30,0.0,0.0,0.0,0.0,
30,0.0,0.0,0.0,0.0,
30,0.0,0.0,0.0,0.0,
30,0.0,0.0,0.0,0.0,
30,0.0,0.0,0.0,0.0,
30,0.0,0.0,0.0,0.0,
30,0.0,0.0,0.0,0.0,
30,0.0,0.0,0.0,0.0,
30,0.0,0.0,0.0,0.0,
30,0.0,0.0,0.0,0.0,
30,0.0,0.0,0.0,0.0,
30,0.0,0.0,0.0,0.0,
30,0.0,0.0,0.0,0.0,
30,0.0,0.0,0.0,0.0,
30,0.0,0.0,0.0,0.0,
30,0.0,0.0,0.0,0.0,
30,0.0,0.0,0.0,0.0,
30,0.0,0.0,0.0,0.0,
30,0.0,0.0,0.0,0.0,
30,0.0,0.0,0.0,0.0,
30,0.0,0.0,0.0,0.0,
30,0.0,0.0,0.0,0.0,
30,0.0,0.0,0.0,0.0,
30,0.0,0.0,0.0,0.0,
30,0.0,0.0,0.0,0.0,
30,0.0,0.0,0.0,0.0,
30,0.0,0.0,0.0,0.0,
30,0.0,0.0,0.0,0.0,
30,0.0,0.0,0.0,0.0,
30,0.0,0.0,0.0,0.0,
30,0.0,0.0,0.0,0.0,
30,0.0,0.0,0.0,0.0,
30,0.0,0.0,0.0,0.0,
30,0.0,0.0,0.0,0.0,
30,0.0,0.0,0.0,0.0,
30,0.0,0.0,0.0,0.0,
30,0.0,0.0,0.0,0.0,
30,0.0,0.0,0.0,0.0,
30,0.0,0.0,0.0,0.0,
30,0.0,0.0,0.0,0.0,
30,0.0,0.0,0.0,0.0,
30,0.0,0.0,0.0,0.0,
30,0.0,0.0,0.0,0.0,
30,0.0,0.0,0.0,0.0,
30,0.0,0.0,0.0,0.0,
30,0.0,0.0,0.0,0.0,
30,0.0,0.0,0.0,0.0,
30,0.0,0.0,0.0,0.0,
30,0.0,0.0,0.0,0.0,
30,0.0,0.0,0.0,0.0,
30,0.0,0.0,0.0,0.0,
30,0.0,0.0,0.0,0.0,
30,0.0,0.0,0.0,0.0,
30,0.0,0.0,0.0,0.0,
30,0.0,0.0,0.0,0.0,
30,0.0,0.0,0.0,0.0,
30,0.0,0.0,0.0,0.0,
30,0.0,0.0,0.0,0.0,
30,0.0,0.0,0.0,0.0,
30,0.0,0.0,0.0,0.0,
30,0.0,0.0,0.0,0.0,
30,0.0,0.0,0.0,0.0,
30,0.0,0.0,0.0,0.0,
30,0.0,0.0,0.0,0.0,
30,0.0,0.0,0.0,0.0,
30,0.0,0.0,0.0,0.0,
30,0.0,0.0,0.0,0.0,
30,0.0,0.0,0.0,0.0,
30,0.0,0.0,0.0,0.0,
30,0.0,0.0,0.0,0.0,
30,0.0,0.0,0.0,0.0,
30,0.0,0.0,0.0,0.0,
30,0.0,0.0,0.0,0.0,
30,0.0,0.0,0.0,0.0,
30,0.0,0.0,0.0,0.0,
30,0.0,0.0,0.0,0.0,
30,0.0,0.0,0.0,0.0,
30,0.0,0.0,0.0,0.0,
30,0.0,0.0,0.0,0.0,
30,0.0,0.0,0.0,0.0,
30,0.0,0.0,0.0,0.0,
30,0.0,0.0,0.0,0.0,
30,0.0,0.0,0.0,0.0,
30,0.0,0.0,0.0,0.0,
30,0.0,0.0,0.0,0.0,
30,0.0,0.0,0.0,0.0,
30,0.0,0.0,0.0,0.0,
30,0.0,0.0,0.0,0.0,
30,0.0,0.0,0.0,0.0,
30,0.0,0.0,0.0,0.0,
30,0.0,0.0,0.0,0.0,
30,0.0,0.0,0.0,0.0,
30,0.0,0.0,0.0,0.0,
30,0.0,0.0,0.0,0.0,
30,0.0,0.0,0.0,0.0,
30,0.0,0.0,0.0,0.0,
30,0.0,0.0,0.0,0.0,
30,0.0,0.0,0.0,0.0,
30,0.0,0.0,0.0,0.0,
30,0.0,0.0,0.0,0.0,
30,0.0,0.0,0.0,0.0,
30,0.0,0.0,0.0,0.0,
30,0.0,0.0,0.0,0.0,
30,0.0,0.0,0.0,0.0,
30,0.0,0.0,0.0,0.0,
30,0.0,0.0,0.0,0.0,
30,0.0,0.0,0.0,0.0,
30,0.0,0.0,0.0,0.0,
30,0.0,0.0,0.0,0.0,
30,0.0,0.0,0.0,0.0,
30,0.0,0.0,0.0,0.0,
30,0.0,0.0,0.0,0.0,
30,0.0,0.0,0.0,0.0,
30,0.0,0.0,0.0,0.0,
30,0.0,0.0,0.0,0.0,
30,0.0,0.0,0.0,0.0,
30,0.0,0.0,0.0,0.0,
30,0.0,0.0,0.0,0.0,
30,0.0,0.0,0.0,0.0,
30,0.0,0.0,0.0,0.0,
30,0.0,0.0,0.0,0.0,
30,0.0,0.0,0.0,0.0,
30,0.0,0.0,0.0,0.0,
30,0.0,0.0,0.0,0.0,
30,0.0,0.0,0.0,0.0,
30,0.0,0.0,0.0,0.0,
30,0.0,0.0,0.0,0.0,
30,0.0,0.0,0.0,0.0,
30,0.0,0.0,0.0,0.0,
30,0.0,0.0,0.0,0.0,
30,0.0,0.0,0.0,0.0,
30,0.0,0.0,0.0,0.0,
30,0.0,0.0,0.0,0.0,
30,0.0,0.0,0.0,0.0,
30,0.0,0.0,0.0,0.0,
30,0.0,0.0,0.0,0.0,
30,0.0,0.0,0.0,0.0,
30,0.0,0.0,0.0,0.0,
30,0.0,0.0,0.0,0.0,
30,0.0,0.0,0.0,0.0,
30,0.0,0.0,0.0,0.0,
30,0.0,0.0,0.0,0.0,
30,0.0,0.0,0.0,0.0,
30,0.0,0.0,0.0,0.0,
30,0.0,0.0,0.0,0.0,
30,0.0,0.0,0.0,0.0,
30,0.0,0.0,0.0,0.0,
30,0.0,0.0,0.0,0.0,
30,0.0,0.0,0.0,0.0,
30,0.0,0.0,0.0,0.0,
30,0.0,0.0,0.0,0.0,
30,0.0,0.0,0.0,0.0,
30,0.0,0.0,0.0,0.0,
30,0.0,0.0,0.0,0.0,
30,0.0,0.0,0.0,0.0,
30,0.0,0.0,0.0,0.0,
30,0.0,0.0,0.0,0.0,
30,0.0,0.0,0.0,0.0,
30,0.0,0.0,0.0,0.0,
30,0.0,0.0,0.0,0.0,
30,0.0,0.0,0.0,0.0,
30,0.0,0.0,0.0,0.0,
30,0.0,0.0,0.0,0.0,
30,0.0,0.0,0.0,0.0,
30,0.0,0.0,0.0,0.0,
30,0.0,0.0,0.0,0.0,
30,0.0,0.0,0.0,0.0,
30,0.0,0.0,0.0,0.0,
30,0.0,0.0,0.0,0.0,
30,0.0,0.0,0.0,0.0,
30,0.0,0.0,0.0,0.0,
30,0.0,0.0,0.0,0.0,
30,0.0,0.0,0.0,0.0,
30,0.0,0.0,0.0,0.0,
30,0.0,0.0,0.0,0.0,
30,0.0,0.0,0.0,0.0,
30,0.0,0.0,0.0,0.0,
30,0.0,0.0,0.0,0.0,
30,0.0,0.0,0.0,0.0,
30,0.0,0.0,0.0,0.0,
30,0.0,0.0,0.0,0.0,
30,0.0,0.0,0.0,0.0,
30,0.0,0.0,0.0,0.0,
30,0.0,0.0,0.0,0.0,
30,0.0,0.0,0.0,0.0,
30,0.0,0.0,0.0,0.0,
30,0.0,0.0,0.0,0.0,
30,0.0,0.0,0.0,0.0,
30,0.0,0.0,0.0,0.0,
30,0.0,0.0,0.0,0.0,
30,0.0,0.0,0.0,0.0,
30,0.0,0.0,0.0,0.0,
30,0.0,0.0,0.0,0.0,
30,0.0,0.0,0.0,0.0,
30,0.0,0.0,0.0,0.0,
30,0.0,0.0,0.0,0.0,
30,0.0,0.0,0.0,0.0,
30,0.0,0.0,0.0,0.0,
30,0.0,0.0,0.0,0.0,
30,0.0,0.0,0.0,0.0,
30,0.0,0.0,0.0,0.0,
30,0.0,0.0,0.0,0.0,
30,0.0,0.0,0.0,0.0,
30,0.0,0.0,0.0,0.0,
30,0.0,0.0,0.0,0.0,
30,0.0,0.0,0.0,0.0,
30,0.0,0.0,0.0,0.0,
30,0.0,0.0,0.0,0.0,
30,0.0,0.0,0.0,0.0,
30,0.0,0.0,0.0,0.0,
30,0.0,0.0,0.0,0.0,
30,0.0,0.0,0.0,0.0,
30,0.0,0.0,0.0,0.0,
30,0.0,0.0,0.0,0.0,
30,0.0,0.0,0.0,0.0,
30,0.0,0.0,0.0,0.0,
30,0.0,0.0,0.0,0.0,
30,0.0,0.0,0.0,0.0,
30,0.0,0.0,0.0,0.0,
30,0.0,0.0,0.0,0.0,
30,0.0,0.0,0.0,0.0,
30,0.0,0.0,0.0,0.0,
30,0.0,0.0,0.0,0.0,
30,0.0,0.0,0.0,0.0,
30,0.0,0.0,0.0,0.0,
30,0.0,0.0,0.0,0.0,
30,0.0,0.0,0.0,0.0,
30,0.0,0.0,0.0,0.0,
30,0.0,0.0,0.0,0.0,
30,0.0,0.0,0.0,0.0,
30,0.0,0.0,0.0,0.0,
30,0.0,0.0,0.0,0.0,
30,0.0,0.0,0.0,0.0,
30,0.0,0.0,0.0,0.0,
30,0.0,0.0,0.0,0.0,
30,0.0,0.0,0.0,0.0,
30,0.0,0.0,0.0,0.0,
30,0.0,0.0,0.0,0.0,
30,0.0,0.0,0.0,0.0,
30,0.0,0.0,0.0,0.0,
30,0.0,0.0,0.0,0.0,
30,0.0,0.0,0.0,0.0,
30,0.0,0.0,0.0,0.0,
30,0.0,0.0,0.0,0.0,
30,0.0,0.0,0.0,0.0,
30,0.0,0.0,0.0,0.0,
30,0.0,0.0,0.0,0.0,
30,0.0,0.0,0.0,0.0,
30,0.0,0.0,0.0,0.0,
30,0.0,0.0,0.0,0.0,
30,0.0,0.0,0.0,0.0,
30,0.0,0.0,0.0,0.0,
30,0.0,0.0,0.0,0.0,
30,0.0,0.0,0.0,0.0,
30,0.0,0.0,0.0,0.0,
30,0.0,0.0,0.0,0.0,
30,0.0,0.0,0.0,0.0,
30,0.0,0.0,0.0,0.0,
30,0.0,0.0,0.0,0.0,
30,0.0,0.0,0.0,0.0,
30,0.0,0.0,0.0,0.0,
30,0.0,0.0,0.0,0.0,
30,0.0,0.0,0.0,0.0,
30,0.0,0.0,0.0,0.0,
30,0.0,0.0,0.0,0.0,
30,0.0,0.0,0.0,0.0,
30,0.0,0.0,0.0,0.0,
30,0.0,0.0,0.0,0.0,
30,0.0,0.0,0.0,0.0,
30,0.0,0.0,0.0,0.0,
30,0.0,0.0,0.0,0.0,
30,0.0,0.0,0.0,0.0,
30,0.0,0.0,0.0,0.0,
30,0.0,0.0,0.0,0.0,
30,0.0,0.0,0.0,0.0,
30,0.0,0.0,0.0,0.0,
30,0.0,0.0,0.0,0.0,
30,0.0,0.0,0.0,0.0,
30,0.0,0.0,0.0,0.0,
30,0.0,0.0,0.0,0.0,
30,0.0,0.0,0.0,0.0,
30,0.0,0.0,0.0,0.0,
30,0.0,0.0,0.0,0.0,
30,0.0,0.0,0.0,0.0,
30,0.0,0.0,0.0,0.0,
30,0.0,0.0,0.0,0.0,
30,0.0,0.0,0.0,0.0,
30,0.0,0.0,0.0,0.0,
30,0.0,0.0,0.0,0.0,
30,0.0,0.0,0.0,0.0,
30,0.0,0.0,0.0,0.0,
30,0.0,0.0,0.0,0.0,
30,0.0,0.0,0.0,0.0,
30,0.0,0.0,0.0,0.0,
30,0.0,0.0,0.0,0.0,
30,0.0,0.0,0.0,0.0,
30,0.0,0.0,0.0,0.0,
30,0.0,0.0,0.0,0.0,
30,0.0,0.0,0.0,0.0,
30,0.0,0.0,0.0,0.0,
30,0.0,0.0,0.0,0.0,
30,0.0,0.0,0.0,0.0,
30,0.0,0.0,0.0,0.0,
30,0.0,0.0,0.0,0.0,
30,0.0,0.0,0.0,0.0,
30,0.0,0.0,0.0,0.0,
30,0.0,0.0,0.0,0.0,
30,0.0,0.0,0.0,0.0,
30,0.0,0.0,0.0,0.0,
30,0.0,0.0,0.0,0.0,
30,0.0,0.0,0.0,0.0,
30,0.0,0.0,0.0,0.0,
30,0.0,0.0,0.0,0.0,
30,0.0,0.0,0.0,0.0,
30,0.0,0.0,0.0,0.0,
30,0.0,0.0,0.0,0.0,
30,0.0,0.0,0.0,0.0,
30,0.0,0.0,0.0,0.0,
30,0.0,0.0,0.0,0.0,
30,0.0,0.0,0.0,0.0,
30,0.0,0.0,0.0,0.0,
30,0.0,0.0,0.0,0.0,
30,0.0,0.0,0.0,0.0,
30,0.0,0.0,0.0,0.0,
30,0.0,0.0,0.0,0.0,
30,0.0,0.0,0.0,0.0,
30,0.0,0.0,0.0,0.0,
30,0.0,0.0,0.0,0.0,
30,0.0,0.0,0.0,0.0,
30,0.0,0.0,0.0,0.0,
30,0.0,0.0,0.0,0.0,
30,0.0,0.0,0.0,0.0,
30,0.0,0.0,0.0,0.0,
30,0.0,0.0,0.0,0.0,
30,0.0,0.0,0.0,0.0,
30,0.0,0.0,0.0,0.0,
30,0.0,0.0,0.0,0.0,
30,0.0,0.0,0.0,0.0,
30,0.0,0.0,0.0,0.0,
30,0.0,0.0,0.0,0.0,
30,0.0,0.0,0.0,0.0,
30,0.0,0.0,0.0,0.0,
30,0.0,0.0,0.0,0.0,
30,0.0,0.0,0.0,0.0,
30,0.0,0.0,0.0,0.0,
30,0.0,0.0,0.0,0.0,
30,0.0,0.0,0.0,0.0,
30,0.0,0.0,0.0,0.0,
30,0.0,0.0,0.0,0.0,
30,0.0,0.0,0.0,0.0,
30,0.0,0.0,0.0,0.0,
30,0.0,0.0,0.0,0.0,
30,0.0,0.0,0.0,0.0,
30,0.0,0.0,0.0,0.0,
30,0.0,0.0,0.0,0.0,
30,0.0,0.0,0.0,0.0,
30,0.0,0.0,0.0,0.0,
30,0.0,0.0,0.0,0.0,
30,0.0,0.0,0.0,0.0,
30,0.0,0.0,0.0,0.0,
30,0.0,0.0,0.0,0.0,
30,0.0,0.0,0.0,0.0,
30,0.0,0.0,0.0,0.0,
30,0.0,0.0,0.0,0.0,
30,0.0,0.0,0.0,0.0,
30,0.0,0.0,0.0,0.0,
30,0.0,0.0,0.0,0.0,
30,0.0,0.0,0.0,0.0,
30,0.0,0.0,0.0,0.0,
30,0.0,0.0,0.0,0.0,
30,0.0,0.0,0.0,0.0,
30,0.0,0.0,0.0,0.0,
30,0.0,0.0,0.0,0.0,
30,0.0,0.0,0.0,0.0,
30,0.0,0.0,0.0,0.0,
30,0.0,0.0,0.0,0.0,
30,0.0,0.0,0.0,0.0,
30,0.0,0.0,0.0,0.0,
30,0.0,0.0,0.0,0.0,
30,0.0,0.0,0.0,0.0,
30,0.0,0.0,0.0,0.0,
30,0.0,0.0,0.0,0.0,
30,0.0,0.0,0.0,0.0,
30,0.0,0.0,0.0,0.0,
30,0.0,0.0,0.0,0.0,
30,0.0,0.0,0.0,0.0,
30,0.0,0.0,0.0,0.0,
30,0.0,0.0,0.0,0.0,
30,0.0,0.0,0.0,0.0,
30,0.0,0.0,0.0,0.0,
30,0.0,0.0,0.0,0.0,
30,0.0,0.0,0.0,0.0,
30,0.0,0.0,0.0,0.0,
30,0.0,0.0,0.0,0.0,
30,0.0,0.0,0.0,0.0,
30,0.0,0.0,0.0,0.0,
30,0.0,0.0,0.0,0.0,
30,0.0,0.0,0.0,0.0,
30,0.0,0.0,0.0,0.0,
30,0.0,0.0,0.0,0.0,
30,0.0,0.0,0.0,0.0,
30,0.0,0.0,0.0,0.0,
30,0.0,0.0,0.0,0.0,
30,0.0,0.0,0.0,0.0,
30,0.0,0.0,0.0,0.0,
30,0.0,0.0,0.0,0.0,
30,0.0,0.0,0.0,0.0,
30,0.0,0.0,0.0,0.0,
30,0.0,0.0,0.0,0.0,
30,0.0,0.0,0.0,0.0,
30,0.0,0.0,0.0,0.0,
30,0.0,0.0,0.0,0.0,
30,0.0,0.0,0.0,0.0,
30,0.0,0.0,0.0,0.0,
30,0.0,0.0,0.0,0.0,
30,0.0,0.0,0.0,0.0,
30,0.0,0.0,0.0,0.0,
30,0.0,0.0,0.0,0.0,
30,0.0,0.0,0.0,0.0,
30,0.0,0.0,0.0,0.0,
30,0.0,0.0,0.0,0.0,
30,0.0,0.0,0.0,0.0,
30,0.0,0.0,0.0,0.0,
30,0.0,0.0,0.0,0.0,
30,0.0,0.0,0.0,0.0,
30,0.0,0.0,0.0,0.0,
30,0.0,0.0,0.0,0.0,
30,0.0,0.0,0.0,0.0,
30,0.0,0.0,0.0,0.0,
30,0.0,0.0,0.0,0.0,
30,0.0,0.0,0.0,0.0,
30,0.0,0.0,0.0,0.0,
30,0.0,0.0,0.0,0.0,
30,0.0,0.0,0.0,0.0,
30,0.0,0.0,0.0,0.0,
30,0.0,0.0,0.0,0.0,
30,0.0,0.0,0.0,0.0,
30,0.0,0.0,0.0,0.0,
30,0.0,0.0,0.0,0.0,
30,0.0,0.0,0.0,0.0,
30,0.0,0.0,0.0,0.0,
30,0.0,0.0,0.0,0.0,
30,0.0,0.0,0.0,0.0,
30,0.0,0.0,0.0,0.0,
30,0.0,0.0,0.0,0.0,
30,0.0,0.0,0.0,0.0,
30,0.0,0.0,0.0,0.0,
30,0.0,0.0,0.0,0.0,
30,0.0,0.0,0.0,0.0,
30,0.0,0.0,0.0,0.0,
30,0.0,0.0,0.0,0.0,
30,0.0,0.0,0.0,0.0,
30,0.0,0.0,0.0,0.0,
30,0.0,0.0,0.0,0.0,
30,0.0,0.0,0.0,0.0,
30,0.0,0.0,0.0,0.0,
30,0.0,0.0,0.0,0.0,
25,0.0,0.0,0.0,0.0,
25,0.0,0.0,0.0,0.0,
25,0.0,0.0,0.0,0.0,
25,0.0,0.0,0.0,0.0,
25,0.0,0.0,0.0,0.0,
25,0.0,0.0,0.0,0.0,
25,0.0,0.0,0.0,0.0,
25,0.0,0.0,0.0,0.0,
25,0.0,0.0,0.0,0.0,
25,0.0,0.0,0.0,0.0,
25,0.0,0.0,0.0,0.0,
25,0.0,0.0,0.0,0.0,
25,0.0,0.0,0.0,0.0,
25,0.0,0.0,0.0,0.0,
25,0.0,0.0,0.0,0.0,
25,0.0,0.0,0.0,0.0,
25,0.0,0.0,0.0,0.0,
25,0.0,0.0,0.0,0.0,
25,0.0,0.0,0.0,0.0,
25,0.0,0.0,0.0,3.745193,
25,0.0,0.0,0.0,4.730312,
25,0.0,0.0,0.0,5.560903,
25,0.0,0.0,0.0,6.642601,
25,0.0,0.0,0.0,7.260715,
25,0.0,0.0,0.0,7.743617,
25,0.0,0.0,0.0,8.496943,
25,0.0,0.0,0.0,8.709419,
25,0.0,0.0,0.0,8.941213,
25,0.0,0.0,0.0,9.134373,
25,0.0,0.0,0.0,9.250269,
25,0.0,0.0,0.0,9.346849,
25,0.0,0.0,0.0,9.462746,
25,0.0,0.0,0.0,9.520694,
25,0.0,0.0,0.0,9.559325,
25,0.0,0.0,0.0,9.597959,
25,0.0,0.0,0.0,9.63659,
25,0.0,0.0,0.0,9.675222,
25,0.0,0.0,0.0,9.694538,
25,0.0,0.0,0.0,9.733171,
25,0.0,0.0,0.0,9.752486,
25,0.0,0.0,0.0,9.752486,
25,0.0,0.0,0.0,9.771803,
25,0.0,0.0,0.0,9.752486,
25,0.0,0.0,0.0,9.771803,
25,0.0,0.0,0.0,9.771803,
25,0.0,0.0,0.0,9.791119,
25,0.0,0.0,0.0,9.791119,
25,0.0,0.0,0.0,9.771803,
25,0.0,0.0,0.0,9.791119,
25,0.0,0.0,0.0,9.791119,
25,0.0,0.0,0.0,9.791119,
25,0.0,0.0,0.0,9.791119,
25,0.0,0.0,0.0,9.791119,
25,0.0,0.0,0.0,9.771803,
25,0.0,0.0,0.0,9.791119,
25,0.0,0.0,0.0,9.791119,
25,0.0,0.0,0.0,9.791119,
25,0.0,0.0,0.0,9.771803,
25,0.0,0.0,0.0,9.791119,
25,0.0,0.0,0.0,9.771803,
25,0.0,0.0,0.0,9.771803,
25,0.0,0.0,0.0,9.791119,
25,0.0,0.0,0.0,9.771803,
25,0.0,0.0,0.0,9.771803,
25,0.0,0.0,0.0,9.771803,
25,0.0,0.0,0.0,9.771803,
25,0.0,0.0,0.0,9.752486,
25,0.0,0.0,0.0,9.752486,
25,0.0,0.0,0.0,9.771803,
25,0.0,0.0,0.0,9.771803,
25,0.0,0.0,0.0,9.752486,
25,0.0,0.0,0.0,9.752486,
25,0.0,0.0,0.0,9.771803,
25,0.0,0.0,0.0,9.752486,
25,0.0,0.0,0.0,9.771803,
25,0.0,0.0,0.0,9.752486,
25,0.0,0.0,0.0,9.752486,
25,0.0,0.0,0.0,9.752486,
25,0.0,0.0,0.0,9.752486,
25,0.0,0.0,0.0,9.752486,
25,0.0,0.0,0.0,9.752486,
25,0.0,0.0,0.0,9.752486,
25,0.0,0.0,0.0,9.752486,
25,0.0,0.0,0.0,9.752486,
25,0.0,0.0,0.0,9.752486,
25,0.0,0.0,0.0,9.752486,
25,0.0,0.0,0.0,9.752486,
25,0.0,0.0,0.0,9.752486,
25,0.0,0.0,0.0,9.752486,
25,0.0,0.0,0.0,9.752486,
25,0.0,0.0,0.0,9.752486,
25,0.0,0.0,0.0,9.752486,
25,0.0,0.0,0.0,9.752486,
25,0.0,0.0,0.0,9.771803,
25,0.0,0.0,0.0,9.752486,
25,0.0,0.0,0.0,9.733171,
25,0.0,0.0,0.0,9.752486,
25,0.0,0.0,0.0,9.752486,
25,0.0,0.0,0.0,9.752486,
25,0.0,0.0,0.0,9.752486,
25,0.0,0.0,0.0,9.733171,
25,0.0,0.0,0.0,9.752486,
25,0.0,0.0,0.0,9.733171,
25,0.0,0.0,0.0,9.733171,
25,0.0,0.0,0.0,9.733171,
25,0.0,0.0,0.0,9.752486,
25,0.0,0.0,0.0,9.733171,
25,0.0,0.0,0.0,9.733171,
25,0.0,0.0,0.0,9.733171,
25,0.0,0.0,0.0,9.733171,
25,0.0,0.0,0.0,9.713855,
25,0.0,0.0,0.0,9.733171,
25,0.0,0.0,0.0,9.733171,
25,0.0,0.0,0.0,9.713855,
25,0.0,0.0,0.0,9.733171,
25,0.0,0.0,0.0,9.752486,
25,0.0,0.0,0.0,9.791119,
25,0.0,0.0,0.0,9.791119,
25,0.0,0.0,0.0,9.752486,
25,0.0,0.0,0.0,9.752486,
25,0.0,0.0,0.0,9.733171,
25,0.0,0.0,0.0,9.752486,
25,0.0,0.0,0.0,9.713855,
25,0.0,0.0,0.0,9.713855,
25,0.0,0.0,0.0,9.694538,
25,0.0,0.0,0.0,9.694538,
25,0.0,0.0,0.0,9.713855,
25,0.0,0.0,0.0,9.694538,
25,0.0,0.0,0.0,9.694538,
25,0.0,0.0,0.0,9.694538,
25,0.0,0.0,0.0,9.675222,
25,0.0,0.0,0.0,9.694538,
25,0.0,0.0,0.0,9.675222,
25,0.0,0.0,0.0,9.694538,
25,0.0,0.0,0.0,9.675222,
25,0.0,0.0,0.0,9.675222,
25,0.0,0.0,0.0,9.694538,
25,0.0,0.0,0.0,9.675222,
25,0.0,0.0,0.0,9.675222,
25,0.0,0.0,0.0,9.675222,
25,0.0,0.0,0.0,9.655906,
25,0.0,0.0,0.0,9.675222,
25,0.0,0.0,0.0,9.675222,
25,0.0,0.0,0.0,9.675222,
25,0.0,0.0,0.0,9.655906,
25,0.0,0.0,0.0,9.675222,
25,0.0,0.0,0.0,9.675222,
25,0.0,0.0,0.0,9.675222,
25,0.0,0.0,0.0,9.655906,
25,0.0,0.0,0.0,9.655906,
25,0.0,0.0,0.0,9.655906,
25,0.0,0.0,0.0,9.655906,
25,0.0,0.0,0.0,9.655906,
25,0.0,0.0,0.0,9.655906,
25,0.0,0.0,0.0,9.675222,
25,0.0,0.0,0.0,9.675222,
25,0.0,0.0,0.0,9.655906,
25,0.0,0.0,0.0,9.655906,
25,0.0,0.0,0.0,9.655906,
25,0.0,0.0,0.0,9.675222,
25,0.0,0.0,0.0,9.655906,
25,0.0,0.0,0.0,9.655906,
25,0.0,0.0,0.0,9.655906,
25,0.0,0.0,0.0,9.655906,
25,0.0,0.0,0.0,9.655906,
25,0.0,0.0,0.0,9.655906,
25,0.0,0.0,0.0,9.675222,
25,0.0,0.0,0.0,9.655906,
25,0.0,0.0,0.0,9.655906,
25,0.0,0.0,0.0,9.675222,
25,0.0,0.0,0.0,9.655906,
25,0.0,0.0,0.0,9.655906,
25,0.0,0.0,0.0,9.655906,
25,0.0,0.0,0.0,9.655906,
25,0.0,0.0,0.0,9.655906,
25,0.0,0.0,0.0,9.655906,
25,0.0,0.0,0.0,9.655906,
25,0.0,0.0,0.0,9.655906,
25,0.0,0.0,0.0,9.655906,
25,0.0,0.0,0.0,9.655906,
25,0.0,0.0,0.0,9.655906,
25,0.0,0.0,0.0,9.655906,
25,0.0,0.0,0.0,9.655906,
25,0.0,0.0,0.0,9.655906,
25,0.0,0.0,0.0,9.655906,
25,0.0,0.0,0.0,9.655906,
25,0.0,0.0,0.0,9.655906,
25,0.0,0.0,0.0,9.655906,
25,0.0,0.0,0.0,9.655906,
25,0.0,0.0,0.0,9.655906,
25,0.0,0.0,0.0,9.655906,
25,0.0,0.0,0.0,9.655906,
25,0.0,0.0,0.0,9.655906,
25,0.0,0.0,0.0,9.655906,
25,0.0,0.0,0.0,9.655906,
25,0.0,0.0,0.0,9.655906,
25,0.0,0.0,0.0,9.655906,
25,0.0,0.0,0.0,9.655906,
25,0.0,0.0,0.0,9.655906,
25,0.0,0.0,0.0,9.63659,
0,0.0,0.0,0.0,9.655906,
0,0.0,0.0,0.0,9.655906,
0,0.0,0.0,0.0,9.655906,
0,0.0,0.0,0.0,9.655906,
0,0.0,0.0,0.0,10.061543,
0,0.0,0.0,0.0,10.080859,
0,0.0,0.0,0.0,10.100175,
0,0.0,0.0,0.0,10.119492,
0,0.0,0.0,0.0,10.138808,
0,0.0,0.0,0.0,10.138808,
0,0.0,0.0,0.0,10.138808,
0,0.0,0.0,0.0,10.138808,
0,0.0,0.0,0.0,10.138808,
0,0.0,0.0,0.0,10.158124,
0,0.0,0.0,0.0,10.138808,
0,0.0,0.0,0.0,10.158124,
0,0.0,0.0,0.0,10.158124,
0,0.0,0.0,0.0,10.158124,
0,0.0,0.0,0.0,10.158124,
0,0.0,0.0,0.0,10.158124,
0,0.0,0.0,0.0,10.17744,
0,0.0,0.0,0.0,10.158124,
0,0.0,0.0,0.0,10.158124,
0,0.0,0.0,0.0,10.17744,
0,0.0,0.0,0.0,10.17744,
0,0.0,0.0,0.0,10.158124,
0,0.0,0.0,0.0,10.158124,
0,0.0,0.0,0.0,10.158124,
0,0.0,0.0,0.0,10.158124,
0,0.0,0.0,0.0,10.158124,
0,0.0,0.0,0.0,10.158124,
0,0.0,0.0,0.0,10.17744,
0,0.0,0.0,0.0,10.158124,
0,0.0,0.0,0.0,10.158124,
0,0.0,0.0,0.0,10.158124,
0,0.0,0.0,0.0,10.158124,
0,0.0,0.0,0.0,10.158124,
0,0.0,0.0,0.0,10.158124,
0,0.0,0.0,0.0,10.158124,
0,0.0,0.0,0.0,10.158124,
0,0.0,0.0,0.0,10.17744,
0,0.0,0.0,0.0,10.158124,
0,0.0,0.0,0.0,10.158124,
0,0.0,0.0,0.0,10.158124,
0,0.0,0.0,0.0,10.158124,
0,0.0,0.0,0.0,10.158124,
0,0.0,0.0,0.0,10.158124,
0,0.0,0.0,0.0,10.158124,
0,0.0,0.0,0.0,10.158124,
0,0.0,0.0,0.0,10.158124,
0,0.0,0.0,0.0,10.17744,
0,0.0,0.0,0.0,10.17744,
0,0.0,0.0,0.0,10.158124,
0,0.0,0.0,0.0,10.17744,
0,0.0,0.0,0.0,10.158124,
0,0.0,0.0,0.0,10.158124,
0,0.0,0.0,0.0,10.158124,
0,0.0,0.0,0.0,10.158124,
0,0.0,0.0,0.0,10.158124,
0,0.0,0.0,0.0,10.17744,
0,0.0,0.0,0.0,10.158124,
0,0.0,0.0,0.0,10.158124,
0,0.0,0.0,0.0,10.158124,
0,0.0,0.0,0.0,10.158124,
0,0.0,0.0,0.0,10.158124,
0,0.0,0.0,0.0,10.158124,
0,0.0,0.0,0.0,10.17744,
0,0.0,0.0,0.0,10.158124,
0,0.0,0.0,0.0,10.158124,
0,0.0,0.0,0.0,10.17744,
0,0.0,0.0,0.0,10.17744,
0,0.0,0.0,0.0,10.158124,
0,0.0,0.0,0.0,10.158124,
0,0.0,0.0,0.0,10.158124,
0,0.0,0.0,0.0,10.158124,
0,0.0,0.0,0.0,10.158124,
0,0.0,0.0,0.0,10.158124,
0,0.0,0.0,0.0,10.158124,
0,0.0,0.0,0.0,10.17744,
0,0.0,0.0,0.0,10.158124,
0,0.0,0.0,0.0,10.158124,
0,0.0,0.0,0.0,10.158124,
0,0.0,0.0,0.0,10.17744,
0,0.0,0.0,0.0,10.17744,
0,0.0,0.0,0.0,10.158124,
0,0.0,0.0,0.0,10.158124,
0,0.0,0.0,0.0,10.158124,
0,0.0,0.0,0.0,10.158124,
0,0.0,0.0,0.0,10.158124,
0,0.0,0.0,0.0,10.158124,
0,0.0,0.0,0.0,10.158124,
0,0.0,0.0,0.0,10.158124,
0,0.0,0.0,0.0,10.158124,
0,0.0,0.0,0.0,10.17744,
0,0.0,0.0,0.0,10.158124,
0,0.0,0.0,0.0,10.158124,
0,0.0,0.0,0.0,10.158124,
0,0.0,0.0,0.0,10.158124,
0,0.0,0.0,0.0,10.158124,
0,0.0,0.0,0.0,10.158124,
0,0.0,0.0,0.0,10.158124,
0,0.0,0.0,0.0,10.158124,
0,0.0,0.0,0.0,10.158124,
0,0.0,0.0,0.0,10.158124,
0,0.0,0.0,0.0,10.158124,
0,0.0,0.0,0.0,10.158124,
0,0.0,0.0,0.0,10.158124,
0,0.0,0.0,0.0,10.158124,
0,0.0,0.0,0.0,10.158124,
0,0.0,0.0,0.0,10.254704,
0,0.0,0.0,0.0,10.293336,
0,0.0,0.0,0.0,10.737605,
0,0.0,0.0,0.0,11.027346,
0,0.0,0.0,0.0,11.065978,
0,0.0,0.0,0.0,11.10461,
0,0.0,0.0,0.0,11.143243,
0,0.0,0.0,0.0,11.181874,
0,0.0,0.0,0.0,11.20119,
0,0.0,0.0,0.0,11.413668,
0,0.0,0.0,0.0,11.568195,
0,0.0,0.0,0.0,11.838621,
0,0.0,0.0,0.0,12.533998,
0,0.0,0.0,0.0,12.823739,
0,0.0,0.0,0.0,12.939636,
0,0.0,0.0,0.0,13.036216,
0,0.0,0.0,0.0,13.55775,
0,0.0,0.0,0.0,14.465604,
0,0.0,0.0,0.0,14.77466,
0,0.0,0.0,0.0,14.92919,
0,0.0,0.0,0.0,15.122351,
0,0.0,0.0,0.0,15.856359,
0,0.0,0.0,0.0,16.358578,
0,0.0,0.0,0.0,16.532423,
0,0.0,0.0,0.0,16.744898,
0,0.0,0.0,0.0,17.652754,
0,0.0,0.0,0.0,17.749332,
0,0.0,0.0,0.0,18.251551,
0,0.0,0.0,0.0,19.140089,
0,0.0,0.0,0.0,19.371881,
0,0.0,0.0,0.0,19.545727,
0,0.0,0.0,0.0,20.453581,
0,0.0,0.0,0.0,21.245539,
0,0.0,0.0,0.0,21.53528,
0,0.0,0.0,0.0,21.68981,
0,0.0,0.0,0.0,21.882969,
0,0.0,0.0,0.0,21.960234,
0,0.0,0.0,0.0,22.674927,
0,0.0,0.0,0.0,23.0033,
0,0.0,0.0,0.0,23.177145,
0,0.0,0.0,0.0,23.447569,
0,0.0,0.0,0.0,24.432688,
0,0.0,0.0,0.0,24.625851,
0,0.0,0.0,0.0,24.761061,
0,0.0,0.0,0.0,24.915588,
0,0.0,0.0,0.0,25.012169,
0,0.0,0.0,0.0,25.30191,
0,0.0,0.0,0.0,26.306347,
0,0.0,0.0,0.0,27.812996,
0,0.0,0.0,0.0,27.986843,
0,0.0,0.0,0.0,28.160686,
0,0.0,0.0,0.0,28.315214,
0,0.0,0.0,0.0,28.450428,
0,0.0,0.0,0.0,28.58564,
0,0.0,0.0,0.0,28.701536,
0,0.0,0.0,0.0,28.856064,
0,0.0,0.0,0.0,28.952646,
0,0.0,0.0,0.0,28.662905,
0,0.0,0.0,0.0,28.701536,
0,0.0,0.0,0.0,28.68222,
0,0.0,0.0,0.0,28.431112,
0,0.0,0.0,0.0,28.527693,
0,0.0,0.0,0.0,28.527693,
0,0.0,0.0,0.0,28.392481,
0,0.0,0.0,0.0,28.604956,
0,0.0,0.0,0.0,28.431112,
0,0.0,0.0,0.0,28.662905,
0,0.0,0.0,0.0,28.624273,
0,0.0,0.0,0.0,28.58564,
0,0.0,0.0,0.0,28.566324,
0,0.0,0.0,0.0,28.547009,
0,0.0,0.0,0.0,28.527693,
0,0.0,0.0,0.0,28.604956,
0,0.0,0.0,0.0,28.315214,
0,0.0,0.0,0.0,27.890263,
0,0.0,0.0,0.0,27.79368,
0,0.0,0.0,0.0,27.735733,
0,0.0,0.0,0.0,27.658468,
0,0.0,0.0,0.0,27.600521,
0,0.0,0.0,0.0,27.503941,
0,0.0,0.0,0.0,27.523258,
0,0.0,0.0,0.0,27.388046,
0,0.0,0.0,0.0,27.330097,
0,0.0,0.0,0.0,27.272146,
0,0.0,0.0,0.0,27.214199,
0,0.0,0.0,0.0,27.194883,
0,0.0,0.0,0.0,27.252831,
0,0.0,0.0,0.0,27.310781,
0,0.0,0.0,0.0,27.252831,
0,0.0,0.0,0.0,27.214199,
0,0.0,0.0,0.0,27.194883,
0,0.0,0.0,0.0,27.175568,
0,0.0,0.0,0.0,27.156252,
0,0.0,0.0,0.0,27.156252,
0,0.0,0.0,0.0,27.156252,
0,0.0,0.0,0.0,27.156252,
0,0.0,0.0,0.0,27.136936,
0,0.0,0.0,0.0,27.156252,
0,0.0,0.0,0.0,27.136936,
0,0.0,0.0,0.0,27.136936,
0,0.0,0.0,0.0,27.136936,
0,0.0,0.0,0.0,27.136936,
0,0.0,0.0,0.0,27.136936,
0,0.0,0.0,0.0,27.136936,
0,0.0,0.0,0.0,27.136936,
0,0.0,0.0,0.0,27.136936,
0,0.0,0.0,0.0,27.098303,
0,0.0,0.0,0.0,27.175568,
0,0.0,0.0,0.0,26.924459,
0,0.0,0.0,0.0,26.827881,
0,0.0,0.0,0.0,26.808563,
0,0.0,0.0,0.0,26.769932,
0,0.0,0.0,0.0,26.692665,
0,0.0,0.0,0.0,26.711981,
0,0.0,0.0,0.0,26.654034,
0,0.0,0.0,0.0,26.615402,
0,0.0,0.0,0.0,26.615402,
0,0.0,0.0,0.0,26.615402,
0,0.0,0.0,0.0,26.402925,
0,0.0,0.0,0.0,26.325663,
0,0.0,0.0,0.0,26.267715,
0,0.0,0.0,0.0,26.229082,
0,0.0,0.0,0.0,26.190449,
0,0.0,0.0,0.0,26.171131,
0,0.0,0.0,0.0,26.113184,
0,0.0,0.0,0.0,26.113184,
0,0.0,0.0,0.0,26.074553,
0,0.0,0.0,0.0,26.055237,
0,0.0,0.0,0.0,26.055237,
0,0.0,0.0,0.0,26.016603,
0,0.0,0.0,0.0,26.016603,
0,0.0,0.0,0.0,26.209766,
0,0.0,0.0,0.0,26.209766,
0,0.0,0.0,0.0,26.229082,
0,0.0,0.0,0.0,26.229082,
0,0.0,0.0,0.0,26.248398,
0,0.0,0.0,0.0,26.248398,
0,0.0,0.0,0.0,26.248398,
0,0.0,0.0,0.0,26.248398,
0,0.0,0.0,0.0,26.229082,
0,0.0,0.0,0.0,26.229082,
0,0.0,0.0,0.0,26.229082,
0,0.0,0.0,0.0,26.229082,
0,0.0,0.0,0.0,26.229082,
0,0.0,0.0,0.0,26.209766,
0,0.0,0.0,0.0,26.229082,
0,0.0,0.0,0.0,26.209766,
0,0.0,0.0,0.0,26.209766,
0,0.0,0.0,0.0,26.209766,
0,0.0,0.0,0.0,26.209766,
0,0.0,0.0,0.0,26.229082,
0,0.0,0.0,0.0,26.364294,
0,0.0,0.0,0.0,26.48019,
0,0.0,0.0,0.0,26.460875,
0,0.0,0.0,0.0,26.460875,
0,0.0,0.0,0.0,26.789248,
0,0.0,0.0,0.0,26.654034,
0,0.0,0.0,0.0,26.634718,
0,0.0,0.0,0.0,26.634718,
0,0.0,0.0,0.0,26.654034,
0,0.0,0.0,0.0,26.654034,
0,0.0,0.0,0.0,26.654034,
0,0.0,0.0,0.0,26.654034,
0,0.0,0.0,0.0,26.654034,
0,0.0,0.0,0.0,26.654034,
0,0.0,0.0,0.0,26.654034,
0,0.0,0.0,0.0,26.654034,
0,0.0,0.0,0.0,26.634718,
0,0.0,0.0,0.0,26.634718,
0,0.0,0.0,0.0,26.808563,
0,0.0,0.0,0.0,27.078987,
0,0.0,0.0,0.0,27.02104,
0,0.0,0.0,0.0,27.040356,
0,0.0,0.0,0.0,27.059671,
0,0.0,0.0,0.0,27.078987,
0,0.0,0.0,0.0,27.078987,
0,0.0,0.0,0.0,27.078987,
0,0.0,0.0,0.0,27.098303,
0,0.0,0.0,0.0,27.098303,
0,0.0,0.0,0.0,27.078987,
0,0.0,0.0,0.0,27.117619,
0,0.0,0.0,0.0,27.117619,
0,0.0,0.0,0.0,27.098303,
0,0.0,0.0,0.0,27.098303,
0,0.0,0.0,0.0,27.098303,
0,0.0,0.0,0.0,27.078987,
0,0.0,0.0,0.0,27.098303,
0,0.0,0.0,0.0,27.098303,
0,0.0,0.0,0.0,27.098303,
0,0.0,0.0,0.0,27.098303,
0,0.0,0.0,0.0,27.098303,
0,0.0,0.0,0.0,27.098303,
0,0.0,0.0,0.0,27.078987,
0,0.0,0.0,0.0,27.098303,
0,0.0,0.0,0.0,27.078987,
0,0.0,0.0,0.0,27.078987,
0,0.0,0.0,0.0,27.078987,
0,0.0,0.0,0.0,27.098303,
0,0.0,0.0,0.0,27.098303,
0,0.0,0.0,0.0,27.078987,
0,0.0,0.0,0.0,27.078987,
0,0.0,0.0,0.0,27.078987,
0,0.0,0.0,0.0,27.078987,
0,0.0,0.0,0.0,27.078987,
0,0.0,0.0,0.0,27.078987,
0,0.0,0.0,0.0,27.078987,
0,0.0,0.0,0.0,27.078987,
0,0.0,0.0,0.0,27.059671,
0,0.0,0.0,0.0,27.078987,
0,0.0,0.0,0.0,27.078987,
0,0.0,0.0,0.0,27.059671,
0,0.0,0.0,0.0,27.078987,
0,0.0,0.0,0.0,27.059671,
0,0.0,0.0,0.0,27.059671,
0,0.0,0.0,0.0,27.059671,
0,0.0,0.0,0.0,27.059671,
0,0.0,0.0,0.0,27.078987,
0,0.0,0.0,0.0,27.059671,
0,0.0,0.0,0.0,27.078987,
0,0.0,0.0,0.0,27.078987,
0,0.0,0.0,0.0,27.059671,
0,0.0,0.0,0.0,27.059671,
0,0.0,0.0,0.0,27.059671,
0,0.0,0.0,0.0,27.059671,
0,0.0,0.0,0.0,27.059671,
0,0.0,0.0,0.0,27.059671,
0,0.0,0.0,0.0,27.059671,
0,0.0,0.0,0.0,27.059671,
0,0.0,0.0,0.0,27.040356,
0,0.0,0.0,0.0,27.059671,
0,0.0,0.0,0.0,27.059671,
0,0.0,0.0,0.0,27.059671,
0,0.0,0.0,0.0,27.059671,
0,0.0,0.0,0.0,27.059671,
0,0.0,0.0,0.0,27.040356,
0,0.0,0.0,0.0,27.040356,
0,0.0,0.0,0.0,27.059671,
0,0.0,0.0,0.0,27.059671,
0,0.0,0.0,0.0,27.059671,
0,0.0,0.0,0.0,27.040356,
0,0.0,0.0,0.0,27.059671,
0,0.0,0.0,0.0,27.040356,
0,0.0,0.0,0.0,27.040356,
0,0.0,0.0,0.0,27.040356,
0,0.0,0.0,0.0,27.059671,
0,0.0,0.0,0.0,27.040356,
0,0.0,0.0,0.0,27.059671,
0,0.0,0.0,0.0,27.040356,
0,0.0,0.0,0.0,27.040356,
0,0.0,0.0,0.0,27.059671,
0,0.0,0.0,0.0,27.040356,
0,0.0,0.0,0.0,27.040356,
0,0.0,0.0,0.0,27.040356,
0,0.0,0.0,0.0,27.040356,
0,0.0,0.0,0.0,27.059671,
0,0.0,0.0,0.0,27.040356,
0,0.0,0.0,0.0,27.059671,
0,0.0,0.0,0.0,27.059671,
0,0.0,0.0,0.0,27.040356,
0,0.0,0.0,0.0,27.059671,
0,0.0,0.0,0.0,27.059671,
0,0.0,0.0,0.0,27.059671,
0,0.0,0.0,0.0,27.040356,
0,0.0,0.0,0.0,27.059671,
0,0.0,0.0,0.0,27.040356,
0,0.0,0.0,0.0,27.040356,
0,0.0,0.0,0.0,27.059671,
0,0.0,0.0,0.0,27.059671,
0,0.0,0.0,0.0,27.059671,
0,0.0,0.0,0.0,27.059671,
0,0.0,0.0,0.0,27.059671,
0,0.0,0.0,0.0,27.040356,
0,0.0,0.0,0.0,27.040356,
0,0.0,0.0,0.0,27.040356,
0,0.0,0.0,0.0,27.059671,
0,0.0,0.0,0.0,27.040356,
0,0.0,0.0,0.0,27.040356,
0,0.0,0.0,0.0,27.059671,
0,0.0,0.0,0.0,27.040356,
0,0.0,0.0,0.0,27.040356,
0,0.0,0.0,0.0,27.040356,
0,0.0,0.0,0.0,27.040356,
0,0.0,0.0,0.0,27.059671,
0,0.0,0.0,0.0,27.040356,
0,0.0,0.0,0.0,27.059671,
0,0.0,0.0,0.0,27.059671,
0,0.0,0.0,0.0,27.040356,
0,0.0,0.0,0.0,27.040356,
0,0.0,0.0,0.0,27.059671,
0,0.0,0.0,0.0,27.059671,
0,0.0,0.0,0.0,27.040356,
0,0.0,0.0,0.0,27.02104,
0,0.0,0.0,0.0,27.059671,
0,0.0,0.0,0.0,27.040356,
0,0.0,0.0,0.0,27.040356,
0,0.0,0.0,0.0,27.040356,
0,0.0,0.0,0.0,27.040356,
0,0.0,0.0,0.0,27.040356,
0,0.0,0.0,0.0,27.040356,
0,0.0,0.0,0.0,27.040356,
0,0.0,0.0,0.0,27.02104,
0,0.0,0.0,0.0,27.040356,
0,0.0,0.0,0.0,27.059671,
0,0.0,0.0,0.0,27.040356,
0,0.0,0.0,0.0,27.040356,
0,0.0,0.0,0.0,27.02104,
0,0.0,0.0,0.0,27.040356,
0,0.0,0.0,0.0,27.040356,
0,0.0,0.0,0.0,27.040356,
0,0.0,0.0,0.0,27.02104,
0,0.0,0.0,0.0,27.040356,
0,0.0,0.0,0.0,27.040356,
0,0.0,0.0,0.0,27.02104,
0,0.0,0.0,0.0,27.040356,
0,0.0,0.0,0.0,27.059671,
0,0.0,0.0,0.0,27.040356,
0,0.0,0.0,0.0,27.02104,
0,0.0,0.0,0.0,27.040356,
0,0.0,0.0,0.0,27.040356,
0,0.0,0.0,0.0,27.02104,
0,0.0,0.0,0.0,27.040356,
0,0.0,0.0,0.0,27.040356,
0,0.0,0.0,0.0,27.02104,
0,0.0,0.0,0.0,27.02104,
0,0.0,0.0,0.0,27.040356,
0,0.0,0.0,0.0,27.040356,
0,0.0,0.0,0.0,27.040356,
0,0.0,0.0,0.0,27.02104,
0,0.0,0.0,0.0,27.040356,
0,0.0,0.0,0.0,27.02104,
0,0.0,0.0,0.0,27.02104,
0,0.0,0.0,0.0,27.040356,
0,0.0,0.0,0.0,27.02104,
0,0.0,0.0,0.0,27.040356,
0,0.0,0.0,0.0,27.040356,
0,0.0,0.0,0.0,27.02104,
0,0.0,0.0,0.0,27.040356,
0,0.0,0.0,0.0,27.040356,
0,0.0,0.0,0.0,27.02104,
0,0.0,0.0,0.0,27.02104,
0,0.0,0.0,0.0,27.040356,
0,0.0,0.0,0.0,27.040356,
0,0.0,0.0,0.0,27.040356,
0,0.0,0.0,0.0,27.02104,
0,0.0,0.0,0.0,27.040356,
0,0.0,0.0,0.0,27.02104,
0,0.0,0.0,0.0,27.02104,
0,0.0,0.0,0.0,27.02104,
0,0.0,0.0,0.0,27.02104,
0,0.0,0.0,0.0,27.02104,
0,0.0,0.0,0.0,27.02104,
0,0.0,0.0,0.0,27.02104,
0,0.0,0.0,0.0,27.02104,
0,0.0,0.0,0.0,27.02104,
0,0.0,0.0,0.0,27.02104,
0,0.0,0.0,0.0,27.02104,
0,0.0,0.0,0.0,27.02104,
0,0.0,0.0,0.0,27.040356,
0,0.0,0.0,0.0,27.02104,
0,0.0,0.0,0.0,27.02104,
0,0.0,0.0,0.0,27.001724,
0,0.0,0.0,0.0,27.02104,
0,0.0,0.0,0.0,27.02104,
0,0.0,0.0,0.0,27.001724,
0,0.0,0.0,0.0,27.040356,
0,0.0,0.0,0.0,27.02104,
0,0.0,0.0,0.0,27.02104,
0,0.0,0.0,0.0,27.02104,
0,0.0,0.0,0.0,27.02104,
0,0.0,0.0,0.0,27.02104,
0,0.0,0.0,0.0,27.001724,
0,0.0,0.0,0.0,27.02104,
0,0.0,0.0,0.0,27.02104,
0,0.0,0.0,0.0,27.02104,
0,0.0,0.0,0.0,27.02104,
0,0.0,0.0,0.0,27.02104,
0,0.0,0.0,0.0,27.02104,
0,0.0,0.0,0.0,27.02104,
0,0.0,0.0,0.0,27.02104,
0,0.0,0.0,0.0,27.02104,
0,0.0,0.0,0.0,27.02104,
0,0.0,0.0,0.0,27.001724,
0,0.0,0.0,0.0,27.040356,
0,0.0,0.0,0.0,27.040356,
0,0.0,0.0,0.0,27.02104,
0,0.0,0.0,0.0,27.001724,
0,0.0,0.0,0.0,27.02104,
0,0.0,0.0,0.0,27.02104,
0,0.0,0.0,0.0,27.02104,
0,0.0,0.0,0.0,27.040356,
0,0.0,0.0,0.0,27.02104,
0,0.0,0.0,0.0,27.02104,
0,0.0,0.0,0.0,27.02104,
0,0.0,0.0,0.0,27.02104,
0,0.0,0.0,0.0,27.02104,
0,0.0,0.0,0.0,27.040356,
0,0.0,0.0,0.0,27.040356,
0,0.0,0.0,0.0,27.02104,
0,0.0,0.0,0.0,27.001724,
0,0.0,0.0,0.0,27.02104,
0,0.0,0.0,0.0,27.02104,
0,0.0,0.0,0.0,27.02104,
0,0.0,0.0,0.0,27.02104,
0,0.0,0.0,0.0,27.001724,
0,0.0,0.0,0.0,27.02104,
5,0.0,0.0,0.0,27.02104,
5,0.0,0.0,0.0,27.02104,
5,0.0,0.0,0.0,27.040356,
5,0.0,0.0,0.0,27.02104,
5,0.0,0.0,0.0,27.02104,
5,0.0,0.0,0.0,27.001724,
5,0.0,0.0,0.0,27.02104,
5,0.0,0.0,0.0,27.001724,
5,0.0,0.0,0.0,26.827881,
5,0.0,0.0,0.0,26.827881,
5,0.0,0.0,0.0,26.808563,
5,0.0,0.0,0.0,26.808563,
5,0.0,0.0,0.0,26.808563,
5,0.0,0.0,0.0,26.808563,
5,0.0,0.0,0.0,26.789248,
5,0.0,0.0,0.0,26.789248,
5,0.0,0.0,0.0,26.789248,
5,0.0,0.0,0.0,26.769932,
5,0.0,0.0,0.0,26.769932,
5,0.0,0.0,0.0,26.769932,
5,0.0,0.0,0.0,26.750616,
5,0.0,0.0,0.0,26.769932,
5,0.0,0.0,0.0,26.750616,
5,0.0,0.0,0.0,26.769932,
5,0.0,0.0,0.0,26.769932,
5,0.0,0.0,0.0,26.750616,
5,0.0,0.0,0.0,26.750616,
5,0.0,0.0,0.0,26.750616,
5,0.0,0.0,0.0,26.750616,
5,0.0,0.0,0.0,26.750616,
5,0.0,0.0,0.0,26.750616,
5,0.0,0.0,0.0,26.750616,
10,0.0,0.0,0.0,26.750616,
10,0.0,0.0,0.0,26.750616,
10,0.0,0.0,0.0,26.769932,
10,3.13025,0.0,0.0,26.576771,
10,0.0,0.0,0.0,26.576771,
10,0.0,0.0,0.0,26.538137,
10,0.0,0.0,0.0,26.538137,
10,0.0,0.0,0.0,26.538137,
10,0.0,0.0,0.0,26.538137,
10,0.0,0.0,0.0,26.538137,
10,0.0,0.0,0.0,26.538137,
10,0.0,0.0,0.0,26.538137,
10,0.0,0.0,0.0,26.538137,
15,0.0,0.0,0.0,26.538137,
15,0.0,0.0,0.0,26.538137,
15,0.0,0.0,0.0,26.538137,
15,0.0,0.0,0.0,26.518822,
15,0.0,0.0,0.0,26.518822,
15,0.0,0.0,0.0,26.538137,
15,0.0,0.0,0.0,26.518822,
15,0.0,0.0,0.0,26.518822,
15,0.0,0.0,0.0,26.518822,
15,0.0,0.0,0.0,26.229082,
15,0.0,0.0,0.0,26.209766,
15,0.0,0.0,0.0,26.209766,
15,0.0,0.0,0.0,26.190449,
15,0.0,0.0,0.0,26.190449,
15,0.0,0.0,0.0,26.171131,
15,0.0,0.0,0.0,26.171131,
15,0.0,0.0,0.0,26.171131,
15,0.0,0.0,0.0,26.151815,
15,0.0,0.0,0.0,26.171131,
15,0.0,0.0,0.0,26.171131,
20,0.0,0.0,0.0,26.151815,
20,0.0,0.0,0.0,26.151815,
20,0.0,0.0,0.0,26.151815,
20,0.0,0.0,0.0,26.151815,
20,0.0,0.0,0.0,26.151815,
20,0.0,0.0,0.0,26.171131,
20,0.0,0.0,0.0,26.151815,
20,2.831217,0.0,0.0,25.862076,
20,2.831217,0.0,0.0,25.84276,
20,2.831217,0.0,0.0,25.84276,
20,2.831217,0.0,0.0,25.823444,
20,2.831217,0.0,0.0,25.804129,
20,2.831217,0.0,0.0,25.823444,
20,2.831217,0.0,0.0,25.804129,
20,2.831217,0.0,0.0,25.804129,
20,2.831217,0.0,0.0,25.804129,
20,2.831217,0.0,0.0,25.804129,
25,2.831217,0.0,0.0,25.804129,
25,2.831217,0.0,0.0,25.804129,
25,2.831217,0.0,0.0,25.804129,
25,2.831217,0.0,0.0,25.784813,
25,2.831217,0.0,0.0,25.804129,
25,2.831217,0.0,0.0,25.804129,
25,2.831217,0.0,0.0,25.784813,
25,2.831217,0.0,0.0,25.804129,
25,3.256158,0.0,0.0,25.379175,
25,3.256158,0.0,0.0,25.398491,
25,3.256158,0.0,0.0,25.379175,
25,3.256158,0.0,0.0,25.379175,
25,3.256158,0.0,0.0,25.340544,
25,3.256158,0.0,0.0,25.340544,
25,3.256158,0.0,0.0,25.359859,
25,3.256158,0.0,0.0,25.340544,
25,3.256158,0.0,0.0,25.321228,
25,3.256158,0.0,0.0,25.321228,
25,3.256158,0.0,0.0,25.321228,
25,3.256158,0.0,0.0,25.321228,
25,3.256158,0.0,0.0,25.321228,
25,3.256158,0.0,0.0,25.340544,
25,3.256158,0.0,0.0,25.340544,
25,3.256158,0.0,0.0,25.340544,
25,3.256158,0.0,0.0,25.340544,
25,3.256158,0.0,0.0,25.340544,
25,3.24042,0.0,0.0,25.340544,
25,3.256158,0.0,0.0,25.340544,
25,3.24042,0.0,0.0,25.321228,
25,3.256158,0.0,0.0,25.340544,
25,3.256158,0.0,0.0,25.340544,
25,3.24042,0.0,0.0,25.321228,
25,3.256158,0.0,0.0,25.321228,
25,3.24042,0.0,0.0,25.30191,
25,3.256158,0.0,0.0,25.321228,
25,3.24042,0.0,0.0,25.321228,
25,3.24042,0.0,0.0,25.321228,
25,3.256158,0.0,0.0,25.321228,
25,3.24042,0.0,0.0,25.321228,
25,3.24042,0.0,0.0,25.321228,
25,3.24042,0.0,0.0,25.321228,
25,3.24042,0.0,0.0,25.321228,
25,3.256158,0.0,0.0,25.321228,
25,3.24042,0.0,0.0,25.321228,
25,3.256158,0.0,0.0,25.321228,
25,3.24042,0.0,0.0,25.321228,
25,3.256158,0.0,0.0,25.30191,
25,3.256158,0.0,0.0,25.321228,
25,3.24042,0.0,0.0,25.30191,
25,3.24042,0.0,0.0,25.30191,
25,3.256158,0.0,0.0,25.321228,
25,3.24042,0.0,0.0,25.321228,
25,3.256158,0.0,0.0,25.321228,
25,3.24042,0.0,0.0,25.30191,
25,3.256158,0.0,0.0,25.30191,
25,3.24042,0.0,0.0,25.321228,
25,3.24042,0.0,0.0,25.321228,
25,3.24042,0.0,0.0,25.321228,
25,3.256158,0.0,0.0,25.30191,
25,3.24042,0.0,0.0,25.321228,
25,3.256158,0.0,0.0,25.321228,
25,3.256158,0.0,0.0,25.321228,
25,3.24042,0.0,0.0,25.30191,
25,3.24042,0.0,0.0,25.30191,
25,3.256158,0.0,0.0,25.30191,
25,3.256158,0.0,0.0,25.321228,
25,3.24042,0.0,0.0,25.30191,
25,3.256158,0.0,0.0,25.321228,
25,3.256158,0.0,0.0,25.321228,
25,3.256158,0.0,0.0,25.30191,
25,3.24042,0.0,0.0,25.321228,
25,3.24042,0.0,0.0,25.321228,
25,3.256158,0.0,0.0,25.30191,
25,3.256158,0.0,0.0,25.321228,
25,3.24042,0.0,0.0,25.30191,
25,3.256158,0.0,0.0,25.30191,
25,3.256158,0.0,0.0,25.321228,
25,3.256158,0.0,0.0,25.321228,
25,3.24042,0.0,0.0,25.30191,
25,3.24042,0.0,0.0,25.30191,
25,3.24042,0.0,0.0,25.321228,
25,3.24042,0.0,0.0,25.321228,
25,3.256158,0.0,0.0,25.321228,
25,3.256158,0.0,0.0,25.321228,
25,3.24042,0.0,0.0,25.321228,
25,3.256158,0.0,0.0,25.321228,
25,3.256158,0.0,0.0,25.321228,
25,3.256158,0.0,0.0,25.321228,
25,3.256158,0.0,0.0,25.321228,
25,3.256158,0.0,0.0,25.321228,
25,3.256158,0.0,0.0,25.321228,
25,3.256158,0.0,0.0,25.321228,
25,3.24042,0.0,0.0,25.321228,
25,3.24042,0.0,0.0,25.321228,
25,3.256158,0.0,0.0,25.340544,
25,3.256158,0.0,0.0,25.321228,
25,3.256158,0.0,0.0,25.321228,
25,3.256158,0.0,0.0,25.321228,
25,3.256158,0.0,0.0,25.340544,
25,3.256158,0.0,0.0,25.340544,
25,3.256158,0.0,0.0,25.321228,
30,3.24042,0.0,0.0,25.340544,
30,3.256158,0.0,0.0,25.321228,
30,3.256158,0.0,0.0,25.340544,
30,3.256158,0.0,0.0,25.321228,
30,3.256158,0.0,0.0,25.340544,
30,3.256158,0.0,0.0,25.340544,
30,3.256158,0.0,0.0,25.321228,
30,3.523714,0.0,0.0,23.35099,
30,3.35059,0.0,0.0,21.979549,
30,3.303374,0.0,0.0,21.593227,
30,3.287635,0.0,0.0,21.496649,
30,3.287635,0.0,0.0,21.458015,
30,3.271897,0.0,0.0,21.419384,
30,3.287635,0.0,0.0,21.419384,
30,3.287635,0.0,0.0,21.400066,
30,3.287635,0.0,0.0,21.419384,
30,3.287635,0.0,0.0,21.419384,
30,3.287635,0.0,0.0,21.419384,
30,3.271897,0.0,0.0,21.419384,
30,3.287635,0.0,0.0,21.419384,
30,3.287635,0.0,0.0,21.400066,
30,3.287635,0.0,0.0,21.400066,
30,3.287635,0.0,0.0,21.400066,
30,3.271897,0.0,0.0,21.400066,
30,3.287635,0.0,0.0,21.419384,
30,3.271897,0.0,0.0,21.419384,
30,3.271897,0.0,0.0,21.400066,
30,3.271897,0.0,0.0,21.419384,
30,3.287635,0.0,0.0,21.400066,
30,3.287635,0.0,0.0,21.400066,
30,3.287635,0.0,0.0,21.400066,
30,3.287635,0.0,0.0,21.400066,
30,3.287635,0.0,0.0,21.400066,
30,3.287635,0.0,0.0,21.419384,
30,3.287635,0.0,0.0,21.400066,
30,3.287635,0.0,0.0,21.400066,
30,3.287635,0.0,0.0,21.400066,
30,3.287635,0.0,0.0,21.400066,
30,3.271897,0.0,0.0,21.400066,
30,3.287635,0.0,0.0,21.419384,
30,3.287635,0.0,0.0,21.380751,
30,3.287635,0.0,0.0,21.400066,
30,3.287635,0.0,0.0,21.400066,
30,3.287635,0.0,0.0,21.400066,
30,3.287635,0.0,0.0,21.400066,
30,3.271897,0.0,0.0,21.380751,
30,3.271897,0.0,0.0,21.380751,
30,3.287635,0.0,0.0,21.380751,
30,3.287635,0.0,0.0,21.380751,
30,3.287635,0.0,0.0,21.400066,
30,3.287635,0.0,0.0,21.380751,
30,3.271897,0.0,0.0,21.400066,
30,3.271897,0.0,0.0,21.380751,
30,3.287635,0.0,0.0,21.380751,
30,3.271897,0.0,0.0,21.380751,
30,3.271897,0.0,0.0,21.380751,
30,3.271897,0.0,0.0,21.400066,
30,3.271897,0.0,0.0,21.361435,
30,3.271897,0.0,0.0,21.380751,
30,3.271897,0.0,0.0,21.380751,
30,3.287635,0.0,0.0,21.361435,
30,3.271897,0.0,0.0,21.380751,
30,3.271897,0.0,0.0,21.380751,
30,3.287635,0.0,0.0,21.361435,
30,3.287635,0.0,0.0,21.380751,
30,3.287635,0.0,0.0,21.380751,
30,3.271897,0.0,0.0,21.380751,
30,3.271897,0.0,0.0,21.380751,
30,3.287635,0.0,0.0,21.380751,
30,3.271897,0.0,0.0,21.380751,
30,3.287635,0.0,0.0,21.361435,
30,3.271897,0.0,0.0,21.361435,
30,3.271897,0.0,0.0,21.361435,
30,3.287635,0.0,0.0,21.380751,
30,3.271897,0.0,0.0,21.380751,
30,3.271897,0.0,0.0,21.380751,
30,3.287635,0.0,0.0,21.380751,
30,3.287635,0.0,0.0,21.361435,
30,3.271897,0.0,0.0,21.361435,
30,3.271897,0.0,0.0,21.400066,
30,3.271897,0.0,0.0,21.361435,
30,3.271897,0.0,0.0,21.361435,
30,3.271897,0.0,0.0,21.361435,
30,3.287635,0.0,0.0,21.361435,
30,3.271897,0.0,0.0,21.361435,
30,3.271897,0.0,0.0,21.361435,
30,3.271897,0.0,0.0,21.380751,
30,3.271897,0.0,0.0,21.380751,
30,3.287635,0.0,0.0,21.380751,
30,3.287635,0.0,0.0,21.361435,
30,3.271897,0.0,0.0,21.380751,
30,3.271897,0.0,0.0,21.361435,
30,3.287635,0.0,0.0,21.380751,
30,3.271897,0.0,0.0,21.380751,
30,3.287635,0.0,0.0,21.380751,
30,3.271897,0.0,0.0,21.380751,
30,3.271897,0.0,0.0,21.361435,
30,3.287635,0.0,0.0,21.380751,
30,3.271897,0.0,0.0,21.361435,
30,3.271897,0.0,0.0,21.361435,
30,3.271897,0.0,0.0,21.361435,
30,3.287635,0.0,0.0,21.380751,
30,3.287635,0.0,0.0,21.361435,
30,3.271897,0.0,0.0,21.342119,
30,3.287635,0.0,0.0,21.361435,
30,3.271897,0.0,0.0,21.361435,
30,3.287635,0.0,0.0,21.361435,
30,3.287635,0.0,0.0,21.361435,
30,3.271897,0.0,0.0,21.361435,
30,3.271897,0.0,0.0,21.361435,
30,3.287635,0.0,0.0,21.342119,
30,3.287635,0.0,0.0,21.361435,
30,3.271897,0.0,0.0,21.361435,
30,3.271897,0.0,0.0,21.361435,
30,3.271897,0.0,0.0,21.361435,
30,3.271897,0.0,0.0,21.342119,
30,3.271897,0.0,0.0,21.361435,
30,3.271897,0.0,0.0,21.361435,
30,3.271897,0.0,0.0,21.361435,
30,3.271897,0.0,0.0,21.361435,
30,3.271897,0.0,0.0,21.361435,
30,3.271897,0.0,0.0,21.361435,
30,3.271897,0.0,0.0,21.342119,
30,3.271897,0.0,0.0,21.342119,
30,3.287635,0.0,0.0,21.380751,
30,3.271897,0.0,0.0,21.342119,
30,3.271897,0.0,0.0,21.342119,
30,3.256158,0.0,0.0,21.361435,
30,3.271897,0.0,0.0,21.361435,
30,3.287635,0.0,0.0,21.361435,
30,3.287635,0.0,0.0,21.361435,
30,3.287635,0.0,0.0,21.361435,
30,3.271897,0.0,0.0,21.342119,
30,3.271897,0.0,0.0,21.361435,
30,3.287635,0.0,0.0,21.361435,
30,3.271897,0.0,0.0,21.361435,
30,3.271897,0.0,0.0,21.361435,
30,3.287635,0.0,0.0,21.342119,
30,3.271897,0.0,0.0,21.342119,
30,3.271897,0.0,0.0,21.361435,
30,3.271897,0.0,0.0,21.361435,
30,3.271897,0.0,0.0,21.361435,
30,3.271897,0.0,0.0,21.342119,
30,3.271897,0.0,0.0,21.361435,
30,3.271897,0.0,0.0,21.361435,
30,3.271897,0.0,0.0,21.361435,
30,3.287635,0.0,0.0,21.361435,
30,3.271897,0.0,0.0,21.361435,
30,3.287635,0.0,0.0,21.361435,
30,3.287635,0.0,0.0,21.361435,
30,3.287635,0.0,0.0,21.361435,
30,3.271897,0.0,0.0,21.342119,
30,3.271897,0.0,0.0,21.361435,
30,3.287635,0.0,0.0,21.342119,
30,3.287635,0.0,0.0,21.361435,
30,3.287635,0.0,0.0,21.342119,
30,3.271897,0.0,0.0,21.342119,
30,3.287635,0.0,0.0,21.361435,
30,3.271897,0.0,0.0,21.342119,
30,3.287635,0.0,0.0,21.361435,
30,3.271897,0.0,0.0,21.342119,
30,3.271897,0.0,0.0,21.342119,
30,3.287635,0.0,0.0,21.361435,
30,3.271897,0.0,0.0,21.361435,
30,3.271897,0.0,0.0,21.361435,
30,3.287635,0.0,0.0,21.361435,
30,3.287635,0.0,0.0,21.361435,
30,3.271897,0.0,0.0,21.361435,
30,3.271897,0.0,0.0,21.361435,
30,3.271897,0.0,0.0,21.342119,
30,3.271897,0.0,0.0,21.342119,
30,3.271897,0.0,0.0,21.342119,
30,3.271897,0.0,0.0,21.342119,
30,3.271897,0.0,0.0,21.342119,
30,3.287635,0.0,0.0,21.342119,
30,3.271897,0.0,0.0,21.342119,
30,3.287635,0.0,0.0,21.342119,
30,3.287635,0.0,0.0,21.361435,
30,3.271897,0.0,0.0,21.342119,
30,3.271897,0.0,0.0,21.361435,
30,3.287635,0.0,0.0,21.361435,
30,3.287635,0.0,0.0,21.342119,
30,3.287635,0.0,0.0,21.361435,
30,3.271897,0.0,0.0,21.342119,
30,3.271897,0.0,0.0,21.342119,
30,3.271897,0.0,0.0,21.342119,
30,3.271897,0.0,0.0,21.342119,
30,3.271897,0.0,0.0,21.342119,
30,3.271897,0.0,0.0,21.342119,
30,3.271897,0.0,0.0,21.361435,
30,3.271897,0.0,0.0,21.342119,
30,3.271897,0.0,0.0,21.342119,
30,3.271897,0.0,0.0,21.342119,
30,3.287635,0.0,0.0,21.342119,
30,3.287635,0.0,0.0,21.342119,
30,3.271897,0.0,0.0,21.342119,
30,3.271897,0.0,0.0,21.342119,
30,3.287635,0.0,0.0,21.342119,
30,3.271897,0.0,0.0,21.322803,
30,3.271897,0.0,0.0,21.342119,
30,3.271897,0.0,0.0,21.342119,
30,3.271897,0.0,0.0,21.361435,
30,3.271897,0.0,0.0,21.342119,
30,3.287635,0.0,0.0,21.342119,
30,3.271897,0.0,0.0,21.342119,
30,3.271897,0.0,0.0,21.342119,
30,3.271897,0.0,0.0,21.361435,
30,3.271897,0.0,0.0,21.322803,
30,3.271897,0.0,0.0,21.342119,
30,3.271897,0.0,0.0,21.342119,
30,3.271897,0.0,0.0,21.342119,
30,3.271897,0.0,0.0,21.342119,
30,3.271897,0.0,0.0,21.342119,
30,3.271897,0.0,0.0,21.342119,
30,3.271897,0.0,0.0,21.342119,
30,3.271897,0.0,0.0,21.342119,
30,3.271897,0.0,0.0,21.342119,
30,3.287635,0.0,0.0,21.322803,
30,3.271897,0.0,0.0,21.342119,
30,3.287635,0.0,0.0,21.342119,
30,3.271897,0.0,0.0,21.342119,
30,3.271897,0.0,0.0,21.342119,
30,3.271897,0.0,0.0,21.322803,
30,3.271897,0.0,0.0,21.322803,
30,3.271897,0.0,0.0,21.342119,
30,3.271897,0.0,0.0,21.342119,
30,3.271897,0.0,0.0,21.342119,
30,3.256158,0.0,0.0,21.342119,
30,3.271897,0.0,0.0,21.342119,
30,3.287635,0.0,0.0,21.322803,
30,3.271897,0.0,0.0,21.322803,
30,3.271897,0.0,0.0,21.342119,
30,3.271897,0.0,0.0,21.342119,
30,3.287635,0.0,0.0,21.342119,
30,3.271897,0.0,0.0,21.342119,
30,3.271897,0.0,0.0,21.342119,
30,3.271897,0.0,0.0,21.342119,
30,3.271897,0.0,0.0,21.322803,
30,3.271897,0.0,0.0,21.342119,
30,3.271897,0.0,0.0,21.342119,
30,3.271897,0.0,0.0,21.342119,
30,3.271897,0.0,0.0,21.342119,
30,3.271897,0.0,0.0,21.322803,
30,3.271897,0.0,0.0,21.342119,
30,3.271897,0.0,0.0,21.322803,
30,3.271897,0.0,0.0,21.342119,
30,3.271897,0.0,0.0,21.342119,
30,3.287635,0.0,0.0,21.322803,
30,3.271897,0.0,0.0,21.322803,
30,3.271897,0.0,0.0,21.322803,
30,3.271897,0.0,0.0,21.322803,
30,3.287635,0.0,0.0,21.342119,
30,3.271897,0.0,0.0,21.322803,
30,3.271897,0.0,0.0,21.322803,
30,3.271897,0.0,0.0,21.342119,
30,3.271897,0.0,0.0,21.342119,
30,3.271897,0.0,0.0,21.322803,
30,3.271897,0.0,0.0,21.322803,
30,3.271897,0.0,0.0,21.342119,
30,3.271897,0.0,0.0,21.322803,
30,3.287635,0.0,0.0,21.342119,
30,3.271897,0.0,0.0,21.322803,
30,3.271897,0.0,0.0,21.342119,
30,3.271897,0.0,0.0,21.342119,
30,3.287635,0.0,0.0,21.322803,
30,3.271897,0.0,0.0,21.322803,
30,3.271897,0.0,0.0,21.342119,
30,3.271897,0.0,0.0,21.322803,
30,3.271897,0.0,0.0,21.322803,
30,3.271897,0.0,0.0,21.322803,
30,3.271897,0.0,0.0,21.322803,
30,3.287635,0.0,0.0,21.322803,
30,3.271897,0.0,0.0,21.322803,
30,3.271897,0.0,0.0,21.322803,
30,3.271897,0.0,0.0,21.322803,
30,3.287635,0.0,0.0,21.322803,
30,3.271897,0.0,0.0,21.303488,
30,3.271897,0.0,0.0,21.342119,
30,3.287635,0.0,0.0,21.322803,
30,3.271897,0.0,0.0,21.342119,
30,3.271897,0.0,0.0,21.322803,
30,3.271897,0.0,0.0,21.322803,
30,3.271897,0.0,0.0,21.322803,
30,3.271897,0.0,0.0,21.322803,
30,3.271897,0.0,0.0,21.322803,
30,3.271897,0.0,0.0,21.322803,
30,3.271897,0.0,0.0,21.322803,
30,3.271897,0.0,0.0,21.322803,
30,3.271897,0.0,0.0,21.322803,
30,3.271897,0.0,0.0,21.322803,
30,3.271897,0.0,0.0,21.322803,
30,3.287635,0.0,0.0,21.322803,
30,3.271897,0.0,0.0,21.322803,
30,3.287635,0.0,0.0,21.322803,
30,3.271897,0.0,0.0,21.322803,
30,3.271897,0.0,0.0,21.303488,
30,3.271897,0.0,0.0,21.303488,
30,3.271897,0.0,0.0,21.322803,
30,3.271897,0.0,0.0,21.322803,
30,3.271897,0.0,0.0,21.322803,
30,3.271897,0.0,0.0,21.322803,
30,3.271897,0.0,0.0,21.322803,
30,3.271897,0.0,0.0,21.322803,
30,3.271897,0.0,0.0,21.322803,
30,3.271897,0.0,0.0,21.322803,
30,3.271897,0.0,0.0,21.322803,
30,3.287635,0.0,0.0,21.322803,
30,3.287635,0.0,0.0,21.342119,
30,3.271897,0.0,0.0,21.322803,
30,3.271897,0.0,0.0,21.342119,
30,3.271897,0.0,0.0,21.342119,
30,3.271897,0.0,0.0,21.322803,
30,3.271897,0.0,0.0,21.322803,
30,3.271897,0.0,0.0,21.322803,
30,3.271897,0.0,0.0,21.322803,
30,3.271897,0.0,0.0,21.322803,
30,3.271897,0.0,0.0,21.322803,
30,3.271897,0.0,0.0,21.322803,
30,3.271897,0.0,0.0,21.322803,
30,3.271897,0.0,0.0,21.322803,
30,3.271897,0.0,0.0,21.322803,
30,3.271897,0.0,0.0,21.322803,
30,3.287635,0.0,0.0,21.322803,
30,3.271897,0.0,0.0,21.303488,
30,3.287635,0.0,0.0,21.322803,
30,3.271897,0.0,0.0,21.322803,
30,3.271897,0.0,0.0,21.322803,
30,3.271897,0.0,0.0,21.322803,
30,3.271897,0.0,0.0,21.322803,
30,3.271897,0.0,0.0,21.322803,
30,3.271897,0.0,0.0,21.322803,
30,3.287635,0.0,0.0,21.322803,
30,3.271897,0.0,0.0,21.322803,
30,3.271897,0.0,0.0,21.322803,
30,3.287635,0.0,0.0,21.322803,
30,3.271897,0.0,0.0,21.322803,
30,3.271897,0.0,0.0,21.303488,
30,3.271897,0.0,0.0,21.303488,
30,3.287635,0.0,0.0,21.322803,
30,3.271897,0.0,0.0,21.322803,
30,3.271897,0.0,0.0,21.322803,
30,3.271897,0.0,0.0,21.322803,
30,3.271897,0.0,0.0,21.303488,
30,3.271897,0.0,0.0,21.303488,
30,3.271897,0.0,0.0,21.303488,
30,3.271897,0.0,0.0,21.322803,
30,3.271897,0.0,0.0,21.322803,
30,3.271897,0.0,0.0,21.322803,
30,3.271897,0.0,0.0,21.322803,
30,3.271897,0.0,0.0,21.322803,
30,3.271897,0.0,0.0,21.322803,
30,3.271897,0.0,0.0,21.322803,
30,3.271897,0.0,0.0,21.322803,
30,3.271897,0.0,0.0,21.342119,
30,3.271897,0.0,0.0,21.322803,
30,3.271897,0.0,0.0,21.322803,
30,3.271897,0.0,0.0,21.322803,
30,3.271897,0.0,0.0,21.342119,
30,3.271897,0.0,0.0,21.322803,
30,3.271897,0.0,0.0,21.322803,
30,3.287635,0.0,0.0,21.322803,
30,3.271897,0.0,0.0,21.322803,
30,3.271897,0.0,0.0,21.303488,
30,3.271897,0.0,0.0,21.322803,
30,3.271897,0.0,0.0,21.322803,
30,3.271897,0.0,0.0,21.322803,
30,3.287635,0.0,0.0,21.322803,
30,3.271897,0.0,0.0,21.322803,
30,3.271897,0.0,0.0,21.322803,
30,3.287635,0.0,0.0,21.322803,
30,3.271897,0.0,0.0,21.322803,
30,3.271897,0.0,0.0,21.322803,
30,3.271897,0.0,0.0,21.322803,
30,3.271897,0.0,0.0,21.342119,
30,3.271897,0.0,0.0,21.322803,
30,3.271897,0.0,0.0,21.322803,
30,3.271897,0.0,0.0,21.342119,
30,3.271897,0.0,0.0,21.322803,
30,3.271897,0.0,0.0,21.322803,
30,3.271897,0.0,0.0,21.322803,
30,3.287635,0.0,0.0,21.322803,
30,3.271897,0.0,0.0,21.322803,
30,3.271897,0.0,0.0,21.322803,
30,3.271897,0.0,0.0,21.322803,
30,3.271897,0.0,0.0,21.342119,
30,3.271897,0.0,0.0,21.322803,
30,3.271897,0.0,0.0,21.322803,
30,3.271897,0.0,0.0,21.322803,
30,3.271897,0.0,0.0,21.322803,
30,3.271897,0.0,0.0,21.303488,
30,3.271897,0.0,0.0,21.322803,
30,3.271897,0.0,0.0,21.322803,
30,3.271897,0.0,0.0,21.322803,
30,3.271897,0.0,0.0,21.322803,
30,3.271897,0.0,0.0,21.322803,
30,3.271897,0.0,0.0,21.322803,
30,3.271897,0.0,0.0,21.322803,
30,3.271897,0.0,0.0,21.322803,
30,3.271897,0.0,0.0,21.322803,
30,3.271897,0.0,0.0,21.322803,
30,3.271897,0.0,0.0,21.322803,
30,3.287635,0.0,0.0,21.303488,
30,3.287635,0.0,0.0,21.322803,
30,3.271897,0.0,0.0,21.322803,
30,3.271897,0.0,0.0,21.322803,
30,3.271897,0.0,0.0,21.322803,
30,3.271897,0.0,0.0,21.322803,
30,3.271897,0.0,0.0,21.322803,
30,3.271897,0.0,0.0,21.322803,
30,3.271897,0.0,0.0,21.322803,
30,3.271897,0.0,0.0,21.322803,
30,3.271897,0.0,0.0,21.322803,
30,3.271897,0.0,0.0,21.322803,
30,3.271897,0.0,0.0,21.322803,
30,3.287635,0.0,0.0,21.303488,
30,3.271897,0.0,0.0,21.322803,
30,3.271897,0.0,0.0,21.322803,
30,3.271897,0.0,0.0,21.322803,
30,3.271897,0.0,0.0,21.322803,
30,3.287635,0.0,0.0,21.322803,
30,3.271897,0.0,0.0,21.322803,
30,3.271897,0.0,0.0,21.322803,
30,3.271897,0.0,0.0,21.342119,
30,3.271897,0.0,0.0,21.322803,
30,3.271897,0.0,0.0,21.303488,
30,3.271897,0.0,0.0,21.303488,
30,3.271897,0.0,0.0,21.322803,
30,3.271897,0.0,0.0,21.322803,
30,3.271897,0.0,0.0,21.322803,
30,3.271897,0.0,0.0,21.322803,
30,3.271897,0.0,0.0,21.322803,
30,3.271897,0.0,0.0,21.322803,
30,3.271897,0.0,0.0,21.322803,
30,3.271897,0.0,0.0,21.322803,
30,3.271897,0.0,0.0,21.322803,
30,3.271897,0.0,0.0,21.322803,
30,3.271897,0.0,0.0,21.303488,
30,3.271897,0.0,0.0,21.322803,
30,3.271897,0.0,0.0,21.322803,
30,3.271897,0.0,0.0,21.322803,
30,3.271897,0.0,0.0,21.322803,
30,3.287635,0.0,0.0,21.322803,
30,3.271897,0.0,0.0,21.303488,
30,3.271897,0.0,0.0,21.322803,
30,3.271897,0.0,0.0,21.322803,
30,3.271897,0.0,0.0,21.322803,
30,3.271897,0.0,0.0,21.322803,
30,3.271897,0.0,0.0,21.303488,
30,3.271897,0.0,0.0,21.303488,
30,3.271897,0.0,0.0,21.303488,
30,3.271897,0.0,0.0,21.322803,
30,3.271897,0.0,0.0,21.303488,
30,3.256158,0.0,0.0,21.322803,
30,3.287635,0.0,0.0,21.303488,
30,3.271897,0.0,0.0,21.303488,
30,3.271897,0.0,0.0,21.322803,
30,3.271897,0.0,0.0,21.303488,
30,3.271897,0.0,0.0,21.322803,
30,3.287635,0.0,0.0,21.322803,
30,3.271897,0.0,0.0,21.303488,
30,3.271897,0.0,0.0,21.322803,
30,3.271897,0.0,0.0,21.322803,
30,3.271897,0.0,0.0,21.303488,
30,3.271897,0.0,0.0,21.322803,
30,3.271897,0.0,0.0,21.322803,
30,3.271897,0.0,0.0,21.303488,
30,3.271897,0.0,0.0,21.303488,
30,3.271897,0.0,0.0,21.322803,
30,3.271897,0.0,0.0,21.303488,
30,3.271897,0.0,0.0,21.322803,
30,3.271897,0.0,0.0,21.322803,
30,3.271897,0.0,0.0,21.322803,
30,3.287635,0.0,0.0,21.322803,
30,3.271897,0.0,0.0,21.322803,
30,3.271897,0.0,0.0,21.303488,
30,3.271897,0.0,0.0,21.303488,
30,3.271897,0.0,0.0,21.303488,
30,3.271897,0.0,0.0,21.322803,
30,3.271897,0.0,0.0,21.322803,
30,3.271897,0.0,0.0,21.322803,
30,3.287635,0.0,0.0,21.322803,
30,3.271897,0.0,0.0,21.322803,
30,3.271897,0.0,0.0,21.322803,
30,3.271897,0.0,0.0,21.303488,
30,3.271897,0.0,0.0,21.322803,
30,3.271897,0.0,0.0,21.303488,
30,3.271897,0.0,0.0,21.322803,
30,3.271897,0.0,0.0,21.322803,
30,3.271897,0.0,0.0,21.322803,
30,3.271897,0.0,0.0,21.322803,
30,3.271897,0.0,0.0,21.303488,
30,3.271897,0.0,0.0,21.322803,
30,3.271897,0.0,0.0,21.322803,
30,3.271897,0.0,0.0,21.322803,
30,3.271897,0.0,0.0,21.322803,
30,3.271897,0.0,0.0,21.322803,
30,3.271897,0.0,0.0,21.322803,
30,3.271897,0.0,0.0,21.322803,
30,3.271897,0.0,0.0,21.322803,
30,3.271897,0.0,0.0,21.322803,
30,3.271897,0.0,0.0,21.303488,
30,3.271897,0.0,0.0,21.322803,
30,3.287635,0.0,0.0,21.322803,
30,3.271897,0.0,0.0,21.303488,
30,3.271897,0.0,0.0,21.303488,
30,3.271897,0.0,0.0,21.322803,
30,3.271897,0.0,0.0,21.322803,
30,3.271897,0.0,0.0,21.322803,
30,3.287635,0.0,0.0,21.303488,
30,3.271897,0.0,0.0,21.303488,
30,3.271897,0.0,0.0,21.303488,
30,3.271897,0.0,0.0,21.303488,
30,3.271897,0.0,0.0,21.303488,
30,3.271897,0.0,0.0,21.322803,
30,3.271897,0.0,0.0,21.322803,
30,3.271897,0.0,0.0,21.303488,
30,3.271897,0.0,0.0,21.303488,
30,3.271897,0.0,0.0,21.322803,
30,3.271897,0.0,0.0,21.303488,
30,3.271897,0.0,0.0,21.303488,
30,3.287635,0.0,0.0,21.322803,
30,3.271897,0.0,0.0,21.322803,
30,3.271897,0.0,0.0,21.303488,
30,3.271897,0.0,0.0,21.322803,
30,3.287635,0.0,0.0,21.303488,
30,3.271897,0.0,0.0,21.303488,
30,3.271897,0.0,0.0,21.303488,
30,3.271897,0.0,0.0,21.303488,
30,3.271897,0.0,0.0,21.322803,
30,3.271897,0.0,0.0,21.322803,
30,3.271897,0.0,0.0,21.303488,
30,3.271897,0.0,0.0,21.303488,
30,3.271897,0.0,0.0,21.322803,
30,3.271897,0.0,0.0,21.322803,
30,3.287635,0.0,0.0,21.322803,
30,3.271897,0.0,0.0,21.322803,
30,3.271897,0.0,0.0,21.322803,
30,3.271897,0.0,0.0,21.303488,
30,3.271897,0.0,0.0,21.322803,
30,3.271897,0.0,0.0,21.322803,
30,3.271897,0.0,0.0,21.322803,
30,3.271897,0.0,0.0,21.303488,
30,3.271897,0.0,0.0,21.322803,
30,3.271897,0.0,0.0,21.303488,
30,3.271897,0.0,0.0,21.322803,
30,3.271897,0.0,0.0,21.322803,
30,3.287635,0.0,0.0,21.303488,
30,3.271897,0.0,0.0,21.322803,
30,3.271897,0.0,0.0,21.322803,
30,3.271897,0.0,0.0,21.322803,
30,3.271897,0.0,0.0,21.303488,
30,3.271897,0.0,0.0,21.322803,
30,3.271897,0.0,0.0,21.342119,
30,3.271897,0.0,0.0,21.303488,
30,3.271897,0.0,0.0,21.322803,
30,3.271897,0.0,0.0,21.303488,
30,3.271897,0.0,0.0,21.303488,
30,3.271897,0.0,0.0,21.303488,
30,3.271897,0.0,0.0,21.303488,
30,3.271897,0.0,0.0,21.303488,
30,3.271897,0.0,0.0,21.322803,
30,3.271897,0.0,0.0,21.303488,
30,3.271897,0.0,0.0,21.303488,
30,3.271897,0.0,0.0,21.303488,
30,3.271897,0.0,0.0,21.303488,
30,3.271897,0.0,0.0,21.284172,
30,3.271897,0.0,0.0,21.303488,
30,3.271897,0.0,0.0,21.303488,
30,3.271897,0.0,0.0,21.322803,
30,3.271897,0.0,0.0,21.303488,
30,3.271897,0.0,0.0,21.303488,
30,3.271897,0.0,0.0,21.303488,
30,3.271897,0.0,0.0,21.303488,
30,3.271897,0.0,0.0,21.303488,
30,3.271897,0.0,0.0,21.303488,
30,3.271897,0.0,0.0,21.303488,
30,3.271897,0.0,0.0,21.322803,
30,3.271897,0.0,0.0,21.303488,
30,3.271897,0.0,0.0,21.303488,
30,3.271897,0.0,0.0,21.303488,
30,3.271897,0.0,0.0,21.303488,
30,3.271897,0.0,0.0,21.322803,
30,3.271897,0.0,0.0,21.322803,
30,3.287635,0.0,0.0,21.322803,
30,3.271897,0.0,0.0,21.303488,
30,3.271897,0.0,0.0,21.322803,
30,3.287635,0.0,0.0,21.342119,
30,3.334851,0.0,0.0,21.805704,
30,3.429283,0.0,0.0,22.46245,
30,3.57093,0.0,0.0,23.466885,
30,3.728316,0.0,0.0,24.780378,
30,3.838486,0.0,0.0,25.610966,
30,3.854224,0.0,0.0,25.784813,
30,3.854224,0.0,0.0,25.804129,
30,3.854224,0.0,0.0,25.823444,
30,3.869963,0.0,0.0,25.823444,
30,3.854224,0.0,0.0,25.84276,
30,3.854224,0.0,0.0,25.84276,
30,3.869963,0.0,0.0,25.862076,
30,3.854224,0.0,0.0,25.84276,
30,3.854224,0.0,0.0,25.84276,
30,3.869963,0.0,0.0,25.862076,
30,3.869963,0.0,0.0,25.84276,
30,3.869963,0.0,0.0,25.84276,
30,3.854224,0.0,0.0,25.84276,
30,3.854224,0.0,0.0,25.84276,
30,3.854224,0.0,0.0,25.84276,
30,3.854224,0.0,0.0,25.84276,
30,3.854224,0.0,0.0,25.862076,
30,3.869963,0.0,0.0,25.862076,
30,3.854224,0.0,0.0,25.881393,
30,3.854224,0.0,0.0,25.881393,
30,3.854224,0.0,0.0,25.881393,
30,3.854224,0.0,0.0,25.862076,
30,3.854224,0.0,0.0,25.862076,
30,3.854224,0.0,0.0,25.862076,
30,3.869963,0.0,0.0,25.862076,
30,3.854224,0.0,0.0,25.862076,
30,3.854224,0.0,0.0,25.862076,
30,3.869963,0.0,0.0,25.862076,
30,3.869963,0.0,0.0,25.881393,
30,3.854224,0.0,0.0,25.862076,
30,3.854224,0.0,0.0,25.881393,
30,3.854224,0.0,0.0,25.881393,
30,3.854224,0.0,0.0,25.862076,
30,3.869963,0.0,0.0,25.862076,
30,3.854224,0.0,0.0,25.862076,
30,3.854224,0.0,0.0,25.862076,
30,3.869963,0.0,0.0,25.862076,
30,3.854224,0.0,0.0,25.862076,
30,3.854224,0.0,0.0,25.881393,
30,3.854224,0.0,0.0,25.881393,
30,3.854224,0.0,0.0,25.881393,
30,3.854224,0.0,0.0,25.881393,
30,3.869963,0.0,0.0,25.862076,
30,3.854224,0.0,0.0,25.823444,
30,3.712577,0.0,0.0,24.664482,
30,3.555191,0.0,0.0,23.64073,
30,3.539453,0.0,0.0,23.428253,
30,3.523714,0.0,0.0,23.35099,
30,3.35059,0.0,0.0,21.960234,
30,3.287635,0.0,0.0,21.496649,
30,3.271897,0.0,0.0,21.322803,
30,3.271897,0.0,0.0,21.303488,
30,3.256158,0.0,0.0,21.245539,
30,3.271897,0.0,0.0,21.226223,
30,3.271897,0.0,0.0,21.245539,
30,3.271897,0.0,0.0,21.245539,
30,3.256158,0.0,0.0,21.245539,
30,3.271897,0.0,0.0,21.226223,
30,3.256158,0.0,0.0,21.226223,
30,3.271897,0.0,0.0,21.245539,
30,3.256158,0.0,0.0,21.226223,
30,3.271897,0.0,0.0,21.264854,
30,3.161727,0.0,0.0,20.414949,
30,2.862694,0.0,0.0,17.961809,
30,2.831217,0.0,0.0,17.401644,
30,2.784001,0.0,0.0,16.880112,
30,0.0,0.0,0.0,13.499802,
30,0.0,0.0,0.0,11.259139,
30,0.0,0.0,0.0,5.850644,
30,0.0,0.0,0.0,0.0,
30,0.0,0.0,0.0,0.0,
30,0.0,0.0,0.0,0.0,
30,0.0,0.0,0.0,0.0,
30,0.0,0.0,0.0,0.0,
30,0.0,0.0,0.0,0.0,
30,0.0,0.0,0.0,0.0,
30,0.0,0.0,0.0,0.0,
30,0.0,0.0,0.0,0.0,
30,0.0,0.0,0.0,0.0,
30,0.0,0.0,0.0,0.0,
30,0.0,0.0,0.0,0.0,
30,0.0,0.0,0.0,0.0,
30,0.0,0.0,0.0,0.0,
30,0.0,0.0,0.0,0.0,
30,0.0,0.0,0.0,0.0,
30,0.0,0.0,0.0,0.0,
30,0.0,0.0,0.0,0.0,
30,0.0,0.0,0.0,0.0,
30,0.0,0.0,0.0,0.0,
30,0.0,0.0,0.0,0.0,
30,0.0,0.0,0.0,0.0,
30,0.0,0.0,0.0,0.0,
30,0.0,0.0,0.0,0.0,
30,0.0,0.0,0.0,0.0,
30,0.0,0.0,0.0,0.0,
30,0.0,0.0,0.0,0.0,
30,0.0,0.0,0.0,0.0,
30,0.0,0.0,0.0,0.0,
30,0.0,0.0,0.0,0.0,
30,0.0,0.0,0.0,0.0,
30,0.0,0.0,0.0,0.0,
30,0.0,0.0,0.0,0.0,
30,0.0,0.0,0.0,0.0,
30,0.0,0.0,0.0,0.0,
30,0.0,0.0,0.0,0.0,
30,0.0,0.0,0.0,0.0,
30,0.0,0.0,0.0,0.0,
30,0.0,0.0,0.0,0.0,
30,0.0,0.0,0.0,0.0,
30,0.0,0.0,0.0,0.0,
30,0.0,0.0,0.0,0.0,
30,0.0,0.0,0.0,0.0,
30,0.0,0.0,0.0,0.0,
30,0.0,0.0,0.0,0.0,
30,0.0,0.0,0.0,0.0,
30,0.0,0.0,0.0,0.0,
30,0.0,0.0,0.0,0.0,
30,0.0,0.0,0.0,0.0,
30,0.0,0.0,0.0,0.0,
30,0.0,0.0,0.0,0.0,
30,0.0,0.0,0.0,0.0,
30,0.0,0.0,0.0,0.0,
30,0.0,0.0,0.0,0.0,
30,0.0,0.0,0.0,0.0,
30,0.0,0.0,0.0,0.0,
30,0.0,0.0,0.0,0.0,
30,0.0,0.0,0.0,0.0,
30,0.0,0.0,0.0,0.0,
30,0.0,0.0,0.0,0.0,
30,0.0,0.0,0.0,0.0,
30,0.0,0.0,0.0,0.0,
30,0.0,0.0,0.0,0.0,
30,0.0,0.0,0.0,0.0,
30,0.0,0.0,0.0,0.0,
30,0.0,0.0,0.0,0.0,
30,0.0,0.0,0.0,0.0,
30,0.0,0.0,0.0,0.0,
30,0.0,0.0,0.0,0.0,
30,0.0,0.0,0.0,0.0,
30,0.0,0.0,0.0,0.0,
30,0.0,0.0,0.0,0.0,
30,0.0,0.0,0.0,0.0,
30,0.0,0.0,0.0,0.0,
30,0.0,0.0,0.0,0.0,
30,0.0,0.0,0.0,0.0,
30,0.0,0.0,0.0,0.0,
30,0.0,0.0,0.0,0.0,
30,0.0,0.0,0.0,0.0,
30,0.0,0.0,0.0,0.0,
30,0.0,0.0,0.0,0.0,
30,0.0,0.0,0.0,0.0,
30,0.0,0.0,0.0,0.0,
30,0.0,0.0,0.0,0.0,
30,0.0,0.0,0.0,0.0,
30,0.0,0.0,0.0,0.0,
30,0.0,0.0,0.0,0.0,
30,0.0,0.0,0.0,0.0,
30,0.0,0.0,0.0,0.0,
30,0.0,0.0,0.0,0.0,
30,0.0,0.0,0.0,0.0,
30,0.0,0.0,0.0,0.0,
30,0.0,0.0,0.0,0.0,
30,0.0,0.0,0.0,0.0,
30,0.0,0.0,0.0,0.0,
30,0.0,0.0,0.0,0.0,
30,0.0,0.0,0.0,0.0,
30,0.0,0.0,0.0,0.0,
30,0.0,0.0,0.0,0.0,
30,0.0,0.0,0.0,0.0,
30,0.0,0.0,0.0,0.0,
30,0.0,0.0,0.0,0.0,
30,0.0,0.0,0.0,0.0,
30,0.0,0.0,0.0,0.0,
30,0.0,0.0,0.0,0.0,
30,0.0,0.0,0.0,0.0,
30,0.0,0.0,0.0,0.0,
30,0.0,0.0,0.0,0.0,
30,0.0,0.0,0.0,0.0,
30,0.0,0.0,0.0,0.0,
30,0.0,0.0,0.0,0.0,
30,0.0,0.0,0.0,0.0,
30,0.0,0.0,0.0,0.0,
30,0.0,0.0,0.0,0.0,
30,0.0,0.0,0.0,0.0,
30,0.0,0.0,0.0,0.0,
30,0.0,0.0,0.0,0.0,
30,0.0,0.0,0.0,0.0,
30,0.0,0.0,0.0,0.0,
30,0.0,0.0,0.0,0.0,
30,0.0,0.0,0.0,0.0,
30,0.0,0.0,0.0,0.0,
30,0.0,0.0,0.0,0.0,
30,0.0,0.0,0.0,0.0,
30,0.0,0.0,0.0,0.0,
30,0.0,0.0,0.0,0.0,
30,0.0,0.0,0.0,0.0,
30,0.0,0.0,0.0,0.0,
30,0.0,0.0,0.0,0.0,
30,0.0,0.0,0.0,0.0,
30,0.0,0.0,0.0,0.0,
30,0.0,0.0,0.0,0.0,
30,0.0,0.0,0.0,0.0,
30,0.0,0.0,0.0,0.0,
30,0.0,0.0,0.0,0.0,
30,0.0,0.0,0.0,0.0,
30,0.0,0.0,0.0,0.0,
30,0.0,0.0,0.0,0.0,
30,0.0,0.0,0.0,0.0,
30,0.0,0.0,0.0,0.0,
30,0.0,0.0,0.0,0.0,
30,0.0,0.0,0.0,0.0,
30,0.0,0.0,0.0,0.0,
30,0.0,0.0,0.0,0.0,
30,0.0,0.0,0.0,0.0,
30,0.0,0.0,0.0,0.0,
30,0.0,0.0,0.0,0.0,
30,0.0,0.0,0.0,0.0,
30,0.0,0.0,0.0,0.0,
30,0.0,0.0,0.0,0.0,
30,0.0,0.0,0.0,0.0,
30,0.0,0.0,0.0,0.0,
30,0.0,0.0,0.0,0.0,
30,0.0,0.0,0.0,0.0,
30,0.0,0.0,0.0,0.0,
30,0.0,0.0,0.0,0.0,
30,0.0,0.0,0.0,0.0,
30,0.0,0.0,0.0,0.0,
30,0.0,0.0,0.0,0.0,
30,0.0,0.0,0.0,0.0,
30,0.0,0.0,0.0,0.0,
30,0.0,0.0,0.0,0.0,
30,0.0,0.0,0.0,0.0,
30,0.0,0.0,0.0,0.0,
30,0.0,0.0,0.0,0.0,
30,0.0,0.0,0.0,0.0,
30,0.0,0.0,0.0,0.0,
30,0.0,0.0,0.0,0.0,
30,0.0,0.0,0.0,0.0,
30,0.0,0.0,0.0,0.0,
30,0.0,0.0,0.0,0.0,
30,0.0,0.0,0.0,0.0,
30,0.0,0.0,0.0,0.0,
30,0.0,0.0,0.0,0.0,
30,0.0,0.0,0.0,0.0,
30,0.0,0.0,0.0,0.0,
30,0.0,0.0,0.0,0.0,
30,0.0,0.0,0.0,0.0,
30,0.0,0.0,0.0,0.0,
30,0.0,0.0,0.0,0.0,
30,0.0,0.0,0.0,0.0,
30,0.0,0.0,0.0,0.0,
30,0.0,0.0,0.0,0.0,
30,0.0,0.0,0.0,0.0,
30,0.0,0.0,0.0,0.0,
30,0.0,0.0,0.0,0.0,
30,0.0,0.0,0.0,0.0,
30,0.0,0.0,0.0,0.0,
30,0.0,0.0,0.0,0.0,
30,0.0,0.0,0.0,0.0,
30,0.0,0.0,0.0,0.0,
30,0.0,0.0,0.0,0.0,
30,0.0,0.0,0.0,0.0,
30,0.0,0.0,0.0,0.0,
30,0.0,0.0,0.0,0.0,
30,0.0,0.0,0.0,0.0,
30,0.0,0.0,0.0,0.0,
30,0.0,0.0,0.0,0.0,
30,0.0,0.0,0.0,0.0,
30,0.0,0.0,0.0,0.0,
30,0.0,0.0,0.0,0.0,
30,0.0,0.0,0.0,0.0,
30,0.0,0.0,0.0,0.0,
30,0.0,0.0,0.0,0.0,
30,0.0,0.0,0.0,0.0,
30,0.0,0.0,0.0,0.0,
30,0.0,0.0,0.0,0.0,
30,0.0,0.0,0.0,0.0,
30,0.0,0.0,0.0,0.0,
30,0.0,0.0,0.0,0.0,
30,0.0,0.0,0.0,0.0,
30,0.0,0.0,0.0,0.0,
30,0.0,0.0,0.0,0.0,
30,0.0,0.0,0.0,0.0,
30,0.0,0.0,0.0,0.0,
30,0.0,0.0,0.0,0.0,
30,0.0,0.0,0.0,0.0,
30,0.0,0.0,0.0,0.0,
30,0.0,0.0,0.0,0.0,
30,0.0,0.0,0.0,0.0,
30,0.0,0.0,0.0,0.0,
30,0.0,0.0,0.0,0.0,
30,0.0,0.0,0.0,0.0,
30,0.0,0.0,0.0,0.0,
30,0.0,0.0,0.0,0.0,
30,0.0,0.0,0.0,0.0,
30,0.0,0.0,0.0,0.0,
30,0.0,0.0,0.0,0.0,
30,0.0,0.0,0.0,0.0,
30,0.0,0.0,0.0,0.0,
30,0.0,0.0,0.0,0.0,
30,0.0,0.0,0.0,0.0,
30,0.0,0.0,0.0,0.0,
30,0.0,0.0,0.0,0.0,
30,0.0,0.0,0.0,0.0,
30,0.0,0.0,0.0,0.0,
30,0.0,0.0,0.0,0.0,
30,0.0,0.0,0.0,0.0,
30,0.0,0.0,0.0,0.0,
30,0.0,0.0,0.0,0.0,
30,0.0,0.0,0.0,0.0,
30,0.0,0.0,0.0,0.0,
30,0.0,0.0,0.0,0.0,
30,0.0,0.0,0.0,0.0,
30,0.0,0.0,0.0,0.0,
30,0.0,0.0,0.0,0.0,
30,0.0,0.0,0.0,0.0,
30,0.0,0.0,0.0,0.0,
30,0.0,0.0,0.0,0.0,
30,0.0,0.0,0.0,0.0,
30,0.0,0.0,0.0,0.0,
30,0.0,0.0,0.0,0.0,
30,0.0,0.0,0.0,0.0,
30,0.0,0.0,0.0,0.0,
30,0.0,0.0,0.0,0.0,
30,0.0,0.0,0.0,0.0,
30,0.0,0.0,0.0,0.0,
30,0.0,0.0,0.0,0.0,
30,0.0,0.0,0.0,0.0,
30,0.0,0.0,0.0,0.0,
30,0.0,0.0,0.0,0.0,
30,0.0,0.0,0.0,0.0,
30,0.0,0.0,0.0,0.0,
30,0.0,0.0,0.0,0.0,
30,0.0,0.0,0.0,0.0,
30,0.0,0.0,0.0,0.0,
30,0.0,0.0,0.0,0.0,
30,0.0,0.0,0.0,0.0,
30,0.0,0.0,0.0,0.0,
30,0.0,0.0,0.0,0.0,
30,0.0,0.0,0.0,0.0,
30,0.0,0.0,0.0,0.0,
30,0.0,0.0,0.0,0.0,
30,0.0,0.0,0.0,0.0,
30,0.0,0.0,0.0,0.0,
30,0.0,0.0,0.0,0.0,
30,0.0,0.0,0.0,0.0,
30,0.0,0.0,0.0,0.0,
30,0.0,0.0,0.0,0.0,
30,0.0,0.0,0.0,0.0,
30,0.0,0.0,0.0,0.0,
30,0.0,0.0,0.0,0.0,
30,0.0,0.0,0.0,0.0,
30,0.0,0.0,0.0,0.0,
30,0.0,0.0,0.0,0.0,
30,0.0,0.0,0.0,0.0,
30,0.0,0.0,0.0,0.0,
30,0.0,0.0,0.0,0.0,
30,0.0,0.0,0.0,0.0,
30,0.0,0.0,0.0,0.0,
30,0.0,0.0,0.0,0.0,
30,0.0,0.0,0.0,0.0,
30,0.0,0.0,0.0,0.0,
30,0.0,0.0,0.0,0.0,
30,0.0,0.0,0.0,0.0,
30,0.0,0.0,0.0,0.0,
30,0.0,0.0,0.0,0.0,
30,0.0,0.0,0.0,0.0,
30,0.0,0.0,0.0,0.0,
30,0.0,0.0,0.0,0.0,
30,0.0,0.0,0.0,0.0,
30,0.0,0.0,0.0,0.0,
30,0.0,0.0,0.0,0.0,
30,0.0,0.0,0.0,0.0,
30,0.0,0.0,0.0,0.0,
30,0.0,0.0,0.0,0.0,
30,0.0,0.0,0.0,0.0,
30,0.0,0.0,0.0,0.0,
30,0.0,0.0,0.0,0.0,
30,0.0,0.0,0.0,0.0,
30,0.0,0.0,0.0,0.0,
30,0.0,0.0,0.0,0.0,
30,0.0,0.0,0.0,0.0,
30,0.0,0.0,0.0,0.0,
30,0.0,0.0,0.0,0.0,
30,0.0,0.0,0.0,0.0,
30,0.0,0.0,0.0,0.0,
30,0.0,0.0,0.0,0.0,
30,0.0,0.0,0.0,0.0,
30,0.0,0.0,0.0,0.0,
30,0.0,0.0,0.0,0.0,
30,0.0,0.0,0.0,0.0,
30,0.0,0.0,0.0,0.0,
30,0.0,0.0,0.0,0.0,
30,0.0,0.0,0.0,0.0,
30,0.0,0.0,0.0,0.0,
30,0.0,0.0,0.0,0.0,
30,0.0,0.0,0.0,0.0,
30,0.0,0.0,0.0,0.0,
30,0.0,0.0,0.0,0.0,
30,0.0,0.0,0.0,0.0,
30,0.0,0.0,0.0,0.0,
30,0.0,0.0,0.0,0.0,
30,0.0,0.0,0.0,0.0,
30,0.0,0.0,0.0,0.0,
30,0.0,0.0,0.0,0.0,
30,0.0,0.0,0.0,0.0,
30,0.0,0.0,0.0,0.0,
30,0.0,0.0,0.0,0.0,
30,0.0,0.0,0.0,0.0,
30,0.0,0.0,0.0,0.0,
30,0.0,0.0,0.0,0.0,
30,0.0,0.0,0.0,0.0,
30,0.0,0.0,0.0,0.0,
30,0.0,0.0,0.0,0.0,
30,0.0,0.0,0.0,0.0,
30,3.744054,0.0,0.0,24.336107,
30,4.12178,0.0,0.0,26.982409,
30,0.0,0.0,0.0,7.878829,
30,0.0,0.0,0.0,0.0,
30,0.0,0.0,0.0,0.0,
30,0.0,0.0,0.0,0.0,
30,0.0,0.0,0.0,0.0,
30,0.0,0.0,0.0,0.0,
30,0.0,0.0,0.0,0.0,
30,0.0,0.0,0.0,0.0,
30,0.0,0.0,0.0,0.0,
30,0.0,0.0,0.0,0.0,
30,0.0,0.0,0.0,0.0,
30,0.0,0.0,0.0,0.0,
30,0.0,0.0,0.0,0.0,
30,0.0,0.0,0.0,0.0,
30,0.0,0.0,0.0,0.0,
30,0.0,0.0,0.0,0.0,
30,0.0,0.0,0.0,0.0,
30,0.0,0.0,0.0,0.0,
30,0.0,0.0,0.0,0.0,
30,0.0,0.0,0.0,0.0,
30,0.0,0.0,0.0,0.0,
30,0.0,0.0,0.0,0.0,
30,0.0,0.0,0.0,0.0,
30,0.0,0.0,0.0,0.0,
30,0.0,0.0,0.0,0.0,
30,0.0,0.0,0.0,0.0,
30,0.0,0.0,0.0,0.0,
30,0.0,0.0,0.0,0.0,
30,0.0,0.0,0.0,0.0,
30,0.0,0.0,0.0,0.0,
30,0.0,0.0,0.0,0.0,
30,0.0,0.0,0.0,0.0,
30,0.0,0.0,0.0,0.0,
30,0.0,0.0,0.0,0.0,
30,0.0,0.0,0.0,0.0,
30,0.0,0.0,0.0,0.0,
30,0.0,0.0,0.0,0.0,
30,0.0,0.0,0.0,0.0,
30,0.0,0.0,0.0,0.0,
30,0.0,0.0,0.0,0.0,
30,0.0,0.0,0.0,0.0,
30,0.0,0.0,0.0,0.0,
30,0.0,0.0,0.0,0.0,
30,0.0,0.0,0.0,0.0,
30,0.0,0.0,0.0,0.0,
30,0.0,0.0,0.0,0.0,
30,0.0,0.0,0.0,0.0,
30,2.831217,0.0,0.0,17.382328,
30,3.980133,0.0,0.0,26.518822,
30,4.184735,0.0,0.0,28.102739,
30,4.247689,0.0,0.0,28.353846,
30,4.247689,0.0,0.0,28.373161,
30,4.247689,0.0,0.0,28.392481,
30,4.263427,0.0,0.0,28.431112,
30,4.263427,0.0,0.0,28.450428,
30,4.263427,0.0,0.0,28.450428,
30,4.263427,0.0,0.0,28.450428,
30,4.247689,0.0,0.0,28.392481,
30,4.216212,0.0,0.0,28.237951,
30,4.216212,0.0,0.0,28.237951,
30,4.216212,0.0,0.0,28.237951,
30,4.216212,0.0,0.0,28.218634,
30,4.216212,0.0,0.0,28.218634,
30,4.216212,0.0,0.0,28.237951,
30,4.216212,0.0,0.0,28.199318,
30,4.216212,0.0,0.0,28.218634,
30,4.216212,0.0,0.0,28.199318,
30,4.216212,0.0,0.0,28.199318,
30,4.216212,0.0,0.0,28.218634,
30,4.216212,0.0,0.0,28.199318,
30,4.216212,0.0,0.0,28.218634,
30,4.216212,0.0,0.0,28.237951,
30,4.216212,0.0,0.0,28.218634,
30,4.216212,0.0,0.0,28.218634,
30,4.216212,0.0,0.0,28.218634,
30,4.216212,0.0,0.0,28.218634,
30,4.216212,0.0,0.0,28.218634,
30,4.216212,0.0,0.0,28.237951,
30,4.216212,0.0,0.0,28.237951,
30,4.216212,0.0,0.0,28.218634,
30,4.216212,0.0,0.0,28.218634,
30,4.216212,0.0,0.0,28.199318,
30,4.216212,0.0,0.0,28.218634,
30,4.23195,0.0,0.0,28.237951,
30,4.216212,0.0,0.0,28.218634,
30,4.216212,0.0,0.0,28.180002,
30,4.216212,0.0,0.0,28.218634,
30,4.216212,0.0,0.0,28.180002,
30,4.216212,0.0,0.0,28.199318,
30,4.216212,0.0,0.0,28.199318,
30,4.200473,0.0,0.0,28.199318,
30,4.216212,0.0,0.0,28.199318,
30,4.216212,0.0,0.0,28.180002,
30,4.200473,0.0,0.0,28.199318,
30,4.23195,0.0,0.0,28.392481,
30,4.263427,0.0,0.0,28.411797,
30,4.263427,0.0,0.0,28.431112,
30,4.263427,0.0,0.0,28.450428,
30,4.247689,0.0,0.0,28.411797,
30,4.247689,0.0,0.0,28.373161,
30,4.247689,0.0,0.0,28.431112,
30,4.263427,0.0,0.0,28.450428,
30,4.263427,0.0,0.0,28.489061,
30,4.263427,0.0,0.0,28.508377,
30,4.263427,0.0,0.0,28.489061,
30,4.263427,0.0,0.0,28.508377,
30,4.263427,0.0,0.0,28.508377,
30,4.263427,0.0,0.0,28.489061,
30,4.263427,0.0,0.0,28.489061,
30,4.263427,0.0,0.0,28.469746,
30,4.263427,0.0,0.0,28.508377,
30,4.263427,0.0,0.0,28.489061,
30,4.263427,0.0,0.0,28.489061,
30,4.263427,0.0,0.0,28.489061,
30,4.263427,0.0,0.0,28.489061,
30,4.263427,0.0,0.0,28.489061,
30,4.263427,0.0,0.0,28.508377,
30,4.263427,0.0,0.0,28.489061,
30,4.247689,0.0,0.0,28.450428,
30,4.263427,0.0,0.0,28.431112,
30,4.247689,0.0,0.0,28.431112,
30,4.247689,0.0,0.0,28.431112,
30,4.263427,0.0,0.0,28.469746,
30,4.263427,0.0,0.0,28.469746,
30,4.263427,0.0,0.0,28.469746,
30,4.263427,0.0,0.0,28.489061,
30,4.263427,0.0,0.0,28.489061,
30,4.263427,0.0,0.0,28.469746,
30,4.263427,0.0,0.0,28.489061,
30,4.263427,0.0,0.0,28.450428,
30,4.263427,0.0,0.0,28.450428,
30,4.247689,0.0,0.0,28.411797,
30,4.200473,0.0,0.0,28.160686,
30,4.216212,0.0,0.0,28.180002,
30,4.200473,0.0,0.0,28.160686,
30,4.216212,0.0,0.0,28.160686,
30,4.200473,0.0,0.0,28.160686,
30,4.200473,0.0,0.0,28.180002,
30,4.200473,0.0,0.0,28.160686,
30,4.247689,0.0,0.0,28.411797,
30,4.263427,0.0,0.0,28.431112,
30,4.247689,0.0,0.0,28.431112,
30,4.247689,0.0,0.0,28.392481,
30,4.168996,0.0,0.0,27.948212,
30,4.106042,0.0,0.0,27.407362,
30,3.995872,0.0,0.0,26.750616,
30,3.885702,0.0,0.0,25.958656,
30,3.79127,0.0,0.0,25.321228,
30,3.744054,0.0,0.0,24.992853,
30,3.728316,0.0,0.0,24.876957,
30,3.712577,0.0,0.0,24.683798,
30,3.665361,0.0,0.0,24.374739,
30,3.618146,0.0,0.0,24.007734,
30,3.57093,0.0,0.0,23.563465,
30,3.523714,0.0,0.0,23.273724,
30,3.492237,0.0,0.0,22.983984,
30,3.46076,0.0,0.0,22.713558,
30,3.413544,0.0,0.0,22.423819,
30,3.303374,0.0,0.0,21.651176,
30,3.067295,0.0,0.0,19.71957,
30,2.815478,0.0,0.0,17.266432,
30,0.0,0.0,0.0,15.199615,
30,0.0,0.0,0.0,14.890557,
30,0.0,0.0,0.0,14.813293,
30,0.0,0.0,0.0,14.504235,
30,0.0,0.0,0.0,14.175863,
30,0.0,0.0,0.0,14.137231,
30,0.0,0.0,0.0,14.137231,
30,0.0,0.0,0.0,14.137231,
30,0.0,0.0,0.0,14.137231,
30,0.0,0.0,0.0,14.059967,
30,0.0,0.0,0.0,14.156547,
30,0.0,0.0,0.0,14.156547,
30,0.0,0.0,0.0,12.978268,
30,0.0,0.0,0.0,11.065978,
30,0.0,0.0,0.0,10.795553,
30,0.0,0.0,0.0,10.428549,
30,0.0,0.0,0.0,10.428549,
30,0.0,0.0,0.0,10.409232,
30,0.0,0.0,0.0,10.409232,
30,0.0,0.0,0.0,10.428549,
30,0.0,0.0,0.0,10.409232,
30,0.0,0.0,0.0,10.428549,
30,0.0,0.0,0.0,10.061543,
30,0.0,0.0,0.0,10.061543,
30,0.0,0.0,0.0,10.080859,
30,0.0,0.0,0.0,10.158124,
0,0.0,0.0,0.0,10.100175,
0,0.0,0.0,0.0,10.042228,
0,0.0,0.0,0.0,10.602393,
0,0.0,0.0,0.0,10.544445,
0,0.0,0.0,0.0,10.505813,
0,0.0,0.0,0.0,10.46718,
0,0.0,0.0,0.0,10.46718,
0,0.0,0.0,0.0,10.486496,
0,0.0,0.0,0.0,10.641025,
0,0.0,0.0,0.0,10.544445,
0,0.0,0.0,0.0,10.505813,
0,0.0,0.0,0.0,10.505813,
0,0.0,0.0,0.0,10.525128,
0,0.0,0.0,0.0,10.563761,
0,0.0,0.0,0.0,10.46718,
0,0.0,0.0,0.0,10.46718,
0,0.0,0.0,0.0,10.46718,
0,0.0,0.0,0.0,10.46718,
0,0.0,0.0,0.0,10.46718,
0,0.0,0.0,0.0,10.46718,
0,0.0,0.0,0.0,10.46718,
0,0.0,0.0,0.0,10.46718,
0,0.0,0.0,0.0,10.46718,
0,0.0,0.0,0.0,10.46718,
0,0.0,0.0,0.0,10.46718,
0,0.0,0.0,0.0,10.46718,
0,0.0,0.0,0.0,10.46718,
0,0.0,0.0,0.0,10.46718,
0,0.0,0.0,0.0,10.46718,
0,0.0,0.0,0.0,10.505813,
0,0.0,0.0,0.0,10.505813,
0,0.0,0.0,0.0,10.505813,
0,0.0,0.0,0.0,10.834186,
0,0.0,0.0,0.0,11.799988,
0,0.0,0.0,0.0,12.533998,
0,0.0,0.0,0.0,12.901003,
0,0.0,0.0,0.0,13.538434,
0,0.0,0.0,0.0,13.692962,
0,0.0,0.0,0.0,13.673645,
0,0.0,0.0,0.0,13.673645,
0,0.0,0.0,0.0,13.84749,
0,0.0,0.0,0.0,13.866806,
0,0.0,0.0,0.0,13.808858,
0,0.0,0.0,0.0,13.789542,
0,0.0,0.0,0.0,13.789542,
0,0.0,0.0,0.0,13.828175,
0,0.0,0.0,0.0,13.692962,
0,0.0,0.0,0.0,13.673645,
0,0.0,0.0,0.0,13.692962,
0,0.0,0.0,0.0,13.654329,
0,0.0,0.0,0.0,13.673645,
0,0.0,0.0,0.0,14.059967,
0,0.0,0.0,0.0,14.658765,
0,0.0,0.0,0.0,14.987138,
0,0.0,0.0,0.0,15.276878,
0,0.0,0.0,0.0,15.31551,
0,0.0,0.0,0.0,15.624567,
0,0.0,0.0,0.0,16.416525,
0,0.0,0.0,0.0,16.165417,
0,0.0,0.0,0.0,16.242682,
0,0.0,0.0,0.0,16.744898,
0,0.0,0.0,0.0,17.266432,
0,0.0,0.0,0.0,17.594805,
0,0.0,0.0,0.0,18.116337,
0,0.0,0.0,0.0,18.888981,
0,0.0,0.0,0.0,19.584358,
0,0.0,0.0,0.0,20.357,
0,0.0,0.0,0.0,20.163839,
0,0.0,0.0,0.0,20.144524,
0,0.0,0.0,0.0,20.125208,
0,0.0,0.0,0.0,20.144524,
0,0.0,0.0,0.0,20.125208,
0,0.0,0.0,0.0,20.588795,
0,0.0,0.0,0.0,21.515965,
0,0.0,0.0,0.0,22.810141,
0,0.0,0.0,0.0,24.065685,
0,0.0,0.0,0.0,25.340544,
0,0.0,0.0,0.0,25.900709,
0,0.0,0.0,0.0,25.939341,
0,0.0,0.0,0.0,25.977972,
0,0.0,0.0,0.0,25.958656,
0,0.0,0.0,0.0,26.325663,
0,0.0,0.0,0.0,27.233515,
0,0.0,0.0,0.0,28.180002,
0,0.0,0.0,0.0,28.662905,
0,0.0,0.0,0.0,28.991278,
0,0.0,0.0,0.0,29.319649,
0,0.0,0.0,0.0,29.416229,
0,0.0,0.0,0.0,29.474176,
0,0.0,0.0,0.0,29.454861,
0,0.0,0.0,0.0,29.454861,
0,0.0,0.0,0.0,29.435545,
0,0.0,0.0,0.0,29.416229,
0,0.0,0.0,0.0,29.435545,
0,0.0,0.0,0.0,29.435545,
0,0.0,0.0,0.0,29.435545,
0,0.0,0.0,0.0,29.435545,
0,0.0,0.0,0.0,29.435545,
0,0.0,0.0,0.0,29.435545,
0,0.0,0.0,0.0,29.435545,
0,0.0,0.0,0.0,29.416229,
0,0.0,0.0,0.0,29.435545,
0,0.0,0.0,0.0,29.416229,
0,0.0,0.0,0.0,29.416229,
0,0.0,0.0,0.0,29.396914,
0,0.0,0.0,0.0,29.338966,
0,0.0,0.0,0.0,29.242386,
0,0.0,0.0,0.0,29.010593,
0,0.0,0.0,0.0,28.952646,
0,0.0,0.0,0.0,28.894695,
0,0.0,0.0,0.0,28.740168,
0,0.0,0.0,0.0,28.353846,
0,0.0,0.0,0.0,27.755049,
0,0.0,0.0,0.0,27.310781,
0,0.0,0.0,0.0,26.827881,
0,0.0,0.0,0.0,26.344978,
0,0.0,0.0,0.0,26.055237,
0,0.0,0.0,0.0,26.229082,
0,0.0,0.0,0.0,26.38361,
0,0.0,0.0,0.0,26.38361,
0,0.0,0.0,0.0,26.38361,
0,0.0,0.0,0.0,26.055237,
0,0.0,0.0,0.0,25.862076,
0,0.0,0.0,0.0,25.610966,
0,0.0,0.0,0.0,25.59165,
0,0.0,0.0,0.0,25.59165,
0,0.0,0.0,0.0,25.610966,
0,0.0,0.0,0.0,25.340544,
0,0.0,0.0,0.0,24.567902,
0,0.0,0.0,0.0,23.64073,
0,0.0,0.0,0.0,23.447569,
0,0.0,0.0,0.0,23.486202,
0,0.0,0.0,0.0,24.046368,
0,0.0,0.0,0.0,24.394056,
0,0.0,0.0,0.0,24.529266,
0,0.0,0.0,0.0,24.548584,
0,0.0,0.0,0.0,24.548584,
0,0.0,0.0,0.0,24.529266,
0,0.0,0.0,0.0,24.509951,
0,0.0,0.0,0.0,24.432688,
0,0.0,0.0,0.0,24.413372,
0,0.0,0.0,0.0,24.394056,
0,0.0,0.0,0.0,24.394056,
0,0.0,0.0,0.0,24.394056,
0,0.0,0.0,0.0,24.374739,
0,0.0,0.0,0.0,24.394056,
0,0.0,0.0,0.0,24.374739,
0,0.0,0.0,0.0,24.374739,
0,0.0,0.0,0.0,24.374739,
0,0.0,0.0,0.0,24.374739,
0,0.0,0.0,0.0,24.394056,
0,0.0,0.0,0.0,24.374739,
0,0.0,0.0,0.0,24.374739,
0,0.0,0.0,0.0,24.374739,
0,0.0,0.0,0.0,24.374739,
0,0.0,0.0,0.0,24.374739,
0,0.0,0.0,0.0,24.374739,
0,0.0,0.0,0.0,24.374739,
0,0.0,0.0,0.0,24.509951,
0,0.0,0.0,0.0,24.722429,
0,0.0,0.0,0.0,25.031485,
0,0.0,0.0,0.0,25.282595,
0,0.0,0.0,0.0,25.282595,
0,0.0,0.0,0.0,25.282595,
0,0.0,0.0,0.0,25.282595,
0,0.0,0.0,0.0,25.282595,
0,0.0,0.0,0.0,25.282595,
0,0.0,0.0,0.0,25.282595,
0,0.0,0.0,0.0,25.282595,
0,0.0,0.0,0.0,25.282595,
0,0.0,0.0,0.0,25.282595,
0,0.0,0.0,0.0,25.282595,
0,0.0,0.0,0.0,25.282595,
0,0.0,0.0,0.0,25.263279,
0,0.0,0.0,0.0,25.282595,
0,0.0,0.0,0.0,25.282595,
0,0.0,0.0,0.0,25.30191,
0,0.0,0.0,0.0,25.823444,
0,0.0,0.0,0.0,25.900709,
0,0.0,0.0,0.0,25.900709,
0,0.0,0.0,0.0,25.900709,
0,0.0,0.0,0.0,25.900709,
0,0.0,0.0,0.0,25.900709,
0,0.0,0.0,0.0,25.900709,
0,0.0,0.0,0.0,25.900709,
0,0.0,0.0,0.0,25.900709,
0,0.0,0.0,0.0,25.900709,
0,0.0,0.0,0.0,25.939341,
0,0.0,0.0,0.0,26.344978,
0,0.0,0.0,0.0,26.789248,
0,0.0,0.0,0.0,26.905144,
0,0.0,0.0,0.0,26.905144,
0,0.0,0.0,0.0,26.905144,
0,0.0,0.0,0.0,26.885828,
0,0.0,0.0,0.0,26.885828,
0,0.0,0.0,0.0,26.885828,
0,0.0,0.0,0.0,26.866512,
0,0.0,0.0,0.0,27.02104,
0,0.0,0.0,0.0,27.136936,
0,0.0,0.0,0.0,27.214199,
0,0.0,0.0,0.0,27.310781,
0,0.0,0.0,0.0,27.445993,
0,0.0,0.0,0.0,27.619837,
0,0.0,0.0,0.0,27.774364,
0,0.0,0.0,0.0,27.812996,
0,0.0,0.0,0.0,27.870947,
0,0.0,0.0,0.0,27.870947,
0,0.0,0.0,0.0,27.870947,
0,0.0,0.0,0.0,27.870947,
0,0.0,0.0,0.0,27.851631,
0,0.0,0.0,0.0,27.851631,
0,0.0,0.0,0.0,27.851631,
0,0.0,0.0,0.0,27.851631,
0,0.0,0.0,0.0,27.851631,
0,0.0,0.0,0.0,27.851631,
0,0.0,0.0,0.0,27.851631,
0,0.0,0.0,0.0,27.851631,
0,0.0,0.0,0.0,27.851631,
0,0.0,0.0,0.0,27.832314,
0,0.0,0.0,0.0,27.851631,
0,0.0,0.0,0.0,27.832314,
0,0.0,0.0,0.0,27.832314,
0,0.0,0.0,0.0,27.812996,
0,0.0,0.0,0.0,27.832314,
0,0.0,0.0,0.0,27.832314,
0,0.0,0.0,0.0,27.851631,
0,0.0,0.0,0.0,27.832314,
0,0.0,0.0,0.0,27.851631,
0,0.0,0.0,0.0,27.851631,
0,0.0,0.0,0.0,27.851631,
0,0.0,0.0,0.0,27.832314,
0,0.0,0.0,0.0,27.851631,
0,0.0,0.0,0.0,27.832314,
0,0.0,0.0,0.0,27.832314,
0,0.0,0.0,0.0,27.851631,
0,0.0,0.0,0.0,27.870947,
0,0.0,0.0,0.0,27.851631,
0,0.0,0.0,0.0,27.774364,
0,0.0,0.0,0.0,27.774364,
0,0.0,0.0,0.0,27.755049,
0,0.0,0.0,0.0,27.774364,
0,0.0,0.0,0.0,27.523258,
0,0.0,0.0,0.0,27.330097,
0,0.0,0.0,0.0,27.272146,
0,0.0,0.0,0.0,27.291466,
0,0.0,0.0,0.0,27.291466,
0,0.0,0.0,0.0,27.252831,
0,0.0,0.0,0.0,27.272146,
0,0.0,0.0,0.0,27.291466,
0,0.0,0.0,0.0,27.272146,
0,0.0,0.0,0.0,27.272146,
0,0.0,0.0,0.0,27.272146,
0,0.0,0.0,0.0,27.272146,
0,0.0,0.0,0.0,27.272146,
0,0.0,0.0,0.0,27.272146,
0,0.0,0.0,0.0,27.291466,
0,0.0,0.0,0.0,27.272146,
0,0.0,0.0,0.0,27.291466,
0,0.0,0.0,0.0,27.233515,
0,0.0,0.0,0.0,26.866512,
0,0.0,0.0,0.0,26.711981,
0,0.0,0.0,0.0,26.673349,
0,0.0,0.0,0.0,26.673349,
0,0.0,0.0,0.0,26.692665,
0,0.0,0.0,0.0,26.673349,
0,0.0,0.0,0.0,26.692665,
0,0.0,0.0,0.0,26.673349,
0,0.0,0.0,0.0,26.673349,
0,0.0,0.0,0.0,26.692665,
0,0.0,0.0,0.0,26.654034,
0,0.0,0.0,0.0,26.344978,
0,0.0,0.0,0.0,26.151815,
0,0.0,0.0,0.0,26.1325,
0,0.0,0.0,0.0,26.1325,
0,0.0,0.0,0.0,26.1325,
0,0.0,0.0,0.0,26.113184,
0,0.0,0.0,0.0,26.113184,
0,0.0,0.0,0.0,26.113184,
0,0.0,0.0,0.0,26.113184,
0,0.0,0.0,0.0,26.093868,
0,0.0,0.0,0.0,26.093868,
0,0.0,0.0,0.0,26.113184,
0,0.0,0.0,0.0,26.113184,
0,0.0,0.0,0.0,26.113184,
0,0.0,0.0,0.0,26.113184,
0,0.0,0.0,0.0,26.093868,
0,0.0,0.0,0.0,26.113184,
0,0.0,0.0,0.0,26.093868,
0,0.0,0.0,0.0,26.093868,
0,0.0,0.0,0.0,26.113184,
0,0.0,0.0,0.0,26.113184,
0,0.0,0.0,0.0,26.113184,
0,0.0,0.0,0.0,26.113184,
0,0.0,0.0,0.0,26.113184,
0,0.0,0.0,0.0,26.093868,
0,0.0,0.0,0.0,26.093868,
0,0.0,0.0,0.0,26.093868,
0,0.0,0.0,0.0,26.113184,
0,0.0,0.0,0.0,26.093868,
0,0.0,0.0,0.0,26.093868,
0,0.0,0.0,0.0,26.093868,
0,0.0,0.0,0.0,26.093868,
0,0.0,0.0,0.0,26.093868,
0,0.0,0.0,0.0,26.093868,
0,0.0,0.0,0.0,26.113184,
0,0.0,0.0,0.0,26.113184,
0,0.0,0.0,0.0,26.074553,
0,0.0,0.0,0.0,26.093868,
0,0.0,0.0,0.0,26.093868,
0,0.0,0.0,0.0,26.093868,
0,0.0,0.0,0.0,26.113184,
0,0.0,0.0,0.0,26.093868,
0,0.0,0.0,0.0,26.093868,
0,0.0,0.0,0.0,26.093868,
0,0.0,0.0,0.0,26.093868,
0,0.0,0.0,0.0,26.093868,
0,0.0,0.0,0.0,26.093868,
0,0.0,0.0,0.0,26.093868,
0,0.0,0.0,0.0,26.113184,
0,0.0,0.0,0.0,26.113184,
0,0.0,0.0,0.0,26.093868,
0,0.0,0.0,0.0,26.093868,
0,0.0,0.0,0.0,26.113184,
0,0.0,0.0,0.0,26.093868,
0,0.0,0.0,0.0,26.113184,
0,0.0,0.0,0.0,26.093868,
0,0.0,0.0,0.0,26.093868,
0,0.0,0.0,0.0,26.113184,
0,0.0,0.0,0.0,26.113184,
0,0.0,0.0,0.0,26.093868,
0,0.0,0.0,0.0,26.113184,
0,0.0,0.0,0.0,26.113184,
0,0.0,0.0,0.0,26.113184,
0,0.0,0.0,0.0,26.113184,
0,0.0,0.0,0.0,26.1325,
0,0.0,0.0,0.0,26.093868,
0,0.0,0.0,0.0,26.113184,
5,0.0,0.0,0.0,26.113184,
5,0.0,0.0,0.0,25.977972,
5,0.0,0.0,0.0,25.977972,
5,0.0,0.0,0.0,25.958656,
5,0.0,0.0,0.0,25.977972,
5,0.0,0.0,0.0,25.977972,
5,0.0,0.0,0.0,25.958656,
5,0.0,0.0,0.0,25.958656,
5,0.0,0.0,0.0,25.977972,
5,0.0,0.0,0.0,25.958656,
10,0.0,0.0,0.0,25.900709,
10,0.0,0.0,0.0,25.881393,
10,0.0,0.0,0.0,25.881393,
10,0.0,0.0,0.0,25.881393,
10,0.0,0.0,0.0,25.900709,
10,0.0,0.0,0.0,25.900709,
10,0.0,0.0,0.0,25.881393,
10,0.0,0.0,0.0,25.900709,
10,0.0,0.0,0.0,25.881393,
15,0.0,0.0,0.0,25.881393,
15,0.0,0.0,0.0,25.881393,
15,0.0,0.0,0.0,25.881393,
15,0.0,0.0,0.0,25.881393,
15,0.0,0.0,0.0,25.881393,
15,0.0,0.0,0.0,25.900709,
15,0.0,0.0,0.0,25.900709,
15,0.0,0.0,0.0,25.881393,
15,0.0,0.0,0.0,25.881393,
15,0.0,0.0,0.0,25.881393,
15,0.0,0.0,0.0,25.668917,
15,0.0,0.0,0.0,25.668917,
15,0.0,0.0,0.0,25.668917,
15,0.0,0.0,0.0,25.649601,
20,0.0,0.0,0.0,25.668917,
20,0.0,0.0,0.0,25.649601,
20,0.0,0.0,0.0,25.668917,
20,0.0,0.0,0.0,25.668917,
20,0.0,0.0,0.0,25.668917,
20,2.815478,0.0,0.0,25.475754,
20,2.815478,0.0,0.0,25.495071,
20,2.815478,0.0,0.0,25.475754,
20,2.815478,0.0,0.0,25.495071,
20,2.815478,0.0,0.0,25.456438,
20,2.815478,0.0,0.0,25.437122,
20,2.815478,0.0,0.0,25.475754,
20,2.815478,0.0,0.0,25.475754,
20,2.815478,0.0,0.0,25.456438,
20,2.815478,0.0,0.0,25.475754,
20,2.815478,0.0,0.0,25.495071,
25,2.815478,0.0,0.0,25.533703,
25,2.815478,0.0,0.0,25.572334,
25,2.815478,0.0,0.0,25.572334,
25,2.815478,0.0,0.0,25.572334,
25,2.815478,0.0,0.0,25.553019,
25,2.815478,0.0,0.0,25.572334,
25,2.815478,0.0,0.0,25.572334,
25,3.256158,0.0,0.0,25.321228,
25,3.256158,0.0,0.0,25.321228,
25,3.256158,0.0,0.0,25.321228,
25,3.256158,0.0,0.0,25.321228,
25,3.256158,0.0,0.0,25.340544,
25,3.256158,0.0,0.0,25.321228,
25,3.256158,0.0,0.0,25.321228,
25,3.256158,0.0,0.0,25.321228,
30,3.256158,0.0,0.0,25.321228,
30,3.759793,0.0,0.0,25.128067,
30,3.759793,0.0,0.0,25.128067,
30,3.759793,0.0,0.0,25.128067,
30,3.759793,0.0,0.0,25.147383,
30,3.759793,0.0,0.0,25.147383,
30,3.759793,0.0,0.0,25.108751,
30,3.759793,0.0,0.0,25.108751,
30,3.759793,0.0,0.0,25.128067,
30,3.759793,0.0,0.0,25.128067,
30,3.759793,0.0,0.0,25.128067,
30,3.759793,0.0,0.0,25.147383,
30,3.759793,0.0,0.0,25.108751,
30,3.759793,0.0,0.0,25.147383,
30,3.759793,0.0,0.0,25.128067,
30,3.759793,0.0,0.0,25.147383,
30,3.759793,0.0,0.0,25.128067,
30,3.759793,0.0,0.0,25.147383,
30,3.759793,0.0,0.0,25.128067,
30,3.759793,0.0,0.0,25.147383,
30,3.759793,0.0,0.0,25.128067,
30,3.759793,0.0,0.0,25.147383,
30,3.759793,0.0,0.0,25.147383,
30,3.759793,0.0,0.0,25.128067,
30,3.759793,0.0,0.0,25.147383,
30,3.759793,0.0,0.0,25.147383,
30,3.759793,0.0,0.0,25.147383,
30,3.759793,0.0,0.0,25.147383,
30,3.759793,0.0,0.0,25.147383,
30,3.759793,0.0,0.0,25.128067,
30,3.759793,0.0,0.0,25.128067,
30,3.759793,0.0,0.0,25.128067,
30,3.759793,0.0,0.0,25.128067,
30,3.759793,0.0,0.0,25.128067,
30,3.759793,0.0,0.0,25.108751,
30,3.759793,0.0,0.0,25.128067,
30,3.759793,0.0,0.0,25.108751,
30,3.759793,0.0,0.0,25.108751,
30,3.759793,0.0,0.0,25.108751,
30,3.759793,0.0,0.0,25.108751,
30,3.744054,0.0,0.0,25.070116,
30,3.759793,0.0,0.0,25.108751,
30,3.759793,0.0,0.0,25.108751,
30,3.759793,0.0,0.0,25.108751,
30,3.759793,0.0,0.0,25.0508,
30,3.744054,0.0,0.0,25.0508,
30,3.759793,0.0,0.0,25.070116,
30,3.759793,0.0,0.0,25.089434,
30,3.759793,0.0,0.0,25.108751,
30,3.759793,0.0,0.0,25.108751,
30,3.759793,0.0,0.0,25.108751,
30,3.759793,0.0,0.0,25.128067,
30,3.759793,0.0,0.0,25.108751,
30,3.759793,0.0,0.0,25.128067,
30,3.744054,0.0,0.0,25.108751,
30,3.759793,0.0,0.0,25.108751,
30,3.759793,0.0,0.0,25.128067,
30,3.759793,0.0,0.0,25.128067,
30,3.759793,0.0,0.0,25.108751,
30,3.759793,0.0,0.0,25.108751,
30,3.759793,0.0,0.0,25.108751,
30,3.759793,0.0,0.0,25.108751,
30,3.759793,0.0,0.0,25.128067,
30,3.759793,0.0,0.0,25.108751,
30,3.759793,0.0,0.0,25.108751,
30,3.759793,0.0,0.0,25.108751,
30,3.759793,0.0,0.0,25.128067,
30,3.759793,0.0,0.0,25.089434,
30,3.744054,0.0,0.0,25.128067,
30,3.759793,0.0,0.0,25.108751,
30,3.759793,0.0,0.0,25.108751,
30,3.759793,0.0,0.0,25.108751,
30,3.759793,0.0,0.0,25.108751,
30,3.759793,0.0,0.0,25.089434,
30,3.775532,0.0,0.0,25.108751,
30,3.759793,0.0,0.0,25.108751,
30,3.759793,0.0,0.0,25.108751,
30,3.759793,0.0,0.0,25.108751,
30,3.759793,0.0,0.0,25.108751,
30,3.759793,0.0,0.0,25.108751,
30,3.759793,0.0,0.0,25.108751,
30,3.759793,0.0,0.0,25.108751,
30,3.759793,0.0,0.0,25.108751,
30,3.759793,0.0,0.0,25.108751,
30,3.759793,0.0,0.0,25.089434,
30,3.759793,0.0,0.0,25.108751,
30,3.759793,0.0,0.0,25.089434,
30,3.759793,0.0,0.0,25.089434,
30,3.759793,0.0,0.0,25.089434,
30,3.759793,0.0,0.0,25.089434,
30,3.744054,0.0,0.0,25.089434,
30,3.744054,0.0,0.0,25.070116,
30,3.744054,0.0,0.0,25.089434,
30,3.759793,0.0,0.0,25.089434,
30,3.759793,0.0,0.0,25.089434,
30,3.759793,0.0,0.0,25.108751,
30,3.759793,0.0,0.0,25.089434,
30,3.744054,0.0,0.0,25.089434,
30,3.759793,0.0,0.0,25.070116,
30,3.759793,0.0,0.0,25.108751,
30,3.759793,0.0,0.0,25.089434,
30,3.744054,0.0,0.0,25.070116,
30,3.759793,0.0,0.0,25.089434,
30,3.759793,0.0,0.0,25.089434,
30,3.759793,0.0,0.0,25.089434,
30,3.759793,0.0,0.0,25.089434,
30,3.759793,0.0,0.0,25.089434,
30,3.759793,0.0,0.0,25.089434,
30,3.744054,0.0,0.0,25.070116,
30,3.759793,0.0,0.0,25.089434,
30,3.759793,0.0,0.0,25.089434,
30,3.744054,0.0,0.0,25.070116,
30,3.744054,0.0,0.0,25.012169,
30,3.744054,0.0,0.0,24.992853,
30,3.744054,0.0,0.0,25.012169,
30,3.744054,0.0,0.0,24.992853,
30,3.744054,0.0,0.0,24.973537,
30,3.744054,0.0,0.0,24.973537,
30,3.744054,0.0,0.0,24.973537,
30,3.744054,0.0,0.0,24.973537,
30,3.744054,0.0,0.0,24.973537,
30,3.744054,0.0,0.0,24.954222,
30,3.744054,0.0,0.0,24.992853,
30,3.744054,0.0,0.0,24.954222,
30,3.744054,0.0,0.0,24.973537,
30,3.744054,0.0,0.0,24.973537,
30,3.744054,0.0,0.0,24.973537,
30,3.744054,0.0,0.0,24.973537,
30,3.728316,0.0,0.0,24.954222,
30,3.728316,0.0,0.0,24.973537,
30,3.744054,0.0,0.0,24.973537,
30,3.744054,0.0,0.0,24.973537,
30,3.744054,0.0,0.0,25.031485,
30,3.744054,0.0,0.0,25.0508,
30,3.759793,0.0,0.0,25.070116,
30,3.744054,0.0,0.0,25.0508,
30,3.744054,0.0,0.0,25.0508,
30,3.744054,0.0,0.0,25.070116,
30,3.744054,0.0,0.0,25.012169,
30,3.759793,0.0,0.0,25.0508,
30,3.759793,0.0,0.0,25.0508,
30,3.759793,0.0,0.0,25.0508,
30,3.759793,0.0,0.0,25.0508,
30,3.759793,0.0,0.0,25.070116,
30,3.759793,0.0,0.0,25.0508,
30,3.759793,0.0,0.0,25.070116,
30,3.759793,0.0,0.0,25.070116,
30,3.759793,0.0,0.0,25.070116,
30,3.759793,0.0,0.0,25.0508,
30,3.759793,0.0,0.0,25.0508,
30,3.744054,0.0,0.0,25.070116,
30,3.744054,0.0,0.0,25.0508,
30,3.759793,0.0,0.0,25.070116,
30,3.759793,0.0,0.0,25.0508,
30,3.744054,0.0,0.0,25.0508,
30,3.744054,0.0,0.0,25.031485,
30,3.759793,0.0,0.0,25.031485,
30,3.759793,0.0,0.0,25.0508,
30,3.759793,0.0,0.0,25.031485,
30,3.744054,0.0,0.0,25.0508,
30,3.759793,0.0,0.0,25.070116,
30,3.744054,0.0,0.0,25.0508,
30,3.759793,0.0,0.0,25.0508,
30,3.744054,0.0,0.0,25.070116,
30,3.744054,0.0,0.0,25.0508,
30,3.744054,0.0,0.0,25.0508,
30,3.759793,0.0,0.0,25.0508,
30,3.744054,0.0,0.0,25.0508,
30,3.744054,0.0,0.0,25.0508,
30,3.759793,0.0,0.0,25.0508,
30,3.759793,0.0,0.0,25.070116,
30,3.744054,0.0,0.0,25.031485,
30,3.744054,0.0,0.0,25.0508,
30,3.744054,0.0,0.0,25.0508,
30,3.759793,0.0,0.0,25.0508,
30,3.744054,0.0,0.0,25.0508,
30,3.759793,0.0,0.0,25.0508,
30,3.744054,0.0,0.0,25.031485,
30,3.759793,0.0,0.0,25.070116,
30,3.759793,0.0,0.0,25.0508,
30,3.759793,0.0,0.0,25.0508,
30,3.744054,0.0,0.0,25.070116,
30,3.744054,0.0,0.0,25.070116,
30,3.744054,0.0,0.0,25.070116,
30,3.759793,0.0,0.0,25.070116,
30,3.759793,0.0,0.0,25.089434,
30,3.759793,0.0,0.0,25.070116,
30,3.759793,0.0,0.0,25.0508,
30,3.759793,0.0,0.0,25.0508,
30,3.759793,0.0,0.0,25.0508,
30,3.744054,0.0,0.0,25.070116,
30,3.759793,0.0,0.0,25.0508,
30,3.759793,0.0,0.0,25.070116,
30,3.744054,0.0,0.0,25.0508,
30,3.744054,0.0,0.0,25.070116,
30,3.759793,0.0,0.0,25.0508,
30,3.759793,0.0,0.0,25.0508,
30,3.744054,0.0,0.0,25.070116,
30,3.759793,0.0,0.0,25.0508,
30,3.759793,0.0,0.0,25.0508,
30,3.744054,0.0,0.0,25.0508,
30,3.744054,0.0,0.0,25.0508,
30,3.759793,0.0,0.0,25.070116,
30,3.759793,0.0,0.0,25.070116,
30,3.759793,0.0,0.0,25.0508,
30,3.759793,0.0,0.0,25.089434,
30,3.744054,0.0,0.0,25.0508,
30,3.744054,0.0,0.0,25.089434,
30,3.759793,0.0,0.0,25.070116,
30,3.759793,0.0,0.0,25.070116,
30,3.744054,0.0,0.0,25.0508,
30,3.744054,0.0,0.0,25.0508,
30,3.744054,0.0,0.0,25.0508,
30,3.759793,0.0,0.0,25.0508,
30,3.744054,0.0,0.0,25.0508,
30,3.744054,0.0,0.0,25.0508,
30,3.759793,0.0,0.0,25.031485,
30,3.744054,0.0,0.0,25.031485,
30,3.759793,0.0,0.0,25.031485,
30,3.759793,0.0,0.0,25.012169,
30,3.744054,0.0,0.0,25.031485,
30,3.744054,0.0,0.0,25.0508,
30,3.744054,0.0,0.0,25.031485,
30,3.744054,0.0,0.0,25.0508,
30,3.744054,0.0,0.0,25.0508,
30,3.759793,0.0,0.0,25.031485,
30,3.744054,0.0,0.0,25.0508,
30,3.744054,0.0,0.0,25.031485,
30,3.759793,0.0,0.0,25.031485,
30,3.744054,0.0,0.0,25.031485,
30,3.759793,0.0,0.0,25.031485,
30,3.759793,0.0,0.0,25.031485,
30,3.759793,0.0,0.0,25.031485,
30,3.744054,0.0,0.0,25.0508,
30,3.744054,0.0,0.0,25.031485,
30,3.744054,0.0,0.0,25.031485,
30,3.759793,0.0,0.0,25.0508,
30,3.744054,0.0,0.0,25.0508,
30,3.759793,0.0,0.0,25.031485,
30,3.744054,0.0,0.0,25.031485,
30,3.759793,0.0,0.0,25.0508,
30,3.759793,0.0,0.0,25.0508,
30,3.744054,0.0,0.0,25.0508,
30,3.759793,0.0,0.0,25.031485,
30,3.759793,0.0,0.0,25.0508,
30,3.744054,0.0,0.0,25.031485,
30,3.744054,0.0,0.0,25.031485,
30,3.744054,0.0,0.0,25.0508,
30,3.759793,0.0,0.0,25.0508,
30,3.759793,0.0,0.0,25.0508,
30,3.744054,0.0,0.0,25.031485,
30,3.744054,0.0,0.0,25.031485,
30,3.744054,0.0,0.0,25.0508,
30,3.759793,0.0,0.0,25.031485,
30,3.744054,0.0,0.0,25.031485,
30,3.744054,0.0,0.0,25.031485,
30,3.759793,0.0,0.0,25.031485,
30,3.759793,0.0,0.0,25.031485,
30,3.744054,0.0,0.0,25.031485,
30,3.744054,0.0,0.0,25.031485,
30,3.744054,0.0,0.0,25.031485,
30,3.759793,0.0,0.0,25.0508,
30,3.759793,0.0,0.0,25.070116,
30,3.744054,0.0,0.0,25.0508,
30,3.744054,0.0,0.0,25.0508,
30,3.744054,0.0,0.0,25.0508,
30,3.759793,0.0,0.0,25.0508,
30,3.744054,0.0,0.0,25.0508,
30,3.759793,0.0,0.0,25.0508,
30,3.759793,0.0,0.0,25.0508,
30,3.744054,0.0,0.0,25.031485,
30,3.759793,0.0,0.0,25.070116,
30,3.759793,0.0,0.0,25.0508,
30,3.759793,0.0,0.0,25.070116,
30,3.759793,0.0,0.0,25.0508,
30,3.744054,0.0,0.0,25.0508,
30,3.759793,0.0,0.0,25.031485,
30,3.744054,0.0,0.0,25.0508,
30,3.759793,0.0,0.0,25.0508,
30,3.759793,0.0,0.0,25.0508,
30,3.759793,0.0,0.0,25.0508,
30,3.744054,0.0,0.0,25.031485,
30,3.744054,0.0,0.0,25.0508,
30,3.744054,0.0,0.0,25.031485,
30,3.744054,0.0,0.0,25.031485,
30,3.744054,0.0,0.0,25.0508,
30,3.744054,0.0,0.0,25.0508,
30,3.759793,0.0,0.0,25.0508,
30,3.744054,0.0,0.0,25.0508,
30,3.744054,0.0,0.0,25.0508,
30,3.759793,0.0,0.0,25.0508,
30,3.744054,0.0,0.0,25.0508,
30,3.744054,0.0,0.0,25.0508,
30,3.744054,0.0,0.0,25.0508,
30,3.759793,0.0,0.0,25.0508,
30,3.759793,0.0,0.0,25.0508,
30,3.759793,0.0,0.0,25.070116,
30,3.759793,0.0,0.0,25.0508,
30,3.759793,0.0,0.0,25.031485,
30,3.759793,0.0,0.0,25.0508,
30,3.759793,0.0,0.0,25.0508,
30,3.744054,0.0,0.0,25.0508,
30,3.759793,0.0,0.0,25.070116,
30,3.744054,0.0,0.0,25.0508,
30,3.744054,0.0,0.0,25.0508,
30,3.759793,0.0,0.0,25.0508,
30,3.744054,0.0,0.0,25.0508,
30,3.759793,0.0,0.0,25.070116,
30,3.759793,0.0,0.0,25.0508,
30,3.759793,0.0,0.0,25.0508,
30,3.744054,0.0,0.0,25.031485,
30,3.759793,0.0,0.0,25.0508,
30,3.759793,0.0,0.0,25.0508,
30,3.744054,0.0,0.0,25.0508,
30,3.759793,0.0,0.0,25.070116,
30,3.759793,0.0,0.0,25.0508,
30,3.744054,0.0,0.0,25.0508,
30,3.759793,0.0,0.0,25.031485,
30,3.759793,0.0,0.0,25.031485,
30,3.759793,0.0,0.0,25.031485,
30,3.759793,0.0,0.0,25.0508,
30,3.744054,0.0,0.0,25.0508,
30,3.744054,0.0,0.0,25.0508,
30,3.759793,0.0,0.0,25.0508,
30,3.759793,0.0,0.0,25.031485,
30,3.759793,0.0,0.0,25.031485,
30,3.744054,0.0,0.0,25.0508,
30,3.744054,0.0,0.0,25.031485,
30,3.759793,0.0,0.0,25.031485,
30,3.759793,0.0,0.0,25.0508,
30,3.744054,0.0,0.0,25.031485,
30,3.744054,0.0,0.0,25.031485,
30,3.744054,0.0,0.0,25.0508,
30,3.744054,0.0,0.0,25.0508,
30,3.744054,0.0,0.0,25.0508,
30,3.759793,0.0,0.0,25.031485,
30,3.759793,0.0,0.0,25.0508,
30,3.744054,0.0,0.0,25.0508,
30,3.759793,0.0,0.0,25.0508,
30,3.759793,0.0,0.0,25.0508,
30,3.744054,0.0,0.0,25.031485,
30,3.744054,0.0,0.0,25.0508,
30,3.744054,0.0,0.0,25.031485,
30,3.744054,0.0,0.0,25.031485,
30,3.744054,0.0,0.0,25.031485,
30,3.759793,0.0,0.0,25.031485,
30,3.744054,0.0,0.0,25.0508,
30,3.744054,0.0,0.0,25.031485,
30,3.744054,0.0,0.0,25.0508,
30,3.759793,0.0,0.0,25.0508,
30,3.759793,0.0,0.0,25.031485,
30,3.759793,0.0,0.0,25.0508,
30,3.759793,0.0,0.0,25.0508,
30,3.759793,0.0,0.0,25.031485,
30,3.744054,0.0,0.0,25.031485,
30,3.744054,0.0,0.0,25.031485,
30,3.744054,0.0,0.0,25.031485,
30,3.759793,0.0,0.0,25.031485,
30,3.759793,0.0,0.0,25.031485,
30,3.744054,0.0,0.0,25.0508,
30,3.759793,0.0,0.0,25.0508,
30,3.759793,0.0,0.0,25.031485,
30,3.759793,0.0,0.0,25.0508,
30,3.744054,0.0,0.0,25.0508,
30,3.759793,0.0,0.0,25.031485,
30,3.759793,0.0,0.0,25.031485,
30,3.759793,0.0,0.0,25.0508,
30,3.759793,0.0,0.0,25.031485,
30,3.759793,0.0,0.0,25.0508,
30,3.759793,0.0,0.0,25.031485,
30,3.759793,0.0,0.0,25.031485,
30,3.759793,0.0,0.0,25.031485,
30,3.744054,0.0,0.0,25.031485,
30,3.744054,0.0,0.0,25.0508,
30,3.759793,0.0,0.0,25.031485,
30,3.744054,0.0,0.0,25.031485,
30,3.744054,0.0,0.0,25.031485,
30,3.744054,0.0,0.0,25.031485,
30,3.759793,0.0,0.0,25.0508,
30,3.759793,0.0,0.0,25.0508,
30,3.759793,0.0,0.0,25.0508,
30,3.744054,0.0,0.0,25.0508,
30,3.744054,0.0,0.0,25.0508,
30,3.744054,0.0,0.0,25.031485,
30,3.759793,0.0,0.0,25.0508,
30,3.744054,0.0,0.0,25.0508,
30,3.759793,0.0,0.0,25.031485,
30,3.759793,0.0,0.0,25.0508,
30,3.744054,0.0,0.0,25.0508,
30,3.744054,0.0,0.0,25.0508,
30,3.759793,0.0,0.0,25.0508,
30,3.759793,0.0,0.0,25.031485,
30,3.759793,0.0,0.0,25.0508,
30,3.759793,0.0,0.0,25.0508,
30,3.744054,0.0,0.0,25.0508,
30,3.759793,0.0,0.0,25.031485,
30,3.759793,0.0,0.0,25.0508,
30,3.759793,0.0,0.0,25.031485,
30,3.744054,0.0,0.0,25.0508,
30,3.744054,0.0,0.0,25.0508,
30,3.759793,0.0,0.0,25.0508,
30,3.744054,0.0,0.0,25.031485,
30,3.744054,0.0,0.0,25.031485,
30,3.759793,0.0,0.0,25.031485,
30,3.759793,0.0,0.0,25.031485,
30,3.744054,0.0,0.0,25.031485,
30,3.744054,0.0,0.0,25.031485,
30,3.744054,0.0,0.0,25.031485,
30,3.759793,0.0,0.0,25.031485,
30,3.744054,0.0,0.0,25.031485,
30,3.744054,0.0,0.0,25.031485,
30,3.759793,0.0,0.0,25.031485,
30,3.759793,0.0,0.0,25.0508,
30,3.759793,0.0,0.0,25.031485,
30,3.744054,0.0,0.0,25.031485,
30,3.744054,0.0,0.0,25.0508,
30,3.744054,0.0,0.0,25.031485,
30,3.759793,0.0,0.0,25.031485,
30,3.759793,0.0,0.0,25.012169,
30,3.744054,0.0,0.0,25.031485,
30,3.759793,0.0,0.0,25.031485,
30,3.759793,0.0,0.0,25.031485,
30,3.744054,0.0,0.0,25.0508,
30,3.759793,0.0,0.0,25.031485,
30,3.744054,0.0,0.0,25.0508,
30,3.744054,0.0,0.0,25.031485,
